row_index,time_s,throttle_norm,rudder_norm,measured_speed_mps,measured_yaw_rate_rps,one_step_speed_mps,one_step_yaw_rate_rps,recursive_speed_mps,recursive_yaw_rate_rps
0,0.07969799637794495,0.0,0.0,0.07936999946832657,-0.03548299893736839,nan,nan,nan,nan
1,0.17969800531864166,0.0,0.0,0.09148799628019333,-0.03680599853396416,nan,nan,nan,nan
2,0.2796980142593384,0.0,0.0,0.09845300018787384,-0.02443300001323223,nan,nan,nan,nan
3,0.3796980082988739,0.0,0.0,0.10198500007390976,-0.019613999873399734,nan,nan,nan,nan
4,0.4796980023384094,0.0,0.0,0.09467499703168869,-0.03126399964094162,nan,nan,nan,nan
5,0.5796980261802673,0.0,0.0,0.08464299887418747,-0.03482799977064133,nan,nan,nan,nan
6,0.6796979904174805,0.0,0.0,0.0742650032043457,-0.02155900001525879,nan,nan,nan,nan
7,0.7796980142593384,0.0,0.0,0.06365399807691574,-0.01281300000846386,nan,nan,nan,nan
8,0.8796979784965515,0.0,0.0,0.0653970018029213,-0.02296300046145916,nan,nan,nan,nan
9,0.9796980023384094,0.0,0.0,0.07539000362157822,-0.02976899966597557,nan,nan,nan,nan
10,1.0796979665756226,0.0,0.0,0.08145999908447266,-0.01385900005698204,nan,nan,nan,nan
11,1.1796979904174805,0.0,0.0,0.08490200340747833,-0.0020469999872148037,nan,nan,nan,nan
12,1.2796980142593384,0.0,0.0,0.07983899861574173,-0.014124000445008278,nan,nan,nan,nan
13,1.3796980381011963,0.0,0.0,0.06910700350999832,-0.022468000650405884,nan,nan,nan,nan
14,1.4796979427337646,0.0,0.0,0.06997200101613998,-0.011864000000059605,nan,nan,nan,nan
15,1.5796979665756226,0.0,0.0,0.07856599986553192,-0.005818000063300133,nan,nan,nan,nan
16,1.6796979904174805,0.0,0.0,0.08581200242042542,-0.01232600025832653,nan,nan,nan,nan
17,1.7796980142593384,0.0,0.0,0.09215699881315231,-0.015852000564336777,nan,nan,nan,nan
18,1.8796980381011963,0.0,0.0,0.09892799705266953,-0.013561000116169453,nan,nan,nan,nan
19,1.9796979427337646,0.0,0.0,0.10580600053071976,-0.011226999573409557,nan,nan,nan,nan
20,2.079698085784912,0.0,0.0,0.0921579971909523,-0.01066299993544817,nan,nan,nan,nan
21,2.1796979904174805,0.0,0.0,0.06481699645519257,-0.013918999582529068,0.07927066087722778,-0.010851711966097355,0.07927066087722778,-0.010851711966097355
22,2.279697895050049,0.0,0.0,0.05721199885010719,-0.019843000918626785,0.062125757336616516,-0.015977520495653152,0.08230961859226227,-0.011045674793422222
23,2.3796980381011963,0.0,0.0,0.06282299757003784,-0.020409999415278435,0.07516147941350937,-0.020504415035247803,0.09361357986927032,-0.011171040125191212
24,2.4796979427337646,0.0,0.0,0.07566600292921066,-0.01269499957561493,0.07501514256000519,-0.015193533152341843,0.0984400138258934,-0.011066213250160217
25,2.579698085784912,0.0,0.0,0.09334000200033188,-0.010173000395298004,0.0822308138012886,-0.006732746958732605,0.09466654062271118,-0.010638495907187462
26,2.6796979904174805,0.0,0.0,0.10295099765062332,-0.018765000626444817,0.09457152336835861,-0.014221686869859695,0.08946046233177185,-0.009935247711837292
27,2.779697895050049,0.0,0.0,0.10716799646615982,-0.022936999797821045,0.09323297441005707,-0.025256719440221786,0.08825574070215225,-0.009242317639291286
28,2.8796980381011963,0.0,0.0,0.10291499644517899,-0.015677999705076218,0.09806791692972183,-0.017541298642754555,0.09056803584098816,-0.008956008590757847
29,2.9796979427337646,0.0,0.0,0.09302599728107452,-0.01334299985319376,0.09337801486253738,-0.006803139112889767,0.09313973039388657,-0.00916258990764618
30,3.079698085784912,0.0,0.0,0.08731800317764282,-0.02181600034236908,0.08875388652086258,-0.01646856591105461,0.09382039308547974,-0.00941038690507412
31,3.1796979904174805,0.0,0.0,0.08440200239419937,-0.025953000411391258,0.09182670712471008,-0.027484199032187462,0.09283073991537094,-0.009151056408882141
32,3.279697895050049,0.0,0.0,0.08496399968862534,-0.018081000074744225,0.08884904533624649,-0.020850954577326775,0.09169559180736542,-0.008377937600016594
33,3.3796980381011963,0.0,0.0,0.08640199899673462,-0.015317999757826328,0.08939715474843979,-0.009616978466510773,0.09153969585895538,-0.0076494659297168255
34,3.4796979427337646,0.0,0.0,0.07546199858188629,-0.02572700008749962,0.08876785635948181,-0.019254034385085106,0.09227476269006729,-0.007454889826476574
35,3.579698085784912,0.0,0.0,0.056272998452186584,-0.031165000051259995,0.07158380001783371,-0.03317149728536606,0.09307370334863663,-0.00768616795539856
36,3.6796979904174805,0.0,0.0,0.05299599841237068,-0.02101299911737442,0.05720307305455208,-0.025218425318598747,0.09332752972841263,-0.007801547646522522
37,3.779697895050049,0.0,0.0,0.06032099947333336,-0.014151000417768955,0.06694147735834122,-0.009918351657688618,0.09309764206409454,-0.0074368310160934925
38,3.8796980381011963,0.0,0.0,0.06199600175023079,-0.02466999925673008,0.06936457753181458,-0.017537815496325493,0.09283629804849625,-0.006764314137399197
39,3.9796979427337646,0.0,0.0,0.05990000069141388,-0.03638000041246414,0.06217695027589798,-0.03588707745075226,0.09287019073963165,-0.006253252737224102
40,4.079698085784912,0.0,0.0,0.06131099909543991,-0.026357999071478844,0.060607802122831345,-0.03454634174704552,0.09317034482955933,-0.0061529469676315784
41,4.1796979904174805,0.0,0.0,0.0650700032711029,-0.014917000196874142,0.0631999745965004,-0.010208439081907272,0.09349483996629715,-0.006265692878514528
42,4.279697895050049,0.0,0.0,0.07609099894762039,-0.022590000182390213,0.06520047038793564,-0.014897855930030346,0.09365501254796982,-0.00620582839474082
43,4.379697799682617,0.0,0.0,0.09195099771022797,-0.03771999850869179,0.07887409627437592,-0.03505462780594826,0.09365187585353851,-0.0058164699003100395
44,4.479698181152344,0.0,0.0,0.08603499829769135,-0.03498699888586998,0.09111013263463974,-0.03974797949194908,0.09361962229013443,-0.0052977134473621845
45,4.579698085784912,0.0,0.0,0.06561899930238724,-0.02342900075018406,0.07049639523029327,-0.020553216338157654,0.09367997944355011,-0.004954873118549585
46,4.6796979904174805,0.0,0.0,0.059192001819610596,-0.026642000302672386,0.05831405147910118,-0.01709436997771263,0.09384564310312271,-0.004874808248132467
47,4.779697895050049,0.0,0.0,0.062088001519441605,-0.038913000375032425,0.07003764808177948,-0.03553303703665733,0.09403563290834427,-0.0048690615221858025
48,4.879697799682617,0.0,0.0,0.06932500004768372,-0.039990998804569244,0.07020500302314758,-0.042249102145433426,0.09416431188583374,-0.004703704733401537
49,4.979698181152344,0.0,0.0,0.07945200055837631,-0.03199699893593788,0.07420468330383301,-0.03048720583319664,0.09421578049659729,-0.004341932944953442
50,5.079698085784912,0.0,0.0,0.07947800308465958,-0.029624000191688538,0.08092670142650604,-0.02544381096959114,0.0942443385720253,-0.003952291328459978
51,5.1796979904174805,0.0,0.0,0.06413400173187256,-0.03527100011706352,0.07198838889598846,-0.03264170140028,0.09431349486112595,-0.0037085707299411297
52,5.279697895050049,0.0,0.0,0.05444199964404106,-0.04114000126719475,0.056490179151296616,-0.03911986202001572,0.09443715959787369,-0.003614017739892006
53,5.379697799682617,0.0,0.0,0.04851499944925308,-0.04206699877977371,0.06087639927864075,-0.039657849818468094,0.09457522630691528,-0.0035235064569860697
54,5.479698181152344,0.0,0.0,0.06151000037789345,-0.04053499922156334,0.05446896702051163,-0.03720029816031456,0.09467953443527222,-0.003311805659905076
55,5.579698085784912,0.0,0.0,0.08714500069618225,-0.042667001485824585,0.07425663620233536,-0.03703349456191063,0.09474024921655655,-0.002996500115841627
56,5.6796979904174805,0.0,0.0,0.08336400240659714,-0.045527998358011246,0.0918511152267456,-0.04296892508864403,0.09478916227817535,-0.0026987206656485796
57,5.779697895050049,0.0,0.0,0.05991600081324577,-0.04489099979400635,0.06381560117006302,-0.04377199709415436,0.09486296772956848,-0.002505680313333869
58,5.879697799682617,0.0,0.0,0.05567000061273575,-0.04482400044798851,0.050186216831207275,-0.040793344378471375,0.09496726840734482,-0.002388159977272153
59,5.979698181152344,0.0,0.0,0.05623599886894226,-0.04777900129556656,0.06812924891710281,-0.043708305805921555,0.09507594257593155,-0.0022475868463516235
60,6.079698085784912,0.0,0.0,0.061820000410079956,-0.04879499971866608,0.060524359345436096,-0.048077017068862915,0.09516136348247528,-0.0020256428979337215
61,6.1796979904174805,0.0,0.0,0.07075600326061249,-0.04698500037193298,0.06750181317329407,-0.0458449125289917,0.09522164613008499,-0.0017566871829330921
62,6.279697895050049,0.0,0.0,0.07774200290441513,-0.04804600030183792,0.07360737025737762,-0.04411271587014198,0.0952785536646843,-0.0015190488193184137
63,6.379697799682617,0.0,0.0,0.08342699706554413,-0.05611100047826767,0.07452965527772903,-0.04880783334374428,0.09535251557826996,-0.0013495985185727477
64,6.479698181152344,0.0,0.0,0.08752799779176712,-0.06040799990296364,0.07995080947875977,-0.05829586833715439,0.09544268250465393,-0.0012130516115576029
65,6.579698085784912,0.0,0.0,0.09057100117206573,-0.05014200136065483,0.08343544602394104,-0.05434393882751465,0.09553106129169464,-0.0010484718950465322
66,6.6796979904174805,0.0,0.0,0.07545500248670578,-0.041689999401569366,0.08648838102817535,-0.038380447775125504,0.09560298919677734,-0.0008344066445715725
67,6.779697895050049,0.0,0.0,0.0482340008020401,-0.04742500185966492,0.0652768611907959,-0.04359345883131027,0.09566115587949753,-0.0006043483153916895
68,6.879697799682617,0.0,0.0,0.051895998418331146,-0.057750001549720764,0.04751744866371155,-0.05715402215719223,0.0957203209400177,-0.00040463116602040827
69,6.979698181152344,0.0,0.0,0.07617700099945068,-0.05393100157380104,0.07511379569768906,-0.05927097052335739,0.09579072147607803,-0.00024590795510448515
70,7.079698085784912,0.0,0.0,0.06864199787378311,-0.0421920008957386,0.08802489936351776,-0.043456364423036575,0.09586864709854126,-9.792722994461656e-05
71,7.1796979904174805,0.0,0.0,0.039831001311540604,-0.043664999306201935,0.05181937664747238,-0.03772902861237526,0.09594228118658066,7.379634189419448e-05
72,7.279697895050049,0.0,0.0,0.04484200105071068,-0.05443200096487999,0.033961448818445206,-0.05276492238044739,0.09600472450256348,0.00027270708233118057
73,7.379697799682617,0.0,0.0,0.058327000588178635,-0.053224001079797745,0.06701628863811493,-0.05855178087949753,0.09606020897626877,0.00047254905803129077
74,7.479698181152344,0.0,0.0,0.057697001844644547,-0.04334200173616409,0.06246578320860863,-0.043802373111248016,0.09611814469099045,0.0006483200122602284
75,7.579698085784912,0.0,0.0,0.05352399870753288,-0.04501999914646149,0.05123405531048775,-0.038284219801425934,0.09618288278579712,0.000801200745627284
76,7.6796979904174805,0.0,0.0,0.04374900087714195,-0.052225999534130096,0.05407252162694931,-0.05263460427522659,0.09625016897916794,0.0009533634874969721
77,7.779697895050049,0.0,0.0,0.030243000015616417,-0.05098700150847435,0.042150676250457764,-0.05379049852490425,0.09631279110908508,0.001122471527196467
78,7.879697799682617,0.0,0.0,0.03764199838042259,-0.044916000217199326,0.03190736472606659,-0.044120047241449356,0.0963682308793068,0.0013046417152509093
79,7.979698181152344,0.0,0.0,0.05898100137710571,-0.04449800029397011,0.05269495025277138,-0.04182269796729088,0.09642049670219421,0.0014816748443990946
80,8.079697608947754,0.0,0.0,0.06830199807882309,-0.04870200157165527,0.06611043214797974,-0.04790467023849487,0.09647510945796967,0.0016415704740211368
81,8.17969799041748,0.0,0.0,0.06958100199699402,-0.051708001643419266,0.05928465723991394,-0.05065690353512764,0.09653335064649582,0.0017896381905302405
82,8.279698371887207,0.0,0.0,0.07029499858617783,-0.04771900177001953,0.06277716904878616,-0.04953782260417938,0.09659160673618317,0.0019404981285333633
83,8.379697799682617,0.0,0.0,0.07063200324773788,-0.044787000864744186,0.06650447845458984,-0.04175277426838875,0.09664580225944519,0.0021019841078668833
84,8.479698181152344,0.0,0.0,0.0654589980840683,-0.04879799857735634,0.06760867685079575,-0.044632647186517715,0.09669557958841324,0.0022683267015963793
85,8.579697608947754,0.0,0.0,0.05659700185060501,-0.05459599941968918,0.06273000687360764,-0.052325643599033356,0.0967440977692604,0.0024280596990138292
86,8.67969799041748,0.0,0.0,0.04789699986577034,-0.053068000823259354,0.05733838677406311,-0.053900331258773804,0.09679429978132248,0.0025764331221580505
87,8.779698371887207,0.0,0.0,0.03923799842596054,-0.046959999948740005,0.05177865922451019,-0.046576276421546936,0.09684603661298752,0.002719167387112975
88,8.879697799682617,0.0,0.0,0.03691200166940689,-0.04817400127649307,0.043800707906484604,-0.0432889461517334,0.09689666330814362,0.002865106100216508
89,8.979698181152344,0.0,0.0,0.03880300000309944,-0.05590200051665306,0.045320942997932434,-0.052446912974119186,0.096944160759449,0.0030168495140969753
90,9.079697608947754,0.0,0.0,0.05216600000858307,-0.06037700176239014,0.04509194195270538,-0.05856544151902199,0.09698904305696487,0.0031691300682723522
91,9.17969799041748,0.0,0.0,0.07319899648427963,-0.056373000144958496,0.05936116725206375,-0.055911049246788025,0.09703347086906433,0.003315328387543559
92,9.279698371887207,0.0,0.0,0.06669799983501434,-0.04740599915385246,0.07370724529027939,-0.04875391349196434,0.09707881510257721,0.0034543476067483425
93,9.379697799682617,0.0,0.0,0.04185099899768829,-0.048732999712228775,0.047850050032138824,-0.04331565275788307,0.09712442755699158,0.0035908734425902367
94,9.479698181152344,0.0,0.0,0.026630999520421028,-0.06089099869132042,0.033573705703020096,-0.05535661429166794,0.09716863185167313,0.0037297960370779037
95,9.579697608947754,0.0,0.0,0.017835000529885292,-0.058883000165224075,0.03695102035999298,-0.066294826567173,0.09721057116985321,0.0038712737150490284
96,9.67969799041748,0.0,0.0,0.01698100008070469,-0.04849100112915039,0.02709072455763817,-0.047558337450027466,0.09725095331668854,0.00401131110265851
97,9.779698371887207,0.0,0.0,0.021418999880552292,-0.05101799964904785,0.028054699301719666,-0.04318323731422424,0.09729109704494476,0.0041464329697191715
98,9.879697799682617,0.0,0.0,0.03056200034916401,-0.057443998754024506,0.029825203120708466,-0.05926414206624031,0.09733155369758606,0.004277107771486044
99,9.979698181152344,0.10480699688196182,0.0,0.04284000024199486,-0.057863999158144,0.03506603464484215,-0.057895343750715256,0.0973716750741005,0.004406690131872892
100,10.079697608947754,0.13745099306106567,0.0,0.043494001030921936,-0.05653199926018715,0.044810883700847626,-0.050018563866615295,0.09691876918077469,0.007398763205856085
101,10.17969799041748,0.17993700504302979,0.0,0.041221000254154205,-0.05892400071024895,0.04242713749408722,-0.05186469107866287,0.09984491765499115,0.012671070173382759
102,10.279698371887207,0.19999200105667114,0.0,0.0761450007557869,-0.04159000143408775,0.04612378031015396,-0.05605902522802353,0.10522639751434326,0.018617291003465652
103,10.379697799682617,0.21747900545597076,0.0,0.13586300611495972,-0.046268999576568604,0.10005541890859604,-0.023845117539167404,0.11193224042654037,0.023014677688479424
104,10.479698181152344,0.2175000011920929,0.0,0.21627500653266907,-0.056063998490571976,0.1632276475429535,-0.053969189524650574,0.12082826346158981,0.026238203048706055
105,10.579697608947754,0.2175000011920929,0.0,0.310465008020401,-0.04930200055241585,0.2467297464609146,-0.04413077235221863,0.1296740472316742,0.030812997370958328
106,10.67969799041748,0.21250300109386444,0.0,0.44689399003982544,-0.02352200075984001,0.35469338297843933,-0.016396302729845047,0.13823610544204712,0.037868037819862366
107,10.779698371887207,0.21250000596046448,0.0,0.6114209890365601,0.0036949999630451202,0.5318376421928406,0.01495344564318657,0.1474076509475708,0.04557338356971741
108,10.879697799682617,0.21000200510025024,0.0,0.6638889908790588,0.022405000403523445,0.7102909088134766,0.035084307193756104,0.15821988880634308,0.05182960629463196
109,10.979698181152344,0.20500800013542175,0.0,0.6417109966278076,0.041815999895334244,0.6934117674827576,0.046130746603012085,0.17105306684970856,0.056308262050151825
110,11.079697608947754,0.20499999821186066,0.0,0.6805409789085388,0.06360500305891037,0.6572827100753784,0.06366266310214996,0.1800270527601242,0.059674229472875595
111,11.17969799041748,0.20499999821186066,0.0,0.8120869994163513,0.07418499886989594,0.7519646883010864,0.08267809450626373,0.18443156778812408,0.06344901770353317
112,11.279698371887207,0.2025029957294464,0.0,0.9128299951553345,0.08100999891757965,0.8996679186820984,0.08403107523918152,0.18624325096607208,0.0678650438785553
113,11.379697799682617,0.20250000059604645,0.0,0.9930700063705444,0.08490899950265884,0.9371806979179382,0.08660174161195755,0.18825404345989227,0.07211364805698395
114,11.479698181152344,0.20250000059604645,0.0,1.0405000448226929,0.0928260013461113,1.0169461965560913,0.08894840627908707,0.19110170006752014,0.07545101642608643
115,11.579697608947754,0.20250000059604645,0.0,1.079692006111145,0.08510299772024155,1.0566434860229492,0.0992337092757225,0.19470612704753876,0.07816559821367264
116,11.67969799041748,0.20250000059604645,0.0,1.11018705368042,0.07989399880170822,1.1049169301986694,0.08462991565465927,0.1986827552318573,0.08102326840162277
117,11.779698371887207,0.20250000059604645,0.0,1.1348780393600464,0.07917000353336334,1.1307724714279175,0.08187847584486008,0.20288977026939392,0.08455397933721542
118,11.879697799682617,0.20000100135803223,0.0,1.157472014427185,0.07043399661779404,1.1547337770462036,0.08091934770345688,0.20712369680404663,0.08853904157876968
119,11.979698181152344,0.20000000298023224,0.0,1.1786710023880005,0.05633300170302391,1.1779860258102417,0.06735172867774963,0.21159647405147552,0.09231626242399216
120,12.079697608947754,0.20000000298023224,0.0,1.2261489629745483,0.06062899902462959,1.1903516054153442,0.05334295332431793,0.2123095840215683,0.09489987045526505
121,12.17969799041748,0.20000000298023224,0.0,1.2911499738693237,0.037039998918771744,1.2473886013031006,0.0655083954334259,0.21055421233177185,0.09666360914707184
122,12.279698371887207,0.19500300288200378,0.0,1.2655659914016724,0.038314998149871826,1.3087289333343506,0.02984025701880455,0.20925462245941162,0.09880674630403519
123,12.379697799682617,0.19499999284744263,0.0,1.1795270442962646,0.03498400002717972,1.2275820970535278,0.0452662818133831,0.20931799709796906,0.10183874517679214
124,12.479698181152344,0.19499999284744263,0.0,1.1511939764022827,0.023455999791622162,1.147706151008606,0.034545715898275375,0.2096589356660843,0.10540543496608734
125,12.579697608947754,0.19499999284744263,0.0,1.1612950563430786,0.03700900077819824,1.1729730367660522,0.021355532109737396,0.2098025232553482,0.10848118364810944
126,12.67969799041748,0.19499999284744263,0.0,1.1753250360488892,0.029704999178647995,1.1781883239746094,0.045169293880462646,0.20987823605537415,0.11068794876337051
127,12.779698371887207,0.19499999284744263,0.0,1.1903430223464966,0.04704400151968002,1.1794908046722412,0.02321491204202175,0.2099832445383072,0.11260595917701721
128,12.879697799682617,0.19499999284744263,0.0,1.2234419584274292,0.03139499947428703,1.1919342279434204,0.05333499237895012,0.2098066657781601,0.1150931790471077
129,12.979698181152344,0.19499999284744263,0.0,1.268576979637146,0.03935899958014488,1.2366950511932373,0.023026078939437866,0.20933082699775696,0.11814726144075394
130,13.079697608947754,0.19499999284744263,0.0,1.2662049531936646,0.03479199856519699,1.2779051065444946,0.04709165543317795,0.20885662734508514,0.12108586728572845
131,13.17969799041748,0.19250300526618958,0.0,1.2321009635925293,0.032515998929739,1.248728632926941,0.033211931586265564,0.20864513516426086,0.12346001714468002
132,13.279698371887207,0.19249999523162842,0.0,1.2253789901733398,0.020618999376893044,1.21710205078125,0.03371872752904892,0.20853640139102936,0.12545070052146912
133,13.379697799682617,0.19249999523162842,0.0,1.2369550466537476,0.022971000522375107,1.2383346557617188,0.019336827099323273,0.20815695822238922,0.12763150036334991
134,13.479698181152344,0.19249999523162842,0.0,1.2414239645004272,0.02664100006222725,1.2467926740646362,0.02857188880443573,0.2075929343700409,0.13019299507141113
135,13.579697608947754,0.19249999523162842,0.0,1.241163969039917,0.014359000138938427,1.2406580448150635,0.028600428253412247,0.20703428983688354,0.13285353779792786
136,13.67969799041748,0.19249999523162842,0.0,1.2040849924087524,0.03162999823689461,1.2416778802871704,0.011311196722090244,0.20659291744232178,0.13526350259780884
137,13.779698371887207,0.19249999523162842,0.0,1.142475962638855,0.014020999893546104,1.1865447759628296,0.0417388379573822,0.20614318549633026,0.13742752373218536
138,13.879697799682617,0.19249999523162842,0.0,1.160794973373413,0.019290000200271606,1.1302125453948975,0.0057150814682245255,0.20565465092658997,0.1395500898361206
139,13.979698181152344,0.19249999523162842,0.0,1.2323399782180786,0.024522000923752785,1.1973131895065308,0.027555648237466812,0.20512360334396362,0.14177881181240082
140,14.079697608947754,0.19249999523162842,0.0,1.236225962638855,0.023910000920295715,1.263816475868225,0.027921665459871292,0.20455056428909302,0.14409877359867096
141,14.17969799041748,0.19249999523162842,0.0,1.2230570316314697,0.02413799986243248,1.2114630937576294,0.0241751316934824,0.20395712554454803,0.14638887345790863
142,14.279698371887207,0.19249999523162842,0.0,1.2231860160827637,0.010224999859929085,1.2174851894378662,0.026811983436346054,0.20336391031742096,0.1485474705696106
143,14.379697799682617,0.19249999523162842,0.0,1.232179045677185,0.015084000304341316,1.2328414916992188,0.01013194676488638,0.20278453826904297,0.15057727694511414
144,14.479698181152344,0.19249999523162842,0.0,1.2117209434509277,0.013066000305116177,1.239504098892212,0.024783309549093246,0.2022078037261963,0.1525937020778656
145,14.579697608947754,0.19249999523162842,0.0,1.1716480255126953,0.024605000391602516,1.2014764547348022,0.014851453714072704,0.20159944891929626,0.15468251705169678
146,14.67969799041748,0.19249999523162842,0.0,1.1823320388793945,0.02707800082862377,1.1624224185943604,0.031214212998747826,0.20094937086105347,0.15681271255016327
147,14.779698371887207,0.19249999523162842,0.0,1.2268719673156738,0.020563000813126564,1.2075514793395996,0.0271481741219759,0.2002888023853302,0.15889233350753784
148,14.879697799682617,0.19249999523162842,0.0,1.215628981590271,0.037477001547813416,1.2482998371124268,0.01991317607462406,0.1996515393257141,0.16087950766086578
149,14.979698181152344,0.19249999523162842,0.0,1.167091965675354,0.02241699956357479,1.19344961643219,0.04528381675481796,0.1990354061126709,0.16281481087207794
150,15.079697608947754,0.19249999523162842,0.0,1.1660929918289185,0.031112000346183777,1.151352882385254,0.014416292309761047,0.19841022789478302,0.16476067900657654
151,15.17969799041748,0.19249999523162842,0.0,1.1968510150909424,0.017611000686883926,1.1879315376281738,0.03950735926628113,0.19775518774986267,0.1667335480451584
152,15.279698371887207,0.19249999523162842,0.0,1.220661997795105,0.0287650004029274,1.2177633047103882,0.013995615765452385,0.1970677375793457,0.16868627071380615
153,15.379697799682617,0.19249999523162842,0.0,1.23983895778656,0.03058299981057644,1.2224317789077759,0.03751353174448013,0.19637848436832428,0.17058773338794708
154,15.479698181152344,0.19249999523162842,0.0,1.2503629922866821,0.03679399937391281,1.2433764934539795,0.030676983296871185,0.19570744037628174,0.17245006561279297
155,15.579697608947754,0.19249999523162842,0.0,1.258705973625183,0.034317001700401306,1.2503118515014648,0.040306009352207184,0.19504587352275848,0.17430317401885986
156,15.67969799041748,0.19249999523162842,0.0,1.2467819452285767,0.023895999416708946,1.2615617513656616,0.033948466181755066,0.19437550008296967,0.17615950107574463
157,15.779698371887207,0.19249999523162842,0.0,1.2213850021362305,0.01621299982070923,1.240273118019104,0.022606471553444862,0.1936917006969452,0.1780080646276474
158,15.879697799682617,0.19249999523162842,0.0,1.2127230167388916,0.023584000766277313,1.2164313793182373,0.018363183364272118,0.19300433993339539,0.1798325926065445
159,15.979698181152344,0.19249999523162842,0.0,1.2152119874954224,0.017949000000953674,1.2212600708007812,0.029994137585163116,0.19232380390167236,0.1816290020942688
160,16.07969856262207,0.19249999523162842,0.0,1.2191979885101318,0.01608099974691868,1.2239562273025513,0.016739537939429283,0.19165126979351044,0.18340608477592468
161,16.179698944091797,0.19249999523162842,0.0,1.2241840362548828,0.03144099935889244,1.223528265953064,0.019213376566767693,0.19098114967346191,0.18517400324344635
162,16.27969741821289,0.19249999523162842,0.0,1.2227369546890259,0.0106819998472929,1.2273874282836914,0.03868508338928223,0.19030947983264923,0.18693453073501587
163,16.379697799682617,0.19249999523162842,0.0,1.2169920206069946,0.026500999927520752,1.2248278856277466,0.0030058501288294792,0.18963827192783356,0.18868190050125122
164,16.479698181152344,0.19249999523162842,0.0,1.2277220487594604,0.017775999382138252,1.2165732383728027,0.03913109749555588,0.18897269666194916,0.19041068851947784
165,16.57969856262207,0.19249999523162842,0.0,1.2494360208511353,0.030818000435829163,1.2397477626800537,0.014166127890348434,0.18831592798233032,0.19212134182453156
166,16.679698944091797,0.19249999523162842,0.0,1.2447229623794556,0.012496000155806541,1.2578372955322266,0.039121415466070175,0.18766742944717407,0.19381846487522125
167,16.77969741821289,0.19249999523162842,0.0,1.2224140167236328,0.029969999566674232,1.2382038831710815,0.006431894842535257,0.18702536821365356,0.1955055296421051
168,16.879697799682617,0.19249999523162842,0.0,1.19405996799469,0.0287650004029274,1.2144567966461182,0.04161123186349869,0.1863897144794464,0.1971820890903473
169,16.979698181152344,0.19249999523162842,0.0,1.164188027381897,0.04301299899816513,1.1926333904266357,0.02590731903910637,0.1857627034187317,0.1988454908132553
170,17.07969856262207,0.19249999523162842,0.0,1.1678940057754517,0.024004999548196793,1.1627278327941895,0.04746440052986145,0.1851469725370407,0.20049428939819336
171,17.179698944091797,0.19249999523162842,0.0,1.1939890384674072,0.030076999217271805,1.1862167119979858,0.014009983278810978,0.18454381823539734,0.2021295726299286
172,17.27969741821289,0.19249999523162842,0.0,1.212962031364441,0.02759600058197975,1.2076843976974487,0.03692840784788132,0.18395327031612396,0.20375339686870575
173,17.379697799682617,0.19249999523162842,0.0,1.2271950244903564,0.024706000462174416,1.2155916690826416,0.026934068650007248,0.18337537348270416,0.20536679029464722
174,17.479698181152344,0.19249999523162842,0.0,1.2244410514831543,0.03277000039815903,1.2299528121948242,0.02666468732059002,0.18281112611293793,0.20696917176246643
175,17.57969856262207,0.19249999523162842,0.0,1.217411994934082,0.023914000019431114,1.2202872037887573,0.03889337554574013,0.18226225674152374,0.2085595428943634
176,17.679698944091797,0.19249999523162842,0.0,1.2092440128326416,0.03364099934697151,1.2190121412277222,0.02170695550739765,0.18173038959503174,0.210137739777565
177,17.77969741821289,0.19249999523162842,0.0,1.2007900476455688,0.0335410013794899,1.2103760242462158,0.040534812957048416,0.18121647834777832,0.21170450747013092
178,17.879697799682617,0.19249999523162842,0.0,1.2199790477752686,0.043460000306367874,1.20320725440979,0.03207916021347046,0.18072117865085602,0.21326066553592682
179,17.979698181152344,0.19249999523162842,0.0,1.2576019763946533,0.02505899965763092,1.234984278678894,0.04641326889395714,0.1802452951669693,0.2148064374923706
180,18.07969856262207,0.19249999523162842,0.0,1.266044020652771,0.021570000797510147,1.2722270488739014,0.01761266589164734,0.17979007959365845,0.21634149551391602
181,18.179698944091797,0.19249999523162842,0.0,1.2671270370483398,0.02366900071501732,1.256893277168274,0.026505159214138985,0.17935694754123688,0.21786554157733917
182,18.27969741821289,0.19249999523162842,0.0,1.26726496219635,0.02524299919605255,1.2668792009353638,0.02799816057085991,0.17894716560840607,0.21937867999076843
183,18.379697799682617,0.19249999523162842,0.0,1.2667720317840576,0.020501000806689262,1.2697404623031616,0.02817866951227188,0.17856179177761078,0.22088126838207245
184,18.479698181152344,0.19249999523162842,0.0,1.2573219537734985,0.018350999802350998,1.2697049379348755,0.021423259750008583,0.178201824426651,0.2223735749721527
185,18.57969856262207,0.19249999523162842,0.0,1.2419129610061646,0.023420000448822975,1.2552977800369263,0.02080821432173252,0.17786839604377747,0.22385559976100922
186,18.679698944091797,0.19249999523162842,0.0,1.246778964996338,0.009158999659121037,1.2402774095535278,0.02719765156507492,0.17756275832653046,0.22532720863819122
187,18.77969741821289,0.19249999523162842,0.0,1.2651519775390625,0.010726000182330608,1.2590395212173462,0.0059022000059485435,0.17728622257709503,0.22678831219673157
188,18.879697799682617,0.19249999523162842,0.0,1.2702020406723022,0.01042100042104721,1.2747623920440674,0.017837606370449066,0.17704002559185028,0.22823895514011383
189,18.979698181152344,0.19249999523162842,0.0,1.2663819789886475,0.02436700090765953,1.268401026725769,0.013646457344293594,0.1768253594636917,0.22967927157878876
190,19.07969856262207,0.19249999523162842,0.0,1.2624280452728271,0.01908699981868267,1.2643998861312866,0.031605079770088196,0.17664338648319244,0.23110927641391754
191,19.179698944091797,0.19249999523162842,0.0,1.2583849430084229,0.01999500021338463,1.2654708623886108,0.016868969425559044,0.17649534344673157,0.2325289249420166
192,19.27969741821289,0.19249999523162842,0.0,1.2334339618682861,0.03943299874663353,1.2601144313812256,0.023525983095169067,0.17638254165649414,0.2339380532503128
193,19.379697799682617,0.19249999523162842,0.0,1.1945669651031494,0.023391999304294586,1.2238571643829346,0.045597564429044724,0.17630627751350403,0.235336571931839
194,19.479698181152344,0.19249999523162842,0.0,1.1920130252838135,0.01960100047290325,1.1888353824615479,0.013364661484956741,0.1762678027153015,0.23672445118427277
195,19.57969856262207,0.19249999523162842,0.0,1.19856595993042,0.023938000202178955,1.2088030576705933,0.022838670760393143,0.17626839876174927,0.23810166120529175
196,19.679698944091797,0.19249999523162842,0.0,1.2027360200881958,0.03968600183725357,1.2057994604110718,0.02766471914947033,0.17630931735038757,0.239468052983284
197,19.77969741821289,0.19249999523162842,0.0,1.2053149938583374,0.03252499923110008,1.2044552564620972,0.04410380497574806,0.1763918697834015,0.24082344770431519
198,19.879697799682617,0.19249999523162842,0.0,1.2232589721679688,0.02232000045478344,1.2088686227798462,0.026870155707001686,0.17651738226413727,0.24216768145561218
199,19.979698181152344,0.19249999523162842,0.0,1.2450510263442993,0.03189300000667572,1.234361171722412,0.022323157638311386,0.17668718099594116,0.24350056052207947
200,20.07969856262207,0.19249999523162842,0.0,1.236111044883728,0.03222599998116493,1.2507330179214478,0.03947769105434418,0.17690254747867584,0.24482187628746033
201,20.179698944091797,0.19249999523162842,0.0,1.2066290378570557,0.02674500085413456,1.225939393043518,0.03173161670565605,0.17716474831104279,0.24613142013549805
202,20.27969741821289,0.19249999523162842,0.0,1.2095060348510742,0.024183999747037888,1.1988539695739746,0.026382606476545334,0.17747510969638824,0.24742887914180756
203,20.379697799682617,0.19249999523162842,0.0,1.2339420318603516,0.02062699943780899,1.2260355949401855,0.026560800150036812,0.17783497273921967,0.24871397018432617
204,20.479698181152344,0.19249999523162842,0.0,1.224645972251892,0.03402400016784668,1.2482391595840454,0.022358248010277748,0.1782456487417221,0.24998639523983002
205,20.57969856262207,0.19249999523162842,0.0,1.1929010152816772,0.034021999686956406,1.2123465538024902,0.040417663753032684,0.17870843410491943,0.25124573707580566
206,20.679698944091797,0.19249999523162842,0.0,1.2038079500198364,0.03448599949479103,1.1840983629226685,0.0312955342233181,0.17922461032867432,0.2524915933609009
207,20.77969741821289,0.19249999523162842,0.0,1.2431830167770386,0.029329000040888786,1.2249351739883423,0.035193655639886856,0.17979547381401062,0.2537235617637634
208,20.879697799682617,0.19249999523162842,0.0,1.2302650213241577,0.025232000276446342,1.2613952159881592,0.028747716918587685,0.18042230606079102,0.2549411356449127
209,20.979698181152344,0.19249999523162842,0.0,1.2042219638824463,0.03013099916279316,1.2104638814926147,0.02605212666094303,0.18110637366771698,0.25614380836486816
210,21.07969856262207,0.19249999523162842,0.0,1.2120829820632935,0.018473999574780464,1.1990621089935303,0.033923372626304626,0.18184894323349,0.2573309540748596
211,21.179698944091797,0.19249999523162842,0.0,1.242645025253296,0.028689999133348465,1.230829119682312,0.016159892082214355,0.18265123665332794,0.25850194692611694
212,21.27969741821289,0.19249999523162842,0.0,1.2435230016708374,0.019915999844670296,1.2572004795074463,0.037442080676555634,0.18351446092128754,0.2596561312675476
213,21.379697799682617,0.19249999523162842,0.0,1.224634051322937,0.02230199985206127,1.235425353050232,0.016762545332312584,0.18443983793258667,0.2607927620410919
214,21.479698181152344,0.19249999523162842,0.0,1.2054400444030762,0.024157999083399773,1.2173749208450317,0.027158506214618683,0.18542851507663727,0.2619110643863678
215,21.57969856262207,0.19249999523162842,0.0,1.1860419511795044,0.02857399918138981,1.2068392038345337,0.026786822825670242,0.18648160994052887,0.2630102038383484
216,21.679698944091797,0.19249999523162842,0.0,1.2114280462265015,0.0341930016875267,1.1871365308761597,0.031184876337647438,0.187600240111351,0.2640891969203949
217,21.77969741821289,0.19249999523162842,0.0,1.2480820417404175,0.03541100025177002,1.234860897064209,0.03577430546283722,0.18878549337387085,0.26514706015586853
218,21.879697799682617,0.19249999523162842,0.0,1.2461570501327515,0.028922000899910927,1.2586159706115723,0.034745484590530396,0.19003835320472717,0.2661827504634857
219,21.979698181152344,0.19249999523162842,0.0,1.2185410261154175,0.03189700096845627,1.2330760955810547,0.02722809463739395,0.1913597732782364,0.2671951651573181
220,22.07969856262207,0.19249999523162842,0.0,1.1992700099945068,0.03480299934744835,1.2077550888061523,0.03534781560301781,0.19275066256523132,0.2681830823421478
221,22.179698944091797,0.19249999523162842,0.0,1.1855759620666504,0.030087999999523163,1.2037323713302612,0.03623795509338379,0.1942119151353836,0.26914525032043457
222,22.27969741821289,0.19249999523162842,0.0,1.2136470079421997,0.03213600069284439,1.1899808645248413,0.028566619381308556,0.1957443207502365,0.27008023858070374
223,22.379697799682617,0.19249999523162842,0.0,1.2522050142288208,0.023583000525832176,1.235892653465271,0.03436620905995369,0.19734860956668854,0.2709866464138031
224,22.479698181152344,0.19249999523162842,0.0,1.2474839687347412,0.017086999490857124,1.2632873058319092,0.02157926931977272,0.19902539253234863,0.2718629837036133
225,22.57969856262207,0.19249999523162842,0.0,1.2139159440994263,0.013751000165939331,1.2325289249420166,0.019570643082261086,0.20077525079250336,0.27270761132240295
226,22.679698944091797,0.19249999523162842,0.0,1.2065210342407227,0.01634399965405464,1.202495813369751,0.017883706837892532,0.2025987058877945,0.27351877093315125
227,22.77969741821289,0.19249999523162842,0.0,1.2166030406951904,0.00735200010240078,1.220044732093811,0.022164862602949142,0.20449614524841309,0.27429476380348206
228,22.879697799682617,0.19249999523162842,0.0,1.229092001914978,0.01100900024175644,1.2292823791503906,0.008134079165756702,0.206467866897583,0.27503374218940735
229,22.979698181152344,0.19249999523162842,0.0,1.242184042930603,0.013697000220417976,1.2344881296157837,0.018114715814590454,0.20851406455039978,0.27573373913764954
230,23.07969856262207,0.19249999523162842,0.0,1.2293490171432495,0.019953999668359756,1.2471200227737427,0.017480172216892242,0.21063482761383057,0.27639275789260864
231,23.179698944091797,0.19249999523162842,0.0,1.19923996925354,0.027886999770998955,1.2206765413284302,0.02483336254954338,0.21283017098903656,0.27700865268707275
232,23.27969741821289,0.19249999523162842,0.0,1.193194031715393,0.014929999597370625,1.1922913789749146,0.03136976435780525,0.21509996056556702,0.27757927775382996
233,23.379697799682617,0.19249999523162842,0.0,1.2031739950180054,0.013806999661028385,1.2064318656921387,0.010944527573883533,0.21744395792484283,0.2781023681163788
234,23.479698181152344,0.19249999523162842,0.0,1.2138110399246216,0.012357999570667744,1.2137696743011475,0.01930377632379532,0.21986179053783417,0.2785756289958954
235,23.57969856262207,0.19249999523162842,0.0,1.2248859405517578,0.009588000364601612,1.2187739610671997,0.015455863438546658,0.2223529815673828,0.27899667620658875
236,23.679698944091797,0.19249999523162842,0.0,1.2276220321655273,0.018281999975442886,1.2299965620040894,0.013064359314739704,0.2249169498682022,0.27936309576034546
237,23.77969741821289,0.19249999523162842,0.0,1.2282689809799194,0.02128699980676174,1.2278348207473755,0.026167990639805794,0.22755293548107147,0.27967241406440735
238,23.879697799682617,0.19249999523162842,0.0,1.2395930290222168,0.025923000648617744,1.2310831546783447,0.02387874387204647,0.23026010394096375,0.27992209792137146
239,23.979698181152344,0.19249999523162842,0.0,1.258020043373108,0.014732999727129936,1.2479192018508911,0.02939366176724434,0.23303747177124023,0.2801096439361572
240,24.07969856262207,0.19249999523162842,0.0,1.2453449964523315,0.02013999968767166,1.26627516746521,0.012988734990358353,0.2358839511871338,0.2802324593067169
241,24.179698944091797,0.19249999523162842,0.0,1.2118710279464722,0.028812000527977943,1.2336981296539307,0.027075164020061493,0.2387983649969101,0.2802880108356476
242,24.27969741821289,0.19249999523162842,0.0,1.2072199583053589,0.025684000924229622,1.202849268913269,0.03225310519337654,0.2417794018983841,0.2802737057209015
243,24.379697799682617,0.19249999523162842,0.0,1.2217830419540405,0.03607900068163872,1.2217599153518677,0.024054203182458878,0.24482564628124237,0.28018707036972046
244,24.479698181152344,0.19249999523162842,0.0,1.2127599716186523,0.025490999221801758,1.2331558465957642,0.04086720198392868,0.24793557822704315,0.28002557158470154
245,24.57969856262207,0.19249999523162842,0.0,1.1880309581756592,0.022040000185370445,1.2057543992996216,0.01972832717001438,0.2511076331138611,0.27978673577308655
246,24.679698944091797,0.19249999523162842,0.0,1.1954289674758911,0.01183400023728609,1.181982159614563,0.024186961352825165,0.25434017181396484,0.2794681787490845
247,24.77969741821289,0.19249999523162842,0.0,1.2241950035095215,0.015745999291539192,1.2133532762527466,0.012351480312645435,0.2576315104961395,0.2790675461292267
248,24.879697799682617,0.19249999523162842,0.0,1.2259199619293213,0.012450000271201134,1.2390706539154053,0.023458879441022873,0.26097986102104187,0.2785826325416565
249,24.979698181152344,0.19249999523162842,0.0,1.2096229791641235,0.020148999989032745,1.2193915843963623,0.014528387226164341,0.2643834054470062,0.278011292219162
250,25.07969856262207,0.19249999523162842,0.0,1.1896599531173706,0.02639799937605858,1.2038681507110596,0.026905616745352745,0.2678403854370117,0.2773515582084656
251,25.179698944091797,0.19249999523162842,0.0,1.1687710285186768,0.029075000435113907,1.1897772550582886,0.029614485800266266,0.2713490426540375,0.27660149335861206
252,25.27969741821289,0.19249999523162842,0.0,1.1740520000457764,0.030477000400424004,1.1697955131530762,0.030094332993030548,0.2749076187610626,0.27575939893722534
253,25.379697799682617,0.19249999523162842,0.0,1.1967439651489258,0.04138600081205368,1.1884765625,0.031052252277731895,0.27851438522338867,0.27482372522354126
254,25.479698181152344,0.19249999523162842,0.0,1.1971169710159302,0.04876599833369255,1.2084121704101562,0.044630032032728195,0.2821676433086395,0.27379310131073
255,25.57969856262207,0.19249999523162842,0.0,1.1826380491256714,0.041774000972509384,1.1906017065048218,0.04765675216913223,0.28586581349372864,0.2726662755012512
256,25.679698944091797,0.19249999523162842,0.0,1.1739799976348877,0.042883001267910004,1.1782889366149902,0.036684803664684296,0.2896074652671814,0.2714422941207886
257,25.77969741821289,0.19249999523162842,0.0,1.1692049503326416,0.035023998469114304,1.1779882907867432,0.04441908001899719,0.29339125752449036,0.27012038230895996
258,25.879697799682617,0.19249999523162842,0.0,1.1831649541854858,0.029712000861763954,1.1738609075546265,0.03227902203798294,0.29721593856811523,0.26869997382164
259,25.979698181152344,0.19249999523162842,0.0,1.2096530199050903,0.03190099820494652,1.195565938949585,0.03069847635924816,0.30108046531677246,0.2671807110309601
260,26.07969856262207,0.19249999523162842,0.0,1.2138750553131104,0.024623999372124672,1.2206579446792603,0.03563474863767624,0.3049840033054352,0.265562504529953
261,26.179698944091797,0.19249999523162842,0.0,1.2031910419464111,0.031706999987363815,1.209227204322815,0.024112626910209656,0.3089258670806885,0.2638455331325531
262,26.27969741821289,0.19249999523162842,0.0,1.2112950086593628,0.02559399977326393,1.199111819267273,0.038110096007585526,0.31290560960769653,0.26203015446662903
263,26.379697799682617,0.19249999523162842,0.0,1.2241209745407104,0.025821000337600708,1.2238683700561523,0.024586429819464684,0.31692299246788025,0.2601170539855957
264,26.479698181152344,0.19249999523162842,0.0,1.223613977432251,0.02453799918293953,1.2303839921951294,0.029860854148864746,0.3209780156612396,0.25810709595680237
265,26.57969856262207,0.19249999523162842,0.0,1.2142250537872314,0.022436000406742096,1.2215114831924438,0.026314478367567062,0.32507091760635376,0.25600147247314453
266,26.679698944091797,0.19249999523162842,0.0,1.2202630043029785,0.027674999088048935,1.212972640991211,0.02420649118721485,0.329202264547348,0.2538015842437744
267,26.77969741821289,0.19249999523162842,0.0,1.236570954322815,0.01891699992120266,1.2301379442214966,0.03228557109832764,0.3333728015422821,0.2515091001987457
268,26.879697799682617,0.19249999523162842,0.0,1.232504963874817,0.029324999079108238,1.246138572692871,0.017464175820350647,0.33758360147476196,0.24912597239017487
269,26.979698181152344,0.19249999523162842,0.0,1.2148560285568237,0.031106999143958092,1.226052165031433,0.036637093871831894,0.34183597564697266,0.24665437638759613
270,27.07969856262207,0.19249999523162842,0.0,1.2030669450759888,0.03184099867939949,1.2108129262924194,0.030533168464899063,0.34613150358200073,0.2440967559814453
271,27.179698944091797,0.19249999523162842,0.0,1.1927560567855835,0.03289400041103363,1.2071492671966553,0.03245360031723976,0.35047203302383423,0.2414558231830597
272,27.27969741821289,0.19249999523162842,0.0,1.1906739473342896,0.029683999717235565,1.195311188697815,0.03359884023666382,0.35485970973968506,0.23873451352119446
273,27.379697799682617,0.19249999523162842,0.0,1.1940809488296509,0.04061000049114227,1.1968235969543457,0.02855692245066166,0.35929688811302185,0.2359360158443451
274,27.479698181152344,0.19249999523162842,0.0,1.2129629850387573,0.03616899996995926,1.1989740133285522,0.044933825731277466,0.36378616094589233,0.23306377232074738
275,27.57969856262207,0.19249999523162842,0.0,1.2421820163726807,0.033038001507520676,1.2244611978530884,0.03236747533082962,0.3683303892612457,0.23012147843837738
276,27.679698944091797,0.19249999523162842,0.0,1.231328010559082,0.029712999239563942,1.2516584396362305,0.03386439383029938,0.3729326128959656,0.2271130532026291
277,27.77969741821289,0.19249999523162842,0.0,1.2104079723358154,0.0334479995071888,1.2168899774551392,0.030800219625234604,0.37759602069854736,0.2240426391363144
278,27.879697799682617,0.19249999523162842,0.0,1.2118910551071167,0.02497199922800064,1.2069265842437744,0.036717191338539124,0.3823239803314209,0.22091464698314667
279,27.979698181152344,0.19249999523162842,0.0,1.228279948234558,0.03074299916625023,1.2249701023101807,0.02322346344590187,0.38711997866630554,0.2177337110042572
280,28.07969856262207,0.19249999523162842,0.0,1.2198690176010132,0.032878998667001724,1.2384498119354248,0.036287277936935425,0.3919876217842102,0.21450462937355042
281,28.179698944091797,0.19249999523162842,0.0,1.1949260234832764,0.027607999742031097,1.2119903564453125,0.032907769083976746,0.39693060517311096,0.21123246848583221
282,28.27969741821289,0.19249999523162842,0.0,1.1856520175933838,0.03166700154542923,1.1890476942062378,0.025999512523412704,0.4019526541233063,0.2079225480556488
283,28.379697799682617,0.19499699771404266,0.0,1.18681800365448,0.026373999193310738,1.1940302848815918,0.035337869077920914,0.4070574641227722,0.2045803666114807
284,28.479698181152344,0.19499999284744263,0.0,1.1927900314331055,0.03970099985599518,1.1950803995132446,0.02510233037173748,0.4123913645744324,0.20131917297840118
285,28.57969856262207,0.19499999284744263,0.0,1.2019660472869873,0.039441000670194626,1.1981910467147827,0.04595676437020302,0.4180871248245239,0.19798699021339417
286,28.679698944091797,0.19499999284744263,0.0,1.204571008682251,0.034915000200271606,1.2081300020217896,0.036388982087373734,0.4239029884338379,0.19455471634864807
287,28.77969741821289,0.19499999284744263,0.0,1.2028030157089233,0.03495800122618675,1.2057076692581177,0.03387460112571716,0.42968133091926575,0.19109104573726654
288,28.879697799682617,0.19499999284744263,0.0,1.1906650066375732,0.03744100034236908,1.2042630910873413,0.03696694225072861,0.4354651868343353,0.1876571923494339
289,28.979698181152344,0.19499999284744263,0.0,1.1716049909591675,0.04148799926042557,1.188485026359558,0.03886205703020096,0.4414123594760895,0.1841784566640854
290,29.07969856262207,0.19499999284744263,0.0,1.184509038925171,0.04090400040149689,1.1703599691390991,0.042368631809949875,0.4475403130054474,0.18067850172519684
291,29.179698944091797,0.19499999284744263,0.0,1.2187880277633667,0.0376570001244545,1.2022705078125,0.03955604508519173,0.4537840783596039,0.17721399664878845
292,29.27969741821289,0.19499999284744263,0.0,1.2278820276260376,0.03923700004816055,1.233932614326477,0.03685496747493744,0.4601099491119385,0.17379888892173767
293,29.379697799682617,0.16501900553703308,0.0,1.2202019691467285,0.03923700004816055,1.2212692499160767,0.040751177817583084,0.4665359854698181,0.17041395604610443
294,29.479698181152344,0.1450130045413971,0.0,1.198706030845642,0.04076499864459038,1.2131736278533936,0.037192702293395996,0.470845490694046,0.165594682097435
295,29.57969856262207,0.10503499954938889,0.0,1.1679919958114624,0.03992500156164169,1.1856317520141602,0.03841676190495491,0.47044262290000916,0.16005784273147583
296,29.679698944091797,4.400000034365803e-05,0.0,1.1126320362091064,0.022359000518918037,1.1476417779922485,0.03329206258058548,0.4659304916858673,0.15364746749401093
297,29.77969741821289,0.0,0.0,1.0408450365066528,0.02456500008702278,1.0645272731781006,0.004640556871891022,0.455958753824234,0.1449318528175354
298,29.879697799682617,0.0,0.0,0.9720919728279114,0.01438200008124113,0.9826233386993408,0.018250472843647003,0.4408113956451416,0.13777707517147064
299,29.979698181152344,0.0,0.0,0.9053580164909363,0.02786099910736084,0.926965594291687,0.0006199516355991364,0.43381428718566895,0.13349083065986633
300,30.07969856262207,0.0,0.0,0.8591430187225342,0.02287999913096428,0.8673003911972046,0.027346555143594742,0.43511730432510376,0.13073675334453583
301,30.179698944091797,0.0,0.0,0.826632022857666,0.021635999903082848,0.8374912738800049,0.007604303769767284,0.4350608289241791,0.1280633956193924
302,30.27969741821289,0.0,0.0,0.8110929727554321,0.019078999757766724,0.8043518662452698,0.015185710042715073,0.42321792244911194,0.12630242109298706
303,30.379697799682617,0.0,0.0,0.8068839907646179,0.013085000216960907,0.7931765913963318,0.010985191911458969,0.40670251846313477,0.12488380819559097
304,30.479698181152344,0.0,0.0,0.7994149923324585,0.00836700014770031,0.7870767116546631,0.005043243058025837,0.3927899897098541,0.12236941605806351
305,30.57969856262207,0.0,0.0,0.791130006313324,0.006231000181287527,0.7733375430107117,0.00288484338670969,0.38299137353897095,0.1189502403140068
306,30.679698944091797,0.0,0.0,0.7853749990463257,0.0033450000919401646,0.7666667103767395,0.0023899273946881294,0.3734595775604248,0.11546509712934494
307,30.77969741821289,0.0,0.0,0.7813050150871277,0.0043390002101659775,0.7647864818572998,0.001004740595817566,0.36124300956726074,0.11196427792310715
308,30.879697799682617,0.0,0.0,0.7473980188369751,0.004931999836117029,0.7599453926086426,0.003949111793190241,0.34844642877578735,0.10900016129016876
309,30.979698181152344,0.0,0.0,0.6936190128326416,0.007763999979943037,0.7098637223243713,0.0028057682793587446,0.33751457929611206,0.10685091465711594
310,31.07969856262207,0.0,0.0,0.6528649926185608,0.005611000116914511,0.66139155626297,0.006476280279457569,0.32845059037208557,0.10518652945756912
311,31.179698944091797,0.0,0.0,0.6208099722862244,0.0057379999198019505,0.6411162614822388,0.0014114314690232277,0.31988444924354553,0.10347097367048264
312,31.27969741821289,0.0,0.0,0.6138889789581299,0.0029319999739527702,0.6099109053611755,0.005166102200746536,0.31097331643104553,0.10153450071811676
313,31.379697799682617,0.0,0.0,0.6237210035324097,0.0025110000278800726,0.6140070557594299,0.00019380939193069935,0.3017977476119995,0.09962204098701477
314,31.479698181152344,0.0,0.0,0.6122840046882629,-0.0040270001627504826,0.617268443107605,0.0023106879089027643,0.29364582896232605,0.09803404659032822
315,31.57969856262207,0.0,0.0,0.5866699814796448,0.0002629999944474548,0.584134042263031,-0.007539884187281132,0.28688475489616394,0.09678113460540771
316,31.679698944091797,0.0,0.0,0.5800949931144714,0.00041199999395757914,0.5613055229187012,0.00443669268861413,0.2811889350414276,0.09560500085353851
317,31.77969741821289,0.0,0.0,0.5862230062484741,-0.005057999864220619,0.5734947919845581,-0.003017791546881199,0.27594950795173645,0.09404151141643524
318,31.879697799682617,0.0,0.0,0.5832920074462891,-0.0030670000705868006,0.5757995843887329,-0.008691146969795227,0.27035266160964966,0.09228304028511047
319,31.979698181152344,0.0,0.0,0.578091025352478,-0.004422000143676996,0.5611363649368286,-0.0007729381322860718,0.2643066644668579,0.0907813161611557
320,32.07969665527344,0.0,0.0,0.5597360134124756,-0.004346999805420637,0.5599518418312073,-0.007067265920341015,0.2583989202976227,0.08970211446285248
321,32.1796989440918,0.0,0.0,0.532597005367279,-0.007577999960631132,0.5355791449546814,-0.0044798157177865505,0.25312238931655884,0.08882421255111694
322,32.27969741821289,0.0,0.0,0.5186309814453125,-0.010621000081300735,0.5129741430282593,-0.009863357990980148,0.24840664863586426,0.08785804361104965
323,32.37969970703125,0.0,0.0,0.5134649872779846,-0.011475999839603901,0.5128105282783508,-0.01115164253860712,0.24387764930725098,0.08672783523797989
324,32.479698181152344,0.0,0.0,0.48294299840927124,-0.01299699954688549,0.50605309009552,-0.010811029933393002,0.239298015832901,0.08557745814323425
325,32.57969665527344,0.0,0.0,0.43553099036216736,-0.009359999559819698,0.45995986461639404,-0.013851943425834179,0.2347089648246765,0.08457552641630173
326,32.6796989440918,0.0,0.0,0.43043801188468933,-0.007946999743580818,0.4224601984024048,-0.0074150473810732365,0.23028075695037842,0.08374912291765213
327,32.77969741821289,0.0,0.0,0.4536370038986206,-0.003197999903932214,0.45042920112609863,-0.010050008073449135,0.22612017393112183,0.08298895508050919
328,32.87969970703125,0.0,0.0,0.44429799914360046,0.00419900007545948,0.4603944420814514,-0.002377812284976244,0.22220130264759064,0.08218023926019669
329,32.979698181152344,0.0,0.0,0.41331198811531067,0.006167000159621239,0.4171442687511444,0.003782824380323291,0.21842558681964874,0.08130894601345062
330,33.07969665527344,0.0,0.0,0.3922539949417114,0.004966000095009804,0.39443522691726685,0.0010793674737215042,0.21472062170505524,0.08044922351837158
331,33.1796989440918,0.0,0.0,0.37782299518585205,0.011119999922811985,0.3908156752586365,0.0018887761980295181,0.21108728647232056,0.07967046648263931
332,33.27969741821289,0.0,0.0,0.38305699825286865,0.009808000177145004,0.3756307363510132,0.013666782528162003,0.207571879029274,0.07896983623504639
333,33.37969970703125,0.0,0.0,0.40138301253318787,0.0143630001693964,0.39005035161972046,0.003489541355520487,0.20420874655246735,0.07828880101442337
334,33.479698181152344,0.0,0.0,0.3932519853115082,0.014353999868035316,0.4000142216682434,0.016297249123454094,0.20099061727523804,0.07757940888404846
335,33.57969665527344,0.0,0.0,0.367467999458313,0.007009999826550484,0.368339866399765,0.010414386168122292,0.19788338243961334,0.07684632390737534
336,33.6796989440918,0.0,0.0,0.3627830147743225,0.015890000388026237,0.35010775923728943,0.0022052349522709846,0.1948593407869339,0.07612958550453186
337,33.77969741821289,0.0,0.0,0.3721829950809479,0.013836000114679337,0.3662942945957184,0.02504107728600502,0.19191525876522064,0.07545720040798187
338,33.87969970703125,0.0,0.0,0.35316500067710876,0.007031000219285488,0.37130093574523926,0.0063919429667294025,0.18906474113464355,0.07481943070888519
339,33.979698181152344,0.0,0.0,0.31521299481391907,0.009072000160813332,0.33197319507598877,0.004148481413722038,0.18631874024868011,0.07418493926525116
340,34.07969665527344,0.0,0.0,0.3177320063114166,0.006029999814927578,0.30539703369140625,0.014550890773534775,0.18367396295070648,0.07353457808494568
341,34.1796989440918,0.0,0.0,0.34724798798561096,0.011668999679386616,0.3399965465068817,0.0026083700358867645,0.18111664056777954,0.07287663966417313
342,34.27969741821289,0.0,0.0,0.3206599950790405,0.0062939999625086784,0.35386285185813904,0.017397824674844742,0.17863436043262482,0.07223250716924667
343,34.37969970703125,0.0,0.0,0.2799859941005707,0.009225999936461449,0.2852388918399811,-0.0006318278610706329,0.17622382938861847,0.07161261141300201
344,34.479698181152344,0.0,0.0,0.2950040102005005,0.013267000205814838,0.27510207891464233,0.014236997812986374,0.1738889515399933,0.07100784033536911
345,34.57969665527344,0.0,0.0,0.3240480124950409,0.017134999856352806,0.3239254057407379,0.013544541783630848,0.17163313925266266,0.07040176540613174
346,34.6796989440918,0.0,0.0,0.29560598731040955,0.02056499943137169,0.3218291103839874,0.016079310327768326,0.16945411264896393,0.06978768110275269
347,34.77969741821289,0.0,0.0,0.25277701020240784,0.02441300079226494,0.2599744200706482,0.018734823912382126,0.16734495759010315,0.06917288899421692
348,34.87969970703125,0.0,0.0,0.2595829963684082,0.024010999128222466,0.24871215224266052,0.022461311891674995,0.1652992069721222,0.06856854259967804
349,34.979698181152344,0.0,0.0,0.2788499891757965,0.0251499991863966,0.2870003879070282,0.0196792371571064,0.16331440210342407,0.06797769665718079
350,35.07969665527344,0.0,0.0,0.27167099714279175,0.026473000645637512,0.28016018867492676,0.02492021955549717,0.16139140725135803,0.06739362329244614
351,35.1796989440918,0.0,0.0,0.24682800471782684,0.02963400073349476,0.25485706329345703,0.025076473131775856,0.159530907869339,0.0668080672621727
352,35.27969741821289,0.0,0.0,0.24168699979782104,0.02997099980711937,0.2375936210155487,0.029472343623638153,0.15773092210292816,0.0662195086479187
353,35.37969970703125,0.0,0.0,0.24970099329948425,0.026474999263882637,0.2507701516151428,0.02734692208468914,0.15598732233047485,0.06563326716423035
354,35.479698181152344,0.0,0.0,0.24511800706386566,0.026667000725865364,0.2530827224254608,0.023608440533280373,0.15429632365703583,0.06505490094423294
355,35.57969665527344,0.0,0.0,0.23736800253391266,0.03660599887371063,0.23576506972312927,0.028885822743177414,0.1526561975479126,0.064484603703022
356,35.6796989440918,0.0,0.0,0.24817399680614471,0.041682999581098557,0.23426449298858643,0.04171360656619072,0.15106680989265442,0.06391796469688416
357,35.77969741821289,0.0,0.0,0.2713190019130707,0.047426000237464905,0.2533707022666931,0.036546740680933,0.14952772855758667,0.063351109623909
358,35.87969970703125,0.0,0.0,0.2692210078239441,0.05514699965715408,0.26728910207748413,0.045888982713222504,0.14803719520568848,0.06278444826602936
359,35.979698181152344,0.0,0.0,0.26078298687934875,0.05811699852347374,0.24501991271972656,0.05326896905899048,0.14659251272678375,0.0622214749455452
360,36.07969665527344,0.0,0.0,0.253711998462677,0.05193300172686577,0.2496488392353058,0.05153241381049156,0.1451912820339203,0.06166476383805275
361,36.1796989440918,0.0,0.0,0.24755099415779114,0.05604499951004982,0.24750646948814392,0.04403747618198395,0.1438322514295578,0.061113614588975906
362,36.27969741821289,0.0,0.0,0.22209300100803375,0.05907899886369705,0.24196811020374298,0.06133733317255974,0.14251486957073212,0.060565367341041565
363,36.37969970703125,0.0,0.0,0.18377600610256195,0.05802299827337265,0.21239182353019714,0.056202344596385956,0.14123839139938354,0.06001843139529228
364,36.479698181152344,0.0,0.0,0.17371200025081635,0.05991100147366524,0.18507814407348633,0.053915418684482574,0.14000128209590912,0.05947370082139969
365,36.57969665527344,0.0,0.0,0.18249499797821045,0.06118899956345558,0.19862452149391174,0.06090308353304863,0.13880163431167603,0.05893329903483391
366,36.6796989440918,0.0,0.0,0.19833099842071533,0.06689400225877762,0.1978866308927536,0.058605171740055084,0.13763786852359772,0.0583982951939106
367,36.77969741821289,0.0,0.0,0.21887299418449402,0.07984299957752228,0.20207899808883667,0.06763357669115067,0.1365089863538742,0.057867877185344696
368,36.87969970703125,0.0,0.0,0.22072599828243256,0.08367300033569336,0.21438990533351898,0.08147263526916504,0.13541433215141296,0.057340554893016815
369,36.979698181152344,0.0,0.0,0.2101459950208664,0.08899000287055969,0.19992642104625702,0.07383651286363602,0.13435304164886475,0.056815821677446365
370,37.07969665527344,0.0,0.0,0.19419899582862854,0.09522199630737305,0.19388799369335175,0.08647281676530838,0.13332390785217285,0.05629453435540199
371,37.1796989440918,0.0,0.0,0.17467400431632996,0.09202300012111664,0.18588246405124664,0.09166615456342697,0.13232554495334625,0.0557778999209404
372,37.27969741821289,0.0,0.0,0.1515049934387207,0.08303000032901764,0.17287881672382355,0.08191155642271042,0.13135679066181183,0.05526626110076904
373,37.37969970703125,0.0,0.0,0.12741999328136444,0.08347299695014954,0.15580038726329803,0.07762594521045685,0.1304168403148651,0.05475897341966629
374,37.479698181152344,0.0,0.0,0.12403800338506699,0.08586999773979187,0.1368541121482849,0.08906546980142593,0.12950505316257477,0.054255254566669464
375,37.57969665527344,0.0,0.0,0.12585000693798065,0.09279800206422806,0.14473937451839447,0.08562564104795456,0.12862062454223633,0.053755052387714386
376,37.6796989440918,0.0,0.0,0.13558100163936615,0.10056900233030319,0.1343420296907425,0.0937812402844429,0.1277625411748886,0.053259022533893585
377,37.77969741821289,0.0,0.0,0.15058200061321259,0.112295001745224,0.1411772519350052,0.09772264212369919,0.12692978978157043,0.0527678020298481
378,37.87969970703125,0.0,0.0,0.14461399614810944,0.12399200350046158,0.14854823052883148,0.10991529375314713,0.12612152099609375,0.05228142440319061
379,37.979698181152344,0.0,0.0,0.12467899918556213,0.12795400619506836,0.12673266232013702,0.11786116659641266,0.12533704936504364,0.05179942771792412
380,38.07969665527344,0.0,0.0,0.13657400012016296,0.11929900199174881,0.11508794128894806,0.1164315789937973,0.12457576394081116,0.051321446895599365
381,38.1796989440918,0.0,0.0,0.169747993350029,0.11618000268936157,0.15038961172103882,0.10602723062038422,0.12383697926998138,0.05084758251905441
382,38.27969741821289,0.0,0.0,0.17883899807929993,0.11626700311899185,0.17021964490413666,0.11686155945062637,0.12311989814043045,0.050378285348415375
383,38.37969970703125,0.0,0.0,0.1718599945306778,0.10584600269794464,0.1548188328742981,0.11610838025808334,0.12242371588945389,0.04991386458277702
384,38.479698181152344,0.0,0.0,0.15580199658870697,0.10683000087738037,0.15507565438747406,0.0983673483133316,0.12174778431653976,0.049454234540462494
385,38.57969665527344,0.0,0.0,0.13746899366378784,0.11547700315713882,0.143140971660614,0.11517046391963959,0.1210915669798851,0.04899907484650612
386,38.6796989440918,0.0,0.0,0.11883699893951416,0.12188199907541275,0.1334417462348938,0.11911846697330475,0.12045449763536453,0.048548225313425064
387,38.77969741821289,0.0,0.0,0.10000599920749664,0.1343580037355423,0.12319318950176239,0.11707885563373566,0.11983594298362732,0.048101846128702164
388,38.87969970703125,0.0,0.0,0.09509500116109848,0.1408730000257492,0.10766560584306717,0.13388951122760773,0.1192353293299675,0.047660209238529205
389,38.979698181152344,0.0,0.0,0.09945700317621231,0.13458099961280823,0.1104595959186554,0.13008013367652893,0.11865203082561493,0.04722342640161514
390,39.07969665527344,0.0,0.0,0.11016000062227249,0.12082699686288834,0.10949629545211792,0.11977139860391617,0.11808549612760544,0.04679137095808983
391,39.1796989440918,0.0,0.0,0.12509199976921082,0.10928700119256973,0.1143622025847435,0.11229371279478073,0.11753527075052261,0.04636384919285774
392,39.27969741821289,0.0,0.0,0.12898600101470947,0.10336100310087204,0.12303246557712555,0.10967911034822464,0.11700092256069183,0.0459408201277256
393,39.37969970703125,0.0,0.0,0.1255279928445816,0.10050000250339508,0.11621327698230743,0.10790632665157318,0.1164819598197937,0.04552239552140236
394,39.479698181152344,0.0,0.0,0.11590900272130966,0.10963600128889084,0.11585287749767303,0.10411141067743301,0.11597778648138046,0.045108720660209656
395,39.57969665527344,0.0,0.0,0.10218200087547302,0.12600800395011902,0.10869818925857544,0.11776211112737656,0.1154879629611969,0.04469980299472809
396,39.6796989440918,0.0,0.0,0.09405100345611572,0.14203999936580658,0.099466472864151,0.1272137314081192,0.11501209437847137,0.044295534491539
397,39.77969741821289,0.0,0.0,0.08965100347995758,0.14761100709438324,0.09940940141677856,0.13497719168663025,0.11454979330301285,0.04389580711722374
398,39.87969970703125,0.0,0.0,0.10263299942016602,0.14081600308418274,0.09511938691139221,0.1324925422668457,0.1141006276011467,0.043500617146492004
399,39.979698181152344,0.0,0.0,0.11997199803590775,0.1272680014371872,0.11253327131271362,0.12531587481498718,0.11366421729326248,0.04311002790927887
400,40.07969665527344,0.0,0.0,0.14073699712753296,0.11030899733304977,0.1180432140827179,0.118266761302948,0.11324011534452438,0.04272408038377762
401,40.1796989440918,0.0,0.0,0.16378499567508698,0.09217999875545502,0.13338622450828552,0.1071266457438469,0.11282798647880554,0.04234274476766586
402,40.27969741821289,0.0,0.0,0.14006799459457397,0.09654500335454941,0.15133969485759735,0.09431406110525131,0.11242745071649551,0.041965942829847336
403,40.37969970703125,0.0,0.0,0.0851840004324913,0.11791999638080597,0.10478892922401428,0.11527138203382492,0.11203819513320923,0.04159361124038696
404,40.479698181152344,0.0,0.0,0.0731939971446991,0.1358480006456375,0.07145043462514877,0.12886518239974976,0.11165989935398102,0.041225746273994446
405,40.57969665527344,0.0,0.0,0.08986999839544296,0.13867400586605072,0.10398364067077637,0.12833304703235626,0.11129219830036163,0.040862370282411575
406,40.6796989440918,0.0,0.0,0.09478999674320221,0.15069900453090668,0.11047720164060593,0.1210012137889862,0.11093476414680481,0.040503475815057755
407,40.77969741821289,0.0,0.0,0.09187400341033936,0.1555500030517578,0.09233536571264267,0.14832903444766998,0.11058730632066727,0.04014902561903
408,40.87969970703125,0.0,0.0,0.08886300027370453,0.12304499745368958,0.09092563390731812,0.14164410531520844,0.11024954169988632,0.03979894518852234
409,40.979698181152344,0.0,0.0,0.08578799664974213,0.09560400247573853,0.08955131471157074,0.09317069500684738,0.10992119461297989,0.03945318982005119
410,41.07969665527344,0.0,0.0,0.0876929983496666,0.09623599797487259,0.08512876182794571,0.10085497796535492,0.10960196703672409,0.039111752063035965
411,41.1796989440918,0.0,0.0,0.09714999794960022,0.10329499840736389,0.09026969969272614,0.11760923266410828,0.10929160565137863,0.038774628192186356
412,41.27969741821289,0.0,0.0,0.09212499856948853,0.10798300057649612,0.10080008953809738,0.10842393338680267,0.10898981988430023,0.038441795855760574
413,41.37969970703125,0.0,0.0,0.08347000181674957,0.12341800332069397,0.08474761992692947,0.10646463185548782,0.10869637876749039,0.03811320289969444
414,41.479698181152344,0.0,0.0,0.08531100302934647,0.14924399554729462,0.08144989609718323,0.12712858617305756,0.10841106623411179,0.03778878599405289
415,41.57969665527344,0.0,0.0,0.09415599703788757,0.1568550020456314,0.08883095532655716,0.14749108254909515,0.10813363641500473,0.03746851161122322
416,41.6796989440918,0.0,0.0,0.09489399939775467,0.13452400267124176,0.0953928530216217,0.13429556787014008,0.10786380618810654,0.03715236485004425
417,41.77969741821289,0.0,0.0,0.09022700041532516,0.10179200023412704,0.09010159969329834,0.10741499066352844,0.10760138928890228,0.03684031218290329
418,41.87969970703125,0.0,0.0,0.08375299721956253,0.08354400098323822,0.08765044063329697,0.09320791810750961,0.10734619945287704,0.036532316356897354
419,41.979698181152344,0.0,0.0,0.07607600092887878,0.09305000305175781,0.08341459184885025,0.09612725675106049,0.10709802806377411,0.03622833266854286
420,42.07969665527344,0.0,0.0,0.06442099809646606,0.10006999969482422,0.07780361920595169,0.11499951779842377,0.10685662180185318,0.03592832013964653
421,42.1796989440918,0.0,0.0,0.050106000155210495,0.11126799881458282,0.06907960027456284,0.09899001568555832,0.10662183165550232,0.03563224896788597
422,42.27969741821289,0.0,0.0,0.05897599831223488,0.14258499443531036,0.05663944035768509,0.11153291165828705,0.10639345645904541,0.0353400744497776
423,42.37969970703125,0.0,0.0,0.0832820013165474,0.1695919930934906,0.07409196346998215,0.1477189064025879,0.10617129504680634,0.03505175933241844
424,42.479698181152344,0.0,0.0,0.09735000133514404,0.15301500260829926,0.08844488114118576,0.1532275676727295,0.10595519840717316,0.03476725518703461
425,42.57969665527344,0.0,0.0,0.10458999872207642,0.10538200289011002,0.08805079758167267,0.11280801892280579,0.10574501007795334,0.034486524760723114
426,42.6796989440918,0.0,0.0,0.0927020013332367,0.09802799671888351,0.09562289714813232,0.08111006021499634,0.10554052144289017,0.034209541976451874
427,42.77969741821289,0.0,0.0,0.07601399719715118,0.10701300203800201,0.0752348005771637,0.12675687670707703,0.10534156858921051,0.0339362658560276
428,42.87969970703125,0.0,0.0,0.0765250027179718,0.09067399799823761,0.0726514682173729,0.11872504651546478,0.10514802485704422,0.03366665169596672
429,42.979698181152344,0.0,0.0,0.08849900215864182,0.08759299665689468,0.09106624871492386,0.07634783536195755,0.10495973378419876,0.03340064734220505
430,43.07969665527344,0.0,0.0,0.08018799871206284,0.13394400477409363,0.09662700444459915,0.10010341554880142,0.1047765389084816,0.0331382118165493
431,43.1796989440918,0.0,0.0,0.058295998722314835,0.16686899960041046,0.06812216341495514,0.16184218227863312,0.10459830611944199,0.032879315316677094
432,43.27969741821289,0.0,0.0,0.065249003469944,0.14970099925994873,0.055424828082323074,0.14498160779476166,0.10442490130662918,0.03262392804026604
433,43.37969970703125,0.0,0.0,0.09151200205087662,0.1130409985780716,0.0847429484128952,0.10588118433952332,0.10425615310668945,0.03237200900912285
434,43.479698181152344,0.0,0.0,0.09604600071907043,0.08713000267744064,0.09905552864074707,0.09485405683517456,0.10409198701381683,0.03212350606918335
435,43.57969665527344,0.0,0.0,0.08612100034952164,0.0876230001449585,0.08074532449245453,0.09369055181741714,0.10393224656581879,0.03187837079167366
436,43.6796989440918,0.0,0.0,0.07577300071716309,0.09789499640464783,0.0774664357304573,0.10872796177864075,0.10377680510282516,0.0316365584731102
437,43.77969741821289,0.0,0.0,0.06514199823141098,0.09397199749946594,0.07624386250972748,0.10746774822473526,0.10362554341554642,0.031398046761751175
438,43.87969970703125,0.0,0.0,0.0744049996137619,0.10487999767065048,0.06871074438095093,0.08522255718708038,0.10347834974527359,0.031162813305854797
439,43.979698181152344,0.0,0.0,0.08866500109434128,0.13766099512577057,0.08725980669260025,0.11264020949602127,0.10333514958620071,0.030930813401937485
440,44.07969665527344,0.0,0.0,0.07651200145483017,0.15139999985694885,0.08845508098602295,0.14391829073429108,0.10319578647613525,0.030701981857419014
441,44.1796989440918,0.0,0.0,0.057728998363018036,0.12107300013303757,0.06252259016036987,0.12723779678344727,0.10306015610694885,0.030476273968815804
442,44.27969741821289,0.0,0.0,0.08085200190544128,0.07501299679279327,0.06011177599430084,0.0843479186296463,0.10292817652225494,0.030253669247031212
443,44.37969970703125,0.0,0.0,0.13194899260997772,0.0659170001745224,0.10377995669841766,0.06456147879362106,0.10279973596334457,0.030034134164452553
444,44.479698181152344,0.0,0.0,0.12441500276327133,0.09343600273132324,0.13472262024879456,0.09575644880533218,0.10267476737499237,0.02981763519346714
445,44.57969665527344,0.0,0.0,0.07776100188493729,0.09283299744129181,0.08331922441720963,0.12070204317569733,0.10255313664674759,0.029604123905301094
446,44.6796989440918,0.0,0.0,0.08504299819469452,0.08673200011253357,0.0600803941488266,0.07481539249420166,0.10243476927280426,0.029393557459115982
447,44.77969741821289,0.0,0.0,0.12830300629138947,0.11761700361967087,0.11419092863798141,0.08418518304824829,0.10231959074735641,0.02918589860200882
448,44.87969970703125,0.0,0.0,0.11816799640655518,0.14531299471855164,0.13581326603889465,0.13729529082775116,0.10220751166343689,0.02898111753165722
449,44.979698181152344,0.0,0.0,0.07245200127363205,0.11606600135564804,0.08609786629676819,0.13152888417243958,0.10209842771291733,0.028779178857803345
450,45.07969665527344,0.0,0.0,0.07875899970531464,0.06621100008487701,0.06331010907888412,0.07051210105419159,0.10199224948883057,0.028580043464899063
451,45.1796989440918,0.0,0.0,0.1198040023446083,0.0608769990503788,0.11130036413669586,0.053778260946273804,0.10188890993595123,0.028383677825331688
452,45.27969741821289,0.0,0.0,0.1228260025382042,0.08618199825286865,0.13036201894283295,0.09553666412830353,0.10178837180137634,0.028190039098262787
453,45.37969970703125,0.0,0.0,0.10046699643135071,0.09277600049972534,0.09779462218284607,0.10818422585725784,0.10169055312871933,0.02799908258020878
454,45.479698181152344,0.0,0.0,0.07933899760246277,0.08949899673461914,0.08988252282142639,0.08063279092311859,0.10159534960985184,0.02781078778207302
455,45.57969665527344,0.0,0.0,0.059032998979091644,0.1110830008983612,0.08175677806138992,0.08258676528930664,0.1015026792883873,0.027625123038887978
456,45.6796989440918,0.0,0.0,0.06750500202178955,0.12651300430297852,0.0622747465968132,0.12188360840082169,0.10141249746084213,0.02744205854833126
457,45.77969741821289,0.0,0.0,0.09515699744224548,0.10900899767875671,0.08986914157867432,0.1114274263381958,0.10132472962141037,0.027261551469564438
458,45.87969970703125,0.0,0.0,0.1031780019402504,0.08184000104665756,0.10826041549444199,0.07953542470932007,0.10123933851718903,0.027083557099103928
459,45.979698181152344,0.0,0.0,0.09808699786663055,0.06355699896812439,0.09013869613409042,0.07430601119995117,0.10115624964237213,0.026908043771982193
460,46.07969665527344,0.0,0.0,0.10401999950408936,0.06887499988079071,0.08796484023332596,0.07219883799552917,0.10107540339231491,0.0267349760979414
461,46.1796989440918,0.0,0.0,0.11732400208711624,0.07556100189685822,0.10384318232536316,0.08923126757144928,0.1009967252612114,0.0265643447637558
462,46.27969741821289,0.0,0.0,0.11430700123310089,0.08424899727106094,0.11416690051555634,0.07953158020973206,0.10092013329267502,0.02639610879123211
463,46.37969970703125,0.0,0.0,0.10042200237512589,0.10132399946451187,0.10115879774093628,0.08566944301128387,0.10084560513496399,0.026230232790112495
464,46.479698181152344,0.0,0.0,0.09619300067424774,0.1063150018453598,0.0935124084353447,0.10269633680582047,0.10077310353517532,0.026066673919558525
465,46.57969665527344,0.0,0.0,0.09840100258588791,0.09199699759483337,0.10194263607263565,0.09068815410137177,0.10070258378982544,0.02590540237724781
466,46.6796989440918,0.0,0.0,0.11913300305604935,0.06844999641180038,0.1027144342660904,0.07379919290542603,0.10063396394252777,0.025746388360857964
467,46.77969741821289,0.0,0.0,0.14451199769973755,0.041776999831199646,0.12750065326690674,0.06164705753326416,0.10056716948747635,0.025589613243937492
468,46.87969970703125,0.08995600044727325,0.0,0.12427199631929398,0.04198800027370453,0.1398274451494217,0.04430176690220833,0.10050217062234879,0.025435050949454308
469,46.979698181152344,0.12496600300073624,0.0,0.09258399903774261,0.0643640011548996,0.09296976029872894,0.07024478167295456,0.09984202682971954,0.027630211785435677
470,47.07969665527344,0.1424800008535385,0.0,0.0941699966788292,0.07509200274944305,0.08938527852296829,0.08602491766214371,0.10214300453662872,0.03215412795543671
471,47.1796989440918,0.16247299313545227,0.0,0.11794599890708923,0.07487200200557709,0.11534517258405685,0.07101381570100784,0.10724233090877533,0.03785717114806175
472,47.27969741821289,0.1749899983406067,0.0,0.14369499683380127,0.08776099979877472,0.1326291412115097,0.0709705799818039,0.11265822499990463,0.042922575026750565
473,47.37969970703125,0.17999500036239624,0.0,0.17075900733470917,0.08808500319719315,0.15007969737052917,0.09860943257808685,0.11796378344297409,0.04665842279791832
474,47.479698181152344,0.18249699473381042,0.0,0.20625899732112885,0.08897200226783752,0.18108941614627838,0.08258823305368423,0.12286157160997391,0.050435081124305725
475,47.57969665527344,0.18499599397182465,0.0,0.24388499557971954,0.08286599814891815,0.22016941010951996,0.09719438850879669,0.12786783277988434,0.055445268750190735
476,47.6796989440918,0.19499599933624268,0.0,0.30619901418685913,0.06979399919509888,0.2584105432033539,0.08934955298900604,0.13353779911994934,0.061354052275419235
477,47.77969741821289,0.19999699294567108,0.0,0.38498300313949585,0.08185499906539917,0.3388977348804474,0.07946398854255676,0.14015822112560272,0.06691238284111023
478,47.87969970703125,0.20249800384044647,0.0,0.46281298995018005,0.1311340034008026,0.4217921793460846,0.11187873780727386,0.14837688207626343,0.07136887311935425
479,47.979698181152344,0.2049970030784607,0.0,0.540008008480072,0.1671459972858429,0.49652788043022156,0.1619020700454712,0.1530376672744751,0.07477996498346329
480,48.07969665527344,0.20999599993228912,0.0,0.6118230223655701,0.15241600573062897,0.5813026428222656,0.1682264506816864,0.15382646024227142,0.07799504697322845
481,48.1796989440918,0.2124979943037033,0.0,0.6822819709777832,0.13748599588871002,0.6529350280761719,0.1332472562789917,0.1540607511997223,0.08171754330396652
482,48.27969741821289,0.21250000596046448,0.0,0.7655760049819946,0.14707200229167938,0.7202486991882324,0.13528484106063843,0.15588051080703735,0.0854305699467659
483,48.37969970703125,0.21250000596046448,0.0,0.8574140071868896,0.159403994679451,0.8069892525672913,0.1554417461156845,0.1588044911623001,0.08846145123243332
484,48.479698181152344,0.21000300347805023,0.0,0.939145028591156,0.14111900329589844,0.8945568203926086,0.16086354851722717,0.1616581678390503,0.09092489629983902
485,48.57969665527344,0.2050040066242218,0.0,1.0141550302505493,0.14291700720787048,0.9653109908103943,0.12873093783855438,0.164010152220726,0.09345363080501556
486,48.6796989440918,0.2025029957294464,0.0,1.037660002708435,0.1483609974384308,1.0362229347229004,0.14416010677814484,0.16590434312820435,0.09644080698490143
487,48.77969741821289,0.20250000059604645,0.0,1.0482560396194458,0.15460999310016632,1.0373691320419312,0.14428727328777313,0.1670374870300293,0.09965947270393372
488,48.87969970703125,0.20000199973583221,0.0,1.074120044708252,0.17178499698638916,1.0606153011322021,0.14760537445545197,0.16778038442134857,0.10260672867298126
489,48.979698181152344,0.20000000298023224,0.0,1.1038119792938232,0.1540919989347458,1.086836576461792,0.16374798119068146,0.16617639362812042,0.10444463789463043
490,49.07969665527344,0.20000000298023224,0.0,1.126662015914917,0.11823400110006332,1.1082860231399536,0.1285373419523239,0.16314813494682312,0.1057887002825737
491,49.1796989440918,0.20000000298023224,0.0,1.1477899551391602,0.11673499643802643,1.1231622695922852,0.09502219408750534,0.16058649122714996,0.10776232182979584
492,49.27969741821289,0.1950020045042038,0.0,1.1579350233078003,0.11038199812173843,1.1455230712890625,0.11272180080413818,0.15906772017478943,0.1106097623705864
493,49.37969970703125,0.19499999284744263,0.0,1.1607530117034912,0.11442100256681442,1.1533780097961426,0.0989098846912384,0.15782171487808228,0.11348330974578857
494,49.479698181152344,0.19499999284744263,0.0,1.176192045211792,0.12000799924135208,1.1566128730773926,0.10721993446350098,0.1560172736644745,0.11584839969873428
495,49.57969665527344,0.19499999284744263,0.0,1.1947929859161377,0.0842989981174469,1.180635690689087,0.11030900478363037,0.15399529039859772,0.11773797124624252
496,49.6796989440918,0.19499999284744263,0.0,1.1967990398406982,0.07411500066518784,1.1964380741119385,0.06169462203979492,0.1520196944475174,0.11961901932954788
497,49.77969741821289,0.19499999284744263,0.0,1.187770962715149,0.08034700155258179,1.1876267194747925,0.07164318859577179,0.15016011893749237,0.12188410758972168
498,49.87969970703125,0.19499999284744263,0.0,1.1915580034255981,0.09181299805641174,1.1822510957717896,0.0792863667011261,0.1481018215417862,0.1245163157582283
499,49.979698181152344,0.19499999284744263,0.0,1.19855797290802,0.07888799905776978,1.1970622539520264,0.08813074231147766,0.14584936201572418,0.12704820930957794
500,50.07969665527344,0.1925020068883896,0.0,1.210157036781311,0.0834520012140274,1.200958013534546,0.06551292538642883,0.14368394017219543,0.12916888296604156
501,50.1796989440918,0.19249999523162842,0.0,1.2248259782791138,0.11476500332355499,1.2102380990982056,0.08061575889587402,0.1416970193386078,0.13104504346847534
502,50.27969741821289,0.19249999523162842,0.0,1.2080390453338623,0.12282499670982361,1.222692608833313,0.11458982527256012,0.13965347409248352,0.13314476609230042
503,50.37969970703125,0.19249999523162842,0.0,1.1702860593795776,0.11489000171422958,1.190579891204834,0.10662243515253067,0.13736648857593536,0.13549372553825378
504,50.479698181152344,0.19249999523162842,0.0,1.1991159915924072,0.10388299822807312,1.1540440320968628,0.0967993214726448,0.1349371373653412,0.13780798017978668
505,50.57969665527344,0.19249999523162842,0.0,1.2446589469909668,0.07999899983406067,1.2222145795822144,0.08932706713676453,0.13248565793037415,0.1398622691631317
506,50.6796989440918,0.19249999523162842,0.0,1.2537239789962769,0.08038599789142609,1.2511553764343262,0.06526630371809006,0.1298406720161438,0.1417255699634552
507,50.77969741821289,0.19249999523162842,0.0,1.2384439706802368,0.07378900051116943,1.2371970415115356,0.07846363633871078,0.12702754139900208,0.14358609914779663
508,50.87969970703125,0.19249999523162842,0.0,1.2411390542984009,0.04751399904489517,1.227607011795044,0.06587497889995575,0.12420153617858887,0.14555160701274872
509,50.979698181152344,0.19249999523162842,0.0,1.2483320236206055,0.045472998172044754,1.2500680685043335,0.037670381367206573,0.12134683132171631,0.14754608273506165
510,51.07969665527344,0.19249999523162842,0.0,1.2351360321044922,0.04312799870967865,1.2515106201171875,0.04946355149149895,0.1184508204460144,0.14944717288017273
511,51.1796989440918,0.19249999523162842,0.0,1.2082860469818115,0.06103400141000748,1.2277470827102661,0.041629988700151443,0.11545723676681519,0.15119533240795135
512,51.27969741821289,0.19249999523162842,0.0,1.2154059410095215,0.08091100305318832,1.2013808488845825,0.06476634740829468,0.11240704357624054,0.1528630405664444
513,51.37969970703125,0.19000299274921417,0.0,1.2310919761657715,0.10840199887752533,1.230614423751831,0.07866507768630981,0.10918112844228745,0.15451742708683014
514,51.479698181152344,0.1899999976158142,0.0,1.2395809888839722,0.11055800318717957,1.234123706817627,0.10366556793451309,0.10577785968780518,0.15617790818214417
515,51.57969665527344,0.1899999976158142,0.0,1.2462619543075562,0.09551600366830826,1.2349210977554321,0.09317067265510559,0.10225371271371841,0.1579083800315857
516,51.6796989440918,0.1899999976158142,0.0,1.2795569896697998,0.07348199933767319,1.2419233322143555,0.07832936197519302,0.09887838363647461,0.1595955640077591
517,51.77969741821289,0.1899999976158142,0.0,1.3195379972457886,0.051375001668930054,1.2890241146087646,0.06168374419212341,0.09563084691762924,0.1611221879720688
518,51.87969970703125,0.1850070059299469,0.0,1.280985951423645,0.03908099979162216,1.3231648206710815,0.045263126492500305,0.09234640747308731,0.16251084208488464
519,51.979698181152344,0.1850000023841858,0.0,1.2227710485458374,0.02822900004684925,1.246730089187622,0.03828561678528786,0.08868778496980667,0.16389405727386475
520,52.07969665527344,0.1850000023841858,0.0,1.211164951324463,0.05964300036430359,1.2116367816925049,0.027191288769245148,0.08465989679098129,0.16551071405410767
521,52.1796989440918,0.1850000023841858,0.0,1.2112770080566406,0.06265000253915787,1.2289049625396729,0.07090932130813599,0.0808287188410759,0.16713304817676544
522,52.27969741821289,0.1850000023841858,0.0,1.2062089443206787,0.08693800121545792,1.2174745798110962,0.05252324044704437,0.07731790840625763,0.16848066449165344
523,52.37969970703125,0.1850000023841858,0.0,1.1998440027236938,0.07680100202560425,1.2012385129928589,0.085954949259758,0.07388542592525482,0.16956199705600739
524,52.479698181152344,0.1850000023841858,0.0,1.2025630474090576,0.03862199932336807,1.1985753774642944,0.05946017801761627,0.06999482959508896,0.17062988877296448
525,52.57969665527344,0.1850000023841858,0.0,1.2075550556182861,0.030700000002980232,1.2062573432922363,0.023479383438825607,0.06580977141857147,0.17181259393692017
526,52.6796989440918,0.1850000023841858,0.0,1.2048749923706055,0.009108999744057655,1.2089799642562866,0.03633544594049454,0.06170447915792465,0.1730078160762787
527,52.77969741821289,0.1850000023841858,0.0,1.2002719640731812,0.0564970001578331,1.2051112651824951,0.006357764825224876,0.057816069573163986,0.17404088377952576
528,52.87969970703125,0.1850000023841858,0.0,1.203827977180481,0.0774179995059967,1.2000850439071655,0.07848891615867615,0.054038502275943756,0.1748599410057068
529,52.979698181152344,0.1850000023841858,0.0,1.209436058998108,0.06412100046873093,1.2105525732040405,0.071294866502285,0.050045259296894073,0.17550940811634064
530,53.07969665527344,0.1850000023841858,0.0,1.234362006187439,0.02659199945628643,1.2121984958648682,0.05012916401028633,0.04589719697833061,0.17612513899803162
531,53.1796989440918,0.1850000023841858,0.0,1.27218496799469,0.016088999807834625,1.245161771774292,0.015380737371742725,0.04178403317928314,0.17677123844623566
532,53.27969741821289,0.1850000023841858,0.0,1.2570290565490723,0.024396000429987907,1.280590295791626,0.02303568460047245,0.03778328001499176,0.17737384140491486
533,53.37969970703125,0.1850000023841858,0.0,1.2285350561141968,0.03526899963617325,1.2359747886657715,0.03287065029144287,0.03385914862155914,0.17782069742679596
534,53.479698181152344,0.1850000023841858,0.0,1.207716941833496,0.04339800029993057,1.22369384765625,0.03920218348503113,0.02984234318137169,0.17807497084140778
535,53.57969665527344,0.1850000023841858,0.0,1.1888229846954346,0.057371001690626144,1.2117249965667725,0.04404230788350105,0.025778861716389656,0.17821721732616425
536,53.6796989440918,0.1850000023841858,0.0,1.1908040046691895,0.08520100265741348,1.1890732049942017,0.05747850239276886,0.021769290789961815,0.17833061516284943
537,53.77969741821289,0.1850000023841858,0.0,1.1980069875717163,0.13668599724769592,1.1987625360488892,0.08431803435087204,0.01784345507621765,0.17840728163719177
538,53.87969970703125,0.1850000023841858,0.0,1.2112410068511963,0.1632869988679886,1.1976267099380493,0.1347392350435257,0.013978261500597,0.1783776879310608
539,53.979698181152344,0.1850000023841858,0.0,1.2259880304336548,0.1399179995059967,1.2113817930221558,0.143005833029747,0.009888948872685432,0.1781696379184723
540,54.07969665527344,0.1850000023841858,0.0,1.236456036567688,0.08136799931526184,1.2216321229934692,0.1075332909822464,0.005729844328016043,0.17781677842140198
541,54.1796989440918,0.1850000023841858,0.0,1.2458499670028687,0.05054299905896187,1.2285147905349731,0.0540262795984745,0.0017306637018918991,0.17739179730415344
542,54.27969741821289,0.1850000023841858,0.0,1.253909945487976,0.02911500073969364,1.2417460680007935,0.0475902296602726,-0.0020802156068384647,0.17691347002983093
543,54.37969970703125,0.1850000023841858,0.0,1.2616360187530518,0.011868000030517578,1.2564284801483154,0.028484325855970383,-0.005809016525745392,0.1763439178466797
544,54.479698181152344,0.1850000023841858,0.0,1.2472079992294312,0.05605600029230118,1.2681341171264648,0.012903782539069653,-0.009516182355582714,0.17565159499645233
545,54.57969665527344,0.1850000023841858,0.0,1.2272080183029175,0.09226199984550476,1.240276575088501,0.07503877580165863,-0.013192575424909592,0.17484977841377258
546,54.6796989440918,0.1850000023841858,0.0,1.2211840152740479,0.10576800256967545,1.2249723672866821,0.08999957889318466,-0.016808651387691498,0.17396999895572662
547,54.77969741821289,0.1850000023841858,0.0,1.2186650037765503,0.09104999899864197,1.2259455919265747,0.09257884323596954,-0.020341863855719566,0.17302165925502777
548,54.87969970703125,0.1850000023841858,0.0,1.2001800537109375,0.08570200204849243,1.2180284261703491,0.0720997229218483,-0.02378031797707081,0.17198991775512695
549,54.979698181152344,0.1850000023841858,0.0,1.1776829957962036,0.08303499966859818,1.189043402671814,0.07624431699514389,-0.027124566957354546,0.17086313664913177
550,55.07969665527344,0.1850000023841858,0.0,1.1776880025863647,0.05398799851536751,1.1730588674545288,0.07444031536579132,-0.030383514240384102,0.16964927315711975
551,55.1796989440918,0.1850000023841858,0.0,1.1927000284194946,0.035950999706983566,1.1885123252868652,0.03929624706506729,-0.03356379643082619,0.16836608946323395
552,55.27969741821289,0.1850000023841858,0.0,1.2143919467926025,0.007833000272512436,1.2023169994354248,0.03466380760073662,-0.0366627536714077,0.16702377796173096
553,55.37969970703125,0.1850000023841858,0.0,1.2405400276184082,0.013829999603331089,1.2235478162765503,0.004687311127781868,-0.039671704173088074,0.1656208038330078
554,55.479698181152344,0.1850000023841858,0.0,1.2289979457855225,0.022207999601960182,1.2481775283813477,0.026886355131864548,-0.04258374869823456,0.1641530990600586
555,55.57969665527344,0.1850000023841858,0.0,1.1922860145568848,0.023460999131202698,1.217315912246704,0.028319355100393295,-0.045397937297821045,0.1626233607530594
556,55.6796989440918,0.1850000023841858,0.0,1.2101080417633057,0.03474999964237213,1.1829208135604858,0.025458119809627533,-0.048117101192474365,0.16104115545749664
557,55.77969741821289,0.1850000023841858,0.0,1.2416030168533325,0.054398998618125916,1.2368751764297485,0.040296658873558044,-0.05074344202876091,0.1594163328409195
558,55.87969970703125,0.1850000023841858,0.0,1.2600489854812622,0.07054699957370758,1.2514684200286865,0.057454854249954224,-0.053276460617780685,0.15775413811206818
559,55.979698181152344,0.1850000023841858,0.0,1.275217056274414,0.07658500224351883,1.2569453716278076,0.06730551272630692,-0.05571411922574043,0.15605612099170685
560,56.07969665527344,0.1850000023841858,0.0,1.2633429765701294,0.06501299887895584,1.274833083152771,0.06932409852743149,-0.05805516988039017,0.1543244868516922
561,56.1796989440918,0.1850000023841858,0.0,1.2446589469909668,0.048006001859903336,1.2513846158981323,0.05513409525156021,-0.060300204902887344,0.1525644063949585
562,56.27969741821289,0.1850000023841858,0.0,1.2219480276107788,0.039962999522686005,1.2403165102005005,0.041704047471284866,-0.06245110183954239,0.15078282356262207
563,56.37969970703125,0.1850000023841858,0.0,1.198225975036621,0.03522700071334839,1.2192481756210327,0.039214134216308594,-0.06450948119163513,0.14898577332496643
564,56.479698181152344,0.1850000023841858,0.0,1.215917944908142,0.038697998970746994,1.198273777961731,0.034565214067697525,-0.06647636741399765,0.1471773236989975
565,56.57969665527344,0.1850000023841858,0.0,1.2439830303192139,0.05393199995160103,1.2369502782821655,0.04034387320280075,-0.0683525800704956,0.1453605443239212
566,56.6796989440918,0.1850000023841858,0.0,1.2565449476242065,0.05178099870681763,1.2526053190231323,0.05673575401306152,-0.07013941556215286,0.14353904128074646
567,56.77969741821289,0.1850000023841858,0.0,1.2587920427322388,0.031874001026153564,1.2535016536712646,0.04551937058568001,-0.07183879613876343,0.14171728491783142
568,56.87969970703125,0.1850000023841858,0.0,1.2637829780578613,0.030417000874876976,1.2567602396011353,0.025252841413021088,-0.07345297187566757,0.1398998349905014
569,56.979698181152344,0.1850000023841858,0.0,1.269461989402771,0.05244399979710579,1.2663084268569946,0.035604819655418396,-0.07498405873775482,0.13809050619602203
570,57.07969665527344,0.1850000023841858,0.0,1.236122965812683,0.0692799985408783,1.2708574533462524,0.05968679115176201,-0.07643412053585052,0.13629238307476044
571,57.1796989440918,0.1850000023841858,0.0,1.1929559707641602,0.0683170035481453,1.2189109325408936,0.06648693978786469,-0.07780531048774719,0.13450825214385986
572,57.27969741821289,0.1850000023841858,0.0,1.2117810249328613,0.0689689964056015,1.1864361763000488,0.05859018862247467,-0.07910001277923584,0.13274097442626953
573,57.37969970703125,0.1850000023841858,0.0,1.2461340427398682,0.05115000158548355,1.2378515005111694,0.063046395778656,-0.08032073080539703,0.13099342584609985
574,57.479698181152344,0.1850000023841858,0.0,1.2268359661102295,0.05232299864292145,1.2558714151382446,0.04041541367769241,-0.08146999031305313,0.12926824390888214
575,57.57969665527344,0.1850000023841858,0.0,1.1718699932098389,0.04422000050544739,1.203669548034668,0.05298915132880211,-0.0825502872467041,0.12756766378879547
576,57.6796989440918,0.1850000023841858,0.0,1.198876976966858,0.04190399870276451,1.155349850654602,0.0390886552631855,-0.08356422930955887,0.12589357793331146
577,57.77969741821289,0.1850000023841858,0.0,1.2464690208435059,0.034742001444101334,1.2372585535049438,0.04267105460166931,-0.084514319896698,0.12424764782190323
578,57.87969970703125,0.1850000023841858,0.0,1.233469009399414,0.04478200152516365,1.2621705532073975,0.03358175978064537,-0.08540311455726624,0.12263144552707672
579,57.979698181152344,0.1850000023841858,0.0,1.2052439451217651,0.0547339990735054,1.2093292474746704,0.048926547169685364,-0.08623317629098892,0.12104640901088715
580,58.07969665527344,0.1850000023841858,0.0,1.1981769800186157,0.0618630014359951,1.1986912488937378,0.05394444242119789,-0.0870070606470108,0.1194937452673912
581,58.1796989440918,0.1850000023841858,0.0,1.19645094871521,0.06022699922323227,1.2081108093261719,0.05970689654350281,-0.08772730082273483,0.1179744079709053
582,58.27969741821289,0.1850000023841858,0.0,1.2058570384979248,0.06066900119185448,1.2002791166305542,0.05460047721862793,-0.08839630335569382,0.11648915708065033
583,58.37969970703125,0.1850000023841858,0.0,1.2180579900741577,0.053063999861478806,1.2119415998458862,0.05655115842819214,-0.08901648968458176,0.11503861099481583
584,58.479698181152344,0.18999400734901428,0.0,1.2215349674224854,0.05373299866914749,1.2217001914978027,0.04697441682219505,-0.08959025889635086,0.11362326890230179
585,58.57969665527344,0.1850070059299469,-0.10235899686813354,1.2228269577026367,0.05716300010681152,1.2199457883834839,0.053725190460681915,-0.09004529565572739,0.11224395781755447
586,58.6796989440918,0.18999800086021423,-0.26243799924850464,1.2278939485549927,0.0412600003182888,1.2279597520828247,0.024573102593421936,-0.08630169928073883,0.11330318450927734
587,58.77969741821289,0.1899999976158142,-0.35992300510406494,1.2339099645614624,0.001955999992787838,1.2382359504699707,-0.03549696132540703,-0.07463350147008896,0.1228555291891098
588,58.87969970703125,0.1899999976158142,-0.3624979853630066,1.2277699708938599,-0.052939001470804214,1.2419345378875732,-0.07763397693634033,-0.06376124173402786,0.13935181498527527
589,58.979698181152344,0.1899999976158142,-0.36749300360679626,1.2185859680175781,-0.1008559986948967,1.2248525619506836,-0.10601707547903061,-0.0665663480758667,0.15161888301372528
590,59.07969665527344,0.1899999976158142,-0.3625049889087677,1.2172000408172607,-0.1222430020570755,1.2163246870040894,-0.1335827112197876,-0.07578496634960175,0.15476039052009583
591,59.1796989440918,0.1899999976158142,-0.36250001192092896,1.2210170030593872,-0.1504729986190796,1.220517873764038,-0.14209166169166565,-0.08394510298967361,0.15342433750629425
592,59.27969741821289,0.1899999976158142,-0.36250001192092896,1.2402839660644531,-0.17979900538921356,1.2261407375335693,-0.17961463332176208,-0.09252666682004929,0.1547095626592636
593,59.37969970703125,0.1899999976158142,-0.36250001192092896,1.2634299993515015,-0.19836199283599854,1.2506389617919922,-0.20580042898654938,-0.10386696457862854,0.16011837124824524
594,59.479698181152344,0.1899999976158142,-0.36250001192092896,1.2779890298843384,-0.20822599530220032,1.2682934999465942,-0.21629971265792847,-0.11680551618337631,0.16645577549934387
595,59.57969665527344,0.1899999976158142,-0.36250001192092896,1.2903920412063599,-0.20423300564289093,1.2752012014389038,-0.22244791686534882,-0.1293022334575653,0.17025373876094818
596,59.6796989440918,0.1899999976158142,-0.3600029945373535,1.2833139896392822,-0.20812200009822845,1.2870122194290161,-0.2123960554599762,-0.14335010945796967,0.1713472604751587
597,59.77969741821289,0.1899999976158142,-0.3375299870967865,1.2632709741592407,-0.19755800068378448,1.272475004196167,-0.2170037180185318,-0.16058431565761566,0.1706380844116211
598,59.87969970703125,0.1899999976158142,-0.32750898599624634,1.2529250383377075,-0.1884869933128357,1.2521525621414185,-0.19330690801143646,-0.1801615059375763,0.16852428019046783
599,59.979698181152344,0.1899999976158142,-0.3250040113925934,1.245007038116455,-0.19063900411128998,1.2529332637786865,-0.18801429867744446,-0.19800905883312225,0.1659383475780487
600,60.07969665527344,0.1899999976158142,-0.32499998807907104,1.2396010160446167,-0.19037100672721863,1.244497299194336,-0.1954018920660019,-0.2116750031709671,0.16325649619102478
601,60.1796989440918,0.19249700009822845,-0.3274970054626465,1.2348270416259766,-0.19369100034236908,1.2390813827514648,-0.19298724830150604,-0.22273780405521393,0.1601344496011734
602,60.27969741821289,0.19249999523162842,-0.32749998569488525,1.2373290061950684,-0.19847799837589264,1.2345255613327026,-0.19808174669742584,-0.23347413539886475,0.15643763542175293
603,60.37969970703125,0.19249999523162842,-0.32749998569488525,1.2416499853134155,-0.18429799377918243,1.2411051988601685,-0.20159563422203064,-0.24389249086380005,0.1522573083639145
604,60.479698181152344,0.19249999523162842,-0.32749998569488525,1.2703570127487183,-0.17697900533676147,1.2424588203430176,-0.18203334510326385,-0.2537735402584076,0.14798618853092194
605,60.57969665527344,0.19249999523162842,-0.3599810004234314,1.3051669597625732,-0.19025999307632446,1.283433198928833,-0.18271119892597198,-0.2629508376121521,0.14369189739227295
606,60.6796989440918,0.19249999523162842,-0.40995699167251587,1.270076036453247,-0.20512700080871582,1.3134838342666626,-0.2087031602859497,-0.26929810643196106,0.13935326039791107
607,60.77969741821289,0.19249999523162842,-0.4099999964237213,1.2173880338668823,-0.21656100451946259,1.2397525310516357,-0.22729137539863586,-0.2712673246860504,0.13525991141796112
608,60.87969970703125,0.19249999523162842,-0.4099999964237213,1.223757028579712,-0.22835500538349152,1.201697587966919,-0.22842350602149963,-0.2751634418964386,0.13149449229240417
609,60.979698181152344,0.19249999523162842,-0.4099999964237213,1.2449400424957275,-0.23365800082683563,1.2437176704406738,-0.23535454273223877,-0.2832297682762146,0.12806358933448792
610,61.07969665527344,0.19249999523162842,-0.4099999964237213,1.2260349988937378,-0.23503200709819794,1.2511279582977295,-0.23773716390132904,-0.29184359312057495,0.124547079205513
611,61.1796989440918,0.19249999523162842,-0.4099999964237213,1.1970330476760864,-0.23445500433444977,1.2065945863723755,-0.23910970985889435,-0.29944273829460144,0.12074730545282364
612,61.27969741821289,0.19249999523162842,-0.4099999964237213,1.2119710445404053,-0.23500099778175354,1.1858354806900024,-0.238018199801445,-0.30717185139656067,0.1168043464422226
613,61.37969970703125,0.19249999523162842,-0.4099999964237213,1.2379000186920166,-0.23609000444412231,1.2258707284927368,-0.23839494585990906,-0.3144178092479706,0.1125217005610466
614,61.479698181152344,0.19249999523162842,-0.4099999964237213,1.2564289569854736,-0.21806199848651886,1.241334080696106,-0.23950818181037903,-0.3204960823059082,0.10789792239665985
615,61.57969665527344,0.19249999523162842,-0.4099999964237213,1.2731050252914429,-0.20824100077152252,1.2497204542160034,-0.21738316118717194,-0.32558783888816833,0.10325190424919128
616,61.6796989440918,0.19249999523162842,-0.4099999964237213,1.2611769437789917,-0.208297997713089,1.2699027061462402,-0.21658387780189514,-0.33029705286026,0.09900647401809692
617,61.77969741821289,0.19249999523162842,-0.4099999964237213,1.24208402633667,-0.21581000089645386,1.2463152408599854,-0.21834787726402283,-0.3348384201526642,0.09531404823064804
618,61.87969970703125,0.19249999523162842,-0.4099999964237213,1.2444570064544678,-0.22765399515628815,1.2340208292007446,-0.2251463234424591,-0.33909478783607483,0.09180083870887756
619,61.979698181152344,0.19249999523162842,-0.4099999964237213,1.2521979808807373,-0.24834400415420532,1.2492040395736694,-0.2346975952386856,-0.342861145734787,0.08819393068552017
620,62.07969665527344,0.19249999523162842,-0.4099999964237213,1.2512489557266235,-0.25080999732017517,1.2526606321334839,-0.2548643946647644,-0.3460240960121155,0.08449774980545044
621,62.1796989440918,0.19249999523162842,-0.4075010120868683,1.2481199502944946,-0.27215999364852905,1.2436370849609375,-0.24813403189182281,-0.348616361618042,0.08084119856357574
622,62.27969741821289,0.19249999523162842,-0.4074999988079071,1.2367730140686035,-0.2707020044326782,1.2451794147491455,-0.2769021689891815,-0.3507213294506073,0.07737834751605988
623,62.37969970703125,0.19249999523162842,-0.4074999988079071,1.2233660221099854,-0.2541959881782532,1.2273091077804565,-0.2620006799697876,-0.3524443507194519,0.07411054521799088
624,62.479698181152344,0.19249999523162842,-0.4074999988079071,1.2316019535064697,-0.21839499473571777,1.2161065340042114,-0.24677366018295288,-0.3538094460964203,0.07098347693681717
625,62.57969665527344,0.19249999523162842,-0.4074999988079071,1.2452689409255981,-0.2049739956855774,1.2342736721038818,-0.2121286392211914,-0.3548337519168854,0.0679793730378151
626,62.6796989440918,0.19249999523162842,-0.4074999988079071,1.2359410524368286,-0.20931300520896912,1.2460041046142578,-0.21493475139141083,-0.3555215001106262,0.0650990828871727
627,62.77969741821289,0.19249999523162842,-0.4074999988079071,1.2208620309829712,-0.2497279942035675,1.2242743968963623,-0.22096200287342072,-0.3558226227760315,0.06232341751456261
628,62.87969970703125,0.19249999523162842,-0.4074999988079071,1.2273999452590942,-0.2500019967556,1.2160639762878418,-0.26365745067596436,-0.3557963967323303,0.05967123806476593
629,62.979698181152344,0.19249999523162842,-0.4074999988079071,1.239361047744751,-0.22712500393390656,1.2298744916915894,-0.2396514117717743,-0.3555179834365845,0.057165198028087616
630,63.07969665527344,0.19249999523162842,-0.4074999988079071,1.2393829822540283,-0.2188040018081665,1.2377071380615234,-0.22163036465644836,-0.355022132396698,0.05480872839689255
631,63.1796989440918,0.19249999523162842,-0.4074999988079071,1.2364130020141602,-0.21558800339698792,1.2329065799713135,-0.22655616700649261,-0.3543151021003723,0.05259138345718384
632,63.27969741821289,0.19249999523162842,-0.4074999988079071,1.226140022277832,-0.2442609965801239,1.2322262525558472,-0.2226184755563736,-0.353390097618103,0.05047868192195892
633,63.37969970703125,0.19249999523162842,-0.4074999988079071,1.2140419483184814,-0.2464829981327057,1.2215148210525513,-0.25656214356422424,-0.3522679805755615,0.04848019406199455
634,63.479698181152344,0.19249999523162842,-0.4074999988079071,1.2098549604415894,-0.20271800458431244,1.2070709466934204,-0.2404640018939972,-0.3509819209575653,0.04661140218377113
635,63.57969665527344,0.19249999523162842,-0.4074999988079071,1.2076480388641357,-0.23763300478458405,1.2054392099380493,-0.19224004447460175,-0.3495614528656006,0.04487437382340431
636,63.6796989440918,0.19499699771404266,-0.4074999988079071,1.2088429927825928,-0.27473199367523193,1.2117007970809937,-0.26353222131729126,-0.34802696108818054,0.04326208680868149
637,63.77969741821289,0.19499999284744263,-0.4074999988079071,1.2108910083770752,-0.26346901059150696,1.2085844278335571,-0.27703309059143066,-0.34625619649887085,0.041841380298137665
638,63.87969970703125,0.19499999284744263,-0.4074999988079071,1.2060329914093018,-0.22046299278736115,1.205947995185852,-0.2466953843832016,-0.3442886471748352,0.04058009386062622
639,63.979698181152344,0.19499999284744263,-0.4074999988079071,1.1994420289993286,-0.22794799506664276,1.1971040964126587,-0.2092704474925995,-0.3423099219799042,0.03946150839328766
640,64.07969665527344,0.19499999284744263,-0.4074999988079071,1.1874500513076782,-0.2539680004119873,1.2001404762268066,-0.24451391398906708,-0.3403856158256531,0.03844641149044037
641,64.17969512939453,0.19499999284744263,-0.4074999988079071,1.171862006187439,-0.21243099868297577,1.1843372583389282,-0.26087331771850586,-0.3384738266468048,0.03751728683710098
642,64.27970123291016,0.19499999284744263,-0.4074999988079071,1.192662000656128,-0.22228699922561646,1.1620558500289917,-0.19414463639259338,-0.3367387056350708,0.036799781024456024
643,64.37969970703125,0.19499999284744263,-0.4074999988079071,1.2225699424743652,-0.2564620077610016,1.2094424962997437,-0.23837226629257202,-0.33509400486946106,0.03621358796954155
644,64.47969818115234,0.19499999284744263,-0.4074999988079071,1.22720205783844,-0.25283700227737427,1.230721116065979,-0.2662031650543213,-0.33342939615249634,0.03565892204642296
645,64.57969665527344,0.19499999284744263,-0.4074999988079071,1.2254899740219116,-0.2323019951581955,1.2141698598861694,-0.24258890748023987,-0.33172693848609924,0.03511994332075119
646,64.67969512939453,0.19499999284744263,-0.40500301122665405,1.245313048362732,-0.2553809881210327,1.2181884050369263,-0.22646602988243103,-0.33003079891204834,0.034631870687007904
647,64.77970123291016,0.19499999284744263,-0.4050000011920929,1.2795039415359497,-0.251569002866745,1.2568610906600952,-0.2675692141056061,-0.3284534811973572,0.0343347042798996
648,64.87969970703125,0.19499999284744263,-0.40000200271606445,1.2428350448608398,-0.2348710000514984,1.283743977546692,-0.24438470602035522,-0.32697343826293945,0.03414607793092728
649,64.97969818115234,0.19499999284744263,-0.4000000059604645,1.188370943069458,-0.25667500495910645,1.2080543041229248,-0.2299780547618866,-0.3256398141384125,0.03417330980300903
650,65.07969665527344,0.19499999284744263,-0.4000000059604645,1.1884139776229858,-0.24925999343395233,1.1749125719070435,-0.26582249999046326,-0.3243872821331024,0.03425678610801697
651,65.17969512939453,0.19499999284744263,-0.4000000059604645,1.2247530221939087,-0.22784100472927094,1.203849196434021,-0.23909443616867065,-0.32311439514160156,0.034265369176864624
652,65.27970123291016,0.19499999284744263,-0.4000000059604645,1.2285089492797852,-0.24178999662399292,1.2387021780014038,-0.22214625775814056,-0.3218023478984833,0.03421299532055855
653,65.37969970703125,0.19499999284744263,-0.4000000059604645,1.210584044456482,-0.22675399482250214,1.2176815271377563,-0.25232788920402527,-0.32053154706954956,0.03419409692287445
654,65.47969818115234,0.19499999284744263,-0.395004004240036,1.1911840438842773,-0.22744600474834442,1.196515679359436,-0.22047455608844757,-0.3192811608314514,0.0342065803706646
655,65.57969665527344,0.19499999284744263,-0.39500001072883606,1.1714119911193848,-0.24988800287246704,1.1869127750396729,-0.2314789742231369,-0.3182230293750763,0.034468259662389755
656,65.67969512939453,0.19499999284744263,-0.39500001072883606,1.1937869787216187,-0.20790700614452362,1.1691397428512573,-0.2553853690624237,-0.31732943654060364,0.034831687808036804
657,65.77970123291016,0.19499999284744263,-0.39500001072883606,1.2267529964447021,-0.2378769963979721,1.2060024738311768,-0.1901378482580185,-0.3162502646446228,0.03506813198328018
658,65.87969970703125,0.19499999284744263,-0.39500001072883606,1.2090409994125366,-0.22729900479316711,1.2385071516036987,-0.25909414887428284,-0.31507980823516846,0.03521529212594032
659,65.97969818115234,0.19499999284744263,-0.39500001072883606,1.1786140203475952,-0.24496200680732727,1.184324026107788,-0.21881279349327087,-0.31395861506462097,0.03534762188792229
660,66.07969665527344,0.19499999284744263,-0.39500001072883606,1.1974129676818848,-0.24383500218391418,1.1708439588546753,-0.25317445397377014,-0.31289049983024597,0.035493895411491394
661,66.17969512939453,0.19499999284744263,-0.39500001072883606,1.2285759449005127,-0.2542699873447418,1.2143123149871826,-0.23678259551525116,-0.31190991401672363,0.0356937013566494
662,66.27970123291016,0.19499999284744263,-0.39500001072883606,1.2292989492416382,-0.2523919939994812,1.2369743585586548,-0.2564646601676941,-0.31103968620300293,0.03595420718193054
663,66.37969970703125,0.19499999284744263,-0.39500001072883606,1.2224010229110718,-0.26409000158309937,1.2154886722564697,-0.24691607058048248,-0.31026721000671387,0.036244116723537445
664,66.47969818115234,0.19499999284744263,-0.39500001072883606,1.2226370573043823,-0.26470300555229187,1.217556357383728,-0.2649584710597992,-0.30956488847732544,0.03653210774064064
665,66.57969665527344,0.19499999284744263,-0.39500001072883606,1.2276140451431274,-0.27608799934387207,1.221476435661316,-0.2571004033088684,-0.30886080861091614,0.03676590695977211
666,66.67969512939453,0.19499999284744263,-0.39500001072883606,1.2446600198745728,-0.27039000391960144,1.2278482913970947,-0.273549348115921,-0.3081798553466797,0.036982353776693344
667,66.77970123291016,0.19499999284744263,-0.39500001072883606,1.264732003211975,-0.25637298822402954,1.2461873292922974,-0.25940173864364624,-0.30756786465644836,0.037224095314741135
668,66.87969970703125,0.19499999284744263,-0.39500001072883606,1.2476849555969238,-0.25680801272392273,1.2633506059646606,-0.2485879510641098,-0.3070410490036011,0.03749723732471466
669,66.97969818115234,0.19499999284744263,-0.39500001072883606,1.221318006515503,-0.2551470100879669,1.2293140888214111,-0.2564220726490021,-0.3065871000289917,0.037784457206726074
670,67.07969665527344,0.19499999284744263,-0.39500001072883606,1.2189769744873047,-0.2352450042963028,1.2107220888137817,-0.2507745623588562,-0.30618855357170105,0.038070935755968094
671,67.17969512939453,0.19499999284744263,-0.39500001072883606,1.2226940393447876,-0.24162399768829346,1.222059726715088,-0.2269529551267624,-0.3058352768421173,0.038350336253643036
672,67.27970123291016,0.19499999284744263,-0.39500001072883606,1.218587040901184,-0.24219100177288055,1.224065899848938,-0.2471754103899002,-0.30552515387535095,0.03862271457910538
673,67.37969970703125,0.19499999284744263,-0.39500001072883606,1.2092770338058472,-0.23478500545024872,1.2125076055526733,-0.24017636477947235,-0.3052592873573303,0.038890987634658813
674,67.47969818115234,0.19499999284744263,-0.39500001072883606,1.2267919778823853,-0.2479970008134842,1.2031710147857666,-0.23194794356822968,-0.30503809452056885,0.03915739804506302
675,67.57969665527344,0.19499999284744263,-0.39500001072883606,1.2510379552841187,-0.23189400136470795,1.2375010251998901,-0.25244855880737305,-0.30485963821411133,0.039421502500772476
676,67.67969512939453,0.19499999284744263,-0.39500001072883606,1.2432270050048828,-0.2523350119590759,1.2516505718231201,-0.22382326424121857,-0.3047202229499817,0.03968091309070587
677,67.77970123291016,0.19499999284744263,-0.39500001072883606,1.2273950576782227,-0.26593101024627686,1.2308685779571533,-0.2618849575519562,-0.3046160340309143,0.0399332270026207
678,67.87969970703125,0.19499999284744263,-0.39999398589134216,1.214292049407959,-0.25753000378608704,1.2190977334976196,-0.26206088066101074,-0.30454376339912415,0.04017715901136398
679,67.97969818115234,0.19499999284744263,-0.4000000059604645,1.2018719911575317,-0.2567470073699951,1.2091193199157715,-0.248726949095726,-0.3043610155582428,0.04023998975753784
680,68.07969665527344,0.19499999284744263,-0.395004004240036,1.221534013748169,-0.252005010843277,1.1982625722885132,-0.25527942180633545,-0.30415570735931396,0.04024538770318031
681,68.17969512939453,0.19499999284744263,-0.39500001072883606,1.2492599487304688,-0.2595619857311249,1.2328327894210815,-0.24706348776817322,-0.30420148372650146,0.04051342234015465
682,68.27970123291016,0.19499999284744263,-0.3999960124492645,1.2488030195236206,-0.2597759962081909,1.2536697387695312,-0.2591828405857086,-0.3043915927410126,0.04090408980846405
683,68.37969970703125,0.19499999284744263,-0.4000000059604645,1.2295939922332764,-0.2566530108451843,1.2347365617752075,-0.25514307618141174,-0.3043772280216217,0.04102492704987526
684,68.47969818115234,0.19499999284744263,-0.395004004240036,1.2371970415115356,-0.2645620107650757,1.216418743133545,-0.25259122252464294,-0.30431798100471497,0.04102226346731186
685,68.57969665527344,0.19499999284744263,-0.39500001072883606,1.2515599727630615,-0.24686799943447113,1.244624137878418,-0.26236802339553833,-0.30451714992523193,0.0412650965154171
686,68.67969512939453,0.19499999284744263,-0.39500001072883606,1.2470979690551758,-0.2526009976863861,1.250131607055664,-0.23584246635437012,-0.3047653138637543,0.0415872186422348
687,68.77970123291016,0.19499999284744263,-0.3999960124492645,1.2379100322723389,-0.2547590136528015,1.2378320693969727,-0.2560654580593109,-0.3048893213272095,0.041799627244472504
688,68.87969970703125,0.19499999284744263,-0.4000000059604645,1.2246309518814087,-0.2630999982357025,1.231174111366272,-0.25242260098457336,-0.30488815903663635,0.04179392009973526
689,68.97969818115234,0.19499999284744263,-0.4000000059604645,1.2086329460144043,-0.2567630112171173,1.2185630798339844,-0.26196661591529846,-0.30495092272758484,0.0417850986123085
690,69.07969665527344,0.19499999284744263,-0.4000000059604645,1.2025890350341797,-0.26819300651550293,1.2015283107757568,-0.24869197607040405,-0.3050699532032013,0.04183868318796158
691,69.17969512939453,0.19499999284744263,-0.4000000059604645,1.1990439891815186,-0.27358099818229675,1.2041219472885132,-0.2690374255180359,-0.3051513433456421,0.041888490319252014
692,69.27970123291016,0.19499999284744263,-0.4000000059604645,1.2153940200805664,-0.2618890106678009,1.1967597007751465,-0.2666974663734436,-0.3052014708518982,0.041921429336071014
693,69.37969970703125,0.19499999284744263,-0.4000000059604645,1.2449860572814941,-0.2645829916000366,1.2204420566558838,-0.25120633840560913,-0.30539482831954956,0.04203715920448303
694,69.47969818115234,0.19499999284744263,-0.4000000059604645,1.2422410249710083,-0.2601729929447174,1.2510484457015991,-0.2631165087223053,-0.3056741952896118,0.04218237102031708
695,69.57969665527344,0.19499999284744263,-0.4000000059604645,1.2313909530639648,-0.26419898867607117,1.226336121559143,-0.2541799545288086,-0.3058789074420929,0.042243435978889465
696,69.67969512939453,0.19499999284744263,-0.4000000059604645,1.2218929529190063,-0.2654210031032562,1.2237768173217773,-0.26180732250213623,-0.30599626898765564,0.04223828762769699
697,69.77970123291016,0.19499999284744263,-0.4000000059604645,1.2132940292358398,-0.2650359869003296,1.2170698642730713,-0.2594684064388275,-0.30609047412872314,0.042229101061820984
698,69.87969970703125,0.19499999284744263,-0.4000000059604645,1.212196946144104,-0.27723100781440735,1.2090506553649902,-0.25938281416893005,-0.30625513195991516,0.04228202998638153
699,69.97969818115234,0.19499999284744263,-0.4000000059604645,1.2129789590835571,-0.28275901079177856,1.212478756904602,-0.2748733460903168,-0.30646881461143494,0.042363520711660385
700,70.07969665527344,0.19499999284744263,-0.4000000059604645,1.214303970336914,-0.28144899010658264,1.2102539539337158,-0.2740868031978607,-0.3066791594028473,0.04242902994155884
701,70.17969512939453,0.19499999284744263,-0.4000000059604645,1.2157659530639648,-0.28756600618362427,1.2107858657836914,-0.2715490162372589,-0.3068610429763794,0.042464952915906906
702,70.27970123291016,0.19499999284744263,-0.4000000059604645,1.2253390550613403,-0.2727009952068329,1.2130262851715088,-0.28113386034965515,-0.30701950192451477,0.04248064011335373
703,70.37969970703125,0.19499999284744263,-0.4000000059604645,1.2369489669799805,-0.2714659869670868,1.2239413261413574,-0.25858405232429504,-0.30716782808303833,0.042488276958465576
704,70.47969818115234,0.19499999284744263,-0.4000000059604645,1.2546329498291016,-0.2720949947834015,1.2358266115188599,-0.2674238383769989,-0.3073144257068634,0.04249601438641548
705,70.57969665527344,0.19499999284744263,-0.4000000059604645,1.2738430500030518,-0.2785150110721588,1.254673719406128,-0.26573753356933594,-0.30746033787727356,0.04250570759177208
706,70.67969512939453,0.19499999284744263,-0.4000000059604645,1.2619270086288452,-0.2717190086841583,1.2723634243011475,-0.27327948808670044,-0.30760249495506287,0.04251417517662048
707,70.77970123291016,0.19499999284744263,-0.4000000059604645,1.2421950101852417,-0.28886398673057556,1.243316411972046,-0.2613086402416229,-0.3077374994754791,0.04251743108034134
708,70.87969970703125,0.19499999284744263,-0.4000000059604645,1.1984319686889648,-0.2778240144252777,1.2338498830795288,-0.28805097937583923,-0.3078637421131134,0.042514171451330185
709,70.97969818115234,0.19999200105667114,-0.4000000059604645,1.1486530303955078,-0.3169420063495636,1.17854642868042,-0.2622412145137787,-0.30798134207725525,0.042505741119384766
710,71.07969665527344,0.20000000298023224,-0.4000000059604645,1.1606899499893188,-0.2850770056247711,1.1412211656570435,-0.3211354911327362,-0.30786222219467163,0.042614057660102844
711,71.17969512939453,0.20000000298023224,-0.4000000059604645,1.2139970064163208,-0.2836970090866089,1.178344488143921,-0.25220754742622375,-0.30756676197052,0.042792946100234985
712,71.27970123291016,0.20000000298023224,-0.4000000059604645,1.206969976425171,-0.28389599919319153,1.2355841398239136,-0.28101056814193726,-0.30743566155433655,0.043023791164159775
713,71.37969970703125,0.20000000298023224,-0.4000000059604645,1.1848150491714478,-0.28506898880004883,1.1834018230438232,-0.27541419863700867,-0.30749624967575073,0.04324723780155182
714,71.47969818115234,0.20000000298023224,-0.4000000059604645,1.2094299793243408,-0.28366801142692566,1.1748443841934204,-0.27614036202430725,-0.3075962960720062,0.043434988707304
715,71.57969665527344,0.20000000298023224,-0.4000000059604645,1.2457460165023804,-0.2768470048904419,1.2248461246490479,-0.27145951986312866,-0.308018296957016,0.043839871883392334
716,71.67969512939453,0.20000000298023224,-0.4000000059604645,1.2278079986572266,-0.2903040051460266,1.2508680820465088,-0.2660548686981201,-0.3086073398590088,0.04431720823049545
717,71.77970123291016,0.20000000298023224,-0.4000000059604645,1.1962080001831055,-0.28345799446105957,1.2048804759979248,-0.2874533534049988,-0.30914321541786194,0.044676344841718674
718,71.87969970703125,0.20000000298023224,-0.4000000059604645,1.2157540321350098,-0.290583997964859,1.1825039386749268,-0.26861557364463806,-0.3095632493495941,0.04489520192146301
719,71.97969818115234,0.20000000298023224,-0.4000000059604645,1.248108983039856,-0.31244999170303345,1.2333592176437378,-0.2838681638240814,-0.309929221868515,0.045058537274599075
720,72.07969665527344,0.20000000298023224,-0.4000000059604645,1.2620940208435059,-0.31312501430511475,1.2543407678604126,-0.30582714080810547,-0.3102816939353943,0.04523492977023125
721,72.17969512939453,0.20000000298023224,-0.4000000059604645,1.2714780569076538,-0.28151899576187134,1.2514863014221191,-0.2958255708217621,-0.3106604814529419,0.045430995523929596
722,72.27970123291016,0.20000000298023224,-0.4000000059604645,1.275691032409668,-0.30622398853302,1.262425422668457,-0.2604578733444214,-0.31107228994369507,0.04562802240252495
723,72.37969970703125,0.20000000298023224,-0.4000000059604645,1.2786060571670532,-0.31059500575065613,1.2737032175064087,-0.3103446066379547,-0.31149476766586304,0.045806240290403366
724,72.47969818115234,0.20000000298023224,-0.4000000059604645,1.2637189626693726,-0.31294599175453186,1.2712641954421997,-0.29412132501602173,-0.3119044601917267,0.045954830944538116
725,72.57969665527344,0.20000000298023224,-0.4000000059604645,1.2443770170211792,-0.30437299609184265,1.2491044998168945,-0.29884111881256104,-0.31229424476623535,0.04607505351305008
726,72.67969512939453,0.20000000298023224,-0.4000000059604645,1.2722059488296509,-0.3018600046634674,1.2333260774612427,-0.287557452917099,-0.31266966462135315,0.046175241470336914
727,72.77970123291016,0.20000000298023224,-0.4000000059604645,1.3118669986724854,-0.3352389931678772,1.286617636680603,-0.2911117374897003,-0.3130374252796173,0.046263039112091064
728,72.87969970703125,0.20000000298023224,-0.4000000059604645,1.2983620166778564,-0.30855900049209595,1.3168649673461914,-0.3315095603466034,-0.31339946389198303,0.046341318637132645
729,72.97969818115234,0.20000000298023224,-0.4000000059604645,1.2715530395507812,-0.2967990040779114,1.2668486833572388,-0.2788631319999695,-0.3137534260749817,0.04640905186533928
730,73.07969665527344,0.20000000298023224,-0.4000000059604645,1.2749040126800537,-0.30178698897361755,1.2566139698028564,-0.2863404154777527,-0.3137257993221283,0.04640624672174454
731,73.17969512939453,0.20000000298023224,-0.4000000059604645,1.285841941833496,-0.33941900730133057,1.279992699623108,-0.29385125637054443,-0.31353023648262024,0.046378012746572495
732,73.27970123291016,0.20000000298023224,-0.4000000059604645,1.2921949625015259,-0.327349990606308,1.2853533029556274,-0.335190087556839,-0.3134366273880005,0.04638463258743286
733,73.37969970703125,0.20000000298023224,-0.4000000059604645,1.2973990440368652,-0.297666996717453,1.2798521518707275,-0.29797127842903137,-0.31348279118537903,0.0464375764131546
734,73.47969818115234,0.20000000298023224,-0.4000000059604645,1.2689460515975952,-0.35531699657440186,1.287858009338379,-0.2773513197898865,-0.3135681748390198,0.04650894179940224
735,73.57969665527344,0.20000000298023224,-0.4000000059604645,1.2181090116500854,-0.34850600361824036,1.2535476684570312,-0.36435478925704956,-0.3136255145072937,0.04657333716750145
736,73.67969512939453,0.20000000298023224,-0.4000000059604645,1.2313859462738037,-0.2963640093803406,1.1931804418563843,-0.3144281506538391,-0.3136536478996277,0.0466168187558651
737,73.77970123291016,0.20000000298023224,-0.4000000059604645,1.260699987411499,-0.3387959897518158,1.24311363697052,-0.26336240768432617,-0.3136742115020752,0.046640656888484955
738,73.87969970703125,0.20000000298023224,-0.4000000059604645,1.2501660585403442,-0.3133609890937805,1.2695900201797485,-0.3474288582801819,-0.31370002031326294,0.046657778322696686
739,73.97969818115234,0.20000000298023224,-0.4000000059604645,1.2296359539031982,-0.287321001291275,1.2250542640686035,-0.2807110846042633,-0.31373271346092224,0.04668007791042328
740,74.07969665527344,0.20000000298023224,-0.057937998324632645,1.2706170082092285,-0.31320899724960327,1.2158199548721313,-0.270774245262146,-0.3137705326080322,0.046709123998880386
741,74.17969512939453,0.20000000298023224,-7.200000254670158e-05,1.3271009922027588,-0.2999039888381958,1.287078857421875,-0.23875202238559723,-0.3217107653617859,0.06672665476799011
742,74.27970123291016,0.20000000298023224,0.0,1.3041449785232544,-0.18891499936580658,1.3244733810424805,-0.19150206446647644,-0.33388715982437134,0.08478030562400818
743,74.37969970703125,0.20000000298023224,0.0,1.228363037109375,-0.09756500273942947,1.251002311706543,-0.08761487156152725,-0.32820168137550354,0.08671949803829193
744,74.47969818115234,0.20000000298023224,0.0,1.2237319946289062,-0.047315001487731934,1.1835774183273315,-0.04712367430329323,-0.3087490200996399,0.08037209510803223
745,74.57969665527344,0.20000000298023224,0.0,1.2369450330734253,-0.0180440004914999,1.2472436428070068,-0.020534642040729523,-0.29364731907844543,0.07729152590036392
746,74.67969512939453,0.20000000298023224,0.0,1.253648042678833,-0.005342999938875437,1.2588239908218384,-0.005681220442056656,-0.28422969579696655,0.07843220233917236
747,74.77970123291016,0.20000000298023224,0.0,1.2712270021438599,-0.020692000165581703,1.2711395025253296,-0.0007606069557368755,-0.2774290442466736,0.08152444660663605
748,74.87969970703125,0.20000000298023224,0.0,1.3088129758834839,-0.030105000361800194,1.2886412143707275,-0.021383265033364296,-0.27118751406669617,0.08459781855344772
749,74.97969818115234,0.20000000298023224,0.0,1.3514230251312256,-0.015907999128103256,1.3347431421279907,-0.019261719658970833,-0.2648850977420807,0.08652809262275696
750,75.07969665527344,0.20000000298023224,0.0,1.2931920289993286,0.015231999568641186,1.3710479736328125,0.0012584608048200607,-0.2583651542663574,0.08711280673742294
751,75.17969512939453,0.20000000298023224,0.0,1.2095619440078735,0.029753999784588814,1.2493560314178467,0.028375208377838135,-0.24501009285449982,0.08382131159305573
752,75.27970123291016,0.20000000298023224,0.0,1.217376947402954,0.023941999301314354,1.1927286386489868,0.0294661708176136,-0.22852395474910736,0.07925198972225189
753,75.37969970703125,0.20000000298023224,0.0,1.248088002204895,0.024514999240636826,1.2565861940383911,0.018632587045431137,-0.2154647558927536,0.07684770226478577
754,75.47969818115234,0.20000000298023224,0.0,1.2865240573883057,0.043476998805999756,1.2616002559661865,0.02519572339951992,-0.20727181434631348,0.07692386955022812
755,75.57969665527344,0.20000000298023224,0.0,1.3301000595092773,0.010348999872803688,1.2932052612304688,0.0469864085316658,-0.20092332363128662,0.07748457789421082
756,75.67969512939453,0.20000000298023224,0.0,1.3412410020828247,-0.003742000088095665,1.3401328325271606,-0.0034393807873129845,-0.19380491971969604,0.07709220051765442
757,75.77970123291016,0.20000000298023224,0.0,1.3442540168762207,0.01934799924492836,1.331506371498108,0.004403766244649887,-0.18577776849269867,0.07582569122314453
758,75.87969970703125,0.20000000298023224,0.0,1.3275810480117798,0.015521000139415264,1.3421268463134766,0.03490119427442551,-0.17801299691200256,0.07449036091566086
759,75.97969818115234,0.20000000298023224,0.0,1.3059799671173096,0.021270999684929848,1.3216456174850464,0.013253400102257729,-0.17130690813064575,0.07365588843822479
760,76.07969665527344,0.20000000298023224,0.0,1.3044569492340088,0.018219999969005585,1.3037803173065186,0.026194309815764427,-0.1655706912279129,0.07332753390073776
761,76.17969512939453,0.20000000298023224,0.0,1.31632399559021,-0.014450999908149242,1.3139241933822632,0.01689031533896923,-0.16030751168727875,0.07316198945045471
762,76.27970123291016,0.20000000298023224,0.0,1.313012957572937,-0.014042999595403671,1.3258800506591797,-0.021107127889990807,-0.15519070625305176,0.07286056131124496
763,76.37969970703125,0.20000000298023224,0.0,1.2995649576187134,0.03576600179076195,1.308235764503479,-0.0013421792536973953,-0.15022516250610352,0.07239209115505219
764,76.47969818115234,0.20000000298023224,0.0,1.3026119470596313,0.036952998489141464,1.2935420274734497,0.05414752662181854,-0.14556525647640228,0.0719234049320221
765,76.57969665527344,0.20000000298023224,0.0,1.3166500329971313,-0.007100999820977449,1.3124058246612549,0.026736516505479813,-0.14129844307899475,0.07160542160272598
766,76.67969512939453,0.20000000298023224,0.0,1.3204920291900635,0.03529300168156624,1.325958013534546,-0.01945381984114647,-0.13738252222537994,0.07144391536712646
767,76.77970123291016,0.20000000298023224,0.0,1.3217819929122925,0.02879600040614605,1.3149765729904175,0.05865635722875595,-0.1337185800075531,0.07134091109037399
768,76.87969970703125,0.20000000298023224,0.0,1.2955060005187988,0.03728799894452095,1.323674201965332,0.01760537177324295,-0.13024190068244934,0.07121427357196808
769,76.97969818115234,0.20000000298023224,0.0,1.2623300552368164,0.011357000097632408,1.2828564643859863,0.040657464414834976,-0.12694835662841797,0.07106254994869232
770,77.07969665527344,0.20000000298023224,0.0,1.2630059719085693,-0.019099999219179153,1.2597341537475586,0.0018509821966290474,-0.12385913729667664,0.0709357038140297
771,77.17969512939453,0.20000000298023224,0.0,1.286281943321228,0.021052999421954155,1.2788742780685425,-0.019895480945706367,-0.12097913771867752,0.07087015360593796
772,77.27970123291016,0.20000000298023224,0.0,1.3284449577331543,0.018928999081254005,1.298020839691162,0.04498092830181122,-0.11828692257404327,0.07085862755775452
773,77.37969970703125,0.20000000298023224,0.0,1.3832279443740845,-0.034609999507665634,1.3438535928726196,0.012288223020732403,-0.11575274914503098,0.07086974382400513
774,77.47969818115234,0.20000000298023224,0.0,1.3292930126190186,-0.056141000241041183,1.398554801940918,-0.04475623741745949,-0.11335784941911697,0.07088268548250198
775,77.57969665527344,0.20000000298023224,0.0,1.247979998588562,-0.018323000520467758,1.283266305923462,-0.04022128880023956,-0.11109750717878342,0.07090062648057938
776,77.67969512939453,0.20000000298023224,0.0,1.2632980346679688,0.027379000559449196,1.2282257080078125,0.009211273863911629,-0.1089712455868721,0.07093807309865952
777,77.77970123291016,0.20000000298023224,0.0,1.3028240203857422,0.044103000313043594,1.3031501770019531,0.039833877235651016,-0.10697361826896667,0.07100237160921097
778,77.87969970703125,0.20000000298023224,0.0,1.3053510189056396,-0.008194999769330025,1.3182321786880493,0.03954491764307022,-0.10509355366230011,0.07108806818723679
779,77.97969818115234,0.20000000298023224,0.0,1.2985759973526,-0.028008999302983284,1.2947064638137817,-0.029169166460633278,-0.10331933200359344,0.07118485122919083
780,78.07969665527344,0.20000000298023224,0.0,1.3166639804840088,0.01512799970805645,1.2952851057052612,-0.018808428198099136,-0.10164292901754379,0.07128738611936569
781,78.17969512939453,0.20000000298023224,0.0,1.34101402759552,0.015931999310851097,1.327987551689148,0.03946521133184433,-0.10006009787321091,0.07139740139245987
782,78.27970123291016,0.20000000298023224,0.0,1.3307549953460693,-0.017117999494075775,1.3500843048095703,0.011594114825129509,-0.09856723994016647,0.07151873409748077
783,78.37969970703125,0.20000000298023224,0.0,1.2974460124969482,-0.002090000081807375,1.3206465244293213,-0.02260599285364151,-0.09715937823057175,0.07165215909481049
784,78.47969818115234,0.20000000298023224,0.0,1.2876859903335571,0.04288800060749054,1.2855597734451294,0.014809751883149147,-0.09583038091659546,0.0717947855591774
785,78.57969665527344,0.20000000298023224,0.0,1.293624997138977,-0.012564999982714653,1.295009732246399,0.05490954965353012,-0.0945744663476944,0.07194308191537857
786,78.67969512939453,0.20000000298023224,0.0,1.2804549932479858,-0.057030998170375824,1.307194709777832,-0.037429384887218475,-0.09338714182376862,0.07209557294845581
787,78.77970123291016,0.20000000298023224,0.0,1.2624980211257935,-0.041909001767635345,1.2738903760910034,-0.051896773278713226,-0.0922650620341301,0.0722527876496315
788,78.87969970703125,0.20000000298023224,0.0,1.3052120208740234,0.007807000074535608,1.2601197957992554,-0.016224676743149757,-0.09120503067970276,0.07241543382406235
789,78.97969818115234,0.20000000298023224,0.0,1.3630839586257935,-0.022998999804258347,1.3337681293487549,0.02945837192237377,-0.09020349383354187,0.07258310168981552
790,79.07969665527344,0.20000000298023224,0.0,1.34518301486969,-0.022244999185204506,1.382690668106079,-0.03547598421573639,-0.08925678580999374,0.07275443524122238
791,79.17969512939453,0.20000000298023224,0.0,1.276811957359314,0.007978999987244606,1.3150638341903687,-0.007856194861233234,-0.0883614644408226,0.07292811572551727
792,79.27970123291016,0.20000000298023224,0.0,1.2424349784851074,-0.006490999832749367,1.2500728368759155,0.0223705917596817,-0.08751470595598221,0.07310359179973602
793,79.37969970703125,0.20000000298023224,0.0,1.2165770530700684,-0.0009120000177063048,1.2562439441680908,-0.012871511280536652,-0.086714006960392,0.07328089326620102
794,79.47969818115234,0.20000000298023224,0.0,1.2469240427017212,0.03326600044965744,1.2195965051651,0.008605812676250935,-0.08595699816942215,0.07345996797084808
795,79.57969665527344,0.20000000298023224,0.0,1.2914140224456787,0.022185999900102615,1.2720648050308228,0.043879520148038864,-0.08524123579263687,0.07364039868116379
796,79.67969512939453,0.20000000298023224,0.0,1.2953009605407715,-0.010869000107049942,1.3042092323303223,0.010680165141820908,-0.08456432819366455,0.07382151484489441
797,79.77970123291016,0.20000000298023224,0.0,1.2721790075302124,-0.025614000856876373,1.2831406593322754,-0.01562998816370964,-0.08392408490180969,0.07400275021791458
798,79.87969970703125,0.20000000298023224,0.0,1.2950999736785889,-0.02598699927330017,1.2620140314102173,-0.015733487904071808,-0.08331851661205292,0.0741838589310646
799,79.97969818115234,0.20000000298023224,0.0,1.3295480012893677,-0.00024399999529123306,1.3193103075027466,-0.012613940052688122,-0.08274587988853455,0.07436470687389374
800,80.07969665527344,0.20000000298023224,0.0,1.335055947303772,0.021091999486088753,1.3399863243103027,0.01685609668493271,-0.08220448344945908,0.07454513013362885
801,80.17969512939453,0.20000000298023224,0.0,1.333279013633728,0.04110400006175041,1.326241135597229,0.026732834056019783,-0.08169256150722504,0.07472485303878784
802,80.27970123291016,0.20000000298023224,0.0,1.3072960376739502,0.08632899820804596,1.3307664394378662,0.04273740202188492,-0.08120851963758469,0.07490353286266327
803,80.37969970703125,0.20000000298023224,0.0,1.2752519845962524,0.07321800291538239,1.2928104400634766,0.09013200551271439,-0.08075086772441864,0.07508091628551483
804,80.47969818115234,0.20000000298023224,0.0,1.272765040397644,0.011843999847769737,1.2704204320907593,0.05068554729223251,-0.08031821250915527,0.0752568393945694
805,80.57969665527344,0.20000000298023224,0.0,1.277690052986145,-0.005107999779284,1.2841354608535767,-0.009757902473211288,-0.07990928739309311,0.07543119788169861
806,80.67969512939453,0.20000000298023224,0.0,1.3045259714126587,-0.0015010000206530094,1.2808419466018677,0.0043021515011787415,-0.07952283322811127,0.07560387253761292
807,80.77970123291016,0.20000000298023224,0.0,1.3368439674377441,0.007822999730706215,1.318271279335022,0.008107220754027367,-0.07915764302015305,0.07577469944953918
808,80.87969970703125,0.20000000298023224,0.0,1.3346439599990845,0.009433000348508358,1.3460811376571655,0.015241049230098724,-0.0788126215338707,0.0759434849023819
809,80.97969818115234,0.20000000298023224,0.0,1.3094899654388428,0.010095000267028809,1.324669361114502,0.012896733358502388,-0.07848668098449707,0.0761101096868515
810,81.07969665527344,0.20000000298023224,0.0,1.308670997619629,0.0111480001360178,1.3002452850341797,0.0136894341558218,-0.07817883789539337,0.07627449184656143
811,81.17969512939453,0.20000000298023224,0.0,1.3139970302581787,0.0008549999911338091,1.320141077041626,0.014498211443424225,-0.07788817584514618,0.0764365866780281
812,81.27970123291016,0.20000000298023224,0.0,1.315716028213501,-0.009700999595224857,1.3196189403533936,0.000822703295852989,-0.07761376351118088,0.07659629732370377
813,81.37969970703125,0.20000000298023224,0.0,1.3150370121002197,0.0179469995200634,1.3169225454330444,-0.006417854223400354,-0.07735477387905121,0.07675351947546005
814,81.47969818115234,0.20000000298023224,0.08230499923229218,1.3320629596710205,0.01852400042116642,1.3144135475158691,0.03225167840719223,-0.07711036503314972,0.07690820097923279
815,81.57969665527344,0.20000000298023224,0.3595980107784271,1.360887050628662,0.003665999975055456,1.340592622756958,0.0393865630030632,-0.07975662499666214,0.07658855617046356
816,81.67969512939453,0.20000000298023224,0.47234201431274414,1.3267149925231934,0.08529400080442429,1.3642277717590332,0.08564772456884384,-0.0914124995470047,0.08086226880550385
817,81.77970123291016,0.20000000298023224,0.41007399559020996,1.2767219543457031,0.20668500661849976,1.2913750410079956,0.20114706456661224,-0.10737929493188858,0.0892956331372261
818,81.87969970703125,0.20000000298023224,0.392520010471344,1.2639119625091553,0.2489819973707199,1.2520475387573242,0.2654416859149933,-0.11305031925439835,0.10211382061243057
819,81.97969818115234,0.20000000298023224,0.3700389862060547,1.275900959968567,0.28074198961257935,1.2665389776229858,0.25684574246406555,-0.10891652852296829,0.11672226339578629
820,82.07969665527344,0.20000000298023224,0.37249600887298584,1.2669620513916016,0.28700798749923706,1.2725846767425537,0.2873559892177582,-0.10534676909446716,0.1247483491897583
821,82.17969512939453,0.20000000298023224,0.3725000023841858,1.252763032913208,0.3032110035419464,1.252691626548767,0.27628108859062195,-0.10439387708902359,0.12255275994539261
822,82.27970123291016,0.20000000298023224,0.3725000023841858,1.2092009782791138,0.31602001190185547,1.2377607822418213,0.2979758381843567,-0.10187128186225891,0.11789612472057343
823,82.37969970703125,0.20000000298023224,0.3725000023841858,1.1582729816436768,0.30702701210975647,1.1821963787078857,0.30717915296554565,-0.09841729700565338,0.11903305351734161
824,82.47969818115234,0.20000000298023224,0.3725000023841858,1.1792750358581543,0.32311999797821045,1.1388019323349,0.2895924150943756,-0.09706872701644897,0.1256876289844513
825,82.57969665527344,0.20000000298023224,0.3725000023841858,1.2183619737625122,0.32159799337387085,1.1856160163879395,0.3183530867099762,-0.09633960574865341,0.1313990354537964
826,82.67969512939453,0.20000000298023224,0.3725000023841858,1.2065140008926392,0.3067089915275574,1.2062207460403442,0.3068031966686249,-0.0896657407283783,0.1285516917705536
827,82.77970123291016,0.20000000298023224,0.3725000023841858,1.1818870306015015,0.32258298993110657,1.166405439376831,0.28959962725639343,-0.07790020108222961,0.12001462280750275
828,82.87969970703125,0.20000000298023224,0.3725000023841858,1.1547249555587769,0.3160960078239441,1.1538987159729004,0.3173982501029968,-0.06743571162223816,0.11495298892259598
829,82.97969818115234,0.20000000298023224,0.3725000023841858,1.126924991607666,0.2874859869480133,1.1344724893569946,0.299869567155838,-0.06139460206031799,0.11593569070100784
830,83.07969665527344,0.20000000298023224,0.3749940097332001,1.144582986831665,0.30153998732566833,1.108784556388855,0.2693316340446472,-0.05833326652646065,0.11872223019599915
831,83.17969512939453,0.20000000298023224,0.3799929916858673,1.1925560235977173,0.298319011926651,1.141729474067688,0.30226704478263855,-0.05508510023355484,0.11877968162298203
832,83.27970123291016,0.20000000298023224,0.3924880027770996,1.2150089740753174,0.27255499362945557,1.1890357732772827,0.28948745131492615,-0.050292301923036575,0.1159723699092865
833,83.37969970703125,0.20000000298023224,0.3949970006942749,1.2310409545898438,0.3009440004825592,1.1902313232421875,0.26485106348991394,-0.045021504163742065,0.11279080808162689
834,83.47969818115234,0.20000000298023224,0.39500001072883606,1.2073960304260254,0.28325799107551575,1.2092310190200806,0.31407681107521057,-0.040140748023986816,0.11138876527547836
835,83.57969665527344,0.20000000298023224,0.39500001072883606,1.173812985420227,0.30819499492645264,1.1776535511016846,0.2721584439277649,-0.03594478964805603,0.11171747744083405
836,83.67969512939453,0.20000000298023224,0.39500001072883606,1.1590240001678467,0.30848899483680725,1.1494983434677124,0.31414520740509033,-0.032251570373773575,0.11207666993141174
837,83.77970123291016,0.20000000298023224,0.39500001072883606,1.1489379405975342,0.31028398871421814,1.1490733623504639,0.2966634929180145,-0.02856920287013054,0.11127855628728867
838,83.87969970703125,0.20000000298023224,0.39500001072883606,1.157228946685791,0.33087098598480225,1.1327266693115234,0.30164939165115356,-0.024443263188004494,0.1095506027340889
839,83.97969818115234,0.20000000298023224,0.39500001072883606,1.1701240539550781,0.3184419870376587,1.1450927257537842,0.32597899436950684,-0.020082563161849976,0.10792388767004013
840,84.07969665527344,0.20000000298023224,0.39500001072883606,1.1189310550689697,0.30522599816322327,1.1558401584625244,0.3011445701122284,-0.01599796675145626,0.10697870701551437
841,84.17969512939453,0.20000000298023224,0.39500001072883606,1.051584005355835,0.3047100007534027,1.0784509181976318,0.29300621151924133,-0.012353234924376011,0.10642325133085251
842,84.27970123291016,0.20000000298023224,0.39500001072883606,1.081117033958435,0.3131209909915924,1.028486967086792,0.2956414222717285,-0.008867017924785614,0.10566019266843796
843,84.37969970703125,0.20000000298023224,0.39500001072883606,1.1349960565567017,0.31945499777793884,1.1010140180587769,0.30741631984710693,-0.005084659904241562,0.10437331348657608
844,84.47969818115234,0.20000000298023224,0.39500001072883606,1.1396039724349976,0.3241789937019348,1.132050633430481,0.3122909665107727,-0.0010719182901084423,0.1028834879398346
845,84.57969665527344,0.20000000298023224,0.39500001072883606,1.1318249702453613,0.32221001386642456,1.1082557439804077,0.31456857919692993,0.002826845506206155,0.10163390636444092
846,84.67969512939453,0.20000000298023224,0.39500001072883606,1.112684965133667,0.33059099316596985,1.1108572483062744,0.31178057193756104,0.006423736922442913,0.10070203989744186
847,84.77970123291016,0.20000000298023224,0.39500001072883606,1.0907009840011597,0.33195099234580994,1.0908952951431274,0.3254126310348511,0.009798192419111729,0.09984957426786423
848,84.87969970703125,0.20000000298023224,0.39500001072883606,1.0989409685134888,0.326884001493454,1.0736668109893799,0.32031452655792236,0.013126913458108902,0.09886733442544937
849,84.97969818115234,0.20000000298023224,0.39500001072883606,1.1147480010986328,0.31129899621009827,1.0938752889633179,0.3138968050479889,0.01650075800716877,0.09775833040475845
850,85.07969665527344,0.20000000298023224,0.39500001072883606,1.0974270105361938,0.3269999921321869,1.1028963327407837,0.29833167791366577,0.019884826615452766,0.09665391594171524
851,85.17969512939453,0.20000000298023224,0.39500001072883606,1.0717860460281372,0.2814069986343384,1.0693516731262207,0.32423391938209534,0.0231990497559309,0.09564748406410217
852,85.27970123291016,0.20000000298023224,0.39500001072883606,1.0778419971466064,0.30886098742485046,1.0582154989242554,0.256256103515625,0.026407772675156593,0.09472619742155075
853,85.37969970703125,0.20000000298023224,0.39500001072883606,1.1049779653549194,0.2995139956474304,1.073195457458496,0.3205214738845825,0.029539156705141068,0.09382159262895584
854,85.47969818115234,0.20000000298023224,0.39500001072883606,1.1154379844665527,0.3135620057582855,1.1036629676818848,0.2863175868988037,0.03264204412698746,0.09289022535085678
855,85.57969665527344,0.20000000298023224,0.39500001072883606,1.1217219829559326,0.319227010011673,1.0956306457519531,0.31311628222465515,0.03573927283287048,0.09194331616163254
856,85.67969512939453,0.20000000298023224,0.39500001072883606,1.1067880392074585,0.3273949921131134,1.1069955825805664,0.31120821833610535,0.03881979361176491,0.09101785719394684
857,85.77970123291016,0.20000000298023224,0.39500001072883606,1.0865190029144287,0.33688101172447205,1.0834856033325195,0.32074326276779175,0.041863035410642624,0.09013517200946808
858,85.87969970703125,0.20000000298023224,0.39500001072883606,1.084583044052124,0.33079200983047485,1.068870186805725,0.32764801383018494,0.04486357793211937,0.08928754180669785
859,85.97969818115234,0.20000000298023224,0.39500001072883606,1.0872520208358765,0.3217940032482147,1.0762443542480469,0.31586605310440063,0.047833748161792755,0.08845511078834534
860,86.07969665527344,0.20000000298023224,0.39500001072883606,1.1010379791259766,0.30730199813842773,1.074067234992981,0.30969205498695374,0.05078950151801109,0.0876278504729271
861,86.17969512939453,0.20000000298023224,0.39500001072883606,1.117622971534729,0.3157149851322174,1.0909901857376099,0.2962128221988678,0.0537375770509243,0.08681148290634155
862,86.27970123291016,0.20000000298023224,0.39500001072883606,1.1149970293045044,0.3278700113296509,1.1037613153457642,0.31399622559547424,0.056674957275390625,0.08601737767457962
863,86.37969970703125,0.20000000298023224,0.39500001072883606,1.1075550317764282,0.33942100405693054,1.0941931009292603,0.32180657982826233,0.059597138315439224,0.08525087684392929
864,86.47969818115234,0.20000000298023224,0.39500001072883606,1.0999139547348022,0.331835001707077,1.0905709266662598,0.3304753303527832,0.06250503659248352,0.08450882136821747
865,86.57969665527344,0.20000000298023224,0.39500001072883606,1.092223048210144,0.3528999984264374,1.0846343040466309,0.31675541400909424,0.06540452688932419,0.08378542959690094
866,86.67969512939453,0.20000000298023224,0.39500001072883606,1.10030198097229,0.3506009876728058,1.0743056535720825,0.3479989767074585,0.06830181926488876,0.08307863771915436
867,86.77970123291016,0.20000000298023224,0.39500001072883606,1.1123290061950684,0.3497309982776642,1.0908522605895996,0.33250534534454346,0.07119979709386826,0.08239105343818665
868,86.87969970703125,0.20000000298023224,0.39500001072883606,1.0939899682998657,0.35609498620033264,1.0964564085006714,0.3368154466152191,0.07409853488206863,0.08172659575939178
869,86.97969818115234,0.20000000298023224,0.39500001072883606,1.0680480003356934,0.3672029972076416,1.0661563873291016,0.3436221778392792,0.07699806243181229,0.08108701556921005
870,87.07969665527344,0.20000000298023224,0.39500001072883606,1.0682859420776367,0.3544760048389435,1.0480146408081055,0.35288769006729126,0.07990022748708725,0.0804714560508728
871,87.17969512939453,0.20000000298023224,0.39500001072883606,1.0751099586486816,0.37432199716567993,1.0620613098144531,0.3332959711551666,0.08280836790800095,0.07987848669290543
872,87.27970123291016,0.20000000298023224,0.39500001072883606,1.0791449546813965,0.3580549955368042,1.0598819255828857,0.3664715588092804,0.08572562783956528,0.07930807024240494
873,87.37969970703125,0.20000000298023224,0.39500001072883606,1.0813239812850952,0.3556259870529175,1.0644185543060303,0.33354222774505615,0.088654063642025,0.07876169681549072
874,87.47969818115234,0.20000000298023224,0.39500001072883606,1.0842920541763306,0.37350699305534363,1.0630850791931152,0.3433619439601898,0.0915948897600174,0.07824116945266724
875,87.57969665527344,0.20000000298023224,0.39500001072883606,1.0874569416046143,0.3813660144805908,1.0679218769073486,0.3643375039100647,0.09454935044050217,0.07774753868579865
876,87.67969512939453,0.20000000298023224,0.39500001072883606,1.0824979543685913,0.3922390043735504,1.0718556642532349,0.3642328679561615,0.09751935303211212,0.07728104293346405
877,87.77970123291016,0.20000000298023224,0.39500001072883606,1.0755070447921753,0.3952130079269409,1.062414288520813,0.37573689222335815,0.10050730407238007,0.0768417939543724
878,87.87969970703125,0.20000000298023224,0.39500001072883606,1.0772370100021362,0.3814780116081238,1.056996464729309,0.3747760057449341,0.10351550579071045,0.07643049210309982
879,87.97969818115234,0.20000000298023224,0.39500001072883606,1.0811519622802734,0.36796998977661133,1.0619659423828125,0.35868388414382935,0.10654588043689728,0.07604837417602539
880,88.07969665527344,0.20000000298023224,0.39500001072883606,1.0961979627609253,0.3647029995918274,1.0632579326629639,0.35004374384880066,0.10960009694099426,0.07569679617881775
881,88.17969512939453,0.20000000298023224,0.39500001072883606,1.1140480041503906,0.38264700770378113,1.0819275379180908,0.35119497776031494,0.1126798540353775,0.07537686824798584
882,88.27970123291016,0.20000000298023224,0.39500001072883606,1.1061999797821045,0.38863199949264526,1.0973612070083618,0.37284377217292786,0.11578716337680817,0.07508943229913712
883,88.37969970703125,0.20000000298023224,0.39500001072883606,1.0919359922409058,0.40383800864219666,1.0808740854263306,0.3697955310344696,0.11892420053482056,0.074835404753685
884,88.47969818115234,0.20000000298023224,0.39500001072883606,1.0738979578018188,0.4061810076236725,1.0700024366378784,0.3874008059501648,0.12209317088127136,0.0746159479022026
885,88.57969665527344,0.20000000298023224,0.39500001072883606,1.054914951324463,0.4143010079860687,1.0537843704223633,0.38293391466140747,0.12529613077640533,0.07443244010210037
886,88.67969512939453,0.20000000298023224,0.39500001072883606,1.057108998298645,0.3991889953613281,1.0347377061843872,0.3931504189968109,0.12853510677814484,0.07428634911775589
887,88.77970123291016,0.20000000298023224,0.39500001072883606,1.0646220445632935,0.4030669927597046,1.0463999509811401,0.3710304796695709,0.1318122297525406,0.07417911291122437
888,88.87969970703125,0.20000000298023224,0.39500001072883606,1.064437985420227,0.38743698596954346,1.0470296144485474,0.3856601417064667,0.13512979447841644,0.07411212474107742
889,88.97969818115234,0.20000000298023224,0.39500001072883606,1.062324047088623,0.3905380070209503,1.045514464378357,0.3623822033405304,0.1384902000427246,0.07408687472343445
890,89.07969665527344,0.20000000298023224,0.39500001072883606,1.0742089748382568,0.3702459931373596,1.0432480573654175,0.37531253695487976,0.14189589023590088,0.07410497963428497
891,89.17969512939453,0.20000000298023224,0.39500001072883606,1.0954289436340332,0.3961760103702545,1.063313364982605,0.3476513922214508,0.14534936845302582,0.07416820526123047
892,89.27970123291016,0.20000000298023224,0.39500001072883606,1.0950030088424683,0.39689400792121887,1.0796866416931152,0.39073875546455383,0.14885325729846954,0.07427839934825897
893,89.37969970703125,0.20000000298023224,0.39500001072883606,1.0891640186309814,0.40056198835372925,1.0726913213729858,0.37411805987358093,0.15241022408008575,0.07443749159574509
894,89.47969818115234,0.20000000298023224,0.39500001072883606,1.0853869915008545,0.3830280005931854,1.0676772594451904,0.3822203576564789,0.15602312982082367,0.07464747130870819
895,89.57969665527344,0.20000000298023224,0.39500001072883606,1.0821269750595093,0.3913779854774475,1.0673505067825317,0.359362930059433,0.15969496965408325,0.07491040229797363
896,89.67969512939453,0.20000000298023224,0.39500001072883606,1.1011290550231934,0.390610009431839,1.0614640712738037,0.3786208927631378,0.1634288877248764,0.07522845268249512
897,89.77970123291016,0.20000000298023224,0.39500001072883606,1.1257070302963257,0.3931500017642975,1.0908466577529907,0.370491623878479,0.16722819209098816,0.07560394704341888
898,89.87969970703125,0.20000000298023224,0.39500001072883606,1.130228042602539,0.40648001432418823,1.1082371473312378,0.37627625465393066,0.17109635472297668,0.07603934407234192
899,89.97969818115234,0.20000000298023224,0.39500001072883606,1.1297320127487183,0.4182310104370117,1.1032605171203613,0.39070582389831543,0.17503699660301208,0.07653717696666718
900,90.07969665527344,0.20000000298023224,0.39500001072883606,1.1179790496826172,0.3791410028934479,1.1065741777420044,0.3986181616783142,0.17905397713184357,0.07710008323192596
901,90.17969512939453,0.20000000298023224,0.39500001072883606,1.0987210273742676,0.39058199524879456,1.0931696891784668,0.34762388467788696,0.18315140902996063,0.07773079723119736
902,90.27970123291016,0.20000000298023224,0.39500001072883606,1.0959830284118652,0.40007099509239197,1.0709502696990967,0.3815098702907562,0.18733365833759308,0.07843223959207535
903,90.37969970703125,0.20000000298023224,0.39500001072883606,1.0973960161209106,0.4135800004005432,1.0821322202682495,0.37984997034072876,0.19160528481006622,0.07920745015144348
904,90.47969818115234,0.20000000298023224,0.39500001072883606,1.1138249635696411,0.39897000789642334,1.0794912576675415,0.3932817280292511,0.19597111642360687,0.08005958795547485
905,90.57969665527344,0.20000000298023224,0.39500001072883606,1.1340229511260986,0.39195799827575684,1.0997995138168335,0.37140554189682007,0.2004363238811493,0.0809919461607933
906,90.67969512939453,0.20000000298023224,0.3999980092048645,1.1292539834976196,0.40798699855804443,1.1122715473175049,0.3736744821071625,0.2050064206123352,0.08200795203447342
907,90.77970123291016,0.20000000298023224,0.4000000059604645,1.1182119846343994,0.38712599873542786,1.0986038446426392,0.3949004113674164,0.2095842957496643,0.08295018970966339
908,90.87969970703125,0.20000000298023224,0.4000000059604645,1.0966670513153076,0.4102320075035095,1.0961204767227173,0.3601660132408142,0.21425721049308777,0.08404376357793808
909,90.97969818115234,0.20000000298023224,0.4000000059604645,1.0724960565567017,0.43717798590660095,1.0698667764663696,0.3996988832950592,0.21903811395168304,0.0854918360710144
910,91.07969665527344,0.20000000298023224,0.4000000059604645,1.0980850458145142,0.4521459937095642,1.052497386932373,0.41576912999153137,0.22391363978385925,0.08712968975305557
911,91.17969512939453,0.20000000298023224,0.4000000059604645,1.1361910104751587,0.41897499561309814,1.0938888788223267,0.4254680871963501,0.22892221808433533,0.08870965242385864
912,91.27970123291016,0.20000000298023224,0.4000000059604645,1.1598650217056274,0.38108301162719727,1.1191939115524292,0.38472241163253784,0.2342277616262436,0.0901336744427681
913,91.37969970703125,0.20000000298023224,0.4000000059604645,1.179927945137024,0.40415799617767334,1.127947449684143,0.35820671916007996,0.23980265855789185,0.09162183851003647
914,91.47969818115234,0.20000000298023224,0.4000000059604645,1.1702779531478882,0.41498398780822754,1.1516666412353516,0.3999989330768585,0.2455168217420578,0.09339925646781921
915,91.57969665527344,0.20000000298023224,0.4000000059604645,1.1531929969787598,0.41133999824523926,1.139501690864563,0.3956282138824463,0.25129055976867676,0.09546534717082977
916,91.67969512939453,0.20000000298023224,0.4000000059604645,1.1540189981460571,0.3827809989452362,1.1270750761032104,0.3878946006298065,0.2571682631969452,0.09765718877315521
917,91.77970123291016,0.20000000298023224,0.4000000059604645,1.1593339443206787,0.3759140074253082,1.1348196268081665,0.35631468892097473,0.2632922828197479,0.09980513900518417
918,91.87969970703125,0.20000000298023224,0.395004004240036,1.1455810070037842,0.3817940056324005,1.13442862033844,0.3611702024936676,0.269717812538147,0.10196882486343384
919,91.97969818115234,0.20000000298023224,0.39999398589134216,1.1270370483398438,0.3915739953517914,1.1165223121643066,0.36451518535614014,0.2764910161495209,0.10439518839120865
920,92.07969665527344,0.20000000298023224,0.3950049877166748,1.1374390125274658,0.40880998969078064,1.1037768125534058,0.37294700741767883,0.2833801805973053,0.10694825649261475
921,92.17969512939453,0.20000000298023224,0.39500001072883606,1.1551220417022705,0.40470901131629944,1.1252529621124268,0.39029619097709656,0.2904936373233795,0.10967064648866653
922,92.27970123291016,0.20000000298023224,0.39500001072883606,1.1717610359191895,0.36213698983192444,1.13583242893219,0.37939754128456116,0.2978627681732178,0.11257065087556839
923,92.37969970703125,0.20000000298023224,0.39500001072883606,1.1881380081176758,0.34858301281929016,1.147396206855774,0.33330485224723816,0.3055032789707184,0.11556470394134521
924,92.47969818115234,0.20000000298023224,0.39500001072883606,1.169010043144226,0.36786800622940063,1.1611385345458984,0.33842822909355164,0.31331971287727356,0.11873961985111237
925,92.57969665527344,0.20000000298023224,0.39500001072883606,1.140990972518921,0.39490601420402527,1.1341142654418945,0.3608429431915283,0.32146281003952026,0.12205485999584198
926,92.67969512939453,0.20000000298023224,0.39500001072883606,1.1365900039672852,0.40157100558280945,1.1171765327453613,0.38001906871795654,0.3298467695713043,0.12558819353580475
927,92.77970123291016,0.20000000298023224,0.39500001072883606,1.138118028640747,0.400952011346817,1.123520851135254,0.37756240367889404,0.33846616744995117,0.12933222949504852
928,92.87969970703125,0.20000000298023224,0.39500001072883606,1.159248948097229,0.3664590120315552,1.1167535781860352,0.3779151737689972,0.34737080335617065,0.1332276463508606
929,92.97969818115234,0.20000000298023224,0.39500001072883606,1.185284972190857,0.35386601090431213,1.1423883438110352,0.3381046950817108,0.3566422462463379,0.13731706142425537
930,93.07969665527344,0.20000000298023224,0.39500001072883606,1.1742960214614868,0.37151700258255005,1.161193609237671,0.3415095806121826,0.3662232458591461,0.14151717722415924
931,93.17969512939453,0.20000000298023224,0.39500001072883606,1.1540240049362183,0.3855159878730774,1.139223575592041,0.3632477819919586,0.3761504590511322,0.1459125429391861
932,93.27970123291016,0.20000000298023224,0.39500001072883606,1.1875799894332886,0.3489440083503723,1.1298481225967407,0.36851978302001953,0.3864079713821411,0.15052512288093567
933,93.37969970703125,0.20000000298023224,0.39500001072883606,1.2345999479293823,0.3408690094947815,1.1842223405838013,0.3222743570804596,0.39696910977363586,0.15531080961227417
934,93.47969818115234,0.20000000298023224,0.39500001072883606,1.2161329984664917,0.38037899136543274,1.2130225896835327,0.3342286944389343,0.4078356921672821,0.16022343933582306
935,93.57969665527344,0.20000000298023224,0.39500001072883606,1.181190013885498,0.3610309958457947,1.169958472251892,0.37757256627082825,0.4190186560153961,0.16525861620903015
936,93.67969512939453,0.20000000298023224,0.39500001072883606,1.1917519569396973,0.3605549931526184,1.1546276807785034,0.3322804272174835,0.4305141568183899,0.17043012380599976
937,93.77970123291016,0.20000000298023224,0.39500001072883606,1.213716983795166,0.3394779860973358,1.1803451776504517,0.34892401099205017,0.44229790568351746,0.17573612928390503
938,93.87969970703125,0.20000000298023224,0.39500001072883606,1.1954389810562134,0.3503910005092621,1.1945172548294067,0.32079270482063293,0.45434144139289856,0.1811535358428955
939,93.97969818115234,0.20000000298023224,0.39500001072883606,1.1670349836349487,0.3559989929199219,1.1567155122756958,0.34184250235557556,0.4666248559951782,0.18665307760238647
940,94.07969665527344,0.20000000298023224,0.39500001072883606,1.1857980489730835,0.35555499792099,1.1416915655136108,0.3390657901763916,0.47913265228271484,0.19221046566963196
941,94.17969512939453,0.20000000298023224,0.39500001072883606,1.2360140085220337,0.37478500604629517,1.1791857481002808,0.3401629328727722,0.4918423891067505,0.19780537486076355
942,94.27970123291016,0.20000000298023224,0.39500001072883606,1.2416419982910156,0.366582989692688,1.2230504751205444,0.3663688600063324,0.5047210454940796,0.2034151256084442
943,94.37969970703125,0.20000000298023224,0.39500001072883606,1.236106038093567,0.3739210069179535,1.2034882307052612,0.3455645442008972,0.5177302956581116,0.20901182293891907
944,94.47969818115234,0.20000000298023224,0.39999300241470337,1.2135779857635498,0.3594439923763275,1.2037729024887085,0.36106255650520325,0.530832052230835,0.2145640254020691
945,94.57969665527344,0.20000000298023224,0.4000000059604645,1.1867899894714355,0.35076001286506653,1.1816831827163696,0.33984535932540894,0.5439391732215881,0.22047388553619385
946,94.67969512939453,0.20000000298023224,0.4000000059604645,1.1893579959869385,0.3492859899997711,1.15861976146698,0.3359717130661011,0.5570395588874817,0.226331889629364
947,94.77970123291016,0.20000000298023224,0.4000000059604645,1.1992709636688232,0.34995898604393005,1.1747498512268066,0.33506590127944946,0.5702502131462097,0.23171815276145935
948,94.87969970703125,0.20000000298023224,0.4000000059604645,1.2002880573272705,0.3566359877586365,1.1791441440582275,0.33571767807006836,0.5835354924201965,0.2367568165063858
949,94.97969818115234,0.20000000298023224,0.4000000059604645,1.199072003364563,0.3773230016231537,1.17473566532135,0.3431713581085205,0.5967351198196411,0.24169546365737915
950,95.07969665527344,0.20000000298023224,0.4000000059604645,1.1999800205230713,0.37331700325012207,1.1746978759765625,0.36556270718574524,0.6097853779792786,0.24645182490348816
951,95.17969512939453,0.20000000298023224,0.4000000059604645,1.2023080587387085,0.3689279854297638,1.1777276992797852,0.35242733359336853,0.6226136088371277,0.2509552240371704
952,95.27970123291016,0.20000000298023224,0.4000000059604645,1.2156610488891602,0.36917099356651306,1.17691969871521,0.3521946966648102,0.6351796388626099,0.2551860511302948
953,95.37969970703125,0.20000000298023224,0.39500299096107483,1.2363699674606323,0.37384000420570374,1.1933923959732056,0.35432323813438416,0.6474732160568237,0.25912776589393616
954,95.47969818115234,0.20000000298023224,0.39500001072883606,1.2305539846420288,0.3759729862213135,1.2128956317901611,0.35877588391304016,0.6594893336296082,0.262097030878067
955,95.57969665527344,0.20000000298023224,0.39999300241470337,1.2180969715118408,0.36085501313209534,1.195828914642334,0.35841605067253113,0.6710256338119507,0.26458829641342163
956,95.67969512939453,0.20000000298023224,0.4000000059604645,1.2254799604415894,0.352387011051178,1.1891953945159912,0.3405621349811554,0.6820140480995178,0.2678796947002411
957,95.77970123291016,0.20000000298023224,0.4000000059604645,1.2378350496292114,0.359358012676239,1.2046914100646973,0.3384820818901062,0.6925774812698364,0.27117106318473816
958,95.87969970703125,0.20000000298023224,0.4000000059604645,1.2131500244140625,0.36110201478004456,1.2136214971542358,0.34864962100982666,0.7029539942741394,0.2736141085624695
959,95.97969818115234,0.20000000298023224,0.4000000059604645,1.1791859865188599,0.36516499519348145,1.1766537427902222,0.3440757989883423,0.7130882143974304,0.27552369236946106
960,96.07969665527344,0.20000000298023224,0.4000000059604645,1.1997309923171997,0.36634600162506104,1.1508303880691528,0.3481007218360901,0.7228236198425293,0.277251273393631
961,96.17969512939453,0.20000000298023224,0.4000000059604645,1.233963966369629,0.353969007730484,1.1930038928985596,0.3498947024345398,0.7321290969848633,0.2787150740623474
962,96.27970123291016,0.20000000298023224,0.4000000059604645,1.220162034034729,0.35757601261138916,1.2145296335220337,0.33611953258514404,0.7410159111022949,0.2799162268638611
963,96.37969970703125,0.20000000298023224,0.4000000059604645,1.1943379640579224,0.3491080105304718,1.1785963773727417,0.34495916962623596,0.7494983077049255,0.28090572357177734
964,96.47969818115234,0.20000000298023224,0.4000000059604645,1.2116739749908447,0.35521501302719116,1.1660820245742798,0.3308587074279785,0.7577369213104248,0.2817895710468292
965,96.57969665527344,0.20000000298023224,0.4000000059604645,1.239853024482727,0.3649190068244934,1.2011998891830444,0.34551045298576355,0.765652596950531,0.2825121283531189
966,96.67969512939453,0.20000000298023224,0.4000000059604645,1.2318370342254639,0.366225004196167,1.2200928926467896,0.35329383611679077,0.7730180621147156,0.2829488515853882
967,96.77970123291016,0.20000000298023224,0.4000000059604645,1.1996979713439941,0.36531201004981995,1.195369005203247,0.3489792048931122,0.7799309492111206,0.2831723690032959
968,96.87969970703125,0.20000000298023224,0.4000000059604645,1.1789499521255493,0.37700799107551575,1.1654719114303589,0.3475809097290039,0.786527693271637,0.2832728624343872
969,96.97969818115234,0.20000000298023224,0.4000000059604645,1.1610660552978516,0.3688899874687195,1.156340479850769,0.36285343766212463,0.7928414344787598,0.28328579664230347
970,97.07969665527344,0.20000000298023224,0.4000000059604645,1.189723014831543,0.36774998903274536,1.1386923789978027,0.3461313545703888,0.798849880695343,0.28320854902267456
971,97.17969512939453,0.20000000298023224,0.4000000059604645,1.2300490140914917,0.36634400486946106,1.1801011562347412,0.3514908254146576,0.804544985294342,0.28304025530815125
972,97.27970123291016,0.20000000298023224,0.4000000059604645,1.2342050075531006,0.3587529957294464,1.210127353668213,0.3507429361343384,0.8099414110183716,0.2828010618686676
973,97.37969970703125,0.20000000298023224,0.40499401092529297,1.2142900228500366,0.35876598954200745,1.1973799467086792,0.3424513638019562,0.8150588274002075,0.2825145423412323
974,97.47969818115234,0.20000000298023224,0.40749698877334595,1.2061749696731567,0.354775995016098,1.1801753044128418,0.3464381694793701,0.8199551701545715,0.2830582559108734
975,97.57969665527344,0.20000000298023224,0.4074999988079071,1.2010300159454346,0.351855993270874,1.185220718383789,0.34148678183555603,0.8246721625328064,0.28406280279159546
976,97.67969512939453,0.20000000298023224,0.4074999988079071,1.2254650592803955,0.3509019911289215,1.1779831647872925,0.33863580226898193,0.829261839389801,0.28451743721961975
977,97.77970123291016,0.20000000298023224,0.4074999988079071,1.2572970390319824,0.3654269874095917,1.2114006280899048,0.33825650811195374,0.83370441198349,0.28439801931381226
978,97.87969970703125,0.20000000298023224,0.4074999988079071,1.2371059656143188,0.3813590109348297,1.235202431678772,0.3568439781665802,0.8378994464874268,0.28416699171066284
979,97.97969818115234,0.20000000298023224,0.4074999988079071,1.2038880586624146,0.37171000242233276,1.1953984498977661,0.3676688075065613,0.8418275713920593,0.2839035391807556
980,98.07969665527344,0.20000000298023224,0.4074999988079071,1.190906047821045,0.35820698738098145,1.173589825630188,0.34923794865608215,0.8455365896224976,0.28358137607574463
981,98.17969512939453,0.20000000298023224,0.4074999988079071,1.1830179691314697,0.356097012758255,1.170511245727539,0.3401997685432434,0.8490583300590515,0.2832411527633667
982,98.27970123291016,0.20000000298023224,0.4074999988079071,1.1890920400619507,0.3449310064315796,1.1594611406326294,0.3422089219093323,0.852397620677948,0.28290584683418274
983,98.37969970703125,0.20000000298023224,0.4074999988079071,1.1986750364303589,0.32793399691581726,1.1710233688354492,0.3270646929740906,0.855556070804596,0.2825707495212555
984,98.47969818115234,0.20000000298023224,0.40999799966812134,1.1901559829711914,0.34398001432418823,1.1781035661697388,0.31259727478027344,0.8584054708480835,0.2821517586708069
985,98.57969665527344,0.20000000298023224,0.0679830014705658,1.1770800352096558,0.342536985874176,1.161635398864746,0.33999860286712646,0.8610068559646606,0.2821142375469208
986,98.67969512939453,0.20000000298023224,7.500000356230885e-05,1.184561014175415,0.30789899826049805,1.1672019958496094,0.2453826665878296,0.8684786558151245,0.20856043696403503
987,98.77970123291016,0.20000000298023224,0.0,1.2057240009307861,0.22106200456619263,1.1896518468856812,0.2070866972208023,0.8852260112762451,0.1149556040763855
988,98.87969970703125,0.20000000298023224,0.0,1.138856053352356,0.14216800034046173,1.192012906074524,0.14784032106399536,0.886790931224823,0.0714215561747551
989,98.97969818115234,0.20000000298023224,0.0,1.0133800506591797,0.11136800050735474,1.0864890813827515,0.10061377286911011,0.8805399537086487,0.0698293074965477
990,99.07969665527344,0.20000000298023224,0.0,1.004304051399231,0.13632899522781372,0.9865444898605347,0.09593889117240906,0.8882200717926025,0.07453952729701996
991,99.17969512939453,0.20000000298023224,0.0,1.0729750394821167,0.12007000297307968,1.0530281066894531,0.13087044656276703,0.8961936235427856,0.067033551633358
992,99.27970123291016,0.20000000298023224,0.0,1.1132349967956543,0.0859370008111,1.1066185235977173,0.08792395144701004,0.8944248557090759,0.05590979382395744
993,99.37969970703125,0.20000000298023224,0.0,1.146366000175476,0.05849500000476837,1.095937967300415,0.060909900814294815,0.8861900568008423,0.05001846328377724
994,99.47969818115234,0.20000000298023224,0.0,1.1984699964523315,0.0643329992890358,1.1346769332885742,0.04746697098016739,0.8790376782417297,0.04876919090747833
995,99.57969665527344,0.20000000298023224,0.0,1.2553340196609497,0.07006800174713135,1.1998006105422974,0.06905876100063324,0.875606894493103,0.04874689504504204
996,99.67969512939453,0.20000000298023224,0.0,1.2676969766616821,0.06612999737262726,1.262955904006958,0.07197005301713943,0.8827764391899109,0.05249938741326332
997,99.77970123291016,0.20249800384044647,0.0,1.2688610553741455,0.06262499839067459,1.253119707107544,0.06319314986467361,0.8953631520271301,0.057673558592796326
998,99.87969970703125,0.2000029981136322,0.0,1.2865389585494995,0.05705999955534935,1.2658917903900146,0.06106562539935112,0.9058900475502014,0.06181317940354347
999,99.97969818115234,0.2024960070848465,0.0,1.3083640336990356,0.029913999140262604,1.2960100173950195,0.054390937089920044,0.9125149250030518,0.06424261629581451
1000,100.07969665527344,0.20000199973583221,0.0,1.311851978302002,0.029431000351905823,1.3146271705627441,0.022480875253677368,0.9175654649734497,0.06588135659694672
1001,100.17969512939453,0.20249700546264648,0.0,1.3107199668884277,0.03584299981594086,1.306241512298584,0.03582556173205376,0.9231597185134888,0.0671602264046669
1002,100.27970123291016,0.20250000059604645,0.0,1.3070310354232788,0.02853499911725521,1.3110227584838867,0.038891084492206573,0.9295404553413391,0.06831801682710648
1003,100.37969970703125,0.20250000059604645,0.0,1.3016400337219238,0.02521600015461445,1.3087552785873413,0.025741005316376686,0.9358913898468018,0.06904740631580353
1004,100.47969818115234,0.20250000059604645,0.0,1.2899399995803833,0.032003000378608704,1.3030672073364258,0.02672489359974861,0.9421005845069885,0.06942419707775116
1005,100.57969665527344,0.2000029981136322,0.0,1.276656985282898,0.03144900128245354,1.2878050804138184,0.0347786508500576,0.9478497505187988,0.06948485225439072
1006,100.67969512939453,0.20249800384044647,0.0,1.295686960220337,0.057048000395298004,1.2768911123275757,0.0291435644030571,0.9533814787864685,0.06934263557195663
1007,100.77970123291016,0.20250000059604645,0.0,1.3228230476379395,0.06521700322628021,1.3099708557128906,0.06298074871301651,0.9585656523704529,0.06917934119701385
1008,100.87969970703125,0.20250000059604645,0.0,1.322553038597107,0.03285900130867958,1.3289551734924316,0.057782188057899475,0.9635609984397888,0.06891359388828278
1009,100.97969818115234,0.20250000059604645,0.0,1.3154250383377075,0.021716000512242317,1.3136403560638428,0.01767417974770069,0.9688569903373718,0.06861377507448196
1010,101.07969665527344,0.20250000059604645,0.0,1.2961560487747192,0.013598999939858913,1.3123306035995483,0.024730809032917023,0.9741054773330688,0.0682077556848526
1011,101.17969512939453,0.20000199973583221,0.0,1.2687950134277344,0.02071399986743927,1.2921825647354126,0.015621507540345192,0.9796369075775146,0.06789633631706238
1012,101.27970123291016,0.20249800384044647,0.0,1.2651430368423462,0.0728980004787445,1.2651276588439941,0.02676786482334137,0.984606146812439,0.06730423122644424
1013,101.37969970703125,0.20000199973583221,0.0,1.2674570083618164,0.07630500197410583,1.2731966972351074,0.08584332466125488,0.989029586315155,0.06671655923128128
1014,101.47969818115234,0.20000000298023224,0.0,1.2713899612426758,0.06125599890947342,1.2710517644882202,0.059324897825717926,0.9933915138244629,0.06604958325624466
1015,101.57969665527344,0.20249800384044647,0.0,1.2757289409637451,0.04476600140333176,1.271194338798523,0.04784820228815079,0.9977355599403381,0.06536583602428436
1016,101.67969512939453,0.20000199973583221,0.0,1.3157739639282227,0.006936999969184399,1.2755372524261475,0.037618979811668396,1.002408742904663,0.06493816524744034
1017,101.77970123291016,0.20000000298023224,0.0,1.364806056022644,-0.04143799841403961,1.335646390914917,-0.0013366183266043663,1.0073564052581787,0.06449442356824875
1018,101.87969970703125,0.20249700546264648,0.0,1.3316329717636108,-0.04669399932026863,1.3763480186462402,-0.04154381528496742,1.0115725994110107,0.063871368765831
1019,101.97969818115234,0.2000039964914322,0.0,1.2778689861297607,-0.01601400040090084,1.2988649606704712,-0.026514122262597084,1.0158584117889404,0.06344778090715408
1020,102.07969665527344,0.20249700546264648,0.0,1.291198968887329,0.004083000123500824,1.266222596168518,0.005742223933339119,1.0203064680099487,0.06298604607582092
1021,102.17969512939453,0.2000029981136322,0.0,1.3214149475097656,0.025018999353051186,1.3220421075820923,0.011688841506838799,1.024732232093811,0.0625363439321518
1022,102.27970123291016,0.20000000298023224,0.0,1.3160539865493774,0.029614999890327454,1.3327417373657227,0.030205637216567993,1.0293139219284058,0.062090158462524414
1023,102.37969970703125,0.20249800384044647,0.0,1.3017820119857788,0.023042000830173492,1.3022626638412476,0.024849731475114822,1.0335177183151245,0.061566922813653946
1024,102.47969818115234,0.20250000059604645,0.0,1.304021954536438,0.026829000562429428,1.2976378202438354,0.018497085198760033,1.0374902486801147,0.06114606186747551
1025,102.57969665527344,0.20250000059604645,0.0,1.3103950023651123,0.038488999009132385,1.3118951320648193,0.02979394793510437,1.041996955871582,0.0608767569065094
1026,102.67969512939453,0.20250000059604645,0.0,1.2941869497299194,0.017108000814914703,1.3135229349136353,0.04076915979385376,1.046670913696289,0.06047908589243889
1027,102.77970123291016,0.20250000059604645,0.0,1.2723159790039062,0.003932999912649393,1.2869682312011719,0.007820176891982555,1.0514061450958252,0.060128554701805115
1028,102.87969970703125,0.20250000059604645,0.0,1.3025790452957153,0.001550000044517219,1.2702133655548096,0.006390041206032038,1.0560468435287476,0.05980854108929634
1029,102.97969818115234,0.20250000059604645,0.0,1.345950961112976,0.002856000093743205,1.3285444974899292,0.007784250658005476,1.06009042263031,0.0593135729432106
1030,103.07969665527344,0.20250000059604645,0.0,1.3458750247955322,0.013113000430166721,1.358227252960205,0.008669924922287464,1.0640506744384766,0.05880441144108772
1031,103.17969512939453,0.20250000059604645,0.0,1.3168100118637085,0.010311000049114227,1.3308203220367432,0.0200059711933136,1.0679692029953003,0.0582665354013443
1032,103.27970123291016,0.20250000059604645,0.0,1.3055989742279053,0.0264699999243021,1.3055641651153564,0.010658007115125656,1.0723313093185425,0.0578039288520813
1033,103.37969970703125,0.20250000059604645,0.0,1.2988879680633545,0.024529999122023582,1.312535047531128,0.03424370288848877,1.0766716003417969,0.05737151950597763
1034,103.47969818115234,0.20250000059604645,0.0,1.321416974067688,-0.005450999829918146,1.3022805452346802,0.021002590656280518,1.0808085203170776,0.05687857046723366
1035,103.57969665527344,0.20250000059604645,0.0,1.3634239435195923,-0.00962700042873621,1.3379653692245483,-0.01273486390709877,1.0848207473754883,0.056362371891736984
1036,103.67969512939453,0.20250000059604645,0.0,1.3527820110321045,0.008396999910473824,1.3763657808303833,0.00010202918201684952,1.0885863304138184,0.05585262179374695
1037,103.77970123291016,0.20250000059604645,0.0,1.3289350271224976,0.00420599989593029,1.3323335647583008,0.0196511410176754,1.0924880504608154,0.05537759140133858
1038,103.87969970703125,0.20250000059604645,0.0,1.3317439556121826,-0.004406999796628952,1.3247910737991333,0.0035488763824105263,1.0965371131896973,0.05492093414068222
1039,103.97969818115234,0.20250000059604645,0.0,1.3412350416183472,0.035930998623371124,1.3452457189559937,-0.0012743936385959387,1.1003419160842896,0.054455991834402084
1040,104.07969665527344,0.20250000059604645,0.0,1.324874997138977,0.053679998964071274,1.34400475025177,0.051846422255039215,1.1041674613952637,0.053998686373233795
1041,104.17969512939453,0.20250000059604645,0.0,1.3020260334014893,0.04771300032734871,1.3134218454360962,0.04738449305295944,1.1078418493270874,0.053539663553237915
1042,104.27970123291016,0.20250000059604645,0.0,1.3012009859085083,0.03957799822092056,1.2978841066360474,0.037353336811065674,1.1116387844085693,0.05310029536485672
1043,104.37969970703125,0.20250000059604645,0.0,1.3059099912643433,0.01334999967366457,1.3096976280212402,0.03440441936254501,1.1155338287353516,0.05267656221985817
1044,104.47969818115234,0.20250000059604645,0.0,1.3112479448318481,0.002179000061005354,1.3098499774932861,0.005497784353792667,1.119165062904358,0.0522448793053627
1045,104.57969665527344,0.19001199305057526,0.0,1.3167439699172974,-0.008031999692320824,1.3135182857513428,0.006385481916368008,1.1225929260253906,0.05180990323424339
1046,104.67969512939453,0.14753900468349457,0.0,1.2980849742889404,-0.008097000420093536,1.3196184635162354,-0.004763851873576641,1.1251815557479858,0.05058079585433006
1047,104.77970123291016,0.12751799821853638,0.0,1.2733609676361084,-0.00010399999882793054,1.2830222845077515,-0.0033219088800251484,1.1227271556854248,0.04645324870944023
1048,104.87969970703125,0.08754400163888931,0.0,1.2261229753494263,-0.014449000358581543,1.2553712129592896,0.003171018324792385,1.1099181175231934,0.04049466550350189
1049,104.97969818115234,0.00015199999324977398,0.0,1.173253059387207,-0.02386300079524517,1.1898181438446045,-0.022623248398303986,1.0843271017074585,0.03255821764469147
1050,105.07969665527344,0.0,0.0,1.1097420454025269,-0.02566000074148178,1.1230697631835938,-0.029682286083698273,1.039512038230896,0.020036306232213974
1051,105.17969512939453,0.0,0.0,1.0435559749603271,-0.03305999934673309,1.048583984375,-0.02958044409751892,0.9832104444503784,0.007221901789307594
1052,105.27970123291016,0.0,0.0,0.9890530109405518,-0.0477989986538887,0.9908363223075867,-0.03895266354084015,0.9337246417999268,-0.002024974673986435
1053,105.37969970703125,0.0,0.0,0.9374880194664001,-0.07102800160646439,0.9507624506950378,-0.053075212985277176,0.8981309533119202,-0.008319351822137833
1054,105.47969818115234,0.0,0.0,0.9318289756774902,-0.05784599855542183,0.9051162004470825,-0.07486549019813538,0.8723122477531433,-0.013677334412932396
1055,105.57969665527344,0.0,0.0,0.9376950263977051,-0.0556350015103817,0.9249261617660522,-0.04506036639213562,0.8493655920028687,-0.019485171884298325
1056,105.67969512939453,0.0,0.0,0.9212039709091187,-0.10126800090074539,0.917711615562439,-0.06017120182514191,0.8251469731330872,-0.024898696690797806
1057,105.77970123291016,0.0,0.0,0.8991159796714783,-0.13684900104999542,0.890853226184845,-0.11606123298406601,0.8008821606636047,-0.02864900603890419
1058,105.87969970703125,0.0,0.0,0.8906000256538391,-0.09408500045537949,0.8768662214279175,-0.12466494739055634,0.7781569957733154,-0.030834199860692024
1059,105.97969818115234,0.0,0.0,0.8911070227622986,-0.01083999965339899,0.8707258105278015,-0.056596141308546066,0.7576953768730164,-0.0318150632083416
1060,106.07969665527344,0.0,0.0,0.8562570214271545,0.014190999791026115,0.870278537273407,0.00459344033151865,0.7392939329147339,-0.030461225658655167
1061,106.17969512939453,0.0,0.0,0.7978190183639526,-0.021152999252080917,0.8203374743461609,-0.009774930775165558,0.7209351658821106,-0.028543369844555855
1062,106.27970123291016,0.0,0.0,0.7868080139160156,-0.053568001836538315,0.7623617053031921,-0.04350278526544571,0.7016139030456543,-0.02738213539123535
1063,106.37969970703125,0.0,0.0,0.8073660135269165,-0.05267399922013283,0.784429132938385,-0.0474499836564064,0.6818312406539917,-0.02675524540245533
1064,106.47969818115234,0.0,0.0,0.7710630297660828,-0.0424950011074543,0.8001102209091187,-0.03525234013795853,0.662500262260437,-0.025964537635445595
1065,106.57969665527344,0.09986100345849991,0.0,0.7204040288925171,-0.03252600133419037,0.7235302925109863,-0.03658852353692055,0.6440454125404358,-0.024836525321006775
1066,106.67969512939453,0.10498999804258347,0.0,0.7110450267791748,-0.010049999691545963,0.7027961015701294,-0.023367568850517273,0.6330570578575134,-0.01541755348443985
1067,106.77970123291016,0.1074960008263588,0.0,0.7120490074157715,0.0020920000970363617,0.7340353727340698,0.005664304830133915,0.6387572884559631,-0.0010711215436458588
1068,106.87969970703125,0.11748699843883514,0.0,0.6869590282440186,0.00015199999324977398,0.7253989577293396,0.010648648254573345,0.6547643542289734,0.013979092240333557
1069,106.97969818115234,0.1424580067396164,0.0,0.6444690227508545,-0.00622999994084239,0.6827846169471741,0.006938625127077103,0.6716562509536743,0.027594614773988724
1070,107.07969665527344,0.16246700286865234,0.0,0.6330770254135132,-0.02369000017642975,0.6481200456619263,0.005960572045296431,0.6926308870315552,0.04188438504934311
1071,107.17969512939453,0.16249999403953552,0.0,0.6424720287322998,-0.041526999324560165,0.6688389182090759,-0.01322875451296568,0.7250291705131531,0.05713941156864166
1072,107.27970123291016,0.19246500730514526,0.0,0.6626960039138794,-0.03490399941802025,0.6769858002662659,-0.024773089215159416,0.7663130164146423,0.07181668281555176
1073,107.37969970703125,0.2024890035390854,0.0,0.6901689767837524,-7.599999662488699e-05,0.6966867446899414,-0.0035230815410614014,0.8121858239173889,0.0866561308503151
1074,107.47969818115234,0.20499800145626068,0.0,0.7656729817390442,0.03133299946784973,0.7324452996253967,0.034926608204841614,0.8615172505378723,0.10029775649309158
1075,107.57969665527344,0.23746100068092346,0.0,0.8532879948616028,0.04496699944138527,0.8389487266540527,0.05402218922972679,0.9109017848968506,0.11060934513807297
1076,107.67969512939453,0.24249500036239624,-0.0824119970202446,0.9216430187225342,0.06343699991703033,0.9154565334320068,0.059171438217163086,0.9566018581390381,0.11720782518386841
1077,107.77970123291016,0.24250000715255737,-0.18487200140953064,0.985164999961853,0.08486399799585342,0.9730607271194458,0.0546812005341053,1.0054826736450195,0.09508805721998215
1078,107.87969970703125,0.24250000715255737,-0.5597630143165588,1.099431037902832,0.043333999812603,1.0389635562896729,0.04210219159722328,1.0571163892745972,0.03446018323302269
1079,107.97969818115234,0.24250000715255737,-0.9567620158195496,1.2264549732208252,-0.08348000049591064,1.193252444267273,-0.09351185709238052,1.1222409009933472,-0.0962158739566803
1080,108.07969665527344,0.24250000715255737,-0.9999319911003113,1.2794140577316284,-0.25303998589515686,1.3273797035217285,-0.22003766894340515,1.2022883892059326,-0.2129974216222763
1081,108.17969512939453,0.24250000715255737,-1.0,1.3137949705123901,-0.36037901043891907,1.3442792892456055,-0.3435071110725403,1.2771894931793213,-0.2771785855293274
1082,108.27970123291016,0.24250000715255737,-1.0,1.3251110315322876,-0.4008370041847229,1.365309476852417,-0.40246230363845825,1.3369269371032715,-0.3173332214355469
1083,108.37969970703125,0.24250000715255737,-1.0,1.3306540250778198,-0.4060649871826172,1.3541396856307983,-0.41918644309043884,1.3854020833969116,-0.35277611017227173
1084,108.47969818115234,0.24250000715255737,-1.0,1.3280889987945557,-0.41955000162124634,1.3555357456207275,-0.4228495657444,1.4271409511566162,-0.3917511999607086
1085,108.57969665527344,0.24000400304794312,-1.0,1.3234889507293701,-0.43648698925971985,1.3419687747955322,-0.45687687397003174,1.4564450979232788,-0.44128841161727905
1086,108.67969512939453,0.23999999463558197,-1.0,1.3534940481185913,-0.46133801341056824,1.3235359191894531,-0.47277313470840454,1.4668776988983154,-0.48875337839126587
1087,108.77970123291016,0.23999999463558197,-1.0,1.3921589851379395,-0.4785799980163574,1.3652452230453491,-0.495206743478775,1.4643646478652954,-0.5256125330924988
1088,108.87969970703125,0.23999999463558197,-1.0,1.3647290468215942,-0.5010849833488464,1.3955625295639038,-0.5066629648208618,1.455979347229004,-0.5530595779418945
1089,108.97969818115234,0.24249599874019623,-1.0,1.3207529783248901,-0.5098919868469238,1.340516448020935,-0.5270596742630005,1.448582410812378,-0.5730069279670715
1090,109.07969665527344,0.24250000715255737,-1.0,1.3318289518356323,-0.5134109854698181,1.3100533485412598,-0.519717276096344,1.446738839149475,-0.5845940709114075
1091,109.17969512939453,0.24250000715255737,-1.0,1.3568099737167358,-0.5159580111503601,1.346962571144104,-0.5209638476371765,1.4468865394592285,-0.5922859311103821
1092,109.27970123291016,0.24250000715255737,-1.0,1.3663909435272217,-0.5162050127983093,1.362046241760254,-0.5244060754776001,1.446216344833374,-0.599506676197052
1093,109.37969970703125,0.24250000715255737,-1.0,1.3721040487289429,-0.5160369873046875,1.3590466976165771,-0.5237160921096802,1.443063735961914,-0.6058918833732605
1094,109.47969818115234,0.24250000715255737,-1.0,1.3867080211639404,-0.503724992275238,1.365332007408142,-0.5236260294914246,1.4383349418640137,-0.611121416091919
1095,109.57969665527344,0.24250000715255737,-1.0,1.4035500288009644,-0.49132901430130005,1.3814553022384644,-0.5088510513305664,1.4331001043319702,-0.6154393553733826
1096,109.67969512939453,0.24250000715255737,-1.0,1.3966070413589478,-0.4881170094013214,1.3932783603668213,-0.4999324381351471,1.4266784191131592,-0.6184841990470886
1097,109.77970123291016,0.2474920004606247,-1.0,1.3837050199508667,-0.48983100056648254,1.3759948015213013,-0.499674916267395,1.4200987815856934,-0.6208742260932922
1098,109.87969970703125,0.24999700486660004,-1.0,1.374735951423645,-0.4928619861602783,1.3675060272216797,-0.4993698298931122,1.4145914316177368,-0.6229603886604309
1099,109.97969818115234,0.2574859857559204,-1.0,1.366750955581665,-0.498183012008667,1.3626292943954468,-0.5005520582199097,1.4103199243545532,-0.6247380375862122
1100,110.07969665527344,0.2699800133705139,-1.0,1.3991650342941284,-0.49939700961112976,1.3563309907913208,-0.5058286190032959,1.4074960947036743,-0.6262273788452148
1101,110.17969512939453,0.27748599648475647,-1.0,1.4417389631271362,-0.5077069997787476,1.4055036306381226,-0.5045765042304993,1.4065040349960327,-0.6275054216384888
1102,110.27970123291016,0.29499000310897827,-1.0,1.4467060565948486,-0.5151640176773071,1.4435030221939087,-0.5177316665649414,1.4072779417037964,-0.6285883784294128
1103,110.37969970703125,0.3024919927120209,-1.0,1.4422680139541626,-0.5470759868621826,1.4325186014175415,-0.5248115658760071,1.409463882446289,-0.6294223070144653
1104,110.47969818115234,0.30250000953674316,-1.0,1.460603952407837,-0.5921170115470886,1.4378221035003662,-0.5620078444480896,1.4125678539276123,-0.6300394535064697
1105,110.57969665527344,0.30250000953674316,-1.0,1.4940979480743408,-0.6251689791679382,1.4690781831741333,-0.6023604869842529,1.4151562452316284,-0.6302967667579651
1106,110.67969512939453,0.30250000953674316,-1.0,1.524731993675232,-0.645995020866394,1.5024428367614746,-0.6286866068840027,1.415731430053711,-0.6303880214691162
1107,110.77970123291016,0.30250000953674316,-1.0,1.5546469688415527,-0.6608999967575073,1.5282255411148071,-0.6494373679161072,1.414494514465332,-0.6304937601089478
1108,110.87969970703125,0.30250000953674316,-1.0,1.5693930387496948,-0.6611109972000122,1.5567283630371094,-0.6658733487129211,1.4105379581451416,-0.6304548382759094
1109,110.97969818115234,0.30250000953674316,-1.0,1.5803320407867432,-0.6519460082054138,1.5633255243301392,-0.66376131772995,1.4050025939941406,-0.6302293539047241
1110,111.07969665527344,0.30250000953674316,-1.0,1.5474129915237427,-0.6565650105476379,1.5739940404891968,-0.654163122177124,1.399690866470337,-0.6298723816871643
1111,111.17969512939453,0.30250000953674316,-1.0,1.5034290552139282,-0.6558279991149902,1.5271379947662354,-0.6638604402542114,1.3952702283859253,-0.6295225024223328
1112,111.27970123291016,0.30250000953674316,-1.0,1.504997968673706,-0.638638973236084,1.4891705513000488,-0.6561620831489563,1.3914222717285156,-0.6291654706001282
1113,111.37969970703125,0.30250000953674316,-1.0,1.5179740190505981,-0.6308190226554871,1.5084013938903809,-0.6330942511558533,1.3879926204681396,-0.6290245056152344
1114,111.47969818115234,0.30250000953674316,-0.882669985294342,1.526134967803955,-0.6377220153808594,1.515149474143982,-0.6321848034858704,1.3847984075546265,-0.629035234451294
1115,111.57969665527344,0.30250000953674316,-0.0012529999949038029,1.5330899953842163,-0.6138089895248413,1.5188204050064087,-0.6240678429603577,1.381282925605774,-0.6129176020622253
1116,111.67969512939453,0.30250000953674316,0.18475200235843658,1.494446039199829,-0.44983500242233276,1.5079216957092285,-0.46659818291664124,1.3567852973937988,-0.4739058017730713
1117,111.77970123291016,0.30250000953674316,0.4448699951171875,1.4443739652633667,-0.12663400173187256,1.427627682685852,-0.23852315545082092,1.2973675727844238,-0.276660680770874
1118,111.87969970703125,0.30250000953674316,0.6298670172691345,1.4201279878616333,0.18995900452136993,1.336319923400879,0.05387389659881592,1.1936378479003906,-0.1095433235168457
1119,111.97969818115234,0.30250000953674316,0.6524699926376343,1.402340054512024,0.3955639898777008,1.3150115013122559,0.2706719636917114,1.0877454280853271,-0.002429358661174774
1120,112.07969665527344,0.30250000953674316,0.6949660181999207,1.3693920373916626,0.468997985124588,1.3256819248199463,0.39141666889190674,1.0181089639663696,0.0484953336417675
1121,112.17969512939453,0.30250000953674316,0.6125720143318176,1.3326319456100464,0.49226099252700806,1.3907699584960938,0.45456284284591675,1.0279271602630615,0.07363742589950562
1122,112.27970123291016,0.30250000953674316,0.0005389999714680016,1.32014799118042,0.5076979994773865,1.344629168510437,0.47810834646224976,1.068638563156128,0.10056771337985992
1123,112.37969970703125,0.30250000953674316,0.0,1.313768982887268,0.411081999540329,1.3258070945739746,0.38853418827056885,1.0645215511322021,0.057441189885139465
1124,112.47969818115234,0.3049960136413574,0.0,1.3061660528182983,0.22033700346946716,1.3271082639694214,0.2913110852241516,1.059569239616394,0.008596565574407578
1125,112.57969665527344,0.3124940097332001,0.0,1.2982549667358398,0.11248800158500671,1.3130704164505005,0.11947550624608994,1.0737172365188599,-0.0052954526618123055
1126,112.67969512939453,0.3125,0.0,1.2814669609069824,0.08644799888134003,1.3098065853118896,0.07142531871795654,1.092232346534729,0.0004900973290205002
1127,112.77970123291016,0.3399600088596344,0.0,1.2624599933624268,0.1148030012845993,1.2869665622711182,0.0761825293302536,1.1042590141296387,0.00820401031523943
1128,112.87969970703125,0.36496400833129883,0.0,1.3732889890670776,0.12373299896717072,1.2552034854888916,0.10526441037654877,1.0963019132614136,0.01774531602859497
1129,112.97969818115234,0.3699910044670105,0.0,1.5166640281677246,0.11185500025749207,1.415571689605713,0.10268503427505493,1.0855859518051147,0.024753021076321602
1130,113.07969665527344,0.37249401211738586,0.0,1.6262149810791016,0.08535899966955185,1.5281195640563965,0.09097538143396378,1.0857267379760742,0.028488188982009888
1131,113.17969512939453,0.3725000023841858,-0.35948100686073303,1.7130860090255737,0.034596998244524,1.620233416557312,0.06491885334253311,1.0913434028625488,0.029292955994606018
1132,113.27970123291016,0.3749989867210388,-0.3724929988384247,1.7838670015335083,-0.09025300294160843,1.721933126449585,-0.093081533908844,1.10398530960083,-0.07865961641073227
1133,113.37969970703125,0.3874790072441101,-0.3725000023841858,1.850612998008728,-0.26428601145744324,1.8200892210006714,-0.20383146405220032,1.123010516166687,-0.19529692828655243
1134,113.47969818115234,0.3899970054626465,-0.6571239829063416,1.9144079685211182,-0.37648600339889526,1.8857725858688354,-0.33350443840026855,1.1355422735214233,-0.24912217259407043
1135,113.57969665527344,0.38999998569488525,-0.6275309920310974,1.9774630069732666,-0.5430120229721069,1.9279512166976929,-0.4508547782897949,1.1320013999938965,-0.30350759625434875
1136,113.67969512939453,0.38999998569488525,-0.4900769889354706,1.9813610315322876,-0.6785140037536621,1.9935283660888672,-0.5953198075294495,1.1307823657989502,-0.3368520736694336
1137,113.77970123291016,0.38250601291656494,-0.00041599999531172216,1.9704149961471558,-0.6390219926834106,1.9490834474563599,-0.6526177525520325,1.1358144283294678,-0.32190510630607605
1138,113.87969970703125,0.3800019919872284,0.12488599866628647,1.9523710012435913,-0.40329599380493164,1.8881787061691284,-0.4575534760951996,1.1288061141967773,-0.1961001753807068
1139,113.97969818115234,0.3799999952316284,0.10752400010824203,1.9325480461120605,-0.03787999972701073,1.8596349954605103,-0.19994837045669556,1.0901994705200195,-0.032970428466796875
1140,114.07969665527344,0.3799999952316284,0.27236899733543396,1.8930079936981201,0.20878499746322632,1.812660574913025,0.09529401361942291,1.0178477764129639,0.04969588667154312
1141,114.17969512939453,0.3799999952316284,0.417387992143631,1.8403010368347168,0.33359700441360474,1.7834076881408691,0.26759088039398193,0.9358100295066833,0.10093563795089722
1142,114.27970123291016,0.3799999952316284,0.41749998927116394,1.8372629880905151,0.4635699987411499,1.789501428604126,0.37759846448898315,0.8773467540740967,0.1474551111459732
1143,114.37969970703125,0.3799999952316284,0.14793699979782104,1.846680998802185,0.5191630125045776,1.8540540933609009,0.481225848197937,0.8736686706542969,0.16964608430862427
1144,114.47969818115234,0.3799999952316284,0.00020199999562464654,1.851868987083435,0.4133090078830719,1.8370397090911865,0.43283408880233765,0.9068939685821533,0.12805822491645813
1145,114.57969665527344,0.3799999952316284,0.0,1.855996012687683,0.2029229998588562,1.8268810510635376,0.2689058184623718,0.9542621374130249,0.06597286462783813
1146,114.67969512939453,0.3799999952316284,0.26216399669647217,1.8951510190963745,0.08623799681663513,1.8216286897659302,0.09288785606622696,0.9696424603462219,0.033144351094961166
1147,114.77970123291016,0.3799999952316284,0.04777500033378601,1.94308602809906,0.14832599461078644,1.8969365358352661,0.09687678515911102,0.9572955369949341,0.0905289277434349
1148,114.87969970703125,0.3799999952316284,2.4000000848900527e-05,1.9465409517288208,0.20441600680351257,1.9597644805908203,0.1453820765018463,0.9390468001365662,0.10689538717269897
1149,114.97969818115234,0.3799999952316284,0.0,1.9388200044631958,0.1239209994673729,1.9307090044021606,0.15556174516677856,0.9426252841949463,0.07130604982376099
1150,115.07969665527344,0.3799999952316284,0.0,1.9602530002593994,0.05789300054311752,1.925620198249817,0.0617302805185318,0.957167387008667,0.04714607447385788
1151,115.17969512939453,0.3799999952316284,0.0,1.9890029430389404,0.03901499882340431,1.950608253479004,0.03088412433862686,0.9627459049224854,0.044816792011260986
1152,115.27970123291016,0.3799999952316284,0.0,2.0163509845733643,0.04218899831175804,1.9751405715942383,0.029012776911258698,0.9600746035575867,0.043625812977552414
1153,115.37969970703125,0.3799999952316284,-0.009984999895095825,2.0427660942077637,0.01844099909067154,2.002991199493408,0.03691119700670242,0.9531605243682861,0.04330652207136154
1154,115.47969818115234,0.3799999952316284,-0.052459001541137695,2.0537140369415283,0.01931600086390972,2.0418004989624023,0.0008402839303016663,0.9499533176422119,0.04370378702878952
1155,115.57969665527344,0.3799999952316284,-0.16992400586605072,2.060760974884033,-0.014693000353872776,2.0473201274871826,0.0005234740674495697,0.9542779326438904,0.03127248212695122
1156,115.67969512939453,0.3799999952316284,-8.299999899463728e-05,2.0803580284118652,-0.10620000213384628,2.0599772930145264,-0.0763675644993782,0.9674382209777832,-0.018502332270145416
1157,115.77970123291016,0.3799999952316284,0.0,2.1031079292297363,-0.1382800042629242,2.0754973888397217,-0.102908656001091,0.9774501323699951,-0.015304195694625378
1158,115.87969970703125,0.3799999952316284,0.0,2.0988569259643555,-0.03832799941301346,2.1062116622924805,-0.10654425621032715,0.9772049784660339,0.02172374725341797
1159,115.97969818115234,0.3799999952316284,0.0,2.087836980819702,0.06482700258493423,2.0784571170806885,0.004674043506383896,0.9682111740112305,0.04612163454294205
1160,116.07969665527344,0.3799999952316284,0.0,2.0937139987945557,0.08675400167703629,2.0661654472351074,0.07502808421850204,0.961641788482666,0.05303544923663139
1161,116.17969512939453,0.3799999952316284,0.0,2.1038379669189453,0.0901309996843338,2.088083028793335,0.06456087529659271,0.9612772464752197,0.055044446140527725
1162,116.27970123291016,0.3799999952316284,0.07488200068473816,2.114129066467285,0.08236200362443924,2.0987284183502197,0.06650587171316147,0.9668020009994507,0.051656898111104965
1163,116.37969970703125,0.38249701261520386,0.13991400599479675,2.1245319843292236,0.08171100169420242,2.1081361770629883,0.07943890988826752,0.9685786962509155,0.06993792951107025
1164,116.47969818115234,0.3824999928474426,0.1449970006942749,2.112837076187134,0.17188799381256104,2.122307300567627,0.09829047322273254,0.9566566944122314,0.11208724230527878
1165,116.57969665527344,0.3824999928474426,0.08006399869918823,2.0956079959869385,0.2629989981651306,2.0960309505462646,0.1970127522945404,0.9358968138694763,0.1455446183681488
1166,116.67969512939453,0.3824999928474426,0.07999999821186066,2.1176838874816895,0.2310120016336441,2.0732553005218506,0.24084730446338654,0.9291764497756958,0.14122241735458374
1167,116.77970123291016,0.3824999928474426,5.400000009103678e-05,2.1495940685272217,0.1660889983177185,2.1062405109405518,0.17722567915916443,0.9360535740852356,0.1248260885477066
1168,116.87969970703125,0.3824999928474426,0.0,2.169363021850586,0.10988699644804001,2.131284475326538,0.1050269678235054,0.9478926658630371,0.09367890655994415
1169,116.97969818115234,0.3874930143356323,0.0,2.1860709190368652,0.07079699635505676,2.1497364044189453,0.06939871609210968,0.9565901756286621,0.06654255092144012
1170,117.07969665527344,0.38749998807907104,0.0,2.191915988922119,0.06171799823641777,2.1834254264831543,0.04733296483755112,0.9603540301322937,0.05579901486635208
1171,117.17969512939453,0.38749998807907104,-0.3073369860649109,2.190521001815796,0.05673699826002121,2.196366786956787,0.04784341901540756,0.9613842964172363,0.05648542195558548
1172,117.27970123291016,0.38749998807907104,-0.3449679911136627,2.221349000930786,-0.033546000719070435,2.1962361335754395,-0.04513872414827347,0.9705163240432739,-0.020716577768325806
1173,117.37969970703125,0.38749998807907104,-0.34250301122665405,2.2602739334106445,-0.26110899448394775,2.2229323387145996,-0.13346560299396515,0.9945290684700012,-0.11637134104967117
1174,117.47969818115234,0.38749998807907104,-0.2551169991493225,2.3630199432373047,-0.41145598888397217,2.251729726791382,-0.3353537321090698,1.0208483934402466,-0.1716671586036682
1175,117.57969665527344,0.38749998807907104,-0.10021500289440155,2.481750011444092,-0.4839619994163513,2.361748218536377,-0.4016380310058594,1.0360783338546753,-0.16675564646720886
1176,117.67969512939453,0.38749998807907104,-0.06253399699926376,2.483565092086792,-0.3697350025177002,2.4721524715423584,-0.42577746510505676,1.0374305248260498,-0.09942761808633804
1177,117.77970123291016,0.38749998807907104,-0.0625,2.4561290740966797,-0.17546600103378296,2.4046175479888916,-0.2772499918937683,1.023571491241455,-0.028604842722415924
1178,117.87969970703125,0.38749998807907104,-7.100000220816582e-05,2.4859960079193115,-0.06322900205850601,2.3876876831054688,-0.10603989660739899,1.0058811902999878,0.004120919853448868
1179,117.97969818115234,0.3825100064277649,0.0,2.530242919921875,0.02757200039923191,2.461843490600586,-0.03002813085913658,0.9971156120300293,0.023913955315947533
1180,118.07969665527344,0.3824999928474426,0.0,2.523003101348877,0.03257500007748604,2.525094509124756,0.04273885861039162,0.9991390705108643,0.03554030507802963
1181,118.17969512939453,0.3824999928474426,0.0,2.502821922302246,0.05915899947285652,2.517916679382324,0.018114332109689713,1.005645751953125,0.03498399630188942
1182,118.27970123291016,0.3824999928474426,0.0,2.5410969257354736,0.07838299870491028,2.5177531242370605,0.051368068903684616,1.0157798528671265,0.03033047541975975
1183,118.37969970703125,0.3824999928474426,0.0,2.594014883041382,0.09424600005149841,2.5788509845733643,0.058777984231710434,1.0245122909545898,0.028886491432785988
1184,118.47969818115234,0.3824999928474426,0.0,2.6383440494537354,0.07062400132417679,2.620448350906372,0.07150653749704361,1.0296847820281982,0.02996308170258999
1185,118.57969665527344,0.3824999928474426,0.0,2.6769518852233887,0.042670998722314835,2.6570346355438232,0.045125894248485565,1.0324549674987793,0.03271223232150078
1186,118.67969512939453,0.37000301480293274,0.0,2.7492499351501465,0.06537099927663803,2.6924426555633545,0.029228534549474716,1.0323121547698975,0.03645212948322296
1187,118.77970123291016,0.35001298785209656,0.0,2.8300039768218994,0.08156699687242508,2.774172306060791,0.0619269534945488,1.0289766788482666,0.039230797439813614
1188,118.87969970703125,0.3075529932975769,0.0,2.877336025238037,0.09732799977064133,2.8455123901367188,0.06641842424869537,1.021027684211731,0.039855021983385086
1189,118.97969818115234,0.26756998896598816,0.0,2.9163010120391846,0.06957700103521347,2.8710074424743652,0.08032297343015671,1.0019456148147583,0.03795389086008072
1190,119.07969665527344,0.247530996799469,0.0,2.924838066101074,0.069241002202034,2.902726173400879,0.04573850706219673,0.9686392545700073,0.03426021710038185
1191,119.17969512939453,0.20506900548934937,0.0,2.913098096847534,0.05081000179052353,2.8887524604797363,0.05675806477665901,0.9250954985618591,0.030411304906010628
1192,119.27970123291016,0.1650560051202774,0.0,2.8458480834960938,0.02941500023007393,2.869744300842285,0.031011804938316345,0.8772751092910767,0.026202421635389328
1193,119.37969970703125,0.14503100514411926,0.0,2.764695882797241,-0.023437000811100006,2.7783615589141846,0.012790175154805183,0.8296294212341309,0.021743169054389
1194,119.47969818115234,0.10504200309515,0.0,2.5834920406341553,-0.03894900158047676,2.6951539516448975,-0.039121247828006744,0.7868001461029053,0.01902635581791401
1195,119.57969665527344,6.299999949987978e-05,0.0,2.377192974090576,-0.03259599953889847,2.4693028926849365,-0.041651684790849686,0.7498862147331238,0.01802254281938076
1196,119.67969512939453,0.0,0.0,2.1935529708862305,-0.03319700062274933,2.241297483444214,-0.03782100975513458,0.7156152129173279,0.01536507997661829
1197,119.77970123291016,0.0,0.0,2.0155839920043945,0.006773000117391348,2.0503592491149902,-0.03992732986807823,0.6874020099639893,0.011690699495375156
1198,119.87969970703125,0.0,0.0,1.835513949394226,0.03409799933433533,1.862339973449707,0.007096669636666775,0.6710932850837708,0.008853567764163017
1199,119.97969818115234,0.0,0.0,1.6549170017242432,0.04836000129580498,1.6902633905410767,0.019900314509868622,0.6588071584701538,0.0066233291290700436
1200,120.07969665527344,0.0,0.0,1.48614501953125,0.03394300118088722,1.52569580078125,0.03082071803510189,0.6424781084060669,0.003658565226942301
1201,120.17969512939453,0.0,0.0,1.3203589916229248,0.017545999959111214,1.3811475038528442,0.015288222581148148,0.6197686791419983,-0.0013547097332775593
1202,120.27970123291016,0.0,0.0,1.1976799964904785,0.015057999640703201,1.2279198169708252,0.008101213723421097,0.5958046913146973,-0.006680014543235302
1203,120.37969970703125,0.0,0.06745599955320358,1.085824966430664,0.026708999648690224,1.1329573392868042,0.013461667113006115,0.5754576921463013,-0.01031774003058672
1204,120.47969818115234,0.0,0.06750000268220901,1.0004290342330933,0.0430309996008873,1.0197802782058716,0.032702475786209106,0.5562512278556824,-0.009058186784386635
1205,120.57969665527344,0.0,9.40000027185306e-05,0.9326519966125488,0.05399100109934807,0.9519875049591064,0.04271082952618599,0.5375155210494995,-0.006818944588303566
1206,120.67969512939453,0.0,0.0,0.8509200215339661,0.03889099881052971,0.8969956636428833,0.0435362309217453,0.5238221883773804,-0.0074305362068116665
1207,120.77970123291016,0.0,0.0,0.7656859755516052,0.01825300045311451,0.8097277879714966,0.025945382192730904,0.5127944946289062,-0.007901160977780819
1208,120.87969970703125,0.0,0.0,0.7858110070228577,-0.0004239999980200082,0.7374385595321655,0.015452895313501358,0.4990503191947937,-0.007353566121309996
1209,120.97969818115234,0.0,0.0,0.8323370218276978,0.013167999684810638,0.8165653347969055,0.00035847871913574636,0.4829254448413849,-0.005285932682454586
1210,121.07969665527344,0.0,0.0,0.8415049910545349,0.028003999963402748,0.8248916268348694,0.024304669350385666,0.4685080349445343,-0.0032214829698204994
1211,121.17969512939453,0.0,0.0,0.8412590026855469,0.026806000620126724,0.8043801784515381,0.023939868435263634,0.4567064642906189,-0.003132257843390107
1212,121.27970123291016,0.0,0.0,0.8489999771118164,0.020152999088168144,0.8158290982246399,0.016681108623743057,0.44668200612068176,-0.004140261095017195
1213,121.37969970703125,0.0,0.0,0.8587419986724854,0.021028000861406326,0.8301058411598206,0.015439391136169434,0.43729978799819946,-0.004528086166828871
1214,121.47969818115234,0.0,0.0,0.845881998538971,0.007877999916672707,0.8373891711235046,0.02017155848443508,0.4277423322200775,-0.0045128255151212215
1215,121.57969665527344,0.0,0.0,0.8273450136184692,0.009461999870836735,0.8145370483398438,-0.0007306141778826714,0.4183816909790039,-0.0046288687735795975
1216,121.67969512939453,0.0,0.0,0.8259260058403015,0.01641399972140789,0.7999558448791504,0.011420315131545067,0.4104224741458893,-0.004965293686836958
1217,121.77970123291016,0.0,0.0,0.8288059830665588,0.016822999343276024,0.8116410970687866,0.014732010662555695,0.4033207893371582,-0.005214479751884937
1218,121.87969970703125,0.0,0.0,0.8173180222511292,0.013446000404655933,0.8100005984306335,0.010840815491974354,0.39602869749069214,-0.005225996021181345
1219,121.97969818115234,0.0,0.0,0.8022130131721497,0.01627199910581112,0.7882177233695984,0.008394284173846245,0.3883644640445709,-0.005103614181280136
1220,122.07969665527344,0.0,0.0,0.7621560096740723,0.016798000782728195,0.776684582233429,0.015066960826516151,0.3808940351009369,-0.004995451308786869
1221,122.17969512939453,0.0,0.0,0.7158139944076538,0.01823900081217289,0.7263002991676331,0.01240940485149622,0.37402549386024475,-0.0049346452578902245
1222,122.27970123291016,0.0,0.0,0.6872749924659729,0.011180000379681587,0.688880980014801,0.014511466026306152,0.3676719069480896,-0.004873467609286308
1223,122.37969970703125,0.0,0.0,0.6632019877433777,-0.0026100000832229853,0.6751253008842468,0.0035687177442014217,0.36153361201286316,-0.004767120815813541
1224,122.47969818115234,0.0,0.0,0.6383600234985352,-0.007672000210732222,0.6464412212371826,-0.008779570460319519,0.3554433286190033,-0.004605989903211594
1225,122.57969665527344,0.0,0.0,0.6133249998092651,-0.00368599989451468,0.6206864714622498,-0.006591415964066982,0.3494435250759125,-0.00440552644431591
1226,122.67969512939453,0.0,0.0,0.5800809860229492,-0.0030269999988377094,0.5978718400001526,-0.0022322335280478,0.3436582386493683,-0.0041891844011843204
1227,122.77970123291016,0.0,0.0,0.5447750091552734,0.0019000000320374966,0.5626471042633057,-0.006893696263432503,0.33814966678619385,-0.003973658662289381
1228,122.87969970703125,0.0,0.0,0.5363489985466003,0.005603000055998564,0.5324742794036865,0.0014656938146799803,0.3328791558742523,-0.003759483341127634
1229,122.97969818115234,0.0,0.0,0.5346500277519226,0.007552000228315592,0.540117084980011,0.0022988866548985243,0.3277670741081238,-0.003534270916134119
1230,123.07969665527344,0.0,0.0,0.5388870239257812,0.01070799957960844,0.5265089869499207,0.0040316591039299965,0.3227689266204834,-0.0032868555281311274
1231,123.17969512939453,0.0,0.0,0.5446190237998962,0.006639000028371811,0.5285415053367615,0.008783652447164059,0.31789642572402954,-0.0030185296200215816
1232,123.27970123291016,0.0,0.0,0.549938976764679,-0.0011099999537691474,0.5299573540687561,0.0012298217043280602,0.31318193674087524,-0.0027407812885940075
1233,123.37969970703125,0.0,0.0,0.5551549792289734,-0.004308000206947327,0.531788170337677,-0.0036474624648690224,0.30863600969314575,-0.0024637850001454353
1234,123.47969818115234,0.0,0.0,0.5649679899215698,-0.005917999893426895,0.5360875129699707,-0.0022717739921063185,0.304238885641098,-0.002188245765864849
1235,123.57969665527344,0.0,0.0,0.5759369730949402,-0.011216999962925911,0.5481662750244141,-0.004954594187438488,0.29996269941329956,-0.001907582744024694
1236,123.67969512939453,0.0,0.0,0.5537970066070557,-0.008399000391364098,0.5572039484977722,-0.012187612242996693,0.2957940101623535,-0.0016163697000592947
1237,123.77970123291016,0.0,0.0,0.523360013961792,0.00035200000274926424,0.5172970294952393,-0.004229226149618626,0.2917362153530121,-0.0013158477377146482
1238,123.87969970703125,0.0,0.0,0.5210239887237549,-0.0027940000873059034,0.5029728412628174,0.002319461666047573,0.28779610991477966,-0.0010119888465851545
1239,123.97969818115234,0.0,0.0,0.5257290005683899,-0.007315999828279018,0.5222502946853638,-0.009690938517451286,0.2839721143245697,-0.0007094726897776127
1240,124.07969665527344,0.0,0.0,0.4865899980068207,-0.0019519999623298645,0.5148608684539795,-0.008636850863695145,0.28025421500205994,-0.0004080799117218703
1241,124.17969512939453,0.0,0.0,0.4364379942417145,0.004453000146895647,0.4516282379627228,0.0016380355227738619,0.27663174271583557,-0.0001044267846737057
1242,124.27970123291016,0.0,0.0,0.44051000475883484,0.0019399999873712659,0.4254528284072876,0.002808992750942707,0.273099422454834,0.0002037368540186435
1243,124.37969970703125,0.0,0.0,0.4581589996814728,-0.005927000194787979,0.46490636467933655,-0.004343173932284117,0.26965683698654175,0.0005152284284122288
1244,124.47969818115234,0.0,0.0,0.4628399908542633,-0.016851000487804413,0.4562402665615082,-0.009401918388903141,0.2663038372993469,0.0008269211975857615
1245,124.57969665527344,0.0,0.0,0.46427398920059204,-0.022099999710917473,0.4455525577068329,-0.018142180517315865,0.26303744316101074,0.00113678106572479
1246,124.67969512939453,0.0,0.0,0.4552209973335266,-0.018201999366283417,0.4494987726211548,-0.017160193994641304,0.2598523795604706,0.0014452890027314425
1247,124.77970123291016,0.0,0.0,0.44353199005126953,-0.019727999344468117,0.43396133184432983,-0.01071305200457573,0.2567436993122101,0.0017541636480018497
1248,124.87969970703125,0.0,0.0,0.4361020028591156,-0.029058000072836876,0.4293149709701538,-0.020444177091121674,0.25370845198631287,0.0020642015151679516
1249,124.97969818115234,0.0,0.0,0.4297420084476471,-0.02824299968779087,0.4281345307826996,-0.03083259053528309,0.25074511766433716,0.0023744653444737196
1250,125.07969665527344,0.0,0.0,0.4167029857635498,-0.01747399941086769,0.42012152075767517,-0.020471669733524323,0.2478521317243576,0.0026833084411919117
1251,125.17969512939453,0.0,0.0,0.39921700954437256,-0.013249999843537807,0.40438443422317505,-0.011532827280461788,0.24502700567245483,0.0029899105429649353
1252,125.27970123291016,0.0,0.0,0.3880240023136139,-0.021108999848365784,0.39069026708602905,-0.017352188006043434,0.2422666698694229,0.003294706344604492
1253,125.37969970703125,0.0,0.0,0.38102200627326965,-0.030344000086188316,0.3866172730922699,-0.027618950232863426,0.2395683228969574,0.0035985345020890236
1254,125.47969818115234,0.0,0.0,0.42038801312446594,-0.037060998380184174,0.37828999757766724,-0.02975398674607277,0.23692990839481354,0.0039015822112560272
1255,125.57969665527344,0.0,0.0,0.47139498591423035,-0.0341310016810894,0.4350331127643585,-0.032688453793525696,0.23434986174106598,0.004203168675303459
1256,125.67969512939453,0.0,0.0,0.4429459869861603,-0.023351000621914864,0.45789003372192383,-0.0244155153632164,0.23182660341262817,0.0045024435967206955
1257,125.77970123291016,0.0,0.0,0.39458799362182617,-0.02060299925506115,0.3810328543186188,-0.016050290316343307,0.22935828566551208,0.0047991094179451466
1258,125.87969970703125,0.0,0.0,0.3805370032787323,-0.022792000323534012,0.3727421164512634,-0.02376810647547245,0.22694288194179535,0.005093482322990894
1259,125.97969818115234,0.0,0.0,0.38928699493408203,-0.019843000918626785,0.39107057452201843,-0.0244750939309597,0.22457855939865112,0.00538594089448452
1260,126.07969665527344,0.0,0.0,0.3840230107307434,-0.020687000826001167,0.39379510283470154,-0.016730137169361115,0.22226378321647644,0.005676429718732834
1261,126.17969512939453,0.0,0.0,0.3752410113811493,-0.026412999257445335,0.37275034189224243,-0.023677531629800797,0.21999722719192505,0.005964502226561308
1262,126.27970123291016,0.0,0.0,0.3792720139026642,-0.024337999522686005,0.369687557220459,-0.02840670384466648,0.21777759492397308,0.006249732803553343
1263,126.37969970703125,0.0,0.0,0.3918280005455017,-0.023101000115275383,0.3776260018348694,-0.01784767210483551,0.21560348570346832,0.006532035302370787
1264,126.47969818115234,0.0,0.0,0.3710460066795349,-0.030762000009417534,0.3845304846763611,-0.02180914208292961,0.21347346901893616,0.006811599712818861
1265,126.57969665527344,0.0,0.0,0.32804200053215027,-0.03521699830889702,0.3440454602241516,-0.033720795065164566,0.21138623356819153,0.007088573649525642
1266,126.67969512939453,0.0,0.0,0.32147300243377686,-0.03424200043082237,0.3146528899669647,-0.03054819442331791,0.20934060215950012,0.007362852338701487
1267,126.77970123291016,0.0,0.0,0.3391819894313812,-0.0339060015976429,0.34249186515808105,-0.028658060356974602,0.20733551681041718,0.0076341526582837105
1268,126.87969970703125,0.0,0.0,0.3388639986515045,-0.028324000537395477,0.34898701310157776,-0.03212343156337738,0.20536993443965912,0.007902263663709164
1269,126.97969818115234,0.0,0.0,0.3265550136566162,-0.020667999982833862,0.324472576379776,-0.023683074861764908,0.2034427970647812,0.008167176507413387
1270,127.07969665527344,0.0,0.0,0.3498930037021637,-0.0274679996073246,0.3161408007144928,-0.01959155686199665,0.20155304670333862,0.008428996428847313
1271,127.17969512939453,0.0,0.0,0.3970690071582794,-0.04193999990820885,0.3598482310771942,-0.03503519669175148,0.19969967007637024,0.008687769994139671
1272,127.27970123291016,0.0,0.0,0.3912400007247925,-0.043877001851797104,0.3918802738189697,-0.04205046594142914,0.1978817582130432,0.008943394757807255
1273,127.37969970703125,0.0,0.0,0.3500150144100189,-0.04117799922823906,0.3441476821899414,-0.03181394189596176,0.1960984766483307,0.009195702150464058
1274,127.47969818115234,0.0,0.0,0.3285059928894043,-0.040112998336553574,0.3208093047142029,-0.03457867354154587,0.194349005818367,0.009444591589272022
1275,127.57969665527344,0.0,0.0,0.32012200355529785,-0.03528299927711487,0.33448266983032227,-0.03712087869644165,0.1926324963569641,0.00969008170068264
1276,127.67969512939453,0.0,0.0,0.31833699345588684,-0.03226500004529953,0.3244437873363495,-0.03061026893556118,0.19094811379909515,0.00993222463876009
1277,127.77970123291016,0.0,0.0,0.3209550082683563,-0.03089500032365322,0.32297295331954956,-0.033641550689935684,0.18929509818553925,0.010171023197472095
1278,127.87969970703125,0.0,0.0,0.31303200125694275,-0.03358599916100502,0.3228541910648346,-0.03230137750506401,0.18767274916172028,0.010406401008367538
1279,127.97969818115234,0.0,0.0,0.2980870008468628,-0.04105599969625473,0.30357587337493896,-0.035456135869026184,0.18608038127422333,0.010638264007866383
1280,128.07969665527344,0.0,0.0,0.3019370138645172,-0.04217299818992615,0.29177355766296387,-0.04214931279420853,0.18451732397079468,0.010866576805710793
1281,128.17970275878906,0.0,0.0,0.3105190098285675,-0.03286299854516983,0.3088824152946472,-0.03511372208595276,0.18298287689685822,0.011091356165707111
1282,128.27969360351562,0.0,0.0,0.2941429913043976,-0.026350999251008034,0.3063623011112213,-0.024276040494441986,0.1814763993024826,0.011312635615468025
1283,128.37969970703125,0.0,0.0,0.2715199887752533,-0.030388999730348587,0.2760660648345947,-0.02782163769006729,0.17999732494354248,0.01153040211647749
1284,128.4796905517578,0.0,0.0,0.2709760069847107,-0.033208999782800674,0.26865842938423157,-0.03675652667880058,0.1785450428724289,0.0117446044459939
1285,128.57969665527344,0.0,0.0,0.28510600328445435,-0.032106999307870865,0.2826481759548187,-0.03146520256996155,0.17711897194385529,0.011955199763178825
1286,128.67970275878906,0.0,0.0,0.28683000802993774,-0.038683999329805374,0.28898051381111145,-0.02884703129529953,0.17571859061717987,0.012162179686129093
1287,128.77969360351562,0.0,0.0,0.2802630066871643,-0.04302699863910675,0.2758409380912781,-0.041674092411994934,0.17434334754943848,0.012365568429231644
1288,128.87969970703125,0.0,0.0,0.2802259922027588,-0.036052998155355453,0.27176040410995483,-0.03772959113121033,0.17299270629882812,0.012565385550260544
1289,128.9796905517578,0.0,0.0,0.28454598784446716,-0.027222000062465668,0.27766817808151245,-0.025823891162872314,0.1716661900281906,0.012761624529957771
1290,129.07969665527344,0.0,0.0,0.2833069860935211,-0.0228860005736351,0.27955058217048645,-0.025083785876631737,0.17036330699920654,0.01295426208525896
1291,129.17970275878906,0.0,0.0,0.2783609926700592,-0.019204000011086464,0.27423328161239624,-0.0256891418248415,0.16908356547355652,0.013143283315002918
1292,129.27969360351562,0.0,0.0,0.27543699741363525,-0.019638000056147575,0.2713555693626404,-0.02039438858628273,0.16782653331756592,0.013328703120350838
1293,129.37969970703125,0.0,0.0,0.27386000752449036,-0.029068000614643097,0.2716826796531677,-0.023303639143705368,0.16659176349639893,0.013510541059076786
1294,129.4796905517578,0.0,0.0,0.2643809914588928,-0.026864999905228615,0.2704221308231354,-0.03408302366733551,0.16537883877754211,0.013688812032341957
1295,129.57969665527344,0.0,0.0,0.252905011177063,-0.007741000037640333,0.2570566236972809,-0.017458483576774597,0.16418728232383728,0.01386351976543665
1296,129.67970275878906,0.0,0.0,0.24873599410057068,0.0018530000234022737,0.25037410855293274,0.002323627006262541,0.16301670670509338,0.014034667052328587
1297,129.77969360351562,0.0,0.0,0.2464040070772171,-0.010979999788105488,0.25219032168388367,-0.007400961127132177,0.16186675429344177,0.014202266000211239
1298,129.87969970703125,0.0,0.0,0.23897799849510193,-0.028077999129891396,0.2470879703760147,-0.0268208310008049,0.1607370227575302,0.014366330578923225
1299,129.9796905517578,0.0,0.0,0.23027800023555756,-0.03524300083518028,0.23661983013153076,-0.029379162937402725,0.15962712466716766,0.014526878483593464
