time_s,throttle_norm,rudder_norm,speed_mps,yaw_rate_rps,segment,mode_num,gps_status,nsats,hdop
0.079888,0,0,0.0225427,0.000797864,0,0,3,14,0.81
0.179888,0,0,0.0251337,0.000914028,0,0,3,14,0.81
0.279888,0,0,0.0266824,0.000959442,0,0,3,14,0.81
0.379888,0,0,0.0240974,0.000634522,0,0,3,14,0.81
0.479888,0,0,0.0263832,0.000840517,0,0,3,14,0.81
0.579888,0,0,0.0484717,0.00108448,0,0,3,14,0.81
0.679888,0,0,0.0626301,0.00101723,0,0,3,14,0.81
0.779888,0,0,0.0444363,0.000883381,0,0,3,14,0.81
0.879888,0,0,0.0290241,0.000684612,0,0,3,14,0.81
0.979888,0,0,0.0249255,0.000970385,0,0,3,14,0.81
1.07989,0,0,0.022655,0.000910591,0,1,3,14,0.81
1.17989,0,0,0.0278476,0.000902241,0,1,3,14,0.81
1.27989,0,0,0.0310478,0.00106801,0,1,3,14,0.81
1.37989,0,0,0.0261426,0.000962435,0,1,3,14,0.81
1.47989,0,0,0.0236324,0.000844275,0,1,3,14,0.81
1.57989,0,0,0.0308865,0.000928192,0,1,3,14,0.81
1.67989,0,0,0.0338996,0.000965009,0,1,3,14,0.81
1.77989,0,0,0.0195711,0.000905029,0,1,3,14,0.81
1.87989,0,0,0.0116018,0.0010003,0,1,3,14,0.81
1.97989,0,0,0.0295883,0.000996794,0,10,3,14,0.81
2.07989,0,0.0399563,0.04041,0.000905114,0,10,3,14,0.81
2.17989,0,-0.187295,0.0218828,0.000810202,0,10,3,14,0.81
2.27989,0,-0.62708,0.00974814,0.000900331,0,10,3,14,0.81
2.37989,0,-0.886987,0.0237187,0.00105948,0,10,3,14,0.81
2.47989,0,-0.00109719,0.0346699,0.00117618,0,0,3,14,0.81
2.57989,0,0,0.0333613,0.000845072,0,0,3,14,0.81
2.67989,0,0,0.0293201,0.000394412,0,0,3,14,0.81
2.77989,0,0,0.0141634,0.00194297,0,0,3,14,0.81
2.87989,0,0,0.00340965,0.0010416,0,0,3,14,0.81
2.97989,0,0,0.0105475,0.00119788,0,0,3,14,0.81
3.07989,0,0,0.0171382,0.00100462,0,0,3,14,0.81
3.17989,0,0,0.0214998,0.000998918,0,0,3,14,0.81
3.27989,0,0,0.0239557,0.000941727,0,0,3,14,0.81
3.37989,0,0,0.0186679,0.00088866,0,0,3,14,0.81
3.47989,0,0,0.0146771,0.00122946,0,0,3,14,0.81
3.57989,0,0,0.0159703,0.00120469,0,0,3,14,0.81
3.67989,0,0,0.017264,0.00106682,0,0,3,14,0.81
3.77989,0,0,0.0192404,0.000936932,0,0,3,14,0.81
3.87989,0,0,0.0212124,0.00132095,0,0,3,14,0.81
3.97989,0,0,0.0207594,0.000781765,0,0,3,14,0.81
4.07989,0,0,0.0201062,0.00094887,0,0,3,14,0.81
4.17989,0,0,0.0186407,0.00079746,0,0,3,14,0.81
4.27989,0,0,0.0160205,0.00104787,0,0,3,14,0.81
4.37989,0,0,0.00870233,0.000951493,0,0,3,14,0.81
4.47989,0,0,0.00352105,0.000982887,0,0,3,14,0.81
4.57989,0,0,0.00703067,0.000870477,0,0,3,14,0.81
4.67989,0,0,0.0135509,0.000864544,0,0,3,14,0.81
4.77989,0,0,0.0323419,0.000897281,0,0,3,14,0.81
4.87989,0,0,0.043962,0.000900461,0,0,3,14,0.81
4.97989,0,0,0.0263225,0.00104779,0,0,3,14,0.81
5.07989,0,0,0.0145238,0.000699271,0,0,3,14,0.81
5.17989,0,0,0.0264687,0.000928526,0,0,3,14,0.81
5.27989,0,0,0.0367578,0.00115806,0,0,3,14,0.81
5.37989,0,0,0.0403149,0.000918104,0,10,3,14,0.81
5.47989,0,-0.277228,0.0444609,0.000953737,0,10,3,14,0.81
5.57989,0,-0.596112,0.0510192,0.00120974,0,10,3,14,0.81
5.67989,0,-0.78458,0.058269,0.00102564,0,10,3,14,0.81
5.77989,0,-0.997207,0.0683611,0.0011323,0,10,3,14,0.81
5.87989,0,-1,0.0753283,0.00105535,0,10,3,14,0.81
5.97989,0,-1,0.0693947,0.000910645,0,10,3,14,0.81
6.07989,0,-1,0.0597969,0.000848301,0,10,3,14,0.81
6.17989,0,-1,0.0351324,0.00106059,0,10,3,14,0.81
6.27989,0,-1,0.0159731,0.000941029,0,10,3,14,0.81
6.37989,0,-1,0.0194262,0.000452606,0,10,3,14,0.81
6.47989,0,-1,0.0274638,0.000992621,0,10,3,14,0.81
6.57989,0,-1,0.0543457,0.00126816,0,10,3,14,0.81
6.67989,0,0.995614,0.0715646,0.00113446,0,10,3,14,0.81
6.77989,0,1,0.0491283,0.000920132,0,10,3,14,0.81
6.87989,0,1,0.0289956,0.00114205,0,10,3,14,0.81
6.97989,0,1,0.0183795,0.000876496,0,10,3,14,0.81
7.07989,0,0.000739143,0.0128306,0.000796246,0,0,3,14,0.81
7.17989,0,0,0.0280093,0.000997889,0,0,3,14,0.81
7.27989,0,0,0.0380257,0.000774719,0,0,3,14,0.81
7.37989,0,0,0.0269848,0.00138706,0,0,3,14,0.81
7.47989,0,0,0.0189665,0.00144999,0,0,3,14,0.81
7.57989,0,0,0.0233272,0.000753695,0,0,3,14,0.81
7.67989,0,0,0.0266531,0.000866247,0,0,3,14,0.81
7.77989,0,0,0.0257366,0.000931662,0,0,3,14,0.81
7.87989,0,0,0.0249201,0.000923414,0,0,3,14,0.81
7.97989,0,0,0.0245134,0.00107678,0,0,3,14,0.81
8.07989,0,0,0.027814,0.000970789,0,0,3,14,0.81
8.17989,0,0,0.0462225,0.000939873,0,0,3,14,0.81
8.27989,0,0,0.061,0.000990142,0,0,3,14,0.81
8.37989,0,0,0.061,0.000742064,0,0,3,14,0.81
8.47989,0,0,0.0573378,0.0010167,0,0,3,14,0.81
8.57989,0,0,0.0387126,0.00118069,0,0,3,14,0.81
8.67989,0,0,0.0243136,0.000943946,0,0,3,14,0.81
8.77989,0,0,0.0270649,0.00116509,0,0,3,14,0.81
8.87989,0,0,0.0323521,0.00111468,0,0,3,14,0.81
8.97989,0,0,0.0479884,0.000805256,0,0,3,14,0.81
9.07989,0,0,0.0550597,0.000856766,0,0,3,14,0.81
9.17989,0,0,0.027291,0.00103714,0,0,3,14,0.81
9.27989,0,0,0.00543733,0.00115268,0,0,3,14,0.81
9.37989,0,0,0.00765433,0.00100778,0,0,3,14,0.81
9.47989,0,0,0.0100938,0.00117454,0,0,3,14,0.81
9.57989,0,0,0.0134386,0.000907475,0,0,3,14,0.81
9.67989,0,0,0.0179325,0.00117706,0,0,3,14,0.81
9.77989,0,0,0.0271109,0.000978492,0,0,3,14,0.81
9.87989,0,0,0.0369096,0.0008385,0,0,3,14,0.81
9.97989,0,0,0.049238,0.000965459,0,0,3,14,0.81
10.0799,0,0,0.0554369,0.00124763,0,0,3,14,0.81
10.1799,0,0,0.0366797,0.00102888,0,0,3,14,0.81
10.2799,0,0,0.0209808,0.000977691,0,0,3,14,0.81
10.3799,0,0,0.0176824,0.000946587,0,0,3,14,0.81
10.4799,0,0,0.0141521,0.00119512,0,0,3,14,0.81
10.5799,0,0,0.00967583,0.00116689,0,0,3,14,0.81
10.6799,0,0,0.00876147,0.00100765,0,0,3,14,0.81
10.7799,0,0,0.0223383,0.00136159,0,0,3,14,0.81
10.8799,0,0,0.0331438,0.00116013,0,0,3,14,0.81
10.9799,0,0,0.0326474,0.00116418,0,0,3,14,0.81
11.0799,0,0,0.0310326,0.000972587,0,0,3,14,0.81
11.1799,0,0,0.0248717,0.00107444,0,0,3,14,0.81
11.2799,0,0,0.0220766,0.00104479,0,0,3,14,0.81
11.3799,0,0,0.0329953,0.00104413,0,0,3,14,0.81
11.4799,0,0,0.044261,0.000958227,0,0,3,14,0.81
11.5799,0,0,0.0569396,0.000920827,0,0,3,14,0.81
11.6799,0,0,0.0642901,0.00116668,0,0,3,14,0.81
11.7799,0,0,0.0499358,0.000945881,0,0,3,14,0.81
11.8799,0,0,0.0353353,0.00102804,0,0,3,14,0.81
11.9799,0,0,0.0197353,0.000950836,0,0,3,14,0.81
12.0799,0,0,0.00872422,0.000749918,0,0,3,14,0.81
12.1799,0,0,0.0163988,0.000972882,0,0,3,14,0.81
12.2799,0,0,0.0226801,0.000982332,0,0,3,14,0.81
12.3799,0,0,0.0232844,0.000886051,0,0,3,14,0.81
12.4799,0,0,0.0226287,0.00111839,0,0,3,14,0.81
12.5799,0,0,0.016833,0.000820196,0,0,3,14,0.81
12.6799,0,0,0.0110462,0.00100865,0,0,3,14,0.81
12.7799,0,0,0.0116212,0.00103618,0,0,3,14,0.81
12.8799,0,0,0.0125437,0.000880049,0,0,3,14,0.81
12.9799,0,0,0.0148841,0.00116993,0,0,3,14,0.81
13.0799,0,0,0.0203497,0.000872185,0,0,3,14,0.81
13.1799,0,0,0.0385392,0.00117703,0,0,3,14,0.81
13.2799,0,0,0.050896,0.000915843,0,0,3,14,0.81
13.3799,0,0,0.0394337,0.000795967,0,0,3,14,0.81
13.4799,0,0,0.0303926,0.00110089,0,0,3,14,0.81
13.5799,0,0,0.0312046,0.000884143,0,0,3,14,0.81
13.6799,0,0,0.032019,0.00107085,0,0,3,14,0.81
13.7799,0,0,0.0346008,0.000794709,0,0,3,14,0.81
13.8799,0,0,0.0369721,0.00101117,0,0,3,14,0.81
13.9799,0,0,0.0384848,0.00107689,0,0,3,14,0.81
14.0799,0,0,0.0384908,0.000978248,0,0,3,14,0.81
14.1799,0,0,0.032372,0.00130971,0,0,3,14,0.81
14.2799,0,0,0.0281093,0.00102912,0,0,3,14,0.81
14.3799,0,0,0.0314086,0.000833965,0,0,3,14,0.81
14.4799,0,0,0.0341189,0.00092223,0,0,3,14,0.81
14.5799,0,0,0.0344244,0.000918972,0,0,3,14,0.81
14.6799,0,0,0.0349467,0.000954234,0,0,3,14,0.81
14.7799,0,0,0.0363538,0.00101789,0,0,3,14,0.81
14.8799,0,0,0.0342283,0.00101239,0,0,3,14,0.81
14.9799,0,0,0.0177222,0.00095456,0,0,3,14,0.81
15.0799,0,0,0.00786823,0.00097337,0,0,3,14,0.81
15.1799,0,0,0.0250846,0.00110407,0,0,3,14,0.81
15.2799,0,0,0.0360125,0.00107008,0,0,3,14,0.81
15.3799,0,0,0.0213001,0.0009636,0,0,3,14,0.81
15.4799,0,0,0.00932162,0.000837834,0,0,3,14,0.81
15.5799,0,0,0.00848324,0.00103675,0,0,3,14,0.81
15.6799,0,0,0.00733583,0.00102432,0,0,3,14,0.81
15.7799,0,0,0.004931,0.00102046,0,0,3,14,0.81
15.8799,0,0,0.0053663,0.000957485,0,0,3,14,0.81
15.9799,0,0,0.0173762,0.0010405,0,0,3,14,0.81
16.0799,0,0,0.0260771,0.00119106,0,0,3,14,0.81
16.1799,0,0,0.0213015,0.00101732,0,0,3,14,0.81
16.2799,0,0,0.0183199,0.000852769,0,0,3,14,0.81
16.3799,0,0,0.0226741,0.00104255,0,0,3,14,0.81
16.4799,0,0,0.0290177,0.000898307,0,0,3,14,0.81
16.5799,0,0,0.0434927,0.000906232,0,0,3,14,0.81
16.6799,0,0,0.0517032,0.00100721,0,0,3,14,0.81
16.7799,0,0,0.0344576,0.00106979,0,0,3,14,0.81
16.8799,0,0,0.0204008,0.0011055,0,0,3,14,0.81
16.9799,0,0,0.0193127,0.000927094,0,0,3,14,0.81
17.0799,0,0,0.0181644,0.00085631,0,0,3,14,0.81
17.1799,0,0,0.016771,0.000988169,0,0,3,14,0.81
17.2799,0,0,0.0153005,0.000983147,0,0,3,14,0.81
17.3799,0,0,0.0135163,0.000951251,0,0,3,14,0.81
17.4799,0,0,0.0137594,0.00113775,0,0,3,14,0.81
17.5799,0,0,0.022281,0.00117682,0,0,3,14,0.81
17.6799,0,0,0.027084,0.000937339,0,0,3,14,0.81
17.7799,0,0,0.0167673,0.000878524,0,0,3,14,0.81
17.8799,0,0,0.0092751,0.00098876,0,0,3,14,0.81
17.9799,0,0,0.0132796,0.00109245,0,0,3,14,0.81
18.0799,0,0,0.0158358,0.00101447,0,0,3,14,0.81
18.1799,0,0,0.0125149,0.00103466,0,0,3,14,0.81
18.2799,0,0,0.011749,0.00125553,0,0,3,14,0.81
18.3799,0,0,0.0213836,0.00100918,0,0,3,14,0.81
18.4799,0,0,0.031406,0.00103827,0,0,3,14,0.81
18.5799,0,0,0.0430088,0.000909945,0,0,3,14,0.81
18.6799,0,0,0.0501721,0.000998157,0,0,3,14,0.81
18.7799,0,0,0.0392392,0.00128418,0,0,3,14,0.81
18.8799,0,0,0.0326342,0.00113592,0,0,3,14,0.81
18.9799,0,0,0.0436402,0.00114372,0,0,3,14,0.81
19.0799,0,0,0.0523676,0.00104419,0,0,3,14,0.81
19.1799,0,0,0.051804,0.00107759,0,0,3,14,0.81
19.2799,0,0,0.0481802,0.000893153,0,0,3,14,0.81
19.3799,0,0,0.0321163,0.000877574,0,0,3,14,0.81
19.4799,0,0,0.0205218,0.000716695,0,0,3,14,0.81
19.5799,0,0,0.0271999,0.00104848,0,0,3,14,0.81
19.6799,0,0,0.0336715,0.00103257,0,0,3,14,0.81
19.7799,0,0,0.0393054,0.0007616,0,0,3,14,0.81
19.8799,0,0,0.0398227,0.000974728,0,0,3,14,0.81
19.9799,0,0,0.0194879,0.00089021,0,0,3,14,0.81
20.0799,0,0,0.00474673,0.000844979,0,0,3,14,0.81
20.1799,0,0,0.0127831,0.000913614,0,0,3,14,0.81
20.2799,0,0,0.021428,0.000995274,0,0,3,14,0.81
20.3799,0,0,0.032552,0.000958575,0,0,3,14,0.81
20.4799,0,0,0.0389701,0.00108999,0,0,3,14,0.81
20.5799,0,0,0.0262021,0.00102946,0,0,3,14,0.81
20.6799,0,0,0.0134944,0.00119897,0,0,3,14,0.81
20.7799,0,0,0.0401322,0.00104082,0,0,3,14,0.81
20.8799,0,0,0.0585762,0.000828418,0,0,3,14,0.81
20.9799,0,0,0.0436211,0.00093571,0,0,3,14,0.81
21.0799,0,0,0.0337841,0.000936393,0,0,3,14,0.81
21.1799,0,0,0.0447161,0.00109753,0,0,3,14,0.81
21.2799,0,0,0.0520412,0.00104884,0,0,3,14,0.81
21.3799,0,0,0.0447166,0.000951099,0,0,3,14,0.81
21.4799,0,0,0.0381744,0.000855892,0,0,3,14,0.81
21.5799,0,0,0.0348268,0.000896515,0,0,3,14,0.81
21.6799,0,0,0.0363527,0.000988279,0,0,3,14,0.81
21.7799,0,0,0.0576833,0.00087839,0,0,3,14,0.81
21.8799,0,0,0.0750387,0.000839524,0,0,3,14,0.81
21.9799,0,0,0.0761841,0.000999439,0,0,3,14,0.81
22.0799,0,0,0.0719105,0.00104315,0,0,3,14,0.81
22.1799,0,0,0.0455615,0.000861084,0,0,3,14,0.81
22.2799,0,0,0.0250503,0.000950335,0,0,3,14,0.81
22.3799,0,0,0.0282784,0.00100982,0,0,3,14,0.81
22.4799,0,0,0.0283609,0.000909781,0,0,3,14,0.81
22.5799,0,0,0.0156188,0.00115279,0,0,3,14,0.81
22.6799,0,0,0.00653127,0.00116245,0,0,3,14,0.81
22.7799,0,0,0.0123532,0.00122425,0,0,3,14,0.81
22.8799,0,0,0.0181402,0.00116545,0,0,3,14,0.81
22.9799,0,0,0.0237845,0.00109032,0,0,3,14,0.81
23.0799,0,0,0.027112,0.00113925,0,0,3,14,0.81
23.1799,0,0,0.0209664,0.000935847,0,0,3,14,0.81
23.2799,0,0,0.0146731,0.00101758,0,0,3,14,0.81
23.3799,0,0,0.00777722,0.00101653,0,0,3,14,0.81
23.4799,0,0,0.00489219,0.000908519,0,0,3,14,0.81
23.5799,0,0,0.0184121,0.000925798,0,0,3,14,0.81
23.6799,0,0,0.0273249,0.00102846,0,0,3,14,0.81
23.7799,0,0,0.0174058,0.000764064,0,0,3,14,0.81
23.8799,0,0,0.0112357,0.00109132,0,0,3,14,0.81
23.9799,0,0,0.020413,0.00113929,0,0,3,14,0.81
24.0799,0,0,0.0285777,0.000960065,0,0,3,14,0.81
24.1799,0,0,0.0326079,0.00100693,0,0,3,14,0.81
24.2799,0,0,0.0335081,0.00101516,0,0,3,14,0.81
24.3799,0,0,0.0215942,0.000840589,0,0,3,14,0.81
24.4799,0,0,0.019192,0.000949248,0,0,3,14,0.81
24.5799,0,0,0.0311757,0.00125184,0,0,3,14,0.81
24.6799,0,0,0.0418454,0.0010091,0,0,3,14,0.81
24.7799,0,0,0.0471427,0.00102294,0,0,3,14,0.81
24.8799,0,0,0.0478537,0.00117513,0,0,3,14,0.81
24.9799,0,0,0.0297815,0.000883478,0,0,3,14,0.81
25.0799,0,0,0.0150072,0.00118272,0,0,3,14,0.81
25.1799,0,0,0.0137002,0.00102224,0,0,3,14,0.81
25.2799,0,0,0.0150778,0.00110845,0,0,3,14,0.81
25.3799,0,0,0.0274789,0.00105246,0,0,3,14,0.81
25.4799,0,0,0.0342556,0.000975773,0,0,3,14,0.81
25.5799,0,0,0.0180334,0.00100297,0,0,3,14,0.81
25.6799,0,0,0.00707118,0.00130803,0,0,3,14,0.81
25.7799,0,0,0.0176078,0.00101205,0,0,3,14,0.81
25.8799,0,0,0.0251,0.00105895,0,0,3,14,0.81
25.9799,0,0,0.0201223,0.00127314,0,0,3,14,0.81
26.0799,0,0,0.0161397,0.00113165,0,0,3,14,0.81
26.1799,0,0,0.0162168,0.000876872,0,0,3,14,0.81
26.2799,0,0,0.0175702,0.000887062,0,0,3,14,0.81
26.3799,0,0,0.0241453,0.000936513,0,0,3,14,0.81
26.4799,0,0,0.0287073,0.00084508,0,0,3,14,0.81
26.5799,0,0,0.0250413,0.000860686,0,0,3,14,0.81
26.6799,0,0,0.0214006,0.00115292,0,0,3,14,0.81
26.7799,0,0,0.0586091,0.00088443,0,0,3,14,0.81
26.8799,0,0,0.0879924,0.00112417,0,0,3,14,0.81
26.9799,0,0,0.0853578,0.000828563,0,0,3,14,0.81
27.0799,0,0,0.0862395,0.000888542,0,0,3,14,0.81
27.1799,0,0,0.101509,0.0011191,0,0,3,14,0.81
27.2799,0,0,0.109197,0.0011611,0,0,3,14,0.81
27.3799,0,0,0.0858555,0.000902401,0,0,3,14,0.81
27.4799,0,0,0.0642955,0.0010696,0,0,3,14,0.81
27.5799,0,0,0.0499832,0.000894983,0,0,3,14,0.81
27.6799,0,0,0.0353008,0.000848775,0,0,3,14,0.81
27.7799,0,0,0.0191053,0.000807802,0,0,3,14,0.81
27.8799,0,0,0.00617265,0.00117969,0,0,3,14,0.81
27.9799,0,0,0.00663144,0.00106653,0,0,3,14,0.81
28.0799,0,0,0.0128224,0.00102955,0,0,3,14,0.81
28.1799,0,0,0.0424273,0.000983276,0,0,3,14,0.81
28.2799,0,0,0.0644233,0.00112185,0,0,3,14,0.81
28.3799,0,0,0.0552764,0.000769462,0,0,3,14,0.81
28.4799,0,0,0.0477516,0.00111634,0,0,3,14,0.81
28.5799,0,0,0.0468588,0.000954869,0,0,3,14,0.81
28.6799,0.114887,0,0.0428125,0.00106061,0,0,3,14,0.79
28.7799,0.117471,0,0.025843,0.000896926,0,0,3,14,0.79
28.8799,0.127495,0,0.011702,0.00091611,0,0,3,14,0.79
28.9799,0.144781,0,0.00913324,0.00116193,0,0,3,14,0.79
29.0799,0.164987,0,0.00752783,0.00198889,0,0,3,14,0.79
29.1799,0.145239,0,0.00984392,0.00744968,0,0,3,14,0.79
29.2799,0.105011,0,0.012817,0.0023075,0,0,3,14,0.79
29.3799,0.00120947,0,0.0184752,0.00118306,0,0,3,14,0.79
29.4799,0,0,0.0249787,0.00109008,0,0,3,14,0.79
29.5799,0,0,0.0349398,0.000877358,0,0,3,14,0.79
29.6799,0,0,0.0401174,0.00114596,0,0,3,14,0.79
29.7799,0.103825,0,0.0257561,0.00106982,0,0,3,14,0.79
29.8799,0.124981,0,0.0135051,0.000913829,0,0,3,14,0.79
29.9799,0.110183,0,0.00989874,0.00106447,0,0,3,14,0.79
30.0799,3.00619e-05,0,0.00750691,0.00114343,0,0,3,14,0.79
30.1799,0.088929,0,0.0100904,0.0010238,0,0,3,14,0.79
30.2799,0.109985,0,0.0152,0.00115465,0,0,3,14,0.79
30.3799,0.119886,0,0.0306206,0.00136806,0,0,3,14,0.79
30.4799,0.100016,0,0.043834,0.000899553,0,0,3,14,0.79
30.5799,0.119765,0,0.0480198,0.000833408,0,0,3,14,0.79
30.6799,0.137501,0,0.0521955,0.00127275,0,0,3,14,0.79
30.7799,0.142499,0,0.0460489,0.00336941,0,0,3,14,0.79
30.8799,0.137502,0,0.0385027,0.00432204,0,0,3,14,0.79
30.9799,0.142439,0,0.0252308,0.00235835,0,0,3,14,0.79
31.0799,0.144999,0,0.0156891,0.00558134,0,0,3,14,0.79
31.1799,0.145,0,0.0214487,0.00629189,0,0,3,14,0.79
31.2799,0.142501,0,0.0269967,0.00707484,0,0,3,14,0.79
31.3799,0.100481,0,0.0316789,0.00397196,0,0,3,14,0.79
31.4799,0.000106103,0,0.0343876,0.000604127,0,0,3,14,0.79
31.5799,0,0,0.0290371,0.000773397,0,0,3,14,0.79
31.6799,0,0,0.0250256,0.000918013,0,0,3,14,0.79
31.7799,0,0,0.0264855,0.000918834,0,0,3,14,0.79
31.8799,0,-0.122351,0.0259299,0.00100435,0,0,3,14,0.79
31.9799,0,-0.389184,0.0171254,0.000635527,0,0,3,14,0.79
32.0799,0,-0.574897,0.011877,0.00089995,0,0,3,14,0.79
32.1799,0,-0.47864,0.0211814,0.000846325,0,0,3,14,0.79
32.2799,0,0.269758,0.027085,0.00088441,0,0,3,14,0.79
32.3799,0,0.358985,0.019124,0.000974697,0,0,3,14,0.79
32.4799,0,0.43736,0.0142464,0.000884721,0,0,3,14,0.79
32.5799,0,-0.43475,0.0219718,0.00106888,0,0,3,14,0.79
32.6799,0,-0.52999,0.0264104,0.000797901,0,0,3,14,0.79
32.7799,0,-0.00636813,0.0174215,0.000922187,0,0,3,14,0.79
32.8799,0,0,0.0138528,0.000820539,0,0,3,14,0.79
32.9799,0,0,0.0324616,0.00310608,0,0,3,14,0.79
33.0799,0,0,0.0441364,0.00110347,0,0,3,14,0.79
33.1799,0,0,0.027362,0.00095508,0,0,3,14,0.79
33.2799,0,0,0.0137264,0.00116128,0,0,3,14,0.79
33.3799,0,0,0.0128837,0.00109242,0,0,3,14,0.79
33.4799,0,0,0.0129963,0.00112957,0,0,3,14,0.79
33.5799,0,0,0.0170168,0.000882163,0,0,3,14,0.79
33.6799,0,0,0.0218937,0.000833032,0,0,3,14,0.79
33.7799,0,0,0.0302784,0.00082796,0,0,3,14,0.79
33.8799,0,0,0.0348519,0.000942713,0,0,3,14,0.79
33.9799,0,0,0.0238647,0.000684547,0,0,3,14,0.79
34.0799,0,0,0.0195117,0.000971029,0,0,3,14,0.79
34.1799,0,0,0.0423361,0.00123042,0,0,3,14,0.79
34.2799,0,0,0.0550005,0.001043,0,0,3,14,0.79
34.3799,0,0,0.0261695,0.00113974,0,0,3,14,0.79
34.4799,0,0,0.00559336,0.000838845,0,0,3,14,0.79
34.5799,0,0,0.0187999,0.000843928,0,0,3,14,0.79
34.6799,0,0,0.033313,0.000854218,0,0,3,14,0.79
34.7799,0,0,0.0531678,0.00119194,0,0,3,14,0.79
34.8799,0,0,0.0654603,0.000815173,0,0,3,14,0.79
34.9799,0,0,0.0468825,0.000825795,0,0,3,14,0.79
35.0799,0,0,0.0363329,0.000987899,0,0,3,14,0.79
35.1799,0,0,0.0586358,0.000956581,0,0,3,14,0.79
35.2799,0,0,0.0747271,0.00111605,0,0,3,14,0.79
35.3799,0,0,0.0655521,0.00099912,0,0,3,14,0.79
35.4799,0,0,0.0554257,0.00109748,0,0,3,14,0.79
35.5799,0,0,0.0414105,0.00115713,0,0,3,14,0.79
35.6799,0,0,0.0294559,0.00100239,0,0,3,14,0.79
35.7799,0,0,0.0259259,0.00101312,0,0,3,14,0.79
35.8799,0,0,0.0219426,0.000847525,0,0,3,14,0.79
35.9799,0,0,0.0160967,0.00106687,0,0,3,14,0.79
36.0799,0,0,0.0141018,0.000907031,0,0,3,14,0.79
36.1799,0,0,0.0278157,0.000890295,0,0,3,14,0.79
36.2799,0,0,0.0399051,0.00104266,0,0,3,14,0.79
36.3799,0,0,0.0453572,0.0010233,0,0,3,14,0.79
36.4799,0,0,0.0486853,0.000856086,0,0,3,14,0.79
36.5799,0,0,0.0433147,0.000805008,0,0,3,14,0.79
36.6799,0,0,0.0387297,0.0010152,0,0,3,14,0.79
36.7799,0,0,0.0373549,0.00124143,0,0,3,14,0.79
36.8799,0,0,0.0338423,0.00091302,0,0,3,14,0.79
36.9799,0,0,0.0215419,0.000943686,0,0,3,14,0.79
37.0799,0,0,0.0113609,0.00107578,0,0,3,14,0.79
37.1799,0,0,0.00983096,0.00109177,0,0,3,14,0.79
37.2799,0,0,0.0101868,0.000976398,0,0,3,14,0.79
37.3799,0,0,0.018233,0.000790718,0,0,3,14,0.79
37.4799,0,0,0.0259284,0.000990462,0,0,3,14,0.79
37.5799,0,0,0.0321893,0.00100833,0,0,3,14,0.79
37.6799,0,0,0.0356055,0.0011085,0,0,3,14,0.79
37.7799,0,0,0.0274405,0.00110447,0,0,3,14,0.79
37.8799,0,0,0.0204282,0.000994449,0,0,3,14,0.79
37.9799,0,0,0.0181265,0.000941898,0,0,3,14,0.79
38.0799,0,0,0.0194905,0.000938427,0,0,3,14,0.79
38.1799,0,0,0.0357729,0.000772315,0,0,3,14,0.79
38.2799,0,0,0.0451375,0.000861275,0,0,3,14,0.79
38.3799,0,0,0.0264263,0.00100126,0,0,3,14,0.79
38.4799,0,0,0.0167842,0.000905649,0,0,3,14,0.79
38.5799,0,0,0.044102,0.000908851,0,0,3,14,0.79
38.6799,0,0,0.0619661,0.000983733,0,0,3,14,0.79
38.7799,0,0,0.0412981,0.00100362,0,0,3,14,0.79
38.8799,0,0,0.025657,0.00108808,0,0,3,14,0.79
38.9799,0,0,0.0305285,0.00100289,0,0,3,14,0.79
39.0799,0,0,0.0343202,0.000720408,0,0,3,14,0.79
39.1799,0,0,0.0337219,0.000697629,0,0,3,14,0.79
39.2799,0,0,0.0327266,0.000986222,0,0,3,14,0.79
39.3799,0,0,0.0301155,0.000833104,0,0,3,14,0.79
39.4799,0,0,0.0292268,0.000801333,0,0,3,14,0.79
39.5799,0,0,0.0353751,0.00129116,0,0,3,14,0.79
39.6799,0,0,0.0391046,0.00104892,0,0,3,14,0.79
39.7799,0,0,0.0329839,0.000839714,0,0,3,14,0.79
39.8799,0,0,0.0273922,0.000910619,0,0,3,14,0.79
39.9799,0,0,0.0239517,0.00107578,0,0,3,14,0.79
40.0799,0,0,0.0247217,0.000997104,0,0,3,14,0.79
40.1799,0,0,0.0426346,0.000865669,0,0,3,14,0.79
40.2799,0,0,0.0541877,0.000832324,0,0,3,14,0.79
40.3799,0,0,0.0399076,0.0010304,0,0,3,14,0.79
40.4799,0,0,0.0295427,0.000820549,0,0,3,14,0.79
40.5799,0,0,0.0351205,0.00108813,0,0,3,14,0.79
40.6799,0,0,0.0370876,0.00109112,0,0,3,14,0.79
40.7799,0,0,0.0243628,0.00112312,0,0,3,14,0.79
40.8799,0,0,0.0182524,0.000907631,0,0,3,14,0.79
40.9799,0,0,0.0391379,0.00100693,0,0,3,14,0.79
41.0799,0,0,0.0529759,0.0011232,0,0,3,14,0.79
41.1799,0,0,0.0381502,0.00124857,0,0,3,14,0.79
41.2799,0,0,0.0275178,0.00112675,0,0,3,14,0.79
41.3799,0,0,0.0339515,0.00112653,0,0,3,14,0.79
41.4799,0,0,0.0408245,0.000903912,0,0,3,14,0.79
41.5799,0,0,0.0494833,0.00115257,0,0,3,14,0.79
41.6799,0,0,0.0521591,0.000977157,0,0,3,14,0.79
41.7799,0,0,0.0304574,0.000938313,0,0,3,14,0.79
41.8799,0,0,0.014909,0.000999088,0,0,3,14,0.79
41.9799,0,0,0.0243883,0.00118668,0,0,3,14,0.79
42.0799,0,0,0.0299242,0.000948446,0,0,3,14,0.79
42.1799,0,0,0.0295259,0.000892612,0,0,3,14,0.79
42.2799,0,0,0.0323831,0.00108617,0,0,3,14,0.79
42.3799,0,0,0.0484731,0.00114254,0,0,3,14,0.79
42.4799,0,0,0.0598055,0.00120686,0,0,3,14,0.79
42.5799,0,0,0.0516922,0.00115082,0,0,3,14,0.79
42.6799,0,0,0.0430268,0.000855724,0,0,3,14,0.79
42.7799,0,0,0.0321108,0.000842524,0,0,3,14,0.79
42.8799,0,0,0.0248878,0.000918516,0,0,3,14,0.79
42.9799,0,0,0.0327183,0.000964861,0,0,3,14,0.79
43.0799,0,0,0.0372296,0.000923232,0,0,3,14,0.79
43.1799,0,0,0.0282794,0.000709849,0,0,3,14,0.79
43.2799,0,0,0.0224276,0.00100353,0,0,3,14,0.79
43.3799,0,0,0.0291819,0.000896512,0,0,3,14,0.79
43.4799,0,0,0.0305891,0.000892862,0,0,3,14,0.79
43.5799,0,0,0.0239407,0.00108177,0,0,3,14,0.79
43.6799,0,0,0.0180151,0.000924507,0,0,3,14,0.79
43.7799,0,0,0.0150383,0.000794808,0,0,3,14,0.79
43.8799,0,0,0.0158686,0.00100406,0,0,3,14,0.79
43.9799,0,0,0.0321798,0.00103012,0,0,3,14,0.79
44.0799,0,0,0.0440687,0.00112441,0,0,3,14,0.79
44.1799,0,0,0.0379373,0.00129376,0,0,3,14,0.79
44.2799,0,0,0.0337087,0.00112736,0,0,3,14,0.79
44.3799,0,0,0.0372256,0.00113571,0,0,3,14,0.79
44.4799,0,0,0.0381369,0.00102306,0,0,3,14,0.79
44.5799,0,0,0.0284207,0.00105665,0,0,3,14,0.79
44.6799,0,0,0.0238569,0.00103882,0,0,3,13,0.81
44.7799,0,0,0.0403375,0.000985938,0,0,3,13,0.81
44.8799,0,0,0.047311,0.00105655,0,0,3,14,0.81
44.9799,0,0,0.0399388,0.00106117,0,0,3,14,0.81
45.0799,0,0,0.0325271,0.000947232,0,0,3,14,0.81
45.1799,0,0,0.024954,0.000878568,0,0,3,14,0.81
45.2799,0,0,0.0183254,0.00101563,0,0,3,14,0.81
45.3799,0,0,0.0155623,0.00113989,0,0,3,14,0.81
45.4799,0,0,0.0151931,0.00136083,0,0,3,14,0.81
45.5799,0,0,0.024623,0.00113934,0,0,3,14,0.81
45.6799,0,0,0.0325202,0.00101206,0,0,3,14,0.79
45.7799,0,0,0.0341389,0.00114817,0,0,3,14,0.79
45.8799,0,0,0.0363089,0.000836011,0,0,3,14,0.79
45.9799,0,0,0.0407368,0.000868505,0,0,3,14,0.79
46.0799,0,0,0.0418387,0.00110288,0,0,3,14,0.79
46.1799,0,0,0.0293452,0.00110361,0,0,3,14,0.79
46.2799,0,0,0.0189683,0.00122164,0,0,3,14,0.79
46.3799,0,0,0.0172179,0.00091279,0,0,3,14,0.79
46.4799,0,0,0.0153161,0.000876696,0,0,3,14,0.79
46.5799,0,0,0.0127951,0.000745081,0,0,3,14,0.79
46.6799,0,0,0.0116032,0.00097177,0,0,3,15,0.79
46.7799,0,0,0.0158352,0.000595648,0,0,3,15,0.79
46.8799,0,0,0.0198507,0.000902931,0,0,3,15,0.79
46.9799,0,0,0.022981,0.000981648,0,0,3,15,0.79
47.0799,0,0,0.023696,0.0012183,0,0,3,15,0.79
47.1799,0,0,0.0145571,0.000776817,0,0,3,15,0.79
47.2799,0,0,0.00769713,0.000937058,0,0,3,15,0.79
47.3799,0,0,0.0101746,0.00113844,0,0,3,15,0.79
47.4799,0,0,0.0143497,0.00106877,0,0,3,15,0.79
47.5799,0,0,0.0254718,0.000870826,0,0,3,15,0.79
47.6799,0,0,0.0341511,0.00123564,0,0,3,15,0.77
47.7799,0,0,0.0328363,0.00101236,0,0,3,15,0.77
47.8799,0,0,0.0310228,0.00102966,0,0,3,15,0.77
47.9799,0,0,0.0271748,0.0010538,0,0,3,15,0.77
48.0799,0,0,0.0260994,0.00100299,0,0,3,15,0.77
48.1799,0,0,0.0363571,0.0010429,0,0,3,15,0.77
48.2799,0,0,0.0437051,0.00108624,0,0,3,15,0.77
48.3799,0,0,0.039162,0.00111206,0,0,3,15,0.77
48.4799,0,0,0.0346672,0.00129328,0,0,3,15,0.77
48.5799,0,0,0.0303693,0.000772471,0,0,3,15,0.77
48.6799,0,0,0.0260667,0.000970492,0,0,3,15,0.77
48.7799,0,0,0.0178127,0.000789769,0,0,3,15,0.77
48.8799,0,0,0.011853,0.000767371,0,0,3,15,0.77
48.9799,0,0,0.0152768,0.00117285,0,0,3,15,0.77
49.0799,0,0,0.019501,0.00127272,0,0,3,15,0.77
49.1799,0,0,0.0269979,0.000942067,0,0,3,15,0.77
49.2799,0,0,0.0311431,0.000850713,0,0,3,15,0.77
49.3799,0,0,0.0216575,0.000911668,0,0,3,15,0.77
49.4799,0,0,0.016762,0.00113346,0,0,3,15,0.77
49.5799,0,0,0.0306372,0.000921508,0,0,3,15,0.77
49.6799,0,0,0.0395664,0.000511148,0,0,3,15,0.77
49.7799,0,0,0.028278,0.00103796,0,0,3,15,0.77
49.8799,0,0,0.0191014,0.000937505,0,0,3,15,0.77
49.9799,0,0,0.0185521,0.00089209,0,0,3,15,0.77
50.0799,0,0,0.0188575,0.000843767,0,0,3,15,0.77
50.1799,0,0,0.0226573,0.000951285,0,0,3,15,0.77
50.2799,0,0,0.0247947,0.000973752,0,0,3,15,0.77
50.3799,0,0,0.0201414,0.000870398,0,0,3,15,0.77
50.4799,0,0,0.0155061,0.000858938,0,0,3,15,0.77
50.5799,0,0,0.0109448,0.00109249,0,0,3,15,0.77
50.6799,0,0,0.00745464,0.0010438,0,0,3,15,0.77
50.7799,0,0,0.00834258,0.000994614,0,0,3,15,0.77
50.8799,0,0,0.0115494,0.000789463,0,0,3,15,0.77
50.9799,0,0,0.0241949,0.00100717,0,0,3,15,0.77
51.0799,0,0,0.0331034,0.000928033,0,0,3,15,0.77
51.1799,0,0,0.026653,0.000963258,0,0,3,15,0.77
51.2799,0,0,0.0238909,0.00102014,0,0,3,15,0.77
51.3799,0,0,0.0361988,0.000899016,0,0,3,15,0.77
51.4799,0,0,0.0443881,0.000709149,0,0,3,15,0.77
51.5799,0,0,0.0356538,0.000926932,0,0,3,15,0.77
51.6799,0,0,0.0271587,0.00092908,0,0,3,15,0.77
51.7799,0,0,0.0196419,0.00095073,0,0,3,15,0.77
51.8799,0,0,0.0149465,0.000878871,0,0,3,15,0.77
51.9799,0,0,0.0217946,0.00110888,0,0,3,15,0.77
52.0799,0,0,0.0274777,0.000844424,0,0,3,15,0.77
52.1799,0,0,0.0284076,0.000925716,0,0,3,15,0.77
52.2799,0,0,0.0316729,0.00132374,0,0,3,15,0.77
52.3799,0,0,0.0444847,0.00119608,0,0,3,15,0.77
52.4799,0,0,0.0578332,0.00109514,0,0,3,15,0.77
52.5799,0,0,0.0733794,0.000748636,0,0,3,15,0.77
52.6799,0,0,0.078994,0.0009104,0,0,3,15,0.77
52.7799,0,0,0.0440724,0.00117297,0,0,3,15,0.77
52.8799,0,0,0.0181173,0.00126013,0,0,3,15,0.77
52.9799,0,0,0.0289129,0.000857487,0,0,3,15,0.77
53.0799,0,0,0.0370042,0.000980526,0,0,3,15,0.77
53.1799,0,0,0.0340198,0.000940353,0,0,3,15,0.77
53.2799,0,0,0.0302098,0.00102959,0,0,3,15,0.77
53.3799,0,0,0.0230315,0.000845771,0,0,3,15,0.77
53.4799,0,0,0.0199811,0.00107258,0,0,3,15,0.77
53.5799,0,0,0.0338259,0.000895121,0,0,3,15,0.77
53.6799,0,0,0.0415853,0.000998311,0,0,3,15,0.77
53.7799,0,0,0.0245267,0.00112506,0,0,3,15,0.77
53.8799,0,0,0.0112304,0.00108675,0,0,3,15,0.77
53.9799,0,0,0.0133385,0.000874583,0,0,3,15,0.77
54.0799,0,0,0.0190893,0.000932973,0,0,3,15,0.77
54.1799,0,0,0.0397776,0.000883843,0,0,3,15,0.77
54.2799,0,0,0.0529677,0.000982659,0,0,3,15,0.77
54.3799,0,0,0.0355006,0.000815092,0,0,3,15,0.77
54.4799,0,0,0.0224479,0.00102274,0,0,3,15,0.77
54.5799,0,0,0.0274125,0.00115288,0,0,3,15,0.77
54.6799,0,0,0.0303018,0.00101017,0,0,3,15,0.77
54.7799,0,0,0.0247147,0.000779773,0,0,3,15,0.77
54.8799,0,0,0.0215012,0.000926029,0,0,3,15,0.77
54.9799,0,0,0.0280124,0.000806387,0,0,3,15,0.77
55.0799,0,0,0.035322,0.000997935,0,0,3,14,0.77
55.1799,0,0,0.0458882,0.000715886,0,0,3,14,0.77
55.2799,0,0,0.0536399,0.000690045,0,0,3,14,0.77
55.3799,0,0,0.0498819,0.00098427,0,0,3,14,0.77
55.4799,0,0,0.0437211,0.00102118,0,0,3,14,0.77
55.5799,0,0,0.0277223,0.000764485,0,0,3,14,0.77
55.6799,0,0,0.0150872,0.000810779,0,0,3,14,0.79
55.7799,0,0,0.0162128,0.00100545,0,0,3,14,0.79
55.8799,0,0,0.0177039,0.000989521,0,0,3,15,0.79
55.9799,0,0,0.0206892,0.000855665,0,0,3,15,0.79
56.0799,0,0,0.0239035,0.00104822,0,0,3,15,0.79
56.1799,0,0,0.0280516,0.000861539,0,0,3,15,0.79
56.2799,0,0,0.030974,0.000919537,0,0,3,15,0.79
56.3799,0,0,0.0288836,0.000889608,0,0,3,15,0.79
56.4799,0,0,0.0270413,0.000882677,0,0,3,15,0.79
56.5799,0,0,0.0262165,0.000889978,0,0,3,15,0.79
56.6799,0,0,0.0255073,0.000907826,0,0,3,15,0.77
56.7799,0,0,0.0252704,0.000900048,0,0,3,15,0.77
56.8799,0,0,0.0246825,0.000912411,0,0,3,15,0.77
56.9799,0,0,0.0226538,0.0010053,0,0,3,15,0.77
57.0799,0,0,0.0204549,0.00109345,0,0,3,15,0.77
57.1799,0,0,0.01756,0.000857967,0,0,3,15,0.77
57.2799,0,0,0.0139597,0.00100455,0,0,3,15,0.77
57.3799,0,0,0.0074598,0.00116557,0,0,3,15,0.77
57.4799,0,0,0.00489879,0.00103662,0,0,3,15,0.77
57.5799,0,0,0.0184613,0.000985286,0,0,3,15,0.77
57.6799,0,0,0.0320118,0.000863637,0,0,3,15,0.77
57.7799,0,0,0.0256937,0.000971878,0,0,3,15,0.77
57.8799,0,0,0.0199592,0.00121686,0,0,3,15,0.77
57.9799,0,0,0.0166149,0.000897735,0,0,3,15,0.77
58.0799,0,0,0.0167867,0.000858608,0,0,3,15,0.77
58.1799,0,0,0.0313207,0.000915954,0,0,3,15,0.77
58.2799,0,0,0.0403634,0.000948903,0,0,3,15,0.77
58.3799,0,0,0.0269404,0.00104734,0,0,3,15,0.77
58.4799,0,0,0.0181927,0.000766754,0,0,3,14,0.77
58.5799,0,0,0.028558,0.000911507,0,0,3,14,0.77
58.6799,0,0,0.0360863,0.000772441,0,0,3,14,0.79
58.7799,0,0,0.032073,0.00100875,0,0,3,14,0.79
58.8799,0,0,0.0294633,0.00120235,0,0,3,13,0.79
58.9799,0,0,0.0326283,0.000965653,0,0,3,13,0.79
59.0799,0,0,0.0326197,0.000889659,0,0,3,13,0.79
59.1799,0,0,0.0196448,0.000797368,0,0,3,13,0.79
59.2799,0,0,0.0111652,0.000875587,0,0,3,13,0.79
59.3799,0,0,0.0210664,0.00104356,0,0,3,13,0.79
59.4799,0,0,0.0302163,0.00104866,0,0,3,13,0.79
59.5799,0,0,0.0363035,0.000886883,0,0,3,13,0.79
59.6799,0,0,0.038818,0.000917498,0,0,3,13,0.81
59.7799,0,0,0.0267226,0.000946795,0,0,3,13,0.81
59.8799,0,0,0.0198546,0.000986973,0,0,3,13,0.81
59.9799,0,0,0.0344065,0.000971846,0,0,3,13,0.81
60.0799,0,0,0.0428434,0.000986098,0,0,3,13,0.81
60.1799,0,0,0.026289,0.000914771,0,0,3,13,0.81
60.2799,0,0,0.0149614,0.00110032,0,0,3,13,0.81
60.3799,0,0,0.0249045,0.000718808,0,0,3,13,0.81
60.4799,0,0,0.0318077,0.000766177,0,0,3,13,0.81
60.5799,0,0,0.0262808,0.000925655,0,0,3,13,0.81
60.6799,0,0,0.0223401,0.000905309,0,0,3,13,0.81
60.7799,0,0,0.0248826,0.00100439,0,0,3,13,0.81
60.8799,0,0,0.0245758,0.000945881,0,0,3,13,0.81
60.9799,0,0,0.0126097,0.00083461,0,0,3,13,0.81
61.0799,0,0,0.00382713,0.00115169,0,0,3,13,0.81
61.1799,0,0,0.00802723,0.00111592,0,0,3,13,0.81
61.2799,0,0,0.0138332,0.00105911,0,0,3,13,0.81
61.3799,0,0,0.0262035,0.000894329,0,0,3,13,0.81
61.4799,0,0,0.0363075,0.00100292,0,0,3,14,0.81
61.5799,0,0,0.0371656,0.000864716,0,0,3,14,0.81
61.6799,0,0,0.0394234,0.00109949,0,0,3,14,0.79
61.7799,0,0,0.0474032,0.000829013,0,0,3,14,0.79
61.8799,0,0,0.0534866,0.000913463,0,0,3,14,0.79
61.9799,0,0,0.0518183,0.000965785,0,0,3,14,0.79
62.0799,0,0,0.0488204,0.000962482,0,0,3,14,0.79
62.1799,0,0,0.0403816,0.00104806,0,0,3,14,0.79
62.2799,0,0,0.0315808,0.00101018,0,0,3,14,0.79
62.3799,0,0,0.021299,0.000948579,0,0,3,14,0.79
62.4799,0,0,0.016854,0.000836442,0,0,3,14,0.79
62.5799,0,0,0.0362648,0.000739434,0,0,3,14,0.79
62.6799,0,0,0.0507051,0.000956272,0,0,3,14,0.79
62.7799,0,0,0.0448594,0.00098067,0,0,3,14,0.79
62.8799,0,0,0.0375821,0.000924771,0,0,3,14,0.79
62.9799,0,0,0.0244507,0.00103859,0,0,3,14,0.79
63.0799,0,0,0.0142171,0.00111661,0,0,3,14,0.79
63.1799,0,0,0.0158737,0.000986788,0,0,3,14,0.79
63.2799,0,0,0.0185078,0.00113566,0,0,3,14,0.79
63.3799,0,0,0.025138,0.000978508,0,0,3,14,0.79
63.4799,0,0,0.0307424,0.000945971,0,0,3,14,0.79
63.5799,0,0,0.0321615,0.000808151,0,0,3,14,0.79
63.6799,0,0,0.0327805,0.000757737,0,0,3,14,0.79
63.7799,0,0,0.0301294,0.000874438,0,0,3,14,0.79
63.8799,0,0,0.0269438,0.00087788,0,0,3,14,0.79
63.9799,0,0,0.0215761,0.000918704,0,0,3,14,0.79
64.0799,0,0,0.0175044,0.000951842,0,0,3,14,0.79
64.1799,0,0,0.0187347,0.000800075,0,0,3,14,0.79
64.2799,0,0,0.0205105,0.000924487,0,0,3,14,0.79
64.3799,0,0,0.0245136,0.000736531,0,0,3,14,0.79
64.4799,0,0,0.0309976,0.000873589,0,0,3,14,0.79
64.5799,0,0,0.0476365,0.00107315,0,0,3,14,0.79
64.6799,0,0,0.057447,0.00106366,0,0,3,14,0.79
64.7799,0,0,0.0393106,0.000983352,0,0,3,14,0.79
64.8799,0,0,0.0271715,0.000852092,0,0,3,14,0.79
64.9799,0,0,0.0395509,0.00126618,0,0,3,14,0.79
65.0799,0,0,0.0488076,0.00112702,0,0,3,14,0.79
65.1799,0,0,0.0452969,0.00109604,0,0,3,14,0.79
65.2799,0,0,0.042465,0.000771045,0,0,3,14,0.79
65.3799,0,0,0.040657,0.000728485,0,0,3,14,0.79
65.4799,0,0,0.0381328,0.000909032,0,0,3,14,0.79
65.5799,0,0,0.0326823,0.00110149,0,0,3,14,0.79
65.6799,0,0,0.0260959,0.00114825,0,0,3,14,0.79
65.7799,0,0,0.0148598,0.00114552,0,0,3,14,0.79
65.8799,0,0,0.00855253,0.000812195,0,0,3,14,0.79
65.9799,0,0,0.022407,0.00101361,0,0,3,14,0.79
66.0799,0,0,0.0326727,0.000965529,0,0,3,14,0.79
66.1799,0,0,0.0282508,0.00104482,0,0,3,14,0.79
66.2799,0,0,0.0242065,0.000859287,0,0,3,14,0.79
66.3799,0,0,0.0217053,0.000926523,0,0,3,14,0.79
66.4799,0,0,0.0198634,0.000800998,0,0,3,14,0.79
66.5799,0,0,0.020703,0.0007932,0,0,3,14,0.79
66.6799,0,0,0.0235314,0.000799457,0,0,3,14,0.79
66.7799,0,0,0.034486,0.00115953,0,0,3,14,0.79
66.8799,0,0,0.0409457,0.000925819,0,0,3,14,0.79
66.9799,0,0,0.0290079,0.00104131,0,0,3,14,0.79
67.0799,0,0,0.0193124,0.00103882,0,0,3,14,0.79
67.1799,0,0,0.0187828,0.000900014,0,0,3,14,0.79
67.2799,0,0,0.0226855,0.000889661,0,0,3,14,0.79
67.3799,0,0,0.0446503,0.00079412,0,0,3,14,0.79
67.4799,0,0,0.0588856,0.000790853,0,0,3,14,0.79
67.5799,0,0,0.0415267,0.00101766,0,0,3,14,0.79
67.6799,0,0,0.0269262,0.000990704,0,0,3,14,0.79
67.7799,0,0,0.0235744,0.000799359,0,0,3,14,0.79
67.8799,0,0,0.0239287,0.0010318,0,0,3,14,0.79
67.9799,0,0,0.039457,0.00112634,0,0,3,14,0.79
68.0799,0,0,0.0479539,0.00101409,0,0,3,14,0.79
68.1799,0,0,0.0278275,0.000815727,0,0,3,14,0.79
68.2799,0,0,0.0124944,0.00103428,0,0,3,14,0.79
68.3799,0,0,0.0167247,0.00107557,0,0,3,14,0.79
68.4799,0,0,0.0212857,0.00108122,0,0,3,14,0.79
68.5799,0,0,0.0272009,0.0009255,0,0,3,14,0.79
68.6799,0,0,0.0329452,0.00103841,0,0,3,14,0.79
68.7799,0,0,0.0379912,0.00118808,0,0,3,14,0.79
68.8799,0,0,0.0421422,0.000976624,0,0,3,14,0.79
68.9799,0,0,0.0426243,0.00101909,0,0,3,14,0.79
69.0799,0,0,0.0444566,0.000795377,0,0,3,14,0.79
69.1799,0,0,0.0518039,0.000969774,0,0,3,14,0.79
69.2799,0,0,0.0532644,0.000951205,0,0,3,14,0.79
69.3799,0,0,0.0306807,0.000898674,0,0,3,14,0.79
69.4799,0,0,0.0140507,0.00100015,0,0,3,14,0.79
69.5799,0,0,0.0217979,0.000753445,0,0,3,14,0.79
69.6799,0,0,0.0280231,0.000924044,0,0,3,14,0.79
69.7799,0,0,0.0280499,0.00095476,0,0,3,14,0.79
69.8799,0,0,0.0263775,0.000852308,0,0,3,14,0.79
69.9799,0,0,0.0177475,0.000760903,0,0,3,14,0.79
70.0799,0,0,0.0109535,0.00101012,0,0,3,14,0.79
70.1799,0,0,0.0116484,0.000792721,0,0,3,14,0.79
70.2799,0,0,0.0144851,0.00103005,0,0,3,14,0.79
70.3799,0,0,0.0260689,0.00104231,0,0,3,14,0.79
70.4799,0,0,0.0345556,0.000785237,0,0,3,14,0.79
70.5799,0,0,0.0303283,0.000681264,0,0,3,14,0.79
70.6799,0,0,0.027827,0.00097912,0,0,3,14,0.79
70.7799,0,0,0.0279328,0.000901534,0,0,3,14,0.79
70.8799,0,0,0.0289507,0.00100628,0,0,3,14,0.79
70.9799,0,0,0.0337119,0.000916137,0,0,3,14,0.79
71.0799,0,0,0.0356819,0.000859685,0,0,3,14,0.79
71.1799,0,0,0.0262522,0.00097476,0,0,3,14,0.79
71.2799,0,0,0.0194102,0.000967621,0,0,3,14,0.79
71.3799,0,0,0.023106,0.000940002,0,0,3,14,0.79
71.4799,0,0,0.0266209,0.00115306,0,0,3,14,0.79
71.5799,0,0,0.0293948,0.000859016,0,0,3,14,0.79
71.6799,0,0,0.0287325,0.000887138,0,0,3,14,0.79
71.7799,0,0,0.0140434,0.00104032,0,0,3,14,0.79
71.8799,0,0,0.00385967,0.00127013,0,0,3,14,0.79
71.9799,0,0,0.0121353,0.000860837,0,0,3,14,0.79
72.0799,0,0,0.026298,0.000784021,0,0,3,14,0.79
72.1799,0,0,0.0493652,0.000823507,0,0,3,14,0.79
72.2799,0,0,0.0626302,0.000995476,0,0,3,14,0.79
72.3799,0,0,0.0358436,0.000778141,0,0,3,14,0.79
72.4799,0,0,0.0148412,0.000982056,0,0,3,14,0.79
72.5799,0,0,0.0175062,0.000857761,0,0,3,14,0.79
72.6799,0,0,0.0220822,0.000883748,0,0,3,14,0.79
72.7799,0,0,0.0344622,0.00112972,0,0,3,14,0.79
72.8799,0,0,0.0425786,0.000783786,0,0,3,14,0.79
72.9799,0,0,0.0331812,0.000630642,0,0,3,14,0.79
73.0799,0,0,0.0241974,0.000702019,0,0,3,14,0.79
73.1799,0,0,0.0169032,0.00093129,0,0,3,14,0.79
73.2799,0,0,0.0128814,0.000746738,0,0,3,14,0.79
73.3799,0,0,0.0222053,0.000948809,0,0,3,14,0.79
73.4799,0,0,0.033128,0.000968381,0,0,3,14,0.79
73.5799,0,0,0.0505951,0.000726827,0,0,3,14,0.79
73.6799,0,0,0.0599529,0.000862979,0,0,3,14,0.79
73.7799,0,0,0.0361534,0.00103538,0,0,3,14,0.79
73.8799,0,0,0.0209215,0.00106532,0,0,3,14,0.79
73.9799,0,0,0.0407335,0.000855864,0,0,3,14,0.79
74.0799,0,0,0.0542371,0.000948887,0,0,3,14,0.79
74.1799,0,0,0.0419812,0.000896119,0,0,3,14,0.79
74.2799,0,0,0.0320517,0.000996262,0,0,3,14,0.79
74.3799,0,0,0.0316021,0.00103593,0,0,3,14,0.79
74.4799,0,0,0.0293653,0.00096317,0,0,3,14,0.79
74.5799,0,0,0.0198304,0.00110032,0,0,3,14,0.79
74.6799,0,0,0.0178975,0.00099458,0,0,3,14,0.79
74.7799,0,0,0.0471243,0.00100926,0,0,3,14,0.79
74.8799,0,0,0.0652014,0.00105747,0,0,3,14,0.79
74.9799,0,0,0.0377211,0.00109105,0,0,3,14,0.79
75.0799,0,0,0.0194423,0.000845664,0,0,3,14,0.79
75.1799,0,0,0.0386866,0.00080681,0,0,3,14,0.79
75.2799,0,0,0.054137,0.000822604,0,0,3,14,0.79
75.3799,0,0,0.0540816,0.000841774,0,0,3,14,0.79
75.4799,0,0,0.0512866,0.000966936,0,0,3,14,0.79
75.5799,0,0,0.0373092,0.000885706,0,0,3,14,0.79
75.6799,0,0,0.0313573,0.00104593,0,0,3,14,0.79
75.7799,0,0,0.0582452,0.000959337,0,0,3,14,0.79
75.8799,0,0,0.0842377,0.000803315,0,0,3,14,0.79
75.9799,0,0,0.106585,0.000946957,0,0,3,14,0.79
76.0799,0,0,0.104841,0.00101835,0,0,3,14,0.79
76.1799,0,0,0.0668029,0.000887102,0,0,3,14,0.79
76.2799,0,0,0.0372621,0.000567419,0,0,3,15,0.79
76.3799,0,0,0.0424901,0.001058,0,0,3,15,0.79
76.4799,0,0,0.0432229,0.000873638,0,0,3,15,0.79
76.5799,0,0,0.0255826,0.000948162,0,0,3,15,0.79
76.6799,0,0,0.0125199,0.0010963,0,0,3,15,0.77
76.7799,0,0,0.0182213,0.0011761,0,0,3,15,0.77
76.8799,0,0,0.0276181,0.00111503,0,0,3,15,0.77
76.9799,0,0,0.0521448,0.000837268,0,0,3,15,0.77
77.0799,0,0,0.0780312,0.00102419,0,0,3,15,0.77
77.1799,0,0,0.109471,0.000957387,0,0,3,15,0.77
77.2799,0,0,0.130661,0.000869997,0,0,3,14,0.77
77.3799,0,0,0.109902,0.00107849,0,0,3,14,0.77
77.4799,0,0,0.0860189,0.00103963,0,0,3,14,0.77
77.5799,0,0,0.0494194,0.00102969,0,0,3,14,0.77
77.6799,0,0,0.0209432,0.000728559,0,0,3,14,0.79
77.7799,0,0,0.0257512,0.000703532,0,0,3,14,0.79
77.8799,0,0,0.032109,0.000933284,0,0,3,14,0.79
77.9799,0,0,0.0448022,0.000835653,0,0,3,14,0.79
78.0799,0,0,0.0545875,0.000984333,0,0,3,14,0.79
78.1799,0,0,0.0524891,0.0010284,0,0,3,14,0.79
78.2799,0,0,0.0489494,0.000961664,0,0,3,15,0.79
78.3799,0,0,0.039526,0.0011502,0,0,3,15,0.79
78.4799,0,0,0.0320663,0.000923217,0,0,3,15,0.79
78.5799,0,0,0.0326427,0.000376983,0,0,3,15,0.79
78.6799,0,0,0.0316571,0.000603202,0,0,3,15,0.77
78.7799,0,0,0.0242839,0.00188458,0,0,3,15,0.77
78.8799,0,0,0.0182799,0.000780931,0,0,3,15,0.77
78.9799,0,0,0.0143419,0.00125098,0,0,3,15,0.77
79.0799,0,0,0.0121944,0.000815522,0,0,3,15,0.77
79.1799,0,0,0.0173381,0.000662065,0,0,3,15,0.77
79.2799,0,0,0.0206535,0.000769156,0,0,3,15,0.77
79.3799,0,0,0.0164941,0.00103788,0,0,3,15,0.77
79.4799,0,0,0.0206386,0.000837981,0,0,3,14,0.77
79.5799,0,0,0.0586949,0.000914258,0,0,3,14,0.77
79.6799,0,0,0.0846238,0.000997794,0,0,3,14,0.79
79.7799,0,0,0.0609947,9.57478e-06,0,0,3,14,0.79
79.8799,0,0,0.0412211,0.00266165,0,0,3,14,0.79
79.9799,0,0,0.0372496,-0.0005544,0,0,3,14,0.79
80.0799,0,0,0.0343359,0.00062665,0,0,3,14,0.79
80.1799,0,0,0.0357456,0.00171148,0,0,3,14,0.79
80.2799,0,0,0.0357708,0.00108731,0,0,3,15,0.79
80.3799,0,0,0.0301396,9.23984e-05,0,0,3,15,0.79
80.4799,0,0,0.027009,-7.58001e-07,0,0,3,15,0.79
80.5799,0,0,0.0341308,0.00133348,0,0,3,15,0.79
80.6799,0,0,0.0395317,0.00185295,0,0,3,15,0.77
80.7799,0,0,0.0379171,0.00131727,0,0,3,15,0.77
80.8799,0,0,0.0392436,0.000317168,0,0,3,15,0.77
80.9799,0,0,0.0525989,0.000463502,0,0,3,15,0.77
81.0799,0,0,0.0603291,0.000659952,0,0,3,15,0.77
81.1799,0,0,0.0451162,0.000969209,0,0,3,15,0.77
81.2799,0,0,0.0319744,0.000766965,0,0,3,15,0.77
81.3799,0,0,0.0272976,0.0012309,0,0,3,15,0.77
81.4799,0,0,0.0222534,0.000468363,0,0,3,15,0.77
81.5799,0,0,0.0157017,0.000889328,0,0,3,15,0.77
81.6799,0,0,0.0101017,0.00116282,0,0,3,15,0.77
81.7799,0,0,0.00838197,0.0007782,0,0,3,15,0.77
81.8799,0,0,0.0115749,0.000683471,0,0,3,15,0.77
81.9799,0,0,0.0348713,0.000173803,0,0,3,15,0.77
82.0799,0,0,0.0615007,0.00119296,0,0,3,15,0.77
82.1799,0,0,0.101798,0.00168891,0,0,3,15,0.77
82.2799,0,0,0.131157,0.00106679,0,0,3,15,0.77
82.3799,0,0,0.115881,0.00106041,0,0,3,15,0.77
82.4799,0,0,0.0968736,-0.000412867,0,0,3,15,0.77
82.5799,0,0,0.0625611,-0.00149672,0,0,3,15,0.77
82.6799,0,0,0.0344702,-0.00196265,0,0,3,15,0.77
82.7799,0,0,0.0317778,0.00557615,0,0,3,15,0.77
82.8799,0,0,0.0292308,0.0031684,0,0,3,15,0.77
82.9799,0,0,0.0272787,0.00133893,0,0,3,15,0.77
83.0799,0,0,0.0290592,0.00169017,0,0,3,15,0.77
83.1799,0,0,0.0461179,0.00116582,0,0,3,15,0.77
83.2799,0,0,0.0592565,0.00114944,0,0,3,15,0.77
83.3799,0,0,0.0564144,0.000576525,0,0,3,15,0.77
83.4799,0,0,0.0560229,0.000519184,0,0,3,15,0.77
83.5799,0,0,0.0656802,0.000590952,0,0,3,15,0.77
83.6799,0,0,0.0729605,0.000936334,0,0,3,15,0.77
83.7799,0,0,0.0705386,0.00114959,0,0,3,15,0.77
83.8799,0,0,0.070793,0.00113204,0,0,3,15,0.77
83.9799,0,0,0.0819821,0.000527759,0,0,3,15,0.77
84.0799,0,0,0.0852883,0.000984822,0,0,3,15,0.77
84.1799,0,0,0.0563609,0.00162306,0,0,3,15,0.77
84.2799,0,0,0.0336966,0.00271419,0,0,3,15,0.77
84.3799,0,0,0.0205027,0.00557732,0,0,3,15,0.77
84.4799,0,0,0.0116187,-0.00451186,0,0,3,15,0.77
84.5799,0,0,0.0203743,0.000808393,0,0,3,15,0.77
84.6799,0,0,0.0291428,0.000355567,0,0,3,15,0.77
84.7799,0,0,0.04962,0.000501242,0,0,3,15,0.77
84.8799,0,0,0.0708407,0.000652221,0,0,3,15,0.77
84.9799,0,0,0.0950962,0.00139713,0,0,3,15,0.77
85.0799,0,0,0.105705,0.000797404,0,0,3,15,0.77
85.1799,0,0,0.060501,0.00108441,0,0,3,15,0.77
85.2799,0,0,0.0239717,0.00107202,0,0,3,15,0.77
85.3799,0,0,0.0228783,-0.00028316,0,0,3,15,0.77
85.4799,0,0,0.0218486,0.000888485,0,0,3,15,0.77
85.5799,0,0,0.0210786,0.00128256,0,0,3,15,0.77
85.6799,0,0,0.0234231,0.000137245,0,0,3,15,0.77
85.7799,0,0,0.0304653,0.00220645,0,0,3,15,0.77
85.8799,0,0,0.0355591,0.00132511,0,0,3,15,0.77
85.9799,0,0,0.0326785,0.00112637,0,0,3,15,0.77
86.0799,0,0,0.0285588,0.00181997,0,0,3,15,0.77
86.1799,0,0,0.0193781,0.00176145,0,0,3,15,0.77
86.2799,0,0,0.012052,0.00249173,0,0,3,15,0.77
86.3799,0,0,0.0123171,0.00407426,0,0,3,15,0.77
86.4799,0,0,0.0150087,-0.0019116,0,0,3,15,0.77
86.5799,0,0,0.0276106,0.000350913,0,0,3,15,0.77
86.6799,0,0,0.037732,4.15965e-05,0,0,3,15,0.77
86.7799,0,0,0.0377121,-0.000365149,0,0,3,15,0.77
86.8799,0,0,0.0407267,-0.00109271,0,0,3,15,0.77
86.9799,0,0,0.0561118,0.000641615,0,0,3,15,0.77
87.0799,0,0,0.0610016,0.000786835,0,0,3,15,0.77
87.1799,0,0,0.0500399,0.000662819,0,0,3,15,0.77
87.2799,0,0,0.0399734,0.00123556,0,0,3,15,0.77
87.3799,0,0,0.0335697,0.000407017,0,0,3,15,0.77
87.4799,0,0,0.0284614,0.000318059,0,0,3,15,0.77
87.5799,0,0,0.0286449,0.00170747,0,0,3,15,0.77
87.6799,0,0,0.0395369,0.00250982,0,0,3,15,0.77
87.7799,0,0,0.0941609,0.000969847,0,0,3,15,0.77
87.8799,0,0,0.131364,0.000900389,0,0,3,15,0.77
87.9799,0,0,0.0972445,0.00104138,0,0,3,15,0.77
88.0799,0,0,0.0805843,0.000911736,0,0,3,15,0.77
88.1799,0,0,0.135238,0.00109699,0,0,3,15,0.77
88.2799,0,0,0.166172,0.00113372,0,0,3,15,0.77
88.3799,0,0,0.0998156,0.000924036,0,0,3,15,0.77
88.4799,0,0,0.048304,0.000892395,0,0,3,15,0.77
88.5799,0,0,0.0575618,0.00108488,0,0,3,15,0.77
88.6799,0,0,0.0599882,0.00108356,0,0,3,15,0.77
88.7799,0,0,0.0344882,0.00107562,0,0,3,15,0.77
88.8799,0,0,0.0156388,0.00101695,0,0,3,15,0.77
88.9799,0,0,0.0239768,0.00100299,0,0,3,15,0.77
89.0799,0,0,0.0345173,0.00107745,0,0,3,15,0.77
89.1799,0,0,0.0540583,0.000880451,0,0,3,15,0.77
89.2799,0,0,0.0667674,0.000723541,0,0,3,15,0.77
89.3799,0,0,0.0514358,0.00105287,0,0,3,15,0.77
89.4799,0,0,0.0366798,0.000787713,0,0,3,15,0.77
89.5799,0,0,0.0242794,0.001138,0,0,3,15,0.77
89.6799,0,0,0.0173618,0.00080601,0,0,3,15,0.77
89.7799,0,0,0.0328391,0.000680775,0,0,3,15,0.77
89.8799,0,0,0.0419796,0.000776975,0,0,3,15,0.77
89.9799,0,0,0.02519,0.000920866,0,0,3,15,0.77
90.0799,0,0,0.0108483,0.000189342,0,0,3,15,0.77
90.1799,0,0,0.00649686,0.000877218,0,0,3,15,0.77
90.2799,0,0,0.00478636,0.000597324,0,0,3,15,0.77
90.3799,0,0,0.0138824,0.00116694,0,0,3,15,0.77
90.4799,0,0,0.0224332,0.00116193,0,0,3,15,0.77
90.5799,0,0,0.0287571,0.0013502,0,0,3,15,0.77
90.6799,0,0,0.0338145,0.00112144,0,0,3,15,0.77
90.7799,0,0,0.033696,0.000654264,0,0,3,15,0.77
90.8799,0,0,0.0307987,6.80357e-05,0,0,3,15,0.77
90.9799,0,0,0.0164908,0.000684456,0,0,3,15,0.77
91.0799,0,0,0.00569311,0.00084263,0,0,3,15,0.77
91.1799,0,0,0.0092134,0.00119376,0,0,3,15,0.77
91.2799,0,0,0.0122757,0.00162459,0,0,3,15,0.77
91.3799,0,0,0.0134663,0.00120398,0,0,3,15,0.77
91.4799,0,0,0.0169691,0.000712566,0,0,3,15,0.77
91.5799,0,0,0.0298854,0.00102418,0,0,3,15,0.77
91.6799,0,0,0.0397458,0.000887411,0,0,3,15,0.77
91.7799,0,0,0.0371228,0.00107155,0,0,3,15,0.77
91.8799,0,0,0.0338379,0.000621801,0,0,3,15,0.77
91.9799,0,0,0.0278409,0.00095098,0,0,3,15,0.77
92.0799,0,0,0.0236908,0.00101063,0,0,3,15,0.77
92.1799,0,0,0.0270973,0.000874659,0,0,3,15,0.77
92.2799,0,0,0.031018,0.000964527,0,0,3,15,0.77
92.3799,0,0,0.0370343,0.000705855,0,0,3,15,0.77
92.4799,0,0,0.0413905,0.000957274,0,0,3,15,0.77
92.5799,0,0,0.0389556,0.000896871,0,0,3,15,0.77
92.6799,0,0,0.0363697,0.000728266,0,0,3,15,0.77
92.7799,0,0,0.0331674,0.000957015,0,0,3,15,0.77
92.8799,0,0,0.0347676,0.000927635,0,0,3,15,0.77
92.9799,0,0,0.0560141,0.00106007,0,0,3,15,0.77
93.0799,0,0,0.0693094,0.00104946,0,0,3,15,0.77
93.1799,0,0,0.0501261,0.000863736,0,0,3,15,0.77
93.2799,0,0,0.0339479,0.000928447,0,0,3,15,0.77
93.3799,0,0,0.0300544,0.00112869,0,0,3,15,0.77
93.4799,0,0,0.0271363,0.00075803,0,0,3,15,0.77
93.5799,0,0,0.0282079,0.00109481,0,0,3,15,0.77
93.6799,0,0,0.0278858,0.000996366,0,0,3,15,0.77
93.7799,0,0,0.0218652,0.000957571,0,0,3,15,0.77
93.8799,0,0,0.0177334,0.00146224,0,0,3,15,0.77
93.9799,0,0,0.0213109,0.000992973,0,0,3,15,0.77
94.0799,0,0,0.0294075,0.00114247,0,0,3,15,0.77
94.1799,0,0,0.0560301,0.0015465,0,0,3,15,0.77
94.2799,0,0,0.073319,0.00108627,0,0,3,15,0.77
94.3799,0,0,0.0525047,0.00110661,0,0,3,15,0.77
94.4799,0,0,0.0377409,0.000914919,0,0,3,15,0.77
94.5799,0,0,0.0477431,0.00105048,0,0,3,15,0.77
94.6799,0,0,0.053227,0.00171144,0,0,3,15,0.77
94.7799,0,0,0.040172,0.00138763,0,0,3,15,0.77
94.8799,0,0,0.0319355,0.00117327,0,0,3,15,0.77
94.9799,0,0,0.0434084,0.00076618,0,0,3,15,0.77
95.0799,0,0,0.055577,0.00104487,0,0,3,15,0.77
95.1799,0,0,0.0705962,0.000732539,0,0,3,15,0.77
95.2799,0,0,0.0763067,0.00104481,0,0,3,15,0.77
95.3799,0,0,0.0439889,0.00105334,0,0,3,15,0.77
95.4799,0,0,0.0185569,0.000947847,0,0,3,15,0.77
95.5799,0,0,0.0212473,0.000866605,0,0,3,15,0.77
95.6799,0,0,0.0244331,0.000887188,0,0,3,15,0.77
95.7799,0,0,0.0296463,0.000960444,0,0,3,15,0.77
95.8799,0,0,0.0317339,0.000587579,0,0,3,15,0.77
95.9799,0,0,0.0209976,0.000923107,0,0,3,15,0.77
96.0799,0,0,0.0179272,0.00106728,0,0,3,15,0.77
96.1799,0,0,0.0462344,0.00099593,0,0,3,15,0.77
96.2799,0,0,0.0661552,0.000670986,0,0,3,15,0.77
96.3799,0,0,0.051902,0.000776828,0,0,3,15,0.77
96.4799,0,0,0.040981,0.000777705,0,0,3,15,0.77
96.5799,0,0,0.0436979,0.0009889,0,0,3,15,0.77
96.6799,0,0,0.04283,0.000911334,0,0,3,15,0.77
96.7799,0,0,0.027324,0.000836253,0,0,3,15,0.77
96.8799,0,0,0.0146864,0.000870217,0,0,3,15,0.77
96.9799,0,0,0.0137726,0.000623282,0,0,3,15,0.77
97.0799,0,0,0.0208399,0.000648555,0,0,3,15,0.77
97.1799,0,0,0.0605421,0.000327258,0,0,3,15,0.77
97.2799,0,0,0.0860273,0.0010616,0,0,3,15,0.77
97.3799,0,0,0.0534116,0.000862083,0,0,3,15,0.77
97.4799,0,0,0.0277303,0.000941937,0,0,3,15,0.77
97.5799,0,0,0.030415,0.000872275,0,0,3,15,0.77
97.6799,0,0,0.0395669,0.000798637,0,0,3,15,0.77
97.7799,0,0,0.0752154,0.000999387,0,0,3,15,0.77
97.8799,0,0,0.101121,0.00107731,0,0,3,15,0.77
97.9799,0,0,0.112291,0.0010346,0,0,3,15,0.77
98.0799,0,0,0.115378,0.00117478,0,0,3,15,0.77
98.1799,0,0,0.0854442,0.00101844,0,0,3,15,0.77
98.2799,0,0,0.0642274,0.00108354,0,0,3,15,0.77
98.3799,0,0,0.078594,0.000992106,0,0,3,15,0.77
98.4799,0,0,0.0861787,0.000812591,0,0,3,15,0.77
98.5799,0,0,0.0660174,0.00084338,0,0,3,15,0.77
98.6799,0,0,0.0483463,0.000906513,0,0,3,15,0.77
98.7799,0,0,0.0408518,0.000920715,0,0,3,15,0.77
98.8799,0,0,0.034845,0.00106702,0,0,3,15,0.77
98.9799,0,0,0.034931,0.000990354,0,0,3,15,0.77
99.0799,0,0,0.0398688,0.0011499,0,0,3,15,0.77
99.1799,0,0,0.0646335,0.00100041,0,0,3,15,0.77
99.2799,0,0,0.0782009,0.00125473,0,0,3,15,0.77
99.3799,0,0,0.0459582,0.00110083,0,0,3,15,0.77
99.4799,0,0,0.0242812,0.00103492,0,0,3,15,0.77
99.5799,0,0,0.0460313,0.000855628,0,0,3,15,0.77
99.6799,0,0,0.0597405,0.000938345,0,0,3,15,0.77
99.7799,0,0,0.0405852,0.000948849,0,0,3,15,0.77
99.8799,0,0,0.0258381,0.000719594,0,0,3,15,0.77
99.9799,0,0,0.0292034,0.000809021,0,0,3,15,0.77
100.08,0,0,0.0327518,0.000913052,0,0,3,15,0.77
100.18,0,0,0.0370469,0.000883416,0,0,3,15,0.77
100.28,0,0,0.0388458,0.000802345,0,0,3,15,0.77
100.38,0,0,0.0304533,0.000990481,0,0,3,15,0.77
100.48,0,0,0.0261154,0.000855004,0,0,3,15,0.77
100.58,0,0,0.0383995,0.000830587,0,0,3,15,0.77
100.68,0,0,0.0440206,0.00100287,0,0,3,15,0.77
100.78,0,0,0.0223913,0.000840998,0,0,3,15,0.77
100.88,0,0,0.00614109,0.000910756,0,0,3,15,0.77
100.98,0,0,0.0119648,0.000859724,0,0,3,15,0.77
101.08,0,0,0.0173992,0.00105013,0,0,3,15,0.77
101.18,0,0,0.0212436,0.000951022,0,0,3,15,0.77
101.28,0,0,0.0262578,0.000685037,0,0,3,15,0.77
101.38,0,0,0.0360442,0.00086951,0,0,3,15,0.77
101.48,0,0,0.0428981,0.000987247,0,0,3,15,0.77
101.58,0,-0.00247104,0.0377501,0.00105589,0,0,3,15,0.77
101.68,0,-0.0349849,0.0311542,0.00106106,0,0,3,15,0.77
101.78,0,-0.0424158,0.0186512,0.000904245,0,0,3,15,0.77
101.88,0,-0.0400012,0.0130356,0.000780169,0,0,3,15,0.77
101.98,0,-0.000473356,0.035621,0.000937513,0,0,3,15,0.77
102.08,0,0,0.0524496,0.000979263,0,0,3,15,0.77
102.18,0,0,0.0458019,0.00076092,0,0,3,15,0.77
102.28,0,0,0.0377017,0.00101726,0,0,3,15,0.77
102.38,0,0,0.023659,0.00107989,0,0,3,15,0.77
102.48,0,0,0.0133266,0.000957647,0,0,3,15,0.77
102.58,0,0,0.0182093,0.000969063,0,0,3,15,0.77
102.68,0,0,0.0230938,0.00100946,0,0,3,15,0.77
102.78,0,0,0.0295115,0.000866872,0,0,3,15,0.77
102.88,0,0,0.0377474,0.00100018,0,0,3,15,0.77
102.98,0,0,0.0534299,0.000862537,0,0,3,15,0.77
103.08,0,0,0.0633652,0.000948635,0,0,3,15,0.77
103.18,0,0,0.0498045,0.000740562,0,0,3,15,0.77
103.28,0,0,0.0377704,0.000910516,0,0,3,15,0.77
103.38,0,0,0.0319735,0.000988317,0,0,3,15,0.77
103.48,0,0,0.028089,0.000785987,0,0,3,15,0.77
103.58,0,0,0.0320473,0.00103904,0,0,3,15,0.77
103.68,0,0,0.0335379,0.000704132,0,0,3,15,0.77
103.78,0,0,0.0249383,0.000995063,0,0,3,15,0.77
103.88,0,0,0.020881,0.000772434,0,0,3,15,0.77
103.98,0,0,0.0354077,0.000880274,0,0,3,15,0.77
104.08,0,0,0.0429709,0.00109362,0,0,3,15,0.77
104.18,0,0,0.0221284,0.000800085,0,0,3,15,0.77
104.28,0,0,0.00838095,0.00091547,0,0,3,15,0.77
104.38,0,0,0.0236127,0.00106583,0,0,3,15,0.77
104.48,0,0,0.0358069,0.000917384,0,0,3,15,0.77
104.58,0,0,0.0356035,0.0010207,0,0,3,15,0.77
104.68,0,0,0.0365928,0.00104801,0,0,3,15,0.77
104.78,0,0,0.0424578,0.0011414,0,0,3,15,0.77
104.88,0,0,0.04627,0.000723146,0,0,3,15,0.77
104.98,0,0,0.0416916,0.000893173,0,0,3,15,0.77
105.08,0,0,0.0402175,0.000736927,0,0,3,15,0.77
105.18,0,0,0.0514321,0.000876216,0,0,3,15,0.77
105.28,0,0,0.0569713,0.000878477,0,0,3,15,0.77
105.38,0,0,0.0393421,0.000770997,0,0,3,15,0.77
105.48,0,0,0.0263884,0.000975099,0,0,3,15,0.77
105.58,0,0,0.0325374,0.00100797,0,0,3,15,0.77
105.68,0,0,0.0362851,0.00127591,0,0,3,15,0.77
105.78,0,0,0.0301604,0.000948095,0,0,3,15,0.77
105.88,0,0,0.0261052,0.00101799,0,0,3,15,0.77
105.98,0,0,0.0305157,0.0010377,0,0,3,15,0.77
106.08,0,0,0.0373032,0.000973165,0,0,3,15,0.77
106.18,0,0,0.0537993,0.0011204,0,0,3,15,0.77
106.28,0,0,0.062535,0.000911764,0,0,3,15,0.77
106.38,0,0,0.0395584,0.000975832,0,0,3,15,0.77
106.48,0,0,0.0255055,0.00113926,0,0,3,15,0.77
106.58,0,0,0.0479588,0.00101118,0,0,3,15,0.77
106.68,0,0,0.0680872,0.000866457,0,0,3,15,0.77
106.78,0,0,0.0786888,0.000786547,0,0,3,15,0.77
106.88,0,0,0.0858018,0.000971123,0,0,3,15,0.77
106.98,0,0,0.0786543,0.000984849,0,0,3,15,0.77
107.08,0,0,0.0709087,0.000971036,0,0,3,15,0.77
107.18,0,0,0.0607314,0.000760703,0,0,3,15,0.77
107.28,0,0,0.052487,0.000855487,0,0,3,15,0.77
107.38,0,0,0.0521422,0.000917983,0,0,3,15,0.77
107.48,0,0,0.0539483,0.00101728,0,0,3,15,0.77
107.58,0,0,0.0645568,0.000760201,0,0,3,15,0.77
107.68,0,0,0.0731961,0.000978984,0,0,3,15,0.77
107.78,0,0,0.0737765,0.00103258,0,0,3,15,0.77
107.88,0,0,0.0689737,0.000986339,0,0,3,15,0.77
107.98,0,0,0.0421448,0.00110526,0,0,3,15,0.77
108.08,0,0,0.0246475,0.000833789,0,0,3,15,0.77
108.18,0,0,0.0452763,0.00095302,0,0,3,15,0.77
108.28,0,0,0.0593909,0.000897317,0,0,3,15,0.77
108.38,0,0,0.0469092,0.00100929,0,0,3,15,0.77
108.48,0,0,0.0377548,0.00110862,0,0,3,15,0.77
108.58,0,0,0.0422194,0.00107463,0,0,3,15,0.77
108.68,0,0,0.0433487,0.000945169,0,0,3,15,0.77
108.78,0,0,0.0308942,0.000821481,0,0,3,15,0.77
108.88,0,0,0.021841,0.000963381,0,0,3,15,0.77
108.98,0,0,0.026741,0.00101538,0,0,3,15,0.77
109.08,0,0,0.0320057,0.0011563,0,0,3,15,0.77
109.18,0,0,0.0387567,0.000881803,0,0,3,15,0.77
109.28,0,0,0.043632,0.00104859,0,0,3,15,0.77
109.38,0,0,0.0408353,0.00114584,0,0,3,15,0.77
109.48,0,0,0.0424045,0.00106729,0,0,3,15,0.77
109.58,0,0,0.061849,0.000800615,0,0,3,15,0.77
109.68,0,0,0.0748289,0.000991643,0,0,3,15,0.77
109.78,0,0,0.0613751,0.00100233,0,0,3,15,0.77
109.88,0,0,0.0475615,0.000784753,0,0,3,15,0.77
109.98,0,0,0.0322784,0.000971489,0,0,3,15,0.77
110.08,0,0,0.0201007,0.00115235,0,0,3,15,0.77
110.18,0,0,0.0206127,0.0011389,0,0,3,15,0.77
110.28,0,0,0.0198874,0.000990491,0,0,3,15,0.77
110.38,0,0,0.0141206,0.00103007,0,0,3,15,0.77
110.48,0,0,0.00973789,0.000908215,0,0,3,15,0.77
110.58,0,0,0.0110156,0.000974978,0,0,3,15,0.77
110.68,0,0,0.0125755,0.000980992,0,0,3,15,0.77
110.78,0,0,0.0152861,0.000884009,0,0,3,15,0.77
110.88,0,0,0.0173747,0.00104043,0,0,3,15,0.77
110.98,0,0,0.016919,0.00110699,0,0,3,15,0.77
111.08,0,0,0.0181938,0.000892354,0,0,3,15,0.77
111.18,0,0,0.0265368,0.000957099,0,0,3,15,0.77
111.28,0,0,0.0324326,0.000757819,0,0,3,15,0.77
111.38,0,0,0.0283129,0.000924605,0,0,3,15,0.77
111.48,0,0,0.0260828,0.000802913,0,0,3,15,0.77
111.58,0,0,0.0316126,0.00102252,0,0,3,15,0.77
111.68,0,0,0.034825,0.00101299,0,0,3,15,0.77
111.78,0,0,0.0285645,0.000883628,0,0,3,15,0.77
111.88,0,0,0.0227195,0.00107798,0,0,3,15,0.77
111.98,0,0,0.0185679,0.00117998,0,0,3,15,0.77
112.08,0,0,0.0152885,0.00102239,0,0,3,15,0.77
112.18,0,0,0.0155785,0.000893934,0,0,3,15,0.77
112.28,0,0,0.0182908,0.00105349,0,0,3,15,0.77
112.38,0,0,0.0308866,0.0010121,0,0,3,15,0.77
112.48,0,0,0.0404822,0.000866414,0,0,3,15,0.77
112.58,0,0,0.0377798,0.00100216,0,0,3,15,0.77
112.68,0,0,0.0347034,0.000852829,0,0,3,15,0.77
112.78,0,0,0.0301001,0.000692173,0,0,3,15,0.77
112.88,0,0,0.0247904,0.00094114,0,0,3,15,0.77
112.98,0,0,0.0165897,0.000884546,0,0,3,15,0.77
113.08,0,0,0.0115185,0.00104961,0,0,3,15,0.77
113.18,0,0,0.0192486,0.000987416,0,0,3,15,0.77
113.28,0,0,0.0242336,0.000946729,0,0,3,15,0.77
113.38,0,0,0.0180292,0.000898069,0,0,3,15,0.77
113.48,0,0,0.0139507,0.00082184,0,0,3,15,0.77
113.58,0,0,0.0186143,0.00106318,0,0,3,15,0.77
113.68,0,0,0.0224427,0.000921074,0,0,3,15,0.77
113.78,0,0,0.0228597,0.00107565,0,0,3,15,0.77
113.88,0,0,0.022589,0.000948726,0,0,3,15,0.77
113.98,0,0,0.0195064,0.000892411,0,0,3,15,0.77
114.08,0,0,0.0185789,0.000860999,0,0,3,15,0.77
114.18,0,0,0.0264665,0.00104445,0,0,3,15,0.77
114.28,0,0,0.0316512,0.00085905,0,0,3,15,0.77
114.38,0,0,0.0257992,0.000911965,0,0,3,15,0.77
114.48,0,0,0.023271,0.000775387,0,0,3,15,0.77
114.58,0,0,0.0343649,0.000906727,0,0,3,15,0.77
114.68,0,0,0.0410295,0.000721868,0,0,3,15,0.77
114.78,0,0,0.0295896,0.00104987,0,0,3,15,0.77
114.88,0,0,0.0199305,0.00102919,0,0,3,15,0.77
114.98,0,0,0.0175596,0.00116707,0,0,3,15,0.77
115.08,0,0,0.015044,0.000986295,0,0,3,15,0.77
115.18,0,0,0.0119332,0.00101652,0,0,3,15,0.77
115.28,0,0,0.0136711,0.0010098,0,0,3,15,0.77
115.38,0,0,0.0352207,0.000938288,0,0,3,15,0.77
115.48,0,0,0.0487169,0.000825803,0,0,3,15,0.77
115.58,0,0,0.029098,0.000922498,0,0,3,15,0.77
115.68,0,0,0.0150605,0.00103487,0,0,3,15,0.77
115.78,0,0,0.0237909,0.000723766,0,0,3,15,0.77
115.88,0,0,0.0287114,0.000850169,0,0,3,15,0.77
115.98,0,0,0.0180523,0.000976537,0,0,3,15,0.77
116.08,0,0,0.013459,0.000964705,0,0,3,15,0.77
116.18,0,0,0.0336818,0.00107661,0,0,3,15,0.77
116.28,0,0,0.0490319,0.000893555,0,0,3,15,0.77
116.38,0,0,0.0444628,0.000915633,0,0,3,15,0.77
116.48,0,0,0.0375923,0.00110684,0,0,3,15,0.77
116.58,0,0,0.0213187,0.000813545,0,0,3,15,0.77
116.68,0,0,0.00858179,0.00103142,0,0,3,15,0.77
116.78,0,0,0.0102878,0.00116605,0,0,3,15,0.77
116.88,0,0,0.0120016,0.000837701,0,0,3,15,0.77
116.98,0,0,0.0137272,0.00109211,0,0,3,15,0.77
117.08,0,0,0.0215486,0.0009521,0,0,3,15,0.77
117.18,0,0,0.0385629,0.00101861,0,0,3,15,0.77
117.28,0,0,0.0494102,0.00105279,0,0,3,15,0.77
117.38,0,0,0.0349843,0.00101723,0,0,3,15,0.77
117.48,0,0,0.0305953,0.000972921,0,0,3,15,0.77
117.58,0,0,0.0413617,0.00105587,0,0,3,15,0.77
117.68,0,0,0.0476563,0.000840874,0,0,3,15,0.77
117.78,0,0,0.0356924,0.00094714,0,0,3,15,0.77
117.88,0,0,0.0248805,0.00101575,0,0,3,15,0.77
117.98,0,0,0.0187858,0.000862935,0,0,3,15,0.77
118.08,0,0,0.0138605,0.00111462,0,0,3,15,0.77
118.18,0,0,0.0136987,0.000934206,0,0,3,15,0.77
118.28,0,0,0.0206989,0.000800407,0,0,3,15,0.77
118.38,0,0,0.0384825,0.00096358,0,0,3,15,0.77
118.48,0,0,0.0510331,0.0011101,0,0,3,15,0.77
118.58,0,0,0.0421743,0.00113648,0,0,3,15,0.77
118.68,0,0,0.0338286,0.00116029,0,0,3,15,0.77
118.78,0,0,0.0275802,0.000825677,0,0,3,15,0.77
118.88,0,0,0.0227189,0.000796405,0,0,3,14,0.77
118.98,0,0,0.0235214,0.0011308,0,0,3,14,0.77
119.08,0,0,0.0240148,0.00087801,0,0,3,14,0.77
119.18,0,0,0.0232455,0.000830541,0,0,3,14,0.77
119.28,0,0,0.0226979,0.00102551,0,0,3,15,0.77
119.38,0,0,0.0230568,0.000863929,0,0,3,15,0.77
119.48,0,0,0.0236788,0.000876647,0,0,3,15,0.77
119.58,0,0,0.0253781,0.00075533,0,0,3,15,0.77
119.68,0,0,0.0271353,0.00117178,0,0,3,15,0.77
119.78,0,0,0.0289803,0.000905514,0,0,3,15,0.77
119.88,0,0,0.03143,0.000981347,0,0,3,15,0.77
119.98,0,0,0.0363559,0.00111682,0,0,3,15,0.77
120.08,0,0,0.0391164,0.00113091,0,0,3,15,0.77
120.18,0,0,0.0330516,0.00119533,0,0,3,15,0.77
120.28,0,0,0.0271675,0.00089198,0,0,3,15,0.77
120.38,0,0,0.0220224,0.000901918,0,0,3,15,0.77
120.48,0,0,0.0189958,0.000920857,0,0,3,15,0.77
120.58,0,0,0.0246289,0.000967806,0,0,3,15,0.77
120.68,0,0,0.0291055,0.00107132,0,0,3,15,0.77
120.78,0,0,0.0288547,0.00114629,0,0,3,15,0.77
120.88,0,0,0.0276245,0.000981872,0,0,3,15,0.77
120.98,0,0,0.0223733,0.00089801,0,0,3,15,0.77
121.08,0,0,0.0206163,0.000897546,0,0,3,15,0.77
121.18,0,0,0.024156,0.00110002,0,0,3,15,0.77
121.28,0,0,0.0257366,0.000857939,0,0,3,15,0.77
121.38,0,0,0.0193079,0.000929957,0,0,3,15,0.77
121.48,0,0,0.0157601,0.00102907,0,0,3,15,0.77
121.58,0,0,0.0239956,0.00112697,0,0,3,15,0.77
121.68,0,0,0.0300109,0.000664476,0,0,3,15,0.77
121.78,0,0,0.026964,0.000931521,0,0,3,15,0.77
121.88,0,0,0.0269221,0.000981446,0,0,3,15,0.77
121.98,0,0,0.0391814,0.00076071,0,0,3,15,0.77
122.08,0,0,0.0480446,0.000703147,0,0,3,15,0.77
122.18,0,0,0.0430296,0.000941234,0,0,3,15,0.77
122.28,0,0,0.0400463,0.000646429,0,0,3,15,0.77
122.38,0,0,0.0453706,0.00069132,0,0,3,15,0.77
122.48,0,0,0.0494301,0.00106741,0,0,3,15,0.77
122.58,0,0,0.048317,0.000822671,0,0,3,15,0.77
122.68,0,0,0.0442136,0.000892672,0,0,3,15,0.77
122.78,0,0,0.0279472,0.00103664,0,0,3,15,0.77
122.88,0,0,0.0155581,0.000901084,0,0,3,15,0.77
122.98,0,0,0.0190923,0.000761891,0,0,3,15,0.77
123.08,0,0,0.0230713,0.00106968,0,0,3,15,0.77
123.18,0,0,0.0288686,0.00106316,0,0,3,15,0.77
123.28,0,0,0.0319046,0.000887041,0,0,3,15,0.77
123.38,0,0,0.0236574,0.00102992,0,0,3,15,0.77
123.48,0,0,0.0168331,0.000810961,0,0,3,15,0.77
123.58,0,0,0.015833,0.00103832,0,0,3,15,0.77
123.68,0,0,0.0150662,0.000888713,0,0,3,15,0.77
123.78,0,0,0.0146512,0.000896709,0,0,3,15,0.77
123.88,0,0,0.0138982,0.00112461,0,0,3,15,0.77
123.98,0,0,0.0117646,0.00100149,0,0,3,15,0.77
124.08,0,0,0.0109596,0.000781974,0,0,3,15,0.77
124.18,0,0,0.0155935,0.00106732,0,0,3,15,0.77
124.28,0,0,0.0203686,0.00119851,0,0,3,15,0.77
124.38,0,0,0.0257184,0.000897311,0,0,3,15,0.77
124.48,0,0,0.0323747,0.00106633,0,0,3,15,0.77
124.58,0,0,0.044371,0.000783435,0,0,3,15,0.77
124.68,0,0,0.0516027,0.000839828,0,0,3,15,0.77
124.78,0,0,0.0393597,0.000764365,0,0,3,15,0.77
124.88,0,0,0.0338911,0.000963043,0,0,3,15,0.77
124.98,0,0,0.0386324,0.000971186,0,0,3,15,0.77
125.08,0,0,0.0350601,0.000869617,0,0,3,15,0.77
125.18,0,0,0.0189321,0.000944424,0,0,3,15,0.77
125.28,0,0,0.0112481,0.000737211,0,0,3,15,0.77
125.38,0.0899406,0,0.0163476,0.000959199,0,0,3,15,0.77
125.48,0.109977,0,0.017439,0.00103456,0,0,3,15,0.77
125.58,0.11,0,0.0124732,0.00110629,0,0,3,15,0.77
125.68,2.31021e-05,0,0.0129023,0.000858618,0,0,3,15,0.77
125.78,-0.129886,0,0.0214704,0.000762511,0,0,3,15,0.77
125.88,-0.107514,0,0.0273153,0.00106202,0,0,3,15,0.77
125.98,-8.60465e-06,0,0.0290439,0.000816221,0,0,3,15,0.77
126.08,0.125,0,0.0270294,0.000782085,0,0,3,15,0.77
126.18,0.132496,0,0.0193709,0.000924199,0,0,3,15,0.77
126.28,0.0899757,0,0.0136158,0.000962063,0,0,3,15,0.77
126.38,1.16937e-05,0,0.010733,0.000964939,0,0,3,15,0.77
126.48,0.0974591,0,0.0149752,0.000883681,0,0,3,15,0.77
126.58,0.117486,0,0.0299566,0.000937775,0,0,3,15,0.77
126.68,5.874e-06,0,0.0447458,0.000837144,0,0,3,15,0.77
126.78,0,0,0.0587473,0.000893875,0,0,3,15,0.77
126.88,0.0874469,0,0.0638222,0.000825251,0,0,3,16,0.77
126.98,0.117142,0,0.0323541,0.000806466,0,0,3,16,0.77
127.08,0.0875097,0,0.00840208,0.000926944,0,0,3,16,0.77
127.18,0.00101993,0,0.0151739,0.000947448,0,0,3,16,0.77
127.28,0,0,0.0248155,0.000791915,0,0,3,16,0.77
127.38,0,0,0.0461962,0.000901552,0,0,3,16,0.77
127.48,0.0948694,0,0.0579415,0.00105359,0,0,3,16,0.77
127.58,0.0900565,0,0.0301449,0.00101427,0,0,3,16,0.77
127.68,3.00331e-05,0,0.0099968,0.000944385,0,0,3,16,0.66
127.78,0,0,0.0211243,0.00114805,0,0,3,16,0.66
127.88,0,0,0.0304369,0.00114406,0,0,3,16,0.66
127.98,0,0,0.0323228,0.00100153,0,0,3,16,0.66
128.08,0,0,0.0323818,0.000914914,0,0,3,16,0.66
128.18,0.103793,0,0.0249755,0.000950705,0,0,3,16,0.66
128.28,0,0,0.0176847,0.000806328,0,0,3,16,0.66
128.38,0,0,0.0108654,0.000838036,0,0,3,16,0.66
128.48,0,0,0.00755248,0.00108628,0,0,3,16,0.66
128.58,0.108764,0,0.0185894,0.000862525,0,0,3,16,0.66
128.68,0.105004,0,0.0265973,0.000875152,0,0,3,16,0.66
128.78,0.00122864,0,0.0222088,0.0009852,0,0,3,16,0.66
128.88,0,0,0.0218202,0.00101715,0,0,3,16,0.66
128.98,0,0,0.0378117,0.00113832,0,0,3,16,0.66
129.08,0.117468,0,0.0443426,0.000882177,0,0,3,15,0.66
129.18,7.04767e-06,0,0.0366195,0.00105359,0,0,3,15,0.66
129.28,0,0,0.0288046,0.00083016,0,0,3,15,0.66
129.38,0,0,0.0206142,0.00089674,0,0,3,15,0.66
129.48,0.0999272,0,0.0165054,0.00103908,0,0,3,16,0.66
129.58,0.0901115,0,0.0290547,0.00108764,0,0,3,16,0.66
129.68,3.3667e-05,0,0.0415836,0.000875844,0,0,3,16,0.66
129.78,0,0,0.0303844,0.00102133,0,0,3,16,0.66
129.88,0.0899955,0,0.024325,0.000606539,0,0,3,16,0.66
129.98,0.107288,0,0.0393812,0.000871938,0,0,3,16,0.66
130.08,7.28681e-05,0,0.048138,0.000839472,0,0,3,16,0.66
130.18,0,0,0.031144,0.000824911,0,0,3,16,0.66
130.28,0,0,0.0188278,0.000892068,0,0,3,16,0.66
130.38,0,0,0.0256144,0.000844491,0,0,3,16,0.66
130.48,0.0999191,0,0.0270397,0.000886135,0,0,3,16,0.66
130.58,0.0950033,0,0.0203629,0.000804634,0,0,3,16,0.66
130.68,9.49677e-05,0,0.0184092,0.000969235,0,0,3,16,0.66
130.78,0,0,0.0357339,0.00107227,0,0,3,16,0.66
130.88,0,0,0.0462442,0.000968067,0,0,3,16,0.66
130.98,0,0,0.0288438,0.000649931,0,0,3,16,0.66
131.08,0,0,0.0142151,0.00100515,0,0,3,16,0.66
131.18,0,0,0.0109056,0.00102112,0,0,3,16,0.66
131.28,0.0899245,0,0.00999767,0.000946487,0,0,3,16,0.66
131.38,0.00105751,0,0.0189132,0.000820126,0,0,3,16,0.66
131.48,0,0,0.0249884,0.00109493,0,0,3,16,0.66
131.58,0,0,0.01945,0.000895058,0,0,3,16,0.66
131.68,0,0,0.0144858,0.000943247,0,0,3,16,0.66
131.78,0,0,0.0118694,0.000956297,0,0,3,16,0.66
131.88,0,0,0.0111533,0.00102184,0,0,3,16,0.66
131.98,0,0,0.0133057,0.00123373,0,0,3,16,0.66
132.08,0,0,0.0147382,0.000854994,0,0,3,16,0.66
132.18,0,0,0.0132427,0.000946671,0,0,3,16,0.66
132.28,0,0,0.0142837,0.00122996,0,0,3,16,0.66
132.38,0.0938929,0,0.025673,0.00105197,0,0,3,16,0.66
132.48,6.91657e-05,0,0.0353183,0.00109406,0,0,3,16,0.66
132.58,0,0,0.037817,0.00086521,0,0,3,16,0.66
132.68,0,0,0.0371792,0.000903132,0,0,3,15,0.77
132.78,0,0,0.0237178,0.00115446,0,0,3,15,0.77
132.88,0,0,0.0143399,0.000949908,0,0,3,15,0.77
132.98,0,0,0.011126,0.000797141,0,0,3,15,0.77
133.08,0,0,0.0120316,0.000929098,0,0,3,16,0.77
133.18,0,0,0.0297727,0.000858292,0,0,3,16,0.77
133.28,0,0,0.0373072,0.000912851,0,0,3,16,0.77
133.38,0,0,0.0294231,0.000947412,0,0,3,16,0.77
133.48,0,0,0.0243358,0.000784221,0,0,3,16,0.77
133.58,0,0,0.0306978,0.000996649,0,0,3,16,0.77
133.68,0,0,0.03474,0.000924257,0,0,3,16,0.66
133.78,0,0,0.0293404,0.00100655,0,0,3,16,0.66
133.88,0,0,0.0251,0.000849526,0,0,3,16,0.66
133.98,0,0,0.0256098,0.000855722,0,0,3,16,0.66
134.08,0,0,0.0275699,0.00093225,0,0,3,16,0.66
134.18,0,0,0.0354456,0.000958862,0,0,3,16,0.66
134.28,0,0,0.0384534,0.00117147,0,0,3,16,0.66
134.38,0,0,0.0215641,0.000966132,0,0,3,16,0.66
134.48,0,0,0.0216043,0.000913908,0,0,3,15,0.66
134.58,0,0,0.0472194,0.000813148,0,0,3,15,0.66
134.68,0,0,0.0527527,0.00102366,0,0,3,15,0.75
134.78,0,0,0.0279793,0.000782013,0,0,3,15,0.75
134.88,0,0,0.00988787,0.00086668,0,0,3,15,0.75
134.98,0,0,0.0192008,0.000909371,0,0,3,15,0.75
135.08,0,0,0.0264105,0.000906352,0,0,3,15,0.75
135.18,0,0,0.0250222,0.000854165,0,0,3,15,0.75
135.28,0.0900032,0,0.024459,0.00078755,0,0,3,15,0.75
135.38,0.0975,0,0.0251428,0.00101019,0,0,3,15,0.75
135.48,0.0975,0,0.0265587,0.000859087,0,0,3,15,0.75
135.58,0.0999993,0,0.0290786,0.000742601,0,0,3,15,0.75
135.68,0.0974834,0,0.0288676,0.000750011,0,0,3,15,0.75
135.78,9.74825e-07,0,0.024536,0.00109332,0,0,3,15,0.75
135.88,0,0,0.0213051,0.000815103,0,0,3,15,0.75
135.98,0,0,0.0197339,0.000784924,0,0,3,15,0.75
136.08,0,0,0.0236921,0.00094927,0,0,3,15,0.75
136.18,0,0,0.0360084,0.000891444,0,0,3,15,0.75
136.28,0,0,0.0462615,0.00095362,0,0,3,15,0.75
136.38,0,0,0.0534007,0.000865103,0,0,3,15,0.75
136.48,0,0,0.0512795,0.000832054,0,0,3,15,0.75
136.58,0,0,0.0351592,0.00101185,0,0,3,15,0.75
136.68,0,0,0.0209499,0.000990605,0,0,3,15,0.75
136.78,0,0,0.0145639,0.00112895,0,0,3,15,0.75
136.88,0,0,0.0113223,0.000757129,0,0,3,15,0.75
136.98,0,0,0.0209223,0.000845977,0,0,3,15,0.75
137.08,0,0,0.0277877,0.00105459,0,0,3,15,0.75
137.18,0.0963454,0,0.0234733,0.00103172,0,0,3,15,0.75
137.28,0.105001,0,0.0203638,0.000900573,0,0,3,15,0.75
137.38,0.107499,0,0.0190686,0.000772039,0,0,3,15,0.75
137.48,0.109996,0,0.017538,0.00104463,0,0,3,15,0.75
137.58,0.11,0,0.0150431,0.000971723,0,0,3,15,0.75
137.68,0.114996,0,0.0129032,0.000917773,0,0,3,15,0.75
137.78,0.117472,0,0.012215,0.000771633,0,0,3,15,0.75
137.88,0.124995,0,0.0116146,0.000895624,0,0,3,15,0.75
137.98,0.125,0,0.0113738,0.00114664,0,0,3,15,0.75
138.08,0.132496,0,0.0128406,0.00113162,0,0,3,15,0.75
138.18,0.137441,0,0.0212843,0.00121237,0,0,3,15,0.75
138.28,0.144995,0,0.0265661,0.00289228,0,0,3,15,0.75
138.38,0.14747,0,0.0188944,0.00417445,0,0,3,15,0.75
138.48,0.135017,0,0.0141927,0.00273898,0,0,3,15,0.75
138.58,0.125114,0,0.0216583,0.00278631,0,0,3,15,0.75
138.68,0.110007,0,0.0264392,0.000985573,0,0,3,15,0.75
138.78,0.114945,0,0.0202261,0.000770314,0,0,3,15,0.75
138.88,0.12,0,0.0153818,0.000909364,0,0,3,15,0.75
138.98,0.127409,0,0.0161476,0.000765421,0,0,3,15,0.75
139.08,0.132497,0,0.0171978,0.000959921,0,0,3,15,0.75
139.18,0.1325,0,0.0194111,0.000442144,0,0,3,15,0.75
139.28,0.1325,0,0.0198031,0.00101909,0,0,3,15,0.75
139.38,0.13497,0,0.0127442,0.00137973,0,0,3,15,0.75
139.48,0.135,0,0.0076976,0.00175635,0,0,3,15,0.75
139.58,0.132529,0,0.0108892,0.00257661,0,0,3,15,0.75
139.68,0.134999,0,0.0129712,0.00106134,0,0,3,15,0.75
139.78,0.135,0,0.0105161,0.000997363,0,0,3,15,0.75
139.88,0.135,0,0.0105556,0.00163955,0,0,3,15,0.75
139.98,0.135,0,0.0207796,0.00127701,0,0,3,15,0.75
140.08,0.1325,0,0.0246428,0.00115052,0,0,3,15,0.75
140.18,0.135,0,0.0189187,0.000430206,0,0,3,15,0.75
140.28,0.127503,0,0.0141226,0.000989921,0,0,3,15,0.75
140.38,0.1275,0,0.0131279,0.00109648,0,0,3,15,0.75
140.48,0.0975079,0,0.0167446,0.000836262,0,0,3,15,0.75
140.58,9.75156e-06,0,0.0273118,0.000799418,0,0,3,15,0.75
140.68,0,0,0.0355193,0.000931386,0,0,3,15,0.75
140.78,0,0,0.0340637,0.00100108,0,0,3,15,0.75
140.88,0,0,0.0328259,0.00100507,0,0,3,15,0.75
140.98,0,0,0.0324802,0.000885733,0,0,3,15,0.75
141.08,0,0,0.0329749,0.00111804,0,0,3,15,0.75
141.18,0,0,0.0368974,0.000859143,0,0,3,15,0.75
141.28,0,0,0.0369515,0.000941378,0,0,3,15,0.75
141.38,0,0,0.021165,0.000972396,0,0,3,15,0.75
141.48,0,0,0.0150643,0.000890044,0,0,3,15,0.75
141.58,0,0,0.0236124,0.00096186,0,0,3,15,0.75
141.68,0,0,0.0322348,0.000771302,0,0,3,15,0.75
141.78,0,0,0.0411604,0.00111211,0,0,3,15,0.75
141.88,0,0,0.0482023,0.00101367,0,0,3,15,0.75
141.98,0,0,0.0475415,0.000985847,0,0,3,15,0.75
142.08,0,0,0.0436314,0.000959804,0,0,3,15,0.75
142.18,0,0,0.0264501,0.00104668,0,0,3,15,0.75
142.28,0,0,0.013394,0.00095897,0,0,3,15,0.75
142.38,0,0,0.0171805,0.000896954,0,0,3,15,0.75
142.48,0,0,0.020814,0.000960081,0,0,3,15,0.75
142.58,0,0,0.0238214,0.00100695,0,0,3,15,0.75
142.68,0,0,0.0259326,0.00102865,0,0,3,15,0.75
142.78,0,0,0.0266878,0.000957372,0,0,3,15,0.75
142.88,0,0,0.0272676,0.000851007,0,0,3,15,0.75
142.98,0,0,0.0271294,0.00100596,0,0,3,15,0.75
143.08,0,0,0.0253423,0.00111679,0,0,3,15,0.75
143.18,0,0,0.0168343,0.00104969,0,0,3,15,0.75
143.28,0,0,0.0102048,0.0010604,0,0,3,15,0.75
143.38,0,0,0.0112461,0.000853449,0,0,3,15,0.75
143.48,0,0,0.0153744,0.00110201,0,0,3,15,0.75
143.58,0,0,0.0321455,0.00102984,0,0,3,15,0.75
143.68,0,0,0.0435123,0.000892602,0,0,3,15,0.75
143.78,0,0,0.032807,0.00106059,0,0,3,15,0.75
143.88,0,0,0.0228399,0.000929981,0,0,3,15,0.75
143.98,0,0,0.0158881,0.000842674,0,0,3,15,0.75
144.08,0,0,0.0114498,0.00108713,0,0,3,15,0.75
144.18,0,0,0.0108098,0.000794178,0,0,3,15,0.75
144.28,0,0,0.0128285,0.00101191,0,0,3,15,0.75
144.38,0,0,0.0257042,0.00114153,0,0,3,15,0.75
144.48,0,0,0.0353705,0.000956403,0,0,3,15,0.75
144.58,0,0,0.0318767,0.000718669,0,0,3,15,0.75
144.68,0,0,0.0281212,0.000752597,0,0,3,15,0.75
144.78,0,0,0.023295,0.000905347,0,0,3,15,0.75
144.88,0,0,0.018655,0.000934277,0,0,3,15,0.75
144.98,0,0,0.0147769,0.00111421,0,0,3,15,0.75
145.08,0,0,0.0133423,0.00103911,0,0,3,15,0.75
145.18,0,0,0.0218819,0.000970834,0,0,3,15,0.75
145.28,0,0,0.0274951,0.00117689,0,0,3,15,0.75
145.38,0,0,0.028691,0.00109389,0,0,3,15,0.75
145.48,0,0,0.0267972,0.000901365,0,0,3,15,0.75
145.58,0,0,0.0202308,0.000822236,0,0,3,15,0.75
145.68,0,0,0.0158036,0.000865246,0,0,3,15,0.75
145.78,0,0,0.0146101,0.000980098,0,0,3,15,0.75
145.88,0,0,0.0156333,0.000684825,0,0,3,15,0.75
145.98,0,0,0.0199995,0.000903922,0,0,3,15,0.75
146.08,0,0,0.0208511,0.000864339,0,0,3,15,0.75
146.18,0,0,0.0163893,0.00114933,0,0,3,15,0.75
146.28,0,0,0.0149438,0.000828852,0,0,3,15,0.75
146.38,0,0,0.0257979,0.00107695,0,0,3,15,0.75
146.48,0,0,0.034322,0.000916151,0,0,3,15,0.75
146.58,0,0,0.0332839,0.000836768,0,0,3,15,0.75
146.68,0,0,0.0290104,0.000982586,0,0,3,15,0.75
146.78,0,0,0.0115184,0.000810293,0,0,3,15,0.75
146.88,0,0,0.00654337,0.000860164,0,0,3,15,0.75
146.98,0,0,0.020448,0.000991925,0,0,3,15,0.75
147.08,0,0,0.0298536,0.00112932,0,0,3,15,0.75
147.18,0,0,0.0208425,0.000989894,0,0,3,15,0.75
147.28,0,0,0.0140032,0.00104908,0,0,3,15,0.75
147.38,0,0,0.0160483,0.00105919,0,0,3,15,0.75
147.48,0,0,0.0178306,0.00102432,0,0,3,15,0.75
147.58,0,0,0.0185376,0.000749274,0,0,3,15,0.75
147.68,0,0,0.0192178,0.00104239,0,0,3,15,0.75
147.78,0,0,0.019789,0.00113517,0,0,3,15,0.75
147.88,0,0,0.0201945,0.00116922,0,0,3,15,0.75
147.98,0,0,0.0199191,0.00108434,0,0,3,15,0.75
148.08,0,0,0.0189127,0.000965841,0,0,3,15,0.75
148.18,0,0,0.0149158,0.00126191,0,0,3,15,0.75
148.28,0,0,0.0131173,0.00108836,0,0,3,15,0.75
148.38,0,0,0.0203023,0.000928901,0,0,3,15,0.75
148.48,0,0,0.0253691,0.000763179,0,0,3,15,0.75
148.58,0,0,0.021764,0.000751988,0,0,3,15,0.75
148.68,0,0,0.0186929,0.000963818,0,0,3,15,0.75
148.78,0,0,0.0178032,0.000899431,0,0,3,15,0.75
148.88,0,0,0.0197921,0.000888409,0,0,3,15,0.75
148.98,0,0,0.0335722,0.00114542,0,0,3,15,0.75
149.08,0,0,0.0425845,0.000931696,0,0,3,15,0.75
149.18,0,0,0.0321143,0.000907205,0,0,3,15,0.75
149.28,0,0,0.0251769,0.000950705,0,0,3,15,0.75
149.38,0,0,0.0326417,0.00107014,0,0,3,15,0.75
149.48,0,0,0.0394021,0.00129683,0,0,3,15,0.75
149.58,0,0,0.0432831,0.00116659,0,0,3,15,0.75
149.68,0,0,0.0441005,0.00109949,0,0,3,15,0.75
149.78,0,0,0.0324129,0.00116721,0,0,3,15,0.75
149.88,0,0,0.0239678,0.000974109,0,0,3,15,0.75
149.98,0,0,0.0287827,0.00099012,0,0,3,15,0.75
150.08,0,0,0.0318711,0.000973292,0,0,3,15,0.75
150.18,0,0,0.027917,0.000745275,0,0,3,15,0.75
150.28,0,0,0.0254784,0.000719198,0,0,3,15,0.75
150.38,0,0,0.0292489,0.000908028,0,0,3,15,0.75
150.48,0,0,0.030732,0.00100957,0,0,3,15,0.75
150.58,0,0,0.022837,0.000958592,0,0,3,15,0.75
150.68,0,0,0.0188729,0.00105091,0,0,3,15,0.75
150.78,0,0,0.0309941,0.000759259,0,0,3,15,0.75
150.88,0,0,0.0351786,0.000563757,0,0,3,15,0.75
150.98,0,0,0.0273693,0.00101155,0,0,3,15,0.75
151.08,0,0,0.0220108,0.000874961,0,0,3,15,0.75
151.18,0,0,0.0266697,0.00112235,0,0,3,15,0.75
151.28,0,0,0.0293938,0.000813301,0,0,3,15,0.75
151.38,0,0,0.0241992,0.000793739,0,0,3,15,0.75
151.48,0,0,0.0183686,0.00117402,0,0,3,15,0.75
151.58,0,0,0.009936,0.000868155,0,0,3,15,0.75
151.68,0,0,0.00540783,0.000900989,0,0,3,15,0.75
151.78,0,0,0.0168228,0.000830667,0,0,3,15,0.75
151.88,0,0,0.0256887,0.000901351,0,0,3,15,0.75
151.98,0,0,0.024101,0.00068018,0,0,3,15,0.75
152.08,0.104926,0,0.0226543,0.000615375,0,0,3,15,0.75
152.18,0.14453,0,0.0217838,0.00103581,0,0,3,15,0.75
152.28,0.184988,0,0.0205265,0.000950599,0,0,3,15,0.75
152.38,0.189997,0,0.0186851,0.00105099,0,0,3,15,0.75
152.48,0.19,0,0.0174114,0.000853792,0,0,3,15,0.75
152.58,0.185055,0,0.018466,0.00109398,0,0,3,15,0.75
152.68,0.185,0,0.020754,0.000918457,0,0,3,15,0.75
152.78,0.182529,0,0.0280809,0.00094936,0,0,3,15,0.75
152.88,0.1825,0,0.0347641,0.00110644,0,0,3,15,0.75
152.98,0.1825,0,0.0388094,0.000811348,0,0,3,15,0.75
153.08,0.1825,0,0.0386136,0.000282561,0,0,3,15,0.75
153.18,0.1825,0,0.0210829,0.00132113,0,0,3,15,0.75
153.28,0.1825,0,0.00995111,0.00139656,0,0,3,15,0.75
153.38,0.1825,0,0.0249565,0.00108782,0,0,3,15,0.75
153.48,0.1825,0,0.0330772,0.00117668,0,0,3,15,0.75
153.58,0.1825,0,0.0130442,0.000569951,0,0,3,15,0.75
153.68,0.1825,0,0.00310921,0.000687771,0,0,3,15,0.75
153.78,0.1825,0,0.00839837,0.000685171,0,0,3,15,0.75
153.88,0.1825,0,0.0148493,0.00111514,0,0,3,15,0.75
153.98,0.1825,0,0.0260557,0.000746391,0,0,3,15,0.75
154.08,0.1825,0,0.0333009,0.000166904,0,0,3,15,0.75
154.18,0.1825,0,0.0243755,0.00115652,0,0,3,15,0.75
154.28,0.1825,0,0.0192354,0.000533563,0,0,3,15,0.75
154.38,0.1825,0,0.0295662,0.000912634,0,0,3,15,0.75
154.48,0.1825,0,0.0333476,0.00122446,0,0,3,15,0.75
154.58,0.1825,0,0.0272558,0.000965374,0,0,3,15,0.75
154.68,0.1825,0,0.0249543,0.000981929,0,0,3,15,0.75
154.78,0.1825,0,0.0381561,0.000739459,0,0,3,15,0.75
154.88,0.1825,0,0.0470887,0.00103651,0,0,3,15,0.75
154.98,0.1825,0,0.0385559,0.00083993,0,0,3,15,0.75
155.08,0.1825,0,0.0320124,0.00115916,0,0,3,15,0.75
155.18,0.1825,0,0.0284741,0.00114132,0,0,3,15,0.75
155.28,0.1825,0,0.0252298,0.000880699,0,0,3,15,0.75
155.38,0.180029,0,0.0231855,0.0010497,0,0,3,15,0.75
155.48,0.18,0,0.0222712,0.00113127,0,0,3,15,0.75
155.58,0.152526,0,0.0230672,0.00119139,0,0,3,15,0.75
155.68,0.110002,0,0.0255769,0.000667883,0,0,3,15,0.75
155.78,0.0902229,0,0.0350819,0.000660951,0,0,3,15,0.75
155.88,4.91271e-05,0,0.0401949,0.0010448,0,0,3,15,0.75
155.98,0,0,0.0273379,0.000806327,0,0,3,15,0.75
156.08,0,0,0.0171833,0.000871622,0,0,3,15,0.75
156.18,0,0,0.0181186,0.000912959,0,0,3,15,0.75
156.28,0,0,0.0180529,0.00104598,0,0,3,14,0.75
156.38,0,0,0.0164739,0.00106202,0,0,3,14,0.75
156.48,0,0,0.0186848,0.000974932,0,0,3,14,0.75
156.58,0,0,0.0266153,0.00108862,0,0,3,14,0.75
156.68,0,0,0.0347487,0.00100663,0,0,3,14,1.01
156.78,0,0,0.0437104,0.00103952,0,0,3,14,1.01
156.88,0,0,0.0487395,0.00103337,0,0,3,14,1.01
156.98,0,0,0.0376814,0.00081238,0,0,3,14,1.01
157.08,0,0,0.0315731,0.000862217,0,0,3,14,1.01
157.18,0,0,0.0457502,0.000979707,0,0,3,14,1.01
157.28,0,0,0.0541651,0.00103104,0,0,3,14,1.01
157.38,0,0,0.0390315,0.00103047,0,0,3,14,1.01
157.48,0,0,0.0244804,0.000845579,0,0,3,14,1.01
157.58,0,0,0.0123126,0.00104289,0,0,3,14,1.01
157.68,0,0,0.0106893,0.00110234,0,0,3,14,1.01
157.78,0,0,0.0249476,0.000638843,0,0,3,14,1.01
157.88,0,0,0.0354687,0.00102172,0,0,3,14,1.01
157.98,0,0,0.0307325,0.000935112,0,0,3,14,1.01
158.08,0,0,0.0249768,0.00103376,0,0,3,14,1.01
158.18,0,0,0.0150463,0.000853958,0,0,3,14,1.01
158.28,0,0,0.00966009,0.000660912,0,0,3,14,1.01
158.38,0,0,0.0228096,0.000947819,0,0,3,14,1.01
158.48,0,0,0.0329129,0.000855806,0,0,3,14,1.01
158.58,0,0,0.0305517,0.000936616,0,0,3,14,1.01
158.68,0,0,0.0280035,0.000983193,0,0,3,14,1.01
158.78,0,0,0.0246878,0.000842042,0,0,3,14,1.01
158.88,0,0,0.0240516,0.00108293,0,0,3,15,1.01
158.98,0,0,0.0343907,0.00102955,0,0,3,15,1.01
159.08,0,-0.140034,0.037467,0.00076903,0,0,3,15,1.01
159.18,0,-0.237399,0.0295887,0.000827851,0,0,3,15,1.01
159.28,0,-0.287491,0.0214897,0.000736221,0,0,3,15,1.01
159.38,0,-0.275146,0.0124893,0.000801503,0,0,3,15,1.01
159.48,0,-0.135092,0.00951966,0.000911212,0,0,3,15,1.01
159.58,0,-5.4033e-06,0.0156719,0.000942637,0,0,3,15,1.01
159.68,0,0.0449622,0.0222383,0.00116367,0,0,3,15,0.75
159.78,0,0.0499406,0.0304985,0.00108497,0,0,3,15,0.75
159.88,0,0.0674945,0.0371039,0.000826298,0,0,3,15,0.75
159.98,0,0.00503249,0.04121,0.0010978,0,0,3,15,0.75
160.08,0,1.05033e-06,0.043475,0.000839522,0,0,3,15,0.75
160.18,0,0,0.0429587,0.000917485,0,0,3,15,0.75
160.28,0,0,0.0409995,0.000757288,0,0,3,15,0.75
160.38,0,0,0.0331584,0.000898299,0,0,3,15,0.75
160.48,0,0,0.0278554,0.000958606,0,0,3,15,0.75
160.58,0,0,0.0263816,0.00103902,0,0,3,15,0.75
160.68,0,0,0.0212866,0.000970953,0,0,3,15,0.75
160.78,0.0874869,0,0.0107249,0.000987434,0,0,3,15,0.75
160.88,0.0974963,0,0.0024092,0.001155,0,0,3,15,0.75
160.98,0.0900876,0,0.00329136,0.000929208,0,0,3,15,0.75
161.08,0.0875003,0,0.00797363,0.00100854,0,0,3,15,0.75
161.18,0.0875,0,0.0281751,0.0010935,0,0,3,15,0.75
161.28,4.68899e-05,0,0.045244,0.00103839,0,0,3,15,0.75
161.38,0,0,0.0495029,0.00115148,0,0,3,15,0.75
161.48,0,0,0.0492592,0.000924657,0,0,3,15,0.75
161.58,0,0,0.030616,0.00101488,0,0,3,15,0.75
161.68,0,0,0.0177063,0.000649828,0,0,3,15,0.75
161.78,0,0,0.0281124,0.000953959,0,0,3,15,0.75
161.88,0,0,0.0291955,0.0010425,0,0,3,15,0.75
161.98,0,0,0.0162402,0.000985531,0,0,3,15,0.75
162.08,0,0,0.00828556,0.00102359,0,0,3,15,0.75
162.18,0,-0.150736,0.0207753,0.00100575,0,0,3,15,0.75
162.28,0,-0.290004,0.0313403,0.000916193,0,0,3,15,0.75
162.38,0,-0.428348,0.0340544,0.00107924,0,0,3,15,0.75
162.48,0,-0.43,0.0336779,0.000776964,0,0,3,15,0.75
162.58,0,-0.427528,0.0206583,0.000830971,0,0,3,15,0.75
162.68,0,-0.40502,0.0105646,0.00102376,0,0,3,15,0.75
162.78,0,-0.405,0.0124293,0.000840106,0,0,3,15,0.75
162.88,0,-0.405,0.0144488,0.000968382,0,0,3,15,0.75
162.98,0,-0.405,0.017103,0.000722416,0,0,3,15,0.75
163.08,0,-0.405,0.0187345,0.00095995,0,0,3,15,0.75
163.18,0,-0.405,0.0161867,0.000981688,0,0,3,15,0.75
163.28,0,-0.390015,0.013278,0.000888517,0,0,3,15,0.75
163.38,0,-0.377652,0.00890212,0.00102151,0,0,3,15,0.75
163.48,0,-0.3775,0.00650219,0.000936922,0,0,3,15,0.75
163.58,0,-0.375029,0.0121929,0.00105812,0,0,3,15,0.75
163.68,0,-0.192672,0.0187559,0.000845084,0,0,3,15,0.75
163.78,0,-0.00211901,0.0288765,0.000779679,0,0,3,15,0.75
163.88,0,0,0.0358377,0.00102198,0,0,3,15,0.75
163.98,0,0,0.0298383,0.00113176,0,0,3,15,0.75
164.08,0,0,0.0261764,0.00106754,0,0,3,15,0.75
164.18,0,0,0.0320506,0.00119905,0,0,3,15,0.75
164.28,0,0,0.0364732,0.000872817,0,0,3,15,0.75
164.38,0,0,0.0349659,0.000972668,0,0,3,15,0.75
164.48,0,0,0.032725,0.000903785,0,0,3,15,0.75
164.58,0,0,0.0293747,0.00127018,0,0,3,15,0.75
164.68,0,0,0.0282425,0.000995225,0,0,3,15,0.75
164.78,0,0,0.0361711,0.000835757,0,0,3,15,0.75
164.88,0,0,0.0406664,0.000927745,0,0,3,15,0.75
164.98,0,0,0.0310964,0.00117254,0,0,3,15,0.75
165.08,0,0,0.0225591,0.00105323,0,0,3,15,0.75
165.18,0,0,0.0182374,0.000875621,0,0,3,15,0.75
165.28,0,0,0.0152643,0.00102344,0,0,3,15,0.75
165.38,0,0,0.0178065,0.000897674,0,0,3,15,0.75
165.48,0,0,0.0196705,0.000943566,0,0,3,14,0.75
165.58,0,0,0.0187595,0.00085757,0,0,3,14,0.75
165.68,0,0,0.019923,0.000928207,0,0,3,14,1.01
165.78,0,0,0.0295508,0.000977071,0,0,3,14,1.01
165.88,0,0,0.0331516,0.000889237,0,0,3,14,1.01
165.98,0,0,0.0276582,0.000882162,0,0,3,14,1.01
166.08,0,0,0.0270214,0.000982803,0,0,3,14,1.01
166.18,0,0,0.033728,0.000888972,0,0,3,14,1.01
166.28,0,0,0.0404209,0.000840672,0,0,3,15,1.01
166.38,0,-0.266832,0.0470575,0.000820504,0,0,3,15,1.01
166.48,0,-0.444751,0.049335,0.000806827,0,0,3,15,1.01
166.58,0,-0.511744,0.0337405,0.000923193,0,0,3,15,1.01
166.68,0,-0.5125,0.0214913,0.00109861,0,0,3,15,0.75
166.78,0,-0.502613,0.0229052,0.000799617,0,0,3,15,0.75
166.88,0,-0.487507,0.0241591,0.000882451,0,0,3,15,0.75
166.98,0,-0.48503,0.0247578,0.00111868,0,0,3,15,0.75
167.08,0,-0.485,0.025301,0.000783297,0,0,3,15,0.75
167.18,0,-0.480057,0.0256169,0.000831949,0,0,3,15,0.75
167.28,0,-0.479999,0.026517,0.00119444,0,0,3,15,0.75
167.38,0,-0.4775,0.0282994,0.00103815,0,0,3,15,0.75
167.48,0,-0.462519,0.029979,0.00110542,0,0,3,15,0.75
167.58,0,-0.4625,0.0312374,0.000936794,0,0,3,15,0.75
167.68,0,-0.457504,0.0346088,0.000832285,0,0,3,15,0.75
167.78,0,-0.435253,0.0466473,0.000980432,0,0,3,15,0.75
167.88,0,-0.435,0.051342,0.00110229,0,0,3,15,0.75
167.98,0,-0.42759,0.0260022,0.000955187,0,0,3,15,0.75
168.08,0,-0.425002,0.00909178,0.00101005,0,0,3,15,0.75
168.18,0,-0.42253,0.0265191,0.000762767,0,0,3,15,0.75
168.28,0,-0.42,0.0400827,0.00071653,0,0,3,15,0.75
168.38,0,-0.42,0.0378495,0.000942055,0,0,3,15,0.75
168.48,0,-0.42,0.0333903,0.000959851,0,0,3,15,0.75
168.58,0,-0.00488246,0.0198377,0.00116556,0,0,3,15,0.75
168.68,0,0,0.00916368,0.00103813,0,0,3,15,0.75
168.78,0,0,0.0102819,0.00107882,0,0,3,15,0.75
168.88,0,0,0.0187875,0.00104425,0,0,3,15,0.75
168.98,0,0,0.0574927,0.000997693,0,0,3,15,0.75
169.08,0,0,0.0827862,0.00115586,0,0,3,15,0.75
169.18,0,0,0.0532695,0.000868302,0,0,3,15,0.75
169.28,0,0,0.0280621,0.000776181,0,0,3,15,0.75
169.38,0,0,0.0204995,0.000949104,0,0,3,15,0.75
169.48,0,0,0.0173307,0.00101263,0,0,3,15,0.75
169.58,0,0,0.0321398,0.000648774,0,0,3,15,0.75
169.68,0,0,0.0423154,0.00078299,0,0,3,15,0.75
169.78,0,0,0.0334913,0.00105472,0,0,3,15,0.75
169.88,0,0,0.0277182,0.000875664,0,0,3,15,0.75
169.98,0,0,0.0344247,0.00107027,0,0,3,15,0.75
170.08,0,0,0.0381931,0.000919891,0,0,3,15,0.75
170.18,0,0,0.0299619,0.000673255,0,0,3,15,0.75
170.28,0,0,0.0218399,0.000958259,0,0,3,15,0.75
170.38,0,0,0.0141655,0.000913884,0,0,3,15,0.75
170.48,0,0,0.00761898,0.000992814,0,0,3,15,0.75
170.58,0,0,0.00568101,0.00077585,0,0,3,15,0.75
170.68,0,0,0.00700797,0.00109239,0,0,3,15,0.75
170.78,0,0,0.0217184,0.000863198,0,0,3,15,0.75
170.88,0,0,0.0336631,0.000984384,0,0,3,15,0.75
170.98,0,0,0.0342852,0.00101795,0,0,3,15,0.75
171.08,0,0,0.0312022,0.000946045,0,0,3,15,0.75
171.18,0,0,0.0129626,0.000942488,0,0,3,15,0.75
171.28,0,0,0.00496314,0.00119397,0,0,3,15,0.75
171.38,0,0,0.0123901,0.00103835,0,0,3,15,0.75
171.48,0,0,0.0228831,0.000891438,0,0,3,15,0.75
171.58,0,0,0.0459114,0.000758454,0,0,3,15,0.75
171.68,0,0,0.0621308,0.000831793,0,0,3,15,0.75
171.78,0,0,0.0505228,0.00078147,0,0,3,15,0.75
171.88,0,0,0.040575,0.000938547,0,0,3,15,0.75
171.98,0,0,0.0374202,0.0010379,0,0,3,15,0.75
172.08,0,0,0.0322904,0.00103972,0,0,3,15,0.75
172.18,0,0,0.0190896,0.00071757,0,0,3,15,0.75
172.28,0,0,0.0101093,0.000983669,0,0,3,15,0.75
172.38,0,0,0.018366,0.00102718,0,0,3,15,0.75
172.48,0,0,0.0266351,0.00066037,0,0,3,15,0.75
172.58,0,0,0.0349552,0.00106994,0,0,3,15,0.75
172.68,0,0,0.0380542,0.000861737,0,0,3,15,0.75
172.78,0,0,0.0332616,0.000963361,0,0,3,15,0.75
172.88,0,0,0.02696,0.000923173,0,0,3,15,0.75
172.98,0,0,0.0144904,0.000951167,0,0,3,15,0.75
173.08,0,0,0.00817123,0.000894846,0,0,3,15,0.75
173.18,0,0,0.0269875,0.000900841,0,0,3,15,0.75
173.28,0,0,0.0419791,0.00115444,0,0,3,15,0.75
173.38,0,0,0.0413279,0.00111094,0,0,3,15,0.75
173.48,0,0,0.038384,0.000732768,0,0,3,15,0.75
173.58,0,0,0.0260407,0.00103369,0,0,3,15,0.75
173.68,0,0,0.0183229,0.000761832,0,0,3,15,0.75
173.78,0,0,0.0295031,0.000655786,0,0,3,15,0.75
173.88,0,0,0.0382992,0.000951679,0,0,3,15,0.75
173.98,0,0,0.0373611,0.00109233,0,0,3,15,0.75
174.08,0,0,0.0383217,0.0010262,0,0,3,15,0.75
174.18,0,0,0.042149,0.00100985,0,0,3,15,0.75
174.28,0,0,0.0439751,0.000789275,0,0,3,15,0.75
174.38,0,0,0.0376539,0.000928553,0,0,3,15,0.75
174.48,0,0,0.0304333,0.000974747,0,0,3,15,0.75
174.58,0,0,0.0195284,0.00100157,0,0,3,15,0.75
174.68,0,0,0.0151239,0.00102091,0,0,3,15,0.75
174.78,0,0,0.037238,0.00114097,0,0,3,15,0.75
174.88,0,0,0.0501792,0.00109223,0,0,3,15,0.75
174.98,0,0,0.025586,0.000820817,0,0,3,15,0.75
175.08,0,0,0.00678438,0.000848995,0,0,3,15,0.75
175.18,0,0,0.0116307,0.00119612,0,0,3,15,0.75
175.28,0,0,0.0196878,0.00116787,0,0,3,15,0.75
175.38,0,0,0.0408625,0.00092807,0,0,3,15,0.75
175.48,0,0,0.0550339,0.000894665,0,0,3,15,0.75
175.58,0,0,0.0586317,0.000933821,0,0,3,15,0.75
175.68,0,0,0.059525,0.000880235,0,0,3,15,0.75
175.78,0,0,0.0493636,0.00100513,0,0,3,15,0.75
175.88,0,0,0.0391553,0.000826843,0,0,3,15,0.75
175.98,0,0,0.0287543,0.000904674,0,0,3,15,0.75
176.08,0,0,0.0198229,0.000933754,0,0,3,15,0.75
176.18,0,0,0.0169042,0.000874782,0,0,3,15,0.75
176.28,0,0,0.0189408,0.00103621,0,0,3,15,0.75
176.38,0,0,0.0411887,0.000714434,0,0,3,15,0.75
176.48,0,0,0.0566658,0.00100098,0,0,3,15,0.75
176.58,0,0,0.0619401,0.00101721,0,0,3,15,0.75
176.68,0,0,0.0591541,0.000973801,0,0,3,15,0.75
176.78,0,0,0.0441761,0.000929337,0,0,3,15,0.75
176.88,0,0,0.0337631,0.000924276,0,0,3,15,0.75
176.98,0,0,0.0420242,0.000902803,0,0,3,15,0.75
177.08,0,0,0.0501396,0.000972134,0,0,3,15,0.75
177.18,0,0,0.0576589,0.000798157,0,0,3,15,0.75
177.28,0,0,0.069242,0.000882236,0,0,3,15,0.75
177.38,0,0,0.0973587,0.000920947,0,0,3,15,0.75
177.48,0,0,0.100848,0.000757835,0,0,3,15,0.75
177.58,0,0,0.0670869,0.00102358,0,0,3,15,0.75
177.68,0,0,0.0408024,0.000950155,0,0,3,15,0.75
177.78,0,0,0.0450751,0.000891912,0,0,3,15,0.75
177.88,0,0,0.0510599,0.00110654,0,0,3,15,0.75
177.98,0,0,0.0640396,0.00084396,0,0,3,15,0.75
178.08,0,0,0.0715914,0.000746991,0,0,3,15,0.75
178.18,0,0,0.0709499,0.000887549,0,0,3,15,0.75
178.28,0,0,0.0661362,0.00104626,0,0,3,15,0.75
178.38,0,0,0.0442616,0.000950328,0,0,3,15,0.75
178.48,0,0,0.0310298,0.000773441,0,0,3,15,0.75
178.58,0,0,0.0531592,0.0006542,0,0,3,15,0.75
178.68,0,0,0.0686662,0.00102095,0,0,3,15,0.75
178.78,0,0,0.0571216,0.000763836,0,0,3,15,0.75
178.88,0,0,0.0440973,0.00075462,0,0,3,15,0.75
178.98,0,0,0.02505,0.000991773,0,0,3,15,0.75
179.08,0,0,0.0224456,0.000902049,0,0,3,15,0.75
179.18,0,0,0.0446147,0.0010302,0,0,3,15,0.75
179.28,0,0,0.0602955,0.000984343,0,0,3,15,0.75
179.38,0,0,0.0494576,0.00100373,0,0,3,15,0.75
179.48,0,0,0.040791,0.00107346,0,0,3,15,0.75
179.58,0,0,0.0353978,0.00110371,0,0,3,15,0.75
179.68,0,0,0.0314077,0.000940227,0,0,3,15,0.75
179.78,0,0,0.0331546,0.00118946,0,0,3,15,0.75
179.88,0,0,0.0300706,0.000989665,0,0,3,15,0.75
179.98,0,0,0.0196952,0.000746711,0,0,3,15,0.75
180.08,0,0,0.012049,0.000776722,0,0,3,15,0.75
180.18,0,0,0.00852335,0.00072234,0,0,3,15,0.75
180.28,0,0,0.0115061,0.000899478,0,0,3,15,0.75
180.38,0,0,0.0243077,0.000848851,0,0,3,15,0.75
180.48,0,0,0.0284051,0.000894378,0,0,3,15,0.75
180.58,0,0,0.0193308,0.000882851,0,0,3,15,0.75
180.68,0,0,0.0116653,0.000849726,0,0,3,15,0.75
180.78,0,0,0.00975231,0.000815502,0,0,3,15,0.75
180.88,0,0,0.0141818,0.000825254,0,0,3,15,0.75
180.98,0,0,0.0281706,0.000958518,0,0,3,15,0.75
181.08,0,0,0.0368918,0.000789735,0,0,3,15,0.75
181.18,0,0,0.0240977,0.000946079,0,0,3,15,0.75
181.28,0,0,0.0164012,0.00116182,0,0,3,15,0.75
181.38,0,0,0.0164012,0.000978016,0,0,3,15,0.75
181.48,0,0,0.0177896,0.000929847,0,0,3,15,0.75
181.58,0,0,0.02128,0.000880267,0,0,3,15,0.75
181.68,0,0,0.0260534,0.000858271,0,0,3,15,0.75
181.78,0,0,0.0360592,0.000937079,0,0,3,15,0.75
181.88,0,0,0.041488,0.00119803,0,0,3,15,0.75
181.98,0,0,0.0281623,0.00110911,0,0,3,15,0.75
182.08,0,0,0.0164534,0.000952374,0,0,3,15,0.75
182.18,0,0,0.0113273,0.000918236,0,0,3,15,0.75
182.28,0,0,0.00880442,0.00092676,0,0,3,15,0.75
182.38,0,0,0.0102036,0.000751969,0,0,3,15,0.75
182.48,0,0,0.0146356,0.000939048,0,0,3,15,0.75
182.58,0,0,0.0236474,0.00101856,0,0,3,15,0.75
182.68,0,0,0.0317645,0.000934184,0,0,3,15,0.75
182.78,0,0,0.036227,0.00128367,0,0,3,15,0.75
182.88,0,0,0.0399096,0.00115518,0,0,3,15,0.75
182.98,0,0,0.0404057,0.00103838,0,0,3,15,0.75
183.08,0,0,0.0420328,0.00119978,0,0,3,15,0.75
183.18,0,0,0.048286,0.00080934,0,0,3,15,0.75
183.28,0,0,0.0504897,0.00119461,0,0,3,15,0.75
183.38,0,0,0.0361351,0.00107236,0,0,3,15,0.75
183.48,0,0,0.0258034,0.000959383,0,0,3,15,0.75
183.58,0,0,0.0319536,0.000860529,0,0,3,15,0.75
183.68,0,0,0.03591,0.00108782,0,0,3,15,0.75
183.78,0,0,0.0309288,0.000936594,0,0,3,15,0.75
183.88,0,0,0.0282902,0.00103364,0,0,3,15,0.75
183.98,0,0,0.0352373,0.000989913,0,0,3,15,0.75
184.08,0,0,0.0401659,0.00103684,0,0,3,15,0.75
184.18,0,0,0.0368607,0.00104912,0,0,3,15,0.75
184.28,0,0,0.0337004,0.000744067,0,0,3,15,0.75
184.38,0,0,0.0311321,0.000912198,0,0,3,15,0.75
184.48,0,0,0.0290417,0.0011057,0,0,3,15,0.75
184.58,0,0,0.0289034,0.000837465,0,0,3,15,0.75
184.68,0,0,0.0298978,0.00116038,0,0,3,15,0.75
184.78,0,0,0.0355241,0.00105873,0,0,3,15,0.75
184.88,0,0,0.0374563,0.00105921,0,0,3,15,0.75
184.98,0,0,0.033805,0.000926583,0,0,3,15,0.75
185.08,0,0,0.0303543,0.00109981,0,0,3,15,0.75
185.18,0,0,0.0277245,0.000906561,0,0,3,15,0.75
185.28,0,0,0.0249849,0.00107728,0,0,3,15,0.75
185.38,0,0,0.021797,0.000999162,0,0,3,15,0.75
185.48,0,0,0.0188061,0.00096445,0,0,3,15,0.75
185.58,0,0,0.0166211,0.00117978,0,0,3,15,0.75
185.68,0,0,0.016217,0.000988415,0,0,3,15,0.75
185.78,0,0,0.0230826,0.000734394,0,0,3,15,0.75
185.88,0,0,0.0275105,0.00118447,0,0,3,15,0.75
185.98,0,0,0.0219558,0.000833603,0,0,3,15,0.75
186.08,0,0,0.0197356,0.00116885,0,0,3,15,0.75
186.18,0,0,0.0311465,0.000894182,0,0,3,15,0.75
186.28,0,0,0.033489,0.000825695,0,0,3,15,0.75
186.38,0,0,0.0221287,0.000762763,0,0,3,15,0.75
186.48,0,0,0.0147305,0.00086464,0,0,3,15,0.75
186.58,0,0,0.0235397,0.000868508,0,0,3,15,0.75
186.68,0,0,0.0306868,0.000999532,0,0,3,15,0.75
186.78,0,0,0.0310736,0.000955021,0,0,3,15,0.75
186.88,0,0,0.0312897,0.000877725,0,0,3,15,0.75
186.98,0,0,0.0308041,0.000936768,0,0,3,15,0.75
187.08,0,0,0.0329828,0.000931555,0,0,3,15,0.75
187.18,0,0,0.046081,0.000820939,0,0,3,15,0.75
187.28,0,0,0.0537514,0.000880875,0,0,3,15,0.75
187.38,0,0,0.0392438,0.000968537,0,0,3,15,0.75
187.48,0,0,0.0266511,0.000700869,0,0,3,15,0.75
187.58,0,0,0.0218911,0.000966755,0,0,3,15,0.75
187.68,0,0,0.0179641,0.000812778,0,0,3,15,0.75
187.78,0,0,0.0152962,0.000705301,0,0,3,15,0.75
187.88,0,0,0.0157628,0.00105299,0,0,3,15,0.75
187.98,0,0,0.0290328,0.000882086,0,0,3,15,0.75
188.08,0,0,0.036357,0.000968969,0,0,3,15,0.75
188.18,0,0,0.0193267,0.000889283,0,0,3,15,0.75
188.28,0,0,0.0081958,0.000727806,0,0,3,15,0.75
188.38,0,0,0.0210629,0.000674763,0,0,3,15,0.75
188.48,0,0,0.0333356,0.00109778,0,0,3,15,0.75
188.58,0,0,0.0431789,0.000820473,0,0,3,15,0.75
188.68,0,0,0.0480849,0.000954374,0,0,3,15,0.75
188.78,0,0,0.0327993,0.000961991,0,0,3,15,0.75
188.88,0,0,0.0223546,0.00087921,0,0,3,15,0.75
188.98,0,0,0.031697,0.000796718,0,0,3,15,0.75
189.08,0,0,0.0356649,0.000730766,0,0,3,15,0.75
189.18,0,0,0.0176409,0.000995665,0,0,3,15,0.75
189.28,0,0,0.00801453,0.000800192,0,0,3,15,0.75
189.38,0,0,0.0326828,0.00112925,0,0,3,15,0.75
189.48,0,0,0.0510417,0.000994376,0,0,3,15,0.75
189.58,0,0,0.0436416,0.00108871,0,0,3,15,0.75
189.68,0,0,0.0396858,0.000842766,0,0,3,15,0.75
189.78,0,0,0.0498074,0.000976112,0,0,3,15,0.75
189.88,0,0,0.0538334,0.000778258,0,0,3,15,0.75
189.98,0,0,0.0329418,0.000824429,0,0,3,15,0.75
190.08,0,0,0.0189998,0.000762486,0,0,3,15,0.75
190.18,0,0,0.0334748,0.00116034,0,0,3,15,0.75
190.28,0,0,0.0422905,0.00103083,0,0,3,15,0.75
190.38,0,0,0.0280212,0.000855219,0,0,3,15,0.75
190.48,0,0,0.0166977,0.000929042,0,0,3,15,0.75
190.58,0,0,0.0174353,0.000796091,0,0,3,15,0.75
190.68,0,0,0.0191219,0.00075128,0,0,3,15,0.75
190.78,0,0,0.0246841,0.000805255,0,0,3,15,0.75
190.88,0,0,0.0298497,0.000775349,0,0,3,15,0.75
190.98,0,0,0.0333906,0.000785214,0,0,3,15,0.75
191.08,0,0,0.0343092,0.00100485,0,0,3,15,0.75
191.18,0,0,0.0245137,0.000662523,0,0,3,15,0.75
191.28,0,0,0.0188791,0.000842521,0,0,3,15,0.75
191.38,0,0,0.0302547,0.000746042,0,0,3,15,0.75
191.48,0,0,0.0361468,0.000933027,0,0,3,15,0.75
191.58,0,0,0.0196107,0.000694292,0,0,3,15,0.75
191.68,0,0,0.0104285,0.000907067,0,0,3,15,0.75
191.78,0,0,0.0313094,0.0011545,0,0,3,15,0.75
191.88,0,0,0.0456569,0.000962897,0,0,3,15,0.75
191.98,0,0,0.033321,0.000719385,0,0,3,15,0.75
192.08,0,0,0.0245273,0.00102446,0,0,3,15,0.75
192.18,0,0,0.0302156,0.00100325,0,0,3,15,0.75
192.28,0,0,0.0325649,0.00107008,0,0,3,15,0.75
192.38,0,0,0.0212768,0.000949275,0,0,3,15,0.75
192.48,0,0,0.0141788,0.000859442,0,0,3,15,0.75
192.58,0,0,0.0242168,0.000841264,0,0,3,15,0.75
192.68,0,0,0.0304253,0.0009351,0,0,3,15,0.75
192.78,0,0,0.0209969,0.00107912,0,0,3,15,0.75
192.88,0,0,0.0156421,0.000964552,0,0,3,15,0.75
192.98,0,0,0.0269983,0.000608231,0,0,3,15,0.75
193.08,0,0,0.0290392,0.000817908,0,0,3,15,0.75
193.18,0,0,0.0169737,0.00108066,0,0,3,15,0.75
193.28,0,0,0.00967283,0.000871738,0,0,3,15,0.75
193.38,0,0,0.0218446,0.000800291,0,0,3,15,0.75
193.48,0,0,0.0340414,0.000952179,0,0,3,15,0.75
193.58,0,0,0.0463403,0.000920042,0,0,3,15,0.75
193.68,0,0,0.0512024,0.000892061,0,0,3,15,0.75
193.78,0,0,0.0256507,0.000933599,0,0,3,15,0.75
193.88,0,0,0.0062142,0.000880862,0,0,3,15,0.75
193.98,0,0,0.0119132,0.000858717,0,0,3,15,0.75
194.08,0,0,0.0196044,0.000833224,0,0,3,15,0.75
194.18,0,0,0.0354432,0.000843126,0,0,3,15,0.75
194.28,0,0,0.0494836,0.000756081,0,0,3,15,0.75
194.38,0,0,0.0561797,0.000753426,0,0,3,15,0.75
194.48,0,0,0.0524733,0.000950564,0,0,3,15,0.75
194.58,0,0,0.0330593,0.000936685,0,0,3,15,0.75
194.68,0,0,0.0170589,0.000923009,0,0,3,15,0.75
194.78,0,0,0.0149982,0.000848051,0,0,3,15,0.75
194.88,0,0,0.0137262,0.000760143,0,0,3,15,0.75
194.98,0,0,0.0156873,0.000744406,0,0,3,15,0.75
195.08,0,0,0.0166289,0.000918155,0,0,3,15,0.75
195.18,0,0,0.0134063,0.000714443,0,0,3,15,0.75
195.28,0,0,0.0123096,0.00111335,0,0,3,15,0.75
195.38,0,0,0.0199106,0.000867202,0,0,3,15,0.75
195.48,0,0,0.029473,0.000627537,0,0,3,15,0.75
195.58,0,0,0.0470629,0.000825332,0,0,3,15,0.75
195.68,0,0,0.0587318,0.00115461,0,0,3,15,0.75
195.78,0,0,0.04626,0.000951402,0,0,3,15,0.75
195.88,0,0,0.0346416,0.000856783,0,0,3,15,0.75
195.98,0,0,0.0265194,0.000789799,0,0,3,15,0.75
196.08,0,0,0.0192473,0.00107417,0,0,3,15,0.75
196.18,0,0,0.015433,0.000979819,0,0,3,15,0.75
196.28,0,0,0.0127387,0.000860583,0,0,3,15,0.75
196.38,0,0,0.0146156,0.000859796,0,0,3,15,0.75
196.48,0,0,0.0187877,0.000954159,0,0,3,15,0.75
196.58,0,0,0.0323691,0.00100311,0,0,3,15,0.75
196.68,0,0,0.0418737,0.000785446,0,0,3,15,0.75
196.78,0,0,0.0347364,0.000880604,0,0,3,15,0.75
196.88,0,0,0.0275691,0.000991975,0,0,3,15,0.75
196.98,0,0,0.0202793,0.0010386,0,0,3,15,0.75
197.08,0,0,0.0138152,0.000768738,0,0,3,15,0.75
197.18,0,0,0.0107266,0.000960223,0,0,3,15,0.75
197.28,0,0,0.00828126,0.000944477,0,0,3,15,0.75
197.38,0,0,0.00845926,0.000778758,0,0,3,15,0.75
197.48,0,0,0.012096,0.000981268,0,0,3,15,0.75
197.58,0,0,0.0298938,0.000701678,0,0,3,15,0.75
197.68,0,0,0.0424293,0.000832977,0,0,3,15,0.75
197.78,0,0,0.0335448,0.000980379,0,0,3,15,0.75
197.88,0,0,0.0250915,0.0010313,0,0,3,15,0.75
197.98,0,0,0.0184083,0.000921241,0,0,3,15,0.75
198.08,0,0,0.0134363,0.000995283,0,0,3,15,0.75
198.18,0,0,0.0154613,0.000992885,0,0,3,15,0.75
198.28,0,0,0.0163345,0.000816239,0,0,3,15,0.75
198.38,0,0,0.0125034,0.000878596,0,0,3,15,0.75
198.48,0,0,0.0116141,0.00104294,0,0,3,15,0.75
198.58,0,0,0.0151698,0.00113977,0,0,3,15,0.75
198.68,0,0,0.0196009,0.00104971,0,0,3,15,0.75
198.78,0,0,0.0276181,0.00106063,0,0,3,15,0.75
198.88,0,0,0.0355767,0.000852947,0,0,3,15,0.75
198.98,0,0,0.0432957,0.000718498,0,0,3,15,0.75
199.08,0,0,0.0467055,0.00090426,0,0,3,15,0.75
199.18,0,0,0.0325013,0.000899649,0,0,3,15,0.75
199.28,0,0,0.0211389,0.000580597,0,0,3,15,0.75
199.38,0,0,0.0213617,0.000723422,0,0,3,15,0.75
199.48,0,0,0.0221752,0.000996667,0,0,3,15,0.75
199.58,0,0,0.0254044,0.00099792,0,0,3,15,0.75
199.68,0,0,0.0283607,0.000899311,0,0,3,15,0.75
199.78,0,0,0.0301989,0.000880386,0,0,3,15,0.75
199.88,0,0,0.0308879,0.00085425,0,0,3,15,0.75
199.98,0,0,0.0298409,0.000959965,0,0,3,15,0.75
200.08,0,0,0.0328784,0.000948832,0,0,3,15,0.75
200.18,0,0,0.0525809,0.000773884,0,0,3,15,0.75
200.28,0,0,0.0685139,0.000943591,0,0,3,15,0.75
200.38,0,0,0.0690397,0.000841737,0,0,3,15,0.75
200.48,0,0,0.0631275,0.000919279,0,0,3,15,0.75
200.58,0,0,0.0308998,0.000758015,0,0,3,15,0.75
200.68,0,0,0.00472861,0.000897857,0,0,3,15,0.75
200.78,0,0,0.00334644,0.00101069,0,0,3,15,0.75
200.88,0,0,0.00211454,0.000997949,0,0,3,15,0.75
200.98,0,0,0.00149653,0.000924561,0,0,3,15,0.75
201.08,0,0,0.00212773,0.00091638,0,0,3,15,0.75
201.18,0,0,0.00786538,0.000900215,0,0,3,15,0.75
201.28,0,0,0.0126339,0.00100438,0,0,3,15,0.75
201.38,0,0,0.0159427,0.00127619,0,0,3,15,0.75
201.48,0,0,0.0217528,0.000886678,0,0,3,15,0.75
201.58,0,0,0.0377866,0.000916989,0,0,3,15,0.75
201.68,0,0,0.0538143,0.00115415,0,0,3,15,0.75
201.78,0,0,0.053237,0.00122259,0,0,3,15,0.75
201.88,0,0,0.0520044,0.000951344,0,0,3,15,0.75
201.98,0,0,0.0480893,0.0011012,0,0,3,15,0.75
202.08,0,0,0.0434168,0.000824557,0,0,3,15,0.75
202.18,0,0,0.0356521,0.00112841,0,0,3,15,0.75
202.28,0,0,0.0289385,0.00103011,0,0,3,15,0.75
202.38,0,0,0.026531,0.00085813,0,0,3,15,0.75
202.48,0,0,0.0275444,0.000979957,0,0,3,15,0.75
202.58,0,0,0.0425367,0.000911447,0,0,3,15,0.75
202.68,0,0,0.0539442,0.00100508,0,0,3,15,0.75
202.78,0,0,0.050654,0.000865992,0,0,3,15,0.75
202.88,0,0,0.0446988,0.00100346,0,0,3,15,0.75
202.98,0,0,0.0278484,0.000810914,0,0,3,15,0.75
203.08,0,0,0.014766,0.000984688,0,0,3,15,0.75
203.18,0,0,0.0170406,0.000902527,0,0,3,15,0.75
203.28,0,0,0.0187935,0.000895868,0,0,3,15,0.75
203.38,0,0,0.018415,0.000962577,0,0,3,15,0.75
203.48,0,0,0.0185124,0.0009566,0,0,3,15,0.75
203.58,0,0,0.0205591,0.000809042,0,0,3,15,0.75
203.68,0,0,0.0278642,0.000878624,0,0,3,15,0.75
203.78,0,0,0.056667,0.000933565,0,0,3,15,0.75
203.88,0,0,0.0725012,0.000911734,0,0,3,15,0.75
203.98,0,0,0.0352797,0.00101024,0,0,3,15,0.75
204.08,0,0,0.00928765,0.00115738,0,0,3,15,0.75
204.18,0,0,0.0291123,0.000975276,0,0,3,15,0.75
204.28,0,0,0.0436802,0.000975358,0,0,3,15,0.75
204.38,0,0,0.036732,0.000760752,0,0,3,15,0.75
204.48,0,0,0.0313072,0.000888492,0,0,3,15,0.75
204.58,0,0,0.0321365,0.000991681,0,0,3,15,0.75
204.68,0,0,0.0338618,0.000902826,0,0,3,15,0.75
204.78,0,0,0.0392429,0.000836519,0,0,3,15,0.75
204.88,0,0,0.0423372,0.000885534,0,0,3,15,0.75
204.98,0,0,0.0360871,0.000875304,0,0,3,15,0.75
205.08,0,0,0.0309934,0.000988604,0,0,3,15,0.75
205.18,0,0,0.0306315,0.00102409,0,0,3,15,0.75
205.28,0,0,0.0284742,0.000776338,0,0,3,15,0.75
205.38,0,0,0.023609,0.000930094,0,0,3,15,0.75
205.48,0,0,0.0244374,0.000849211,0,0,3,15,0.75
205.58,0,0,0.0486122,0.000855126,0,0,3,15,0.75
205.68,0,0,0.066906,0.000858121,0,0,3,15,0.75
205.78,0,0,0.0611976,0.000781679,0,0,3,15,0.75
205.88,0,0,0.0560217,0.000957258,0,0,3,14,0.75
205.98,0,0,0.0530188,0.000685585,0,0,3,14,0.75
206.08,0,0,0.0468632,0.00103699,0,0,3,14,0.75
206.18,0,0,0.0278227,0.00082205,0,0,3,14,0.75
206.28,0,0,0.0142025,0.000806599,0,0,3,14,0.75
206.38,0,0,0.0226997,0.000456527,0,0,3,14,0.75
206.48,0,0,0.0319404,0.00077181,0,0,3,14,0.75
206.58,0,0,0.0442264,0.000707749,0,0,3,14,0.75
206.68,0,0,0.0482604,0.000868289,0,0,3,14,1.01
206.78,0,0,0.0398082,0.000807132,0,0,3,14,1.01
206.88,0,0,0.0325297,0.000842585,0,0,3,14,1.01
206.98,0,0,0.0300568,0.000855912,0,0,3,14,1.01
207.08,0,0,0.0270598,0.00108245,0,0,3,14,1.01
207.18,0,0,0.0219278,0.00109931,0,0,3,14,1.01
207.28,0,0,0.0173323,0.00117954,0,0,3,14,1.01
207.38,0,0,0.01493,0.000968179,0,0,3,14,1.01
207.48,0,0,0.0155874,0.000881198,0,0,3,14,1.01
207.58,0,0,0.0287465,0.00110796,0,0,3,14,1.01
207.68,0,0,0.0431138,0.000942524,0,0,3,14,1.01
207.78,0,0,0.0624199,0.000991501,0,0,3,14,1.01
207.88,0,0,0.0746035,0.000557868,0,0,3,14,1.01
207.98,0,0,0.0576907,0.000657136,0,0,3,14,1.01
208.08,0,0,0.0429365,0.000616544,0,0,3,14,1.01
208.18,0,0,0.0314401,0.000692028,0,0,3,14,1.01
208.28,0,0,0.0205131,0.000927952,0,0,3,14,1.01
208.38,0,0,0.0119137,0.00111412,0,0,3,14,1.01
208.48,0,0,0.00823723,0.000888544,0,0,3,14,1.01
208.58,0,0,0.0247512,0.000994373,0,0,3,14,1.01
208.68,0,0,0.0359562,0.00103968,0,0,3,14,1.01
208.78,0,0,0.0255108,0.000957243,0,0,3,14,1.01
208.88,0,0,0.0203298,0.000864399,0,0,3,14,1.01
208.98,0,0,0.0366834,0.000886423,0,0,3,14,1.01
209.08,0,0,0.045274,0.00103085,0,0,3,14,1.01
209.18,0,0,0.0221692,0.000850334,0,0,3,14,1.01
209.28,0,0,0.00394603,0.000799827,0,0,3,14,1.01
209.38,0,0,0.0056783,0.000973401,0,0,3,14,1.01
209.48,0,0,0.00771117,0.000911236,0,0,3,14,1.01
209.58,0,0,0.0109772,0.000760557,0,0,3,14,1.01
209.68,0,0,0.0155677,0.000834889,0,0,3,14,1.01
209.78,0,0,0.0255746,0.00115147,0,0,3,14,1.01
209.88,0,0,0.0326047,0.00103087,0,0,3,14,1.01
209.98,0,0,0.0274595,0.000841233,0,0,3,14,1.01
210.08,0,0,0.0236862,0.00100625,0,0,3,14,1.01
210.18,0,0,0.0255331,0.000925102,0,0,3,14,1.01
210.28,0,0,0.0288837,0.00112497,0,0,3,14,1.01
210.38,0,0,0.0384105,0.000694592,0,0,3,14,1.01
210.48,0,0,0.0437791,0.000902392,0,0,3,14,1.01
210.58,0,0,0.0321464,0.000849835,0,0,3,14,1.01
210.68,0,0,0.0230373,0.000603181,0,0,3,14,1.01
210.78,0,0,0.0242249,0.000894785,0,0,3,14,1.01
210.88,0,0,0.0257806,0.000806757,0,0,3,14,1.01
210.98,0,0,0.0288435,0.000723347,0,0,3,14,1.01
211.08,0,0,0.0336029,0.000945828,0,0,3,14,1.01
211.18,0,0,0.0453038,0.000920893,0,0,3,14,1.01
211.28,0,0,0.0515006,0.000807012,0,0,3,14,1.01
211.38,0,0,0.0351566,0.000803271,0,0,3,14,1.01
211.48,0,0,0.0219246,0.000837029,0,0,3,14,1.01
211.58,0,0,0.0214249,0.000912547,0,0,3,14,1.01
211.68,0,0,0.0228078,0.00066228,0,0,3,14,1.01
211.78,0,0,0.0318502,0.00108147,0,0,3,14,1.01
211.88,0,0,0.0379922,0.000977294,0,0,3,14,1.01
211.98,0,0,0.0322794,0.00109434,0,0,3,14,1.01
212.08,0,0,0.0272158,0.000748949,0,0,3,14,1.01
212.18,0,0,0.0231313,0.000787291,0,0,3,14,1.01
212.28,0,0,0.0183044,0.000822724,0,0,3,14,1.01
212.38,0,0,0.0104417,0.000748754,0,0,3,14,1.01
212.48,0,0,0.0056821,0.000892283,0,0,3,14,1.01
212.58,0,0,0.0136211,0.000742446,0,0,3,14,1.01
212.68,0,0,0.0205088,0.000836846,0,0,3,14,1.01
212.78,0,0,0.0230981,0.000913306,0,0,3,14,1.01
212.88,0,0,0.0246711,0.000808447,0,0,3,14,1.01
212.98,0,0,0.022081,0.000786472,0,0,3,14,1.01
213.08,0,0,0.0190976,0.000811774,0,0,3,14,1.01
213.18,0,0,0.0145069,0.000958903,0,0,3,14,1.01
213.28,0,0,0.0139671,0.0011918,0,0,3,14,1.01
213.38,0,0,0.0300279,0.000767583,0,0,3,14,1.01
213.48,0,0,0.0390728,0.000799239,0,0,3,14,1.01
213.58,0,0,0.0374991,0.000765806,0,0,3,14,1.01
213.68,0,0,0.0335044,0.000946515,0,0,3,14,1.01
213.78,0,0,0.0196369,0.000967913,0,0,3,14,1.01
213.88,0,0,0.0120237,0.00102075,0,0,3,14,1.01
213.98,0,0,0.0300914,0.000973402,0,0,3,14,1.01
214.08,0,0,0.0424536,0.000741533,0,0,3,14,1.01
214.18,0,0,0.0315725,0.000757527,0,0,3,14,1.01
214.28,0,0,0.0212937,0.00102099,0,0,3,14,1.01
214.38,0,0,0.0134841,0.000810334,0,0,3,14,1.01
214.48,0,0,0.00937495,0.000678792,0,0,3,14,1.01
214.58,0,0,0.0203718,0.000815367,0,0,3,14,1.01
214.68,0,0,0.0265014,0.000822474,0,0,3,14,1.01
214.78,0,0,0.0127467,0.000983151,0,0,3,14,1.01
214.88,0,0,0.0126343,0.00093243,0,0,3,14,1.01
214.98,0,0,0.0331207,0.000966157,0,0,3,14,1.01
215.08,0,0,0.0479139,0.000864492,0,0,3,14,1.01
215.18,0,0,0.0394512,0.00107859,0,0,3,14,1.01
215.28,0,0,0.0316397,0.000858355,0,0,3,14,1.01
215.38,0,0,0.0264947,0.000986539,0,0,3,14,1.01
215.48,0,0,0.0210534,0.000918029,0,0,3,14,1.01
215.58,0,0,0.0144001,0.000937119,0,0,3,14,1.01
215.68,0,0,0.0129295,0.000973066,0,0,3,14,1.01
215.78,0,0,0.0326279,0.000695335,0,0,3,14,1.01
215.88,0,0,0.0452806,0.00107195,0,0,3,14,1.01
215.98,0,0,0.0290217,0.000826821,0,0,3,14,1.01
216.08,0,0,0.0162505,0.000849405,0,0,3,14,1.01
216.18,0,0,0.00875248,0.00097642,0,0,3,14,1.01
216.28,0,0,0.0119552,0.00106596,0,0,3,14,1.01
216.38,0,0,0.0313078,0.000808427,0,0,3,14,1.01
216.48,0,0,0.042084,0.000643397,0,0,3,14,1.01
216.58,0,0,0.0399008,0.000758579,0,0,3,14,1.01
216.68,0,0,0.0396426,0.000973232,0,0,3,14,1.01
216.78,0,0,0.0422902,0.000947682,0,0,3,14,1.01
216.88,0,0,0.0416478,0.00100602,0,0,3,14,1.01
216.98,0,0,0.0275224,0.000842605,0,0,3,14,1.01
217.08,0,0,0.0257214,0.000848921,0,0,3,14,1.01
217.18,0,0,0.0425213,0.00126435,0,0,3,14,1.01
217.28,0,0,0.0434249,0.000895218,0,0,3,14,1.01
217.38,0,0,0.0203086,0.000748111,0,0,3,14,1.01
217.48,0,0,0.0112411,0.000774574,0,0,3,14,1.01
217.58,0,0,0.0233828,0.000741145,0,0,3,14,1.01
217.68,0,0,0.0312152,0.000771934,0,0,3,14,1.01
217.78,0,0,0.0214501,0.000995414,0,0,3,14,1.01
217.88,0,0,0.0165983,0.00121978,0,0,3,14,1.01
217.98,0,0,0.0318688,0.000905347,0,0,3,14,1.01
218.08,0,0,0.0435657,0.0006912,0,0,3,14,1.01
218.18,0,0,0.0405959,0.00106597,0,0,3,14,1.01
218.28,0,0,0.0373651,0.000824963,0,0,3,14,1.01
218.38,0,0,0.0330668,0.00108062,0,0,3,14,1.01
218.48,0,0,0.0270125,0.000796788,0,0,3,14,1.01
218.58,0,0,0.0137873,0.000868261,0,0,3,14,1.01
218.68,0,0,0.00344936,0.00101857,0,0,3,14,1.01
218.78,0,0,0.00490951,0.000905344,0,0,3,14,1.01
218.88,0,0,0.00926447,0.000894547,0,0,3,14,1.01
218.98,0,0,0.0254572,0.000804194,0,0,3,14,1.01
219.08,0,0,0.0357556,0.000722248,0,0,3,14,1.01
219.18,0,0,0.0219262,0.000885615,0,0,3,14,1.01
219.28,0,0,0.0132987,0.00072447,0,0,3,14,1.01
219.38,0,0,0.0259192,0.000829202,0,0,3,14,1.01
219.48,0,0,0.0344858,0.000908609,0,0,3,14,1.01
219.58,0,0,0.026511,0.000804059,0,0,3,14,1.01
219.68,0,0,0.019391,0.000930013,0,0,3,14,1.01
219.78,0,0,0.0157763,0.000676211,0,0,3,14,1.01
219.88,0,0,0.023071,0.000979673,0,0,3,14,1.01
219.98,0,0,0.0468433,0.000899912,0,0,3,14,1.01
220.08,0,0,0.0583978,0.000414101,0,0,3,14,1.01
220.18,0,0,0.0515474,0.000884661,0,0,3,14,1.01
220.28,0,0,0.0467149,0.00084354,0,0,3,14,1.01
220.38,0,0,0.0449345,0.00106844,0,0,3,14,1.01
220.48,0,0,0.0385606,0.000755417,0,0,3,14,1.01
220.58,0,0,0.0252526,0.00077819,0,0,3,14,1.01
220.68,0,0,0.0183459,0.0008334,0,0,3,14,1.01
220.78,0,0,0.0376063,0.000822243,0,0,3,14,1.01
220.88,0,0,0.053414,0.000959788,0,0,3,14,1.01
220.98,0,0,0.0550902,0.000906608,0,0,3,14,1.01
221.08,0,0,0.0550139,0.000949094,0,0,3,14,1.01
221.18,0,0,0.0478041,0.000694843,0,0,3,14,1.01
221.28,0,0,0.0393135,0.000772672,0,0,3,14,1.01
221.38,0,0,0.0255893,0.000859475,0,0,3,14,1.01
221.48,0,0,0.0167064,0.000942449,0,0,3,14,1.01
221.58,0,0,0.027635,0.00102672,0,0,3,14,1.01
221.68,0,0,0.0381917,0.000802019,0,0,3,14,1.01
221.78,0,0,0.0481878,0.00070017,0,0,3,14,1.01
221.88,0,0,0.0561561,0.000788233,0,0,3,14,1.01
221.98,0,0,0.055816,0.000726035,0,0,3,14,1.01
222.08,0,0,0.0548471,0.000769576,0,0,3,14,1.01
222.18,0,0,0.0513087,0.00063704,0,0,3,14,1.01
222.28,0,0,0.0462565,0.000807378,0,0,3,14,1.01
222.38,0,0,0.0350253,0.00111211,0,0,3,14,1.01
222.48,0,0,0.0267988,0.000968063,0,0,3,14,1.01
222.58,0,0,0.0308657,0.000912329,0,0,3,14,1.01
222.68,0,0,0.0348413,0.000869528,0,0,3,14,1.01
222.78,0,0,0.0384444,0.000928256,0,0,3,14,1.01
222.88,0,0,0.0383103,0.00081599,0,0,3,14,1.01
222.98,0,0,0.022881,0.000877843,0,0,3,14,1.01
223.08,0,0,0.0233894,0.000626068,0,0,3,14,1.01
223.18,0,0,0.0479465,0.000802847,0,0,3,14,1.01
223.28,0,0,0.0710573,0.00079522,0,0,3,14,1.01
223.38,0,0,0.0882578,0.00101867,0,0,3,14,1.01
223.48,0,0,0.0990064,0.000988709,0,0,3,14,1.01
223.58,0,0,0.0833248,0.000814766,0,0,3,14,1.01
223.68,0,0,0.0688827,0.000817531,0,0,3,14,1.01
223.78,0,0,0.0595086,0.00085736,0,0,3,14,1.01
223.88,0,0,0.0515626,0.000961987,0,0,3,14,1.01
223.98,0,0,0.0494773,0.00114553,0,0,3,14,1.01
224.08,0,0,0.0455689,0.000782757,0,0,3,14,1.01
224.18,0,0,0.0342044,0.00105266,0,0,3,14,1.01
224.28,0,0,0.0238076,0.000933567,0,0,3,14,1.01
224.38,0,0,0.0173524,0.000749676,0,0,3,14,1.01
224.48,0,0,0.0149054,0.00058772,0,0,3,14,1.01
224.58,0,0,0.02885,0.00101968,0,0,3,14,1.01
224.68,0,0,0.0399112,0.000977875,0,0,3,14,1.01
224.78,0,0,0.0392061,0.000962095,0,0,3,14,1.01
224.88,0,0,0.0365364,0.00114837,0,0,3,14,1.01
224.98,0,0,0.025816,0.00093895,0,0,3,14,1.01
225.08,0,0,0.019277,0.000984501,0,0,3,14,1.01
225.18,0,0,0.0298112,0.000606861,0,0,3,14,1.01
225.28,0,0,0.0398024,0.000776139,0,0,3,14,1.01
225.38,0,0,0.0475734,0.000857475,0,0,3,14,1.01
225.48,0,0,0.0521096,0.00100566,0,0,3,14,1.01
225.58,0,0,0.0433496,0.00086529,0,0,3,14,1.01
225.68,0,0,0.0410261,0.000816753,0,0,3,14,1.01
225.78,0,0,0.0484254,0.00112653,0,0,3,14,1.01
225.88,0,0,0.0509892,0.0011187,0,0,3,14,1.01
225.98,0,0,0.0336512,0.00093401,0,0,3,14,1.01
226.08,0,0,0.0186238,0.000904564,0,0,3,14,1.01
226.18,0,0,0.0130342,0.000943719,0,0,3,14,1.01
226.28,0,0,0.0102413,0.000893712,0,0,3,14,1.01
226.38,0,0,0.0188708,0.000786527,0,0,3,14,1.01
226.48,0,0,0.0264284,0.000931997,0,0,3,14,1.01
226.58,0,0,0.0295956,0.000987091,0,0,3,14,1.01
226.68,0,0,0.0313731,0.000939798,0,0,3,14,1.01
226.78,0,0,0.0274692,0.000936161,0,0,3,14,1.01
226.88,0,0,0.0238201,0.00105263,0,0,3,14,1.01
226.98,0,0,0.0212155,0.00124158,0,0,3,14,1.01
227.08,0,0,0.0200722,0.000932987,0,0,3,15,1.01
227.18,0,0,0.0211415,0.000721993,0,0,3,15,1.01
227.28,0,0,0.0230819,0.00102821,0,0,3,15,1.01
227.38,0,0,0.0285699,0.000878169,0,0,3,15,1.01
227.48,0,0,0.0343214,0.000765431,0,0,3,15,1.01
227.58,0,0,0.0411563,0.000800651,0,0,3,15,1.01
227.68,0,0,0.0464019,0.000938297,0,0,3,15,0.75
227.78,0,0,0.0451519,0.000940869,0,0,3,15,0.75
227.88,0,0,0.0469824,0.000986834,0,0,3,15,0.75
227.98,0,0,0.0614118,0.000925564,0,0,3,15,0.75
228.08,0,0,0.0685453,0.000735918,0,0,3,15,0.75
228.18,0,0,0.0458319,0.000773944,0,0,3,15,0.75
228.28,0,0,0.030703,0.000894201,0,0,3,15,0.75
228.38,0,0,0.0465482,0.000914766,0,0,3,15,0.75
228.48,0,0,0.0538966,0.000928238,0,0,3,15,0.75
228.58,0,0,0.0484157,0.000996799,0,0,3,15,0.75
228.68,0,0,0.0417913,0.00098508,0,0,3,15,0.75
228.78,0,0,0.0304892,0.00106564,0,0,3,15,0.75
228.88,0,0,0.0231304,0.000925546,0,0,3,15,0.75
228.98,0,0,0.0319593,0.00108013,0,0,3,15,0.75
229.08,0,0,0.0390361,0.00082243,0,0,3,15,0.75
229.18,0,0,0.0389591,0.00103479,0,0,3,15,0.75
229.28,0,0,0.0408589,0.000990277,0,0,3,15,0.75
229.38,0,0,0.050818,0.000995298,0,0,3,15,0.75
229.48,0,0,0.0577696,0.000842939,0,0,3,15,0.75
229.58,0,0,0.0524108,0.00104447,0,0,3,15,0.75
229.68,0,0,0.0531091,0.000745263,0,0,3,15,0.75
229.78,0,0,0.078605,0.000850473,0,0,3,15,0.75
229.88,0,0,0.0817961,0.000864129,0,0,3,15,0.75
229.98,0,0,0.0513162,0.00076764,0,0,3,15,0.75
230.08,0,0,0.0284897,0.000816326,0,0,3,15,0.75
230.18,0,0,0.0369114,0.0008384,0,0,3,15,0.75
230.28,0,0,0.0353148,0.000712741,0,0,3,15,0.75
230.38,0,0,0.0186032,0.000690458,0,0,3,15,0.75
230.48,0,0,0.0078078,0.000809046,0,0,3,15,0.75
230.58,0,0,0.00595837,0.000916202,0,0,3,15,0.75
230.68,0,0,0.00755831,0.000755971,0,0,3,15,0.75
230.78,0,0,0.0232736,0.000937197,0,0,3,15,0.75
230.88,0,0,0.0419594,0.00108555,0,0,3,15,0.75
230.98,0,0,0.0727999,0.000683791,0,0,3,15,0.75
231.08,0,0,0.0908546,0.000855006,0,0,3,15,0.75
231.18,0,0,0.0566768,0.000780459,0,0,3,15,0.75
231.28,0,0,0.0327185,0.000719069,0,0,3,15,0.75
231.38,0,0,0.0506164,0.000977187,0,0,3,15,0.75
231.48,0,0,0.0645905,0.000966748,0,0,3,15,0.75
231.58,0,0,0.0625046,0.000840697,0,0,3,15,0.75
231.68,0,0,0.0584171,0.000786653,0,0,3,15,0.75
231.78,0,0,0.0461189,0.000950833,0,0,3,15,0.75
231.88,0,0,0.0348729,0.000827162,0,0,3,15,0.75
231.98,0,0,0.0279335,0.000931461,0,0,3,15,0.75
232.08,0,0,0.023366,0.000858365,0,0,3,15,0.75
232.18,0,0,0.0284711,0.000909907,0,0,3,15,0.75
232.28,0,0,0.0318144,0.000856129,0,0,3,15,0.75
232.38,0,0,0.0279544,0.000900755,0,0,3,15,0.75
232.48,0,0,0.0289074,0.000844514,0,0,3,15,0.75
232.58,0,0,0.0371298,0.000985309,0,0,3,15,0.75
232.68,0,0,0.0459749,0.00118675,0,0,3,15,0.75
232.78,0,0,0.0573684,0.000748192,0,0,3,15,0.75
232.88,0,0,0.0635088,0.000707782,0,0,3,15,0.75
232.98,0,0,0.0481087,0.000875961,0,0,3,15,0.75
233.08,0,0,0.0325348,0.00100092,0,0,3,15,0.75
233.18,0,0,0.0162507,0.000778283,0,0,3,15,0.75
233.28,0,0,0.00542786,0.00104146,0,0,3,15,0.75
233.38,0,0,0.0169722,0.00115113,0,0,3,15,0.75
233.48,0,0,0.0241721,0.000854495,0,0,3,15,0.75
233.58,0,0,0.0136003,0.000540565,0,0,3,15,0.75
233.68,0,0,0.0050307,0.000743401,0,0,3,15,0.75
233.78,0,0,0.00468187,0.000953549,0,0,3,15,0.75
233.88,0,0,0.0081349,0.000763608,0,0,3,15,0.75
233.98,0,0,0.0173208,0.000928727,0,0,3,15,0.75
234.08,0,0,0.0237306,0.000803083,0,0,3,15,0.75
234.18,0,0,0.0188156,0.000935272,0,0,3,15,0.75
234.28,0,0,0.0143379,0.000832607,0,0,3,15,0.75
234.38,0,0,0.0116491,0.00102152,0,0,3,15,0.75
234.48,0,0,0.012682,0.00103553,0,0,3,15,0.75
234.58,0,0,0.0289974,0.000799135,0,0,3,15,0.75
234.68,0,0,0.043608,0.000939868,0,0,3,15,0.75
234.78,0,0,0.0512468,0.00108275,0,0,3,15,0.75
234.88,0,0,0.0548788,0.0011564,0,0,3,15,0.75
234.98,0,0,0.042126,0.00093425,0,0,3,15,0.75
235.08,0,0,0.0320189,0.000753512,0,0,3,15,0.75
235.18,0,0,0.0326695,0.000869362,0,0,3,15,0.75
235.28,0,0,0.0297645,0.000890683,0,0,3,14,0.75
235.38,0,0,0.0215037,0.000827924,0,0,3,14,0.75
235.48,0,0,0.0209044,0.000691534,0,0,3,14,0.75
235.58,0,0,0.0516354,0.000866045,0,0,3,14,0.75
235.68,0,0,0.0730173,0.00059162,0,0,3,14,1
235.78,0,0,0.0562181,0.000830132,0,0,3,14,1
235.88,0,0,0.0435576,0.000790421,0,0,3,14,1
235.98,0,0,0.0478199,0.000958869,0,0,3,14,1
236.08,0,0,0.0474856,0.000970671,0,0,3,14,1
236.18,0,0,0.0283603,0.000850867,0,0,3,14,1
236.28,0,0,0.0122779,0.001003,0,0,3,14,1
236.38,0,0,0.00860976,0.000796782,0,0,3,14,1
236.48,0,0,0.0171999,0.00103216,0,0,3,14,1
236.58,0,0,0.0442981,0.00102686,0,0,3,14,1
236.68,0,0,0.0577324,0.000792131,0,0,3,14,1
236.78,0,0,0.0505182,0.000904753,0,0,3,14,1
236.88,0,0,0.041692,0.000946231,0,0,3,14,1
236.98,0,0,0.026273,0.000858959,0,0,3,14,1
237.08,0,0,0.0224788,0.000788689,0,0,3,14,1
237.18,0,0,0.036224,0.00110963,0,0,3,14,1
237.28,0,0,0.0501349,0.00089902,0,0,3,14,1
237.38,0,0,0.0647227,0.00109016,0,0,3,14,1
237.48,0,0,0.0652036,0.000859512,0,0,3,14,1
237.58,0,0,0.0443852,0.000739842,0,0,3,14,1
237.68,0,0,0.025708,0.000954523,0,0,3,14,1
237.78,0,0,0.0157836,0.00108883,0,0,3,14,1
237.88,0,0,0.00976118,0.000779715,0,0,3,14,1
237.98,0,0,0.019685,0.00105541,0,0,3,14,1
238.08,0,0,0.0256885,0.0010541,0,0,3,14,1
238.18,0,0,0.0156636,0.000850629,0,0,3,14,1
238.28,0,0,0.00801448,0.000827861,0,0,3,14,1
238.38,0,0,0.0100361,0.000896531,0,0,3,14,1
238.48,0,0,0.0147354,0.000898523,0,0,3,14,1
238.58,0,0,0.0304332,0.00104259,0,0,3,14,1
238.68,0,0,0.0421009,0.000949539,0,0,3,14,1
238.78,0,0,0.0372883,0.000878159,0,0,3,14,1
238.88,0,0,0.0314596,0.001004,0,0,3,14,1
238.98,0,0,0.0214766,0.00108249,0,0,3,14,1
239.08,0,0,0.0146075,0.00100106,0,0,3,14,1
239.18,0,0,0.0204848,0.000959703,0,0,3,14,1
239.28,0,0,0.0273541,0.000913909,0,0,3,14,1
239.38,0,0,0.0357217,0.000994347,0,0,3,14,1
239.48,0,0,0.0400569,0.000897629,0,0,3,14,1
239.58,0,0,0.0278424,0.000967728,0,0,3,14,1
239.68,0,0,0.0179354,0.000789684,0,0,3,14,1
239.78,0,0,0.0174655,0.000846629,0,0,3,14,1
239.88,0,0,0.0180035,0.000862602,0,0,3,14,1
239.98,0,0,0.0226592,0.000898026,0,0,3,14,1
240.08,0,0,0.0252943,0.000872696,0,0,3,14,1
240.18,0,0,0.0196591,0.000827112,0,0,3,14,1
240.28,0,0,0.0158548,0.000916882,0,0,3,14,1
240.38,0,0,0.019524,0.000706036,0,0,3,14,1
240.48,0,0,0.0253748,0.000871152,0,0,3,14,1
240.58,0,0,0.0401481,0.00104231,0,0,3,14,1
240.68,0,0,0.0438132,0.000876219,0,0,3,14,1
240.78,0,0,0.0306801,0.000693006,0,0,3,14,1
240.88,0,0,0.0195172,0.000560477,0,0,3,14,1
240.98,0,0,0.0164227,0.000808424,0,0,3,14,1
241.08,0,0,0.0135941,0.000767983,0,0,3,14,1
241.18,0,0,0.0111673,0.00115506,0,0,3,14,1
241.28,0,0,0.00919789,0.000900142,0,0,3,14,1
241.38,0,0,0.00908815,0.00083827,0,0,3,14,1
241.48,0,0,0.0106217,0.000780747,0,0,3,14,1
241.58,0,0,0.0188691,0.000933319,0,0,3,14,1
241.68,0,0,0.0240749,0.00102472,0,0,3,14,1
241.78,0,0,0.0168506,0.00093408,0,0,3,14,1
241.88,0,0,0.0119116,0.000746054,0,0,3,14,1
241.98,0,0,0.0163213,0.000859423,0,0,3,14,1
242.08,0,0,0.019413,0.000938992,0,0,3,14,1
242.18,0,0,0.0205152,0.00113681,0,0,3,14,1
242.28,0,0,0.0236222,0.000716889,0,0,3,14,1
242.38,0,0,0.0349269,0.00113129,0,0,3,14,1
242.48,0,0,0.0419671,0.000917128,0,0,3,14,1
242.58,0,0,0.0315582,0.000961858,0,0,3,14,1
242.68,0,0,0.0277276,0.0010202,0,0,3,14,1
242.78,0,0,0.0507931,0.000726649,0,0,3,14,1
242.88,0,0,0.0661592,0.000818159,0,0,3,14,1
242.98,0,0,0.0501739,0.00101762,0,0,3,14,1
243.08,0,0,0.0363696,0.00104828,0,0,3,14,1
243.18,0,0,0.0314602,0.000829146,0,0,3,14,1
243.28,0,0,0.0273084,0.00113216,0,0,3,14,1
243.38,0,0,0.0262617,0.00104092,0,0,3,14,1
243.48,0,0,0.0269294,0.000660895,0,0,3,14,1
243.58,0,0,0.0301861,0.000878967,0,0,3,14,1
243.68,0,0,0.0317869,0.0010167,0,0,3,14,1
243.78,0,0,0.0266219,0.00096654,0,0,3,14,1
243.88,0,0,0.0253375,0.00109558,0,0,3,14,1
243.98,0,0,0.0399149,0.000900301,0,0,3,14,1
244.08,0,0,0.0488163,0.000781967,0,0,3,14,1
244.18,0,0,0.0345507,0.000891829,0,0,3,14,1
244.28,0,0,0.0222085,0.000959096,0,0,3,14,1
244.38,0,0,0.0177366,0.0010122,0,0,3,14,1
244.48,0,0,0.0162681,0.000872714,0,0,3,14,1
244.58,0,0,0.0271023,0.000755307,0,0,3,14,1
244.68,0,0,0.0388442,0.000890375,0,0,3,15,0.75
244.78,0,0,0.0542917,0.000830211,0,0,3,15,0.75
244.88,0,0,0.0618309,0.000896054,0,0,3,15,0.75
244.98,0,0,0.0369729,0.00101234,0,0,3,15,0.75
245.08,0,0,0.017136,0.00065545,0,0,3,15,0.75
245.18,0,0,0.0178283,0.000741006,0,0,3,15,0.75
245.28,0,0,0.0229325,0.000755203,0,0,3,15,0.75
245.38,0,0,0.0461246,0.00105881,0,0,3,15,0.75
245.48,0,0,0.0630828,0.000880392,0,0,3,15,0.75
245.58,0,0,0.0545389,0.000932295,0,0,3,15,0.75
245.68,0,0,0.04697,0.00103547,0,0,3,15,0.75
245.78,0,0,0.0433816,0.000775906,0,0,3,15,0.75
245.88,0,0,0.037585,0.000807981,0,0,3,14,0.75
245.98,0,0,0.0227366,0.000701113,0,0,3,14,0.75
246.08,0,0,0.017461,0.000706763,0,0,3,14,0.75
246.18,0,0,0.0511512,0.000962071,0,0,3,14,0.75
246.28,0,0,0.0749907,0.000836343,0,0,3,14,0.75
246.38,0,0,0.0584808,0.000823543,0,0,3,14,0.75
246.48,0,0,0.044375,0.000802929,0,0,3,14,0.75
246.58,0,0,0.0400748,0.000964171,0,0,3,14,0.75
246.68,0,0,0.0407651,0.00113538,0,0,3,14,1
246.78,0,0,0.0618603,0.0009383,0,0,3,14,1
246.88,0,0,0.0737607,0.000811977,0,0,3,14,1
246.98,0,0,0.0479959,0.000902148,0,0,3,14,1
247.08,0,0,0.0266288,0.000719176,0,0,3,14,1
247.18,0,0,0.0232406,0.00102168,0,0,3,14,1
247.28,0,0,0.0204644,0.000914763,0,0,3,14,1
247.38,0,0,0.0201901,0.00087696,0,0,3,14,1
247.48,0,0,0.0199658,0.000770119,0,0,3,14,1
247.58,0,0,0.0198171,0.000660099,0,0,3,14,1
247.68,0,0,0.0204188,0.000967965,0,0,3,14,1
247.78,0,0,0.0240781,0.00113607,0,0,3,14,1
247.88,0,0,0.0258606,0.00102143,0,0,3,14,1
247.98,0,0,0.0199657,0.000704516,0,0,3,14,1
248.08,0,0,0.016726,0.000946036,0,0,3,14,1
248.18,0,0,0.0243154,0.00109746,0,0,3,14,1
248.28,0,0,0.0288429,0.00101293,0,0,3,14,1
248.38,0,0,0.0208463,0.000938489,0,0,3,14,1
248.48,0,0,0.0150899,0.00111741,0,0,3,14,1
248.58,0,0,0.0184852,0.000986906,0,0,3,14,1
248.68,0,0,0.0212818,0.000797407,0,0,3,14,1
248.78,0,0,0.0216306,0.000765425,0,0,3,14,1
248.88,0,0,0.0234042,0.000606338,0,0,3,14,1
248.98,0,0,0.0273266,0.000905316,0,0,3,14,1
249.08,0,0,0.0305115,0.000886567,0,0,3,14,1
249.18,0,0,0.0306748,0.00101688,0,0,3,14,1
249.28,0,0,0.0319135,0.000874722,0,0,3,14,1
249.38,0,0,0.037539,0.00090184,0,0,3,14,1
249.48,0,0,0.0387379,0.00120268,0,0,3,14,1
249.58,0,0,0.0218281,0.0010848,0,0,3,14,1
249.68,0,0,0.0151675,0.000995949,0,0,3,14,1
249.78,0,0,0.0503364,0.000949458,0,0,3,14,1
249.88,0,0,0.0785313,0.00103384,0,0,3,14,1
249.98,0,0,0.0781799,0.000704534,0,0,3,14,1
250.08,0,0,0.0753694,0.000684767,0,0,3,14,1
250.18,0,0,0.0624712,0.000783355,0,0,3,14,1
250.28,0,0,0.0479261,0.000730662,0,0,3,14,1
250.38,0,0,0.0308915,0.00118938,0,0,3,14,1
250.48,0,0,0.0183634,0.000640454,0,0,3,14,1
250.58,0,0,0.0242595,0.0008879,0,0,3,14,1
250.68,0,0,0.0298312,0.000917124,0,0,3,14,1
250.78,0,0,0.0340722,0.000827816,0,0,3,14,1
250.88,0,0,0.0393932,0.00112807,0,0,3,14,1
250.98,0,0,0.0491541,0.000846049,0,0,3,14,1
251.08,0,0,0.0572878,0.000895043,0,0,3,14,1
251.18,0,0,0.0587549,0.000853199,0,0,3,14,1
251.28,0,0,0.054849,0.000816982,0,0,3,14,1
251.38,0,0,0.0290115,0.000959803,0,0,3,14,1
251.48,0,0,0.012482,0.000850789,0,0,3,14,1
251.58,0,0,0.0340588,0.000997655,0,0,3,14,1
251.68,0,0,0.0480696,0.000695084,0,0,3,14,1
251.78,0,0,0.0311009,0.000580593,0,0,3,14,1
251.88,0,0,0.020137,0.000621827,0,0,3,14,1
251.98,0,0,0.0337482,0.000927862,0,0,3,14,1
252.08,0,0,0.0451152,0.00097642,0,0,3,14,1
252.18,0,0,0.0472928,0.000750016,0,0,3,14,1
252.28,0,0,0.0472229,0.000970116,0,0,3,14,1
252.38,0,0,0.0380073,0.000742423,0,0,3,14,1
252.48,0,0,0.0306401,0.000657853,0,0,3,14,1
252.58,0,0,0.0308754,0.000920336,0,0,3,14,1
252.68,0,0,0.0310627,0.00083928,0,0,3,14,1
252.78,0,0,0.0310537,0.00071461,0,0,3,14,1
252.88,0,0,0.0281053,0.000640576,0,0,3,14,1
252.98,0,0,0.0207207,0.00100079,0,0,3,14,1
253.08,0,0,0.0156855,0.000699686,0,0,3,14,1
253.18,0,0,0.0141967,0.000842962,0,0,3,14,1
253.28,0,0,0.0162179,0.000733205,0,0,3,14,1
253.38,0,0,0.0326185,0.000861662,0,0,3,14,1
253.48,0,0,0.0466228,0.000886368,0,0,3,14,1
253.58,0,0,0.050841,0.000926275,0,0,3,14,1
253.68,0,0,0.0496001,0.000988202,0,0,3,14,1
253.78,0,0,0.0260177,0.000912261,0,0,3,14,1
253.88,0,0,0.011979,0.000799447,0,0,3,14,1
253.98,0,0,0.0369459,0.000797482,0,0,3,14,1
254.08,0,0,0.0537392,0.00095355,0,0,3,14,1
254.18,0,0,0.0371677,0.000886704,0,0,3,14,1
254.28,0,0,0.0249937,0.00072386,0,0,3,14,1
254.38,0,0,0.0194524,0.000670519,0,0,3,14,1
254.48,0,0,0.0181314,0.00101591,0,0,3,14,1
254.58,0,0,0.0340655,0.000665632,0,0,3,14,1
254.68,0,0,0.0467834,0.000751806,0,0,3,14,1
254.78,0,0,0.046331,0.00102812,0,0,3,14,1
254.88,0,0,0.0451598,0.000777063,0,0,3,14,1
254.98,0,0,0.0410424,0.000788719,0,0,3,14,1
255.08,0,0,0.0378604,0.000816227,0,0,3,14,1
255.18,0,0,0.0384923,0.000761224,0,0,3,14,1
255.28,0,0,0.0368484,0.00100637,0,0,3,14,1
255.38,0,0,0.0259046,0.0011569,0,0,3,14,1
255.48,0,0,0.0196473,0.000984793,0,0,3,14,1
255.58,0,0,0.0324874,0.000715118,0,0,3,14,1
255.68,0,0,0.0414719,0.000737766,0,0,3,14,1
255.78,0,0,0.0347102,0.000720305,0,0,3,14,1
255.88,0,0,0.0298361,0.000820948,0,0,3,14,1
255.98,0,0,0.0326996,0.000799969,0,0,3,14,1
256.08,0,0,0.0375374,0.000854688,0,0,3,14,1
256.18,0,0,0.0504391,0.000851116,0,0,3,14,1
256.28,0,0,0.0558363,0.000824914,0,0,3,14,1
256.38,0,0,0.0305875,0.000790452,0,0,3,14,1
256.48,0,0,0.0117879,0.000810014,0,0,3,14,1
256.58,0,0,0.019389,0.00087599,0,0,3,14,1
256.68,0,0,0.0267836,0.000845373,0,0,3,14,1
256.78,0,0,0.0333343,0.000722829,0,0,3,14,1
256.88,0,0,0.0355506,0.000732223,0,0,3,14,1
256.98,0,0,0.019997,0.000911757,0,0,3,14,1
257.08,0,0,0.0170395,0.000781803,0,0,3,14,1
257.18,0,0,0.0331528,0.000789156,0,0,3,14,1
257.28,0,0,0.0486777,0.00105225,0,0,3,14,1
257.38,0,0,0.0617985,0.000892047,0,0,3,14,1
257.48,0,0,0.0682788,0.000928633,0,0,3,14,1
257.58,0,0,0.047535,0.000859368,0,0,3,14,1
257.68,0,0,0.0340409,0.0010498,0,0,3,14,1
257.78,0,0,0.0501609,0.00108822,0,0,3,14,1
257.88,0,0,0.0608646,0.000787954,0,0,3,14,1
257.98,0,0,0.0493022,0.000747415,0,0,3,14,1
258.08,0,0,0.0368465,0.000758976,0,0,3,14,1
258.18,0,0,0.0207394,0.0010282,0,0,3,14,1
258.28,0,0,0.0149381,0.00099552,0,0,3,15,1
258.38,0,0,0.024715,0.000946265,0,0,3,15,1
258.48,0,0,0.0332689,0.00109792,0,0,3,15,1
258.58,0,0,0.0368142,0.000800182,0,0,3,15,1
258.68,0,0,0.0428914,0.000757176,0,0,3,15,0.75
258.78,0,0,0.0592889,0.000738941,0,0,3,15,0.75
258.88,0,0,0.0671169,0.000835962,0,0,3,15,0.75
258.98,0,0,0.0398168,0.000737345,0,0,3,15,0.75
259.08,0,0,0.0190646,0.000975637,0,0,3,15,0.75
259.18,0,0,0.0250415,0.000872812,0,0,3,15,0.75
259.28,0,0,0.0245969,0.00106052,0,0,3,15,0.75
259.38,0,0,0.014466,0.000882488,0,0,3,15,0.75
259.48,0,0,0.0105763,0.000747095,0,0,3,15,0.75
259.58,0,0,0.0322271,0.000896585,0,0,3,15,0.75
259.68,0,0,0.041304,0.00088187,0,0,3,15,0.75
259.78,0,0,0.0313843,0.000534991,0,0,3,15,0.75
259.88,0,0,0.0214667,0.000573453,0,0,3,15,0.75
259.98,0,0,0.0115579,0.000867882,0,0,3,15,0.75
260.08,0,0,0.00569299,0.000717724,0,0,3,15,0.75
260.18,0,0,0.0162655,0.000961269,0,0,3,15,0.75
260.28,0,0,0.0244898,0.000833178,0,0,3,15,0.75
260.38,0,0,0.023122,0.000888985,0,0,3,15,0.75
260.48,0,0,0.0229602,0.000589488,0,0,3,15,0.75
260.58,0,0,0.0277364,0.000855541,0,0,3,15,0.75
260.68,0,0,0.0302782,0.000761517,0,0,3,15,0.75
260.78,0,0,0.0236687,0.000930265,0,0,3,15,0.75
260.88,0,0,0.0197821,0.00152805,0,0,3,15,0.75
260.98,0,0,0.0270345,0.00153442,0,0,3,15,0.75
261.08,0,0,0.0287163,0.00144223,0,0,3,15,0.75
261.18,0,0,0.021971,0.000733245,0,0,3,15,0.75
261.28,0,0,0.0160462,0.000688852,0,0,3,15,0.75
261.38,0,0,0.013471,0.000704161,0,0,3,15,0.75
261.48,0,0,0.0118068,0.000725949,0,0,3,15,0.75
261.58,0,0,0.0138687,0.0013272,0,0,3,15,0.75
261.68,0,0,0.0167952,0.000786123,0,0,3,15,0.75
261.78,0,0,0.0232437,0.000947984,0,0,3,15,0.75
261.88,0,0,0.0275975,0.000922473,0,0,3,15,0.75
261.98,0,0,0.0233839,0.00118394,0,0,3,15,0.75
262.08,0,0,0.0223456,0.00072231,0,0,3,15,0.75
262.18,0,0,0.034257,0.00082633,0,0,3,15,0.75
262.28,0,0,0.0424069,0.00078635,0,0,3,15,0.75
262.38,0,0,0.0351641,0.000699098,0,0,3,15,0.75
262.48,0,0,0.0281507,0.000895229,0,0,3,15,0.75
262.58,0,0,0.0214838,0.000959905,0,0,3,15,0.75
262.68,0,0,0.0162104,0.000930239,0,0,3,15,0.75
262.78,0,0,0.0166482,0.000729758,0,0,3,15,0.75
262.88,0,0,0.0195964,0.000776325,0,0,3,15,0.75
262.98,0,0,0.0328046,0.000707837,0,0,3,15,0.75
263.08,0,0,0.0405156,0.00102102,0,0,3,15,0.75
263.18,0,0,0.0257575,0.00088586,0,0,3,15,0.75
263.28,0,0,0.0154004,0.000812589,0,0,3,15,0.75
263.38,0,0,0.0230931,0.000873249,0,0,3,15,0.75
263.48,0,0,0.02992,0.000787686,0,0,3,15,0.75
263.58,0,0,0.0332056,0.000886485,0,0,3,15,0.75
263.68,0,0,0.034388,0.000793916,0,0,3,15,0.75
263.78,0,0,0.0269476,0.00103489,0,0,3,15,0.75
263.88,0,0,0.0224236,0.000650336,0,0,3,15,0.75
263.98,0,0,0.0223016,0.00104801,0,0,3,15,0.75
264.08,0,0,0.0272837,0.000854677,0,0,3,15,0.75
264.18,0,0,0.0530892,0.000781316,0,0,3,15,0.75
264.28,0,0,0.0688394,0.000830297,0,0,3,15,0.75
264.38,0,0,0.0434705,0.0010118,0,0,3,15,0.75
264.48,0,0,0.0252669,0.000684168,0,0,3,15,0.75
264.58,0,0,0.0363609,0.000831839,0,0,3,15,0.75
264.68,0,0,0.043431,0.000957787,0,0,3,15,0.75
264.78,0,0,0.0340283,0.00090647,0,0,3,15,0.75
264.88,0,0,0.027217,0.000843483,0,0,3,15,0.75
264.98,0,0,0.0309794,0.00112713,0,0,3,15,0.75
265.08,0,0,0.0280507,0.000899265,0,0,3,15,0.75
265.18,0,0,0.0150334,0.000831245,0,0,3,15,0.75
265.28,0,0,0.00711999,0.000728398,0,0,3,15,0.75
265.38,0,0,0.00689169,0.000866608,0,0,3,15,0.75
265.48,0,0,0.00824451,0.000898248,0,0,3,15,0.75
265.58,0,0,0.0160717,0.00104588,0,0,3,15,0.75
265.68,0,0,0.0215705,0.000915907,0,0,3,15,0.75
265.78,0,0,0.0175495,0.000755895,0,0,3,15,0.75
265.88,0,0,0.0186362,0.000786431,0,0,3,15,0.75
265.98,0,0,0.0406337,0.00100705,0,0,3,15,0.75
266.08,0,0,0.0577096,0.000821998,0,0,3,15,0.75
266.18,0,0,0.054656,0.00121783,0,0,3,15,0.75
266.28,0,0,0.0492073,0.00124581,0,0,3,15,0.75
266.38,0,0,0.0339483,0.00103293,0,0,3,15,0.75
266.48,0,0,0.0257539,0.000973282,0,0,3,15,0.75
266.58,0,0,0.0282557,0.00108614,0,0,3,15,0.75
266.68,0,0,0.0335395,0.000775032,0,0,3,15,0.75
266.78,0,0,0.0501909,0.000804883,0,0,3,15,0.75
266.88,0,0,0.0583779,0.000669094,0,0,3,15,0.75
266.98,0,0,0.031973,0.000849616,0,0,3,15,0.75
267.08,0,0,0.0118695,0.00101511,0,0,3,15,0.75
267.18,0,0,0.0174487,0.000882083,0,0,3,15,0.75
267.28,0,0,0.0201312,0.000833401,0,0,3,15,0.75
267.38,0,0,0.0109667,0.000943245,0,0,3,15,0.75
267.48,0,0,0.00551563,0.00103491,0,0,3,15,0.75
267.58,0,0,0.0152228,0.00111754,0,0,3,15,0.75
267.68,0,0,0.0231649,0.000841887,0,0,3,15,0.75
267.78,0,0,0.023893,0.000882121,0,0,3,15,0.75
267.88,0,0,0.0269669,0.000948216,0,0,3,15,0.75
267.98,0,0,0.0335828,0.0005956,0,0,3,15,0.75
268.08,0,0,0.038507,0.000699238,0,0,3,15,0.75
268.18,0,0,0.0365228,0.000900737,0,0,3,15,0.75
268.28,0,0,0.0352315,0.00107715,0,0,3,15,0.75
268.38,0,0,0.0367733,0.000754209,0,0,3,15,0.75
268.48,0,0,0.0363926,0.000845883,0,0,3,15,0.75
268.58,0,0,0.0281172,0.000922837,0,0,3,15,0.75
268.68,0,0,0.0220869,0.000807641,0,0,3,15,0.75
268.78,0,0,0.025216,0.000981685,0,0,3,15,0.75
268.88,0,0,0.0278162,0.000993393,0,0,3,15,0.75
268.98,0,0,0.0282512,0.000900921,0,0,3,15,0.75
269.08,0,0,0.0277274,0.000788807,0,0,3,15,0.75
269.18,0,0,0.0232864,0.000578341,0,0,3,15,0.75
269.28,0,0,0.0216211,0.000808444,0,0,3,15,0.75
269.38,0,0,0.0241439,0.00106812,0,0,3,15,0.75
269.48,0,0,0.0257118,0.0011157,0,0,3,15,0.75
269.58,0,0,0.0233601,0.00105778,0,0,3,15,0.75
269.68,0,0,0.020715,0.000925612,0,0,3,15,0.75
269.78,0,0,0.0168715,0.00102125,0,0,3,15,0.75
269.88,0,0,0.0193487,0.000858219,0,0,3,15,0.75
269.98,0,0,0.0313608,0.000932182,0,0,3,15,0.75
270.08,0,0,0.0393728,0.00122491,0,0,3,15,0.75
270.18,0,0,0.0310309,0.00125576,0,0,3,15,0.75
270.28,0,0,0.0257413,0.00109904,0,0,3,15,0.75
270.38,0,0,0.0329055,0.000864285,0,0,3,15,0.75
270.48,0,0,0.0355931,0.000720758,0,0,3,15,0.75
270.58,0,0,0.0315203,0.000726486,0,0,3,15,0.75
270.68,0,0,0.0327077,0.00108574,0,0,3,15,0.75
270.78,0,0,0.0418483,0.000974612,0,0,3,15,0.75
270.88,0,0,0.0487102,0.00120503,0,0,3,15,0.75
270.98,0,0,0.0462498,0.000964375,0,0,3,15,0.75
271.08,0,0,0.040623,-0.000493498,0,0,3,15,0.75
271.18,0,0,0.0220178,-0.000730102,0,0,3,15,0.75
271.28,0,0,0.0105466,0.000806207,0,0,3,15,0.75
271.38,0,0,0.0282211,0.00102752,0,0,3,15,0.75
271.48,0,0,0.0392286,0.000981985,0,0,3,15,0.75
271.58,0,0,0.0229363,0.000476654,0,0,3,15,0.75
271.68,0,0,0.0149964,0.00084881,0,0,3,15,0.75
271.78,0,0,0.0411643,0.000882276,0,0,3,15,0.75
271.88,0,0,0.0589476,0.000903785,0,0,3,15,0.75
271.98,0,0,0.0423539,0.000876886,0,0,3,15,0.75
272.08,0,0,0.0280365,0.000817479,0,0,3,15,0.75
272.18,0,0,0.02304,0.0008534,0,0,3,15,0.75
272.28,0,0,0.0205969,0.000853098,0,0,3,15,0.75
272.38,0,0,0.0285818,0.000829178,0,0,3,15,0.75
272.48,0,0,0.0350598,0.000809486,0,0,3,15,0.75
272.58,0,0,0.0353644,0.00117337,0,0,3,15,0.75
272.68,0,0,0.0392497,0.000925201,0,0,3,15,0.75
272.78,0,0,0.0577194,0.000671559,0,0,3,15,0.75
272.88,0,0,0.0691296,0.000929902,0,0,3,15,0.75
272.98,0,0,0.0516678,0.00109013,0,0,3,15,0.75
273.08,0,0,0.0402711,0.000779683,0,0,3,15,0.75
273.18,0,0,0.0536232,0.000961293,0,0,3,15,0.75
273.28,0,0,0.0601272,0.000945354,0,0,3,15,0.75
273.38,0,0,0.0386419,0.000803972,0,0,3,15,0.75
273.48,0,0,0.0219216,0.000667695,0,0,3,15,0.75
273.58,0,0,0.024691,0.000656593,0,0,3,15,0.75
273.68,0,0,0.027457,0.000828667,0,0,3,15,0.75
273.78,0,0,0.0227677,0.000745869,0,0,3,15,0.75
273.88,0,0,0.020429,0.000821647,0,0,3,15,0.75
273.98,0,0,0.0276998,0.00096228,0,0,3,15,0.75
274.08,0,0,0.0315669,0.00079453,0,0,3,15,0.75
274.18,0,0,0.0215269,0.00080162,0,0,3,15,0.75
274.28,0,0,0.0129783,0.000885514,0,0,3,15,0.75
274.38,0,0,0.010552,0.000901972,0,0,3,15,0.75
274.48,0,0,0.00974168,0.000885843,0,0,3,15,0.75
274.58,0,0,0.0155405,0.000742317,0,0,3,15,0.75
274.68,0,0,0.0200535,0.00104709,0,0,3,15,0.75
274.78,0,0,0.0226287,0.000973715,0,0,3,15,0.75
274.88,0,0,0.0270027,0.000950224,0,0,3,15,0.75
274.98,0,0,0.0387381,0.000819358,0,0,3,15,0.75
275.08,0,0,0.0443654,0.00101436,0,0,3,15,0.75
275.18,0,0,0.0250317,0.000903396,0,0,3,15,0.75
275.28,0,0,0.00899531,0.000743633,0,0,3,15,0.75
275.38,0,0,0.00648714,0.000928366,0,0,3,15,0.75
275.48,0,0,0.00505908,0.000916703,0,0,3,15,0.75
275.58,0,0,0.00804426,0.000925878,0,0,3,15,0.75
275.68,0,0,0.0122505,0.000912656,0,0,3,15,0.75
275.78,0,0,0.0214231,0.000865194,0,0,3,15,0.75
275.88,0,0,0.0314634,0.00106387,0,0,3,15,0.75
275.98,0,0,0.0450496,0.000822137,0,0,3,15,0.75
276.08,0,0,0.0464935,0.000937646,0,0,3,15,0.75
276.18,0,0,0.029586,0.000801283,0,0,3,15,0.75
276.28,0.107487,0,0.0162342,0.000781131,0,0,3,15,0.75
276.38,0.134685,0,0.0174266,0.000635852,0,0,3,15,0.75
276.48,0.144993,0,0.0190343,0.000820574,0,0,3,15,0.75
276.58,0.154889,0,0.0223427,0.000938079,0,0,3,15,0.75
276.68,0.142512,0,0.0270719,0.000662695,0,0,3,15,0.75
276.78,0.137559,0,0.0376003,0.000646575,0,0,3,15,0.75
276.88,0.107518,0,0.0444919,0.000712826,0,0,3,15,0.75
276.98,0.0013248,0,0.0364651,0.000883538,0,0,3,15,0.75
277.08,0,0,0.0274193,0.000915609,0,0,3,15,0.75
277.18,0,0,0.0142098,0.000856839,0,0,3,15,0.75
277.28,0,0,0.00536366,0.000757846,0,0,3,15,0.75
277.38,0.0890096,0,0.0142781,0.000891061,0,0,3,15,0.75
277.48,0.117492,0,0.0246593,0.000929426,0,0,3,15,0.75
277.58,0.12,0,0.0372611,0.000928715,0,0,3,15,0.75
277.68,0.127496,0,0.0454205,0.000809311,0,0,3,15,0.75
277.78,0.152222,0,0.0354627,0.000853301,0,0,3,15,0.75
277.88,0.1525,0,0.0273403,0.000663344,0,0,3,15,0.75
277.98,0.142619,0,0.026735,0.00083419,0,0,3,15,0.75
278.08,0.0999951,0,0.0249602,0.000863223,0,0,3,15,0.75
278.18,0.00112709,0,0.0184132,0.000725337,0,0,3,15,0.75
278.28,0,0,0.0127875,0.000845691,0,0,3,15,0.75
278.38,0,0,0.0109278,0.000784589,0,0,3,15,0.75
278.48,0,0,0.0114401,0.000799392,0,0,3,15,0.75
278.58,0,0,0.0216399,0.000844817,0,0,3,15,0.75
278.68,0,0,0.0290033,0.000716261,0,0,3,15,0.75
278.78,0,0,0.0247872,0.000782973,0,0,3,15,0.75
278.88,0,0,0.0211878,0.000980758,0,0,3,15,0.75
278.98,0,0,0.0201051,0.000949342,0,0,3,15,0.75
279.08,0,0,0.0196647,0.000989733,0,0,3,15,0.75
279.18,0,0,0.0218477,0.000846534,0,0,3,15,0.75
279.28,0.104964,0,0.0236748,0.00116314,0,0,3,15,0.75
279.38,0.144549,0,0.0240501,0.000784823,0,0,3,15,0.75
279.48,0.184973,0,0.0226661,0.000761261,0,0,3,15,0.75
279.58,0.180057,0,0.0140953,0.00099927,0,0,3,15,0.75
279.68,0.145001,0,0.010021,0.000907683,0,0,3,15,0.75
279.78,0.105447,0,0.0242996,0.000978899,0,0,3,15,0.75
279.88,0.000142117,0,0.0365037,0.00113445,0,0,3,15,0.75
279.98,0,0,0.0402077,0.00086457,0,0,3,15,0.75
280.08,0,0,0.043451,0.000947834,0,0,3,15,0.75
280.18,0,0,0.0448047,0.000625842,0,0,3,15,0.75
280.28,0,0,0.0423694,0.000803871,0,0,3,15,0.75
280.38,0,0,0.0245261,0.000799006,0,0,3,15,0.75
280.48,0,0,0.0122339,0.000863708,0,0,3,15,0.75
280.58,0,0,0.0225674,0.000684241,0,0,3,15,0.75
280.68,0,0,0.0320806,0.000609958,0,0,3,15,0.75
280.78,0.0889773,0,0.0382387,0.000711555,0,0,3,15,0.75
280.88,0.124969,0,0.0396353,0.000581526,0,0,3,15,0.75
280.98,0.147228,0,0.0215831,0.00103984,0,0,3,15,0.75
281.08,0.1475,0,0.00748719,0.00116105,0,0,3,15,0.75
281.18,0.125248,0,0.00960906,0.000944799,0,0,3,15,0.75
281.28,3.79213e-06,0,0.0132553,0.000790422,0,0,3,15,0.75
281.38,0,0,0.0231296,0.000775073,0,0,3,15,0.75
281.48,0,0,0.0292495,0.000911054,0,0,3,15,0.75
281.58,0,0,0.0297026,0.000749316,0,0,3,15,0.75
281.68,0,0,0.0313513,0.000795639,0,0,3,15,0.75
281.78,0.103789,0,0.0378868,0.000968764,0,0,3,15,0.75
281.88,0.144955,0,0.0401458,0.000758066,0,0,3,15,0.75
281.98,0.14747,0,0.0248976,0.000660296,0,0,3,15,0.75
282.08,0.152498,0,0.0148405,0.000962868,0,0,3,15,0.75
282.18,0.117892,0,0.0259795,0.0005182,0,0,3,15,0.75
282.28,1.9012e-05,0,0.0341125,0.000971952,0,0,3,15,0.75
282.38,0,0,0.0299617,0.000906669,0,0,3,15,0.75
282.48,0,0,0.0261716,0.000763577,0,0,3,15,0.75
282.58,0,0,0.0238549,0.000771239,0,0,3,15,0.75
282.68,0,0,0.0215369,0.00108673,0,0,3,15,0.75
282.78,0,0,0.0178383,0.000815507,0,0,3,15,0.75
282.88,0,0,0.0152694,0.000844404,0,0,3,15,0.75
282.98,0,0,0.0173232,0.000767006,0,0,3,15,0.75
283.08,0,0,0.0218501,0.00086867,0,0,3,15,0.75
283.18,0,0,0.0365003,0.000797547,0,0,3,15,0.75
283.28,0,0,0.0461112,0.000830676,0,0,3,15,0.75
283.38,0,0,0.0351306,0.000873336,0,0,3,15,0.75
283.48,0,0,0.0259384,0.000826045,0,0,3,15,0.75
283.58,0,0,0.0240665,0.000970666,0,0,3,15,0.75
283.68,0,0,0.0222956,0.000649097,0,0,3,15,0.75
283.78,0,0,0.0209393,0.000930924,0,0,3,15,0.75
283.88,0,0,0.0247108,0.000665825,0,0,3,15,0.75
283.98,0,0,0.0494635,0.000985131,0,0,3,15,0.75
284.08,0,0,0.0674818,0.000827275,0,0,3,15,0.75
284.18,0,0,0.0579495,0.000907296,0,0,3,15,0.75
284.28,0,0,0.0463178,0.000833282,0,0,3,15,0.75
284.38,0,0,0.026096,0.000768511,0,0,3,15,0.75
284.48,0,0,0.0111219,0.000749146,0,0,3,15,0.75
284.58,0,0,0.0175987,0.000797081,0,0,3,15,0.75
284.68,0,0,0.0241046,0.00105687,0,0,3,15,0.75
284.78,0,0,0.0307298,0.000995103,0,0,3,15,0.75
284.88,0,0,0.035894,0.000963044,0,0,3,15,0.75
284.98,0,0,0.0350707,0.00094444,0,0,3,15,0.75
285.08,0,0,0.0321761,0.000714738,0,0,3,15,0.75
285.18,0,0,0.0208238,0.000684209,0,0,3,15,0.75
285.28,0,0,0.0121904,0.000807462,0,0,3,15,0.75
285.38,0,0,0.0146594,0.000716419,0,0,3,15,0.75
285.48,0,0,0.0196327,0.000740418,0,0,3,15,0.75
285.58,0,0,0.0348476,0.000998716,0,0,3,15,0.75
285.68,0,0,0.0445676,0.00107535,0,0,3,15,0.75
285.78,0,0,0.0318033,0.000984036,0,0,3,15,0.75
285.88,0,0,0.0215452,0.000992359,0,0,3,15,0.75
285.98,0,0,0.0215684,0.000863771,0,0,3,15,0.75
286.08,0,0,0.0256606,0.000860636,0,0,3,15,0.75
286.18,0,0,0.0463742,0.000945421,0,0,3,15,0.75
286.28,0,0,0.0602938,0.00100666,0,0,3,15,0.75
286.38,0,0,0.0465145,0.000639205,0,0,3,15,0.75
286.48,0,0,0.0344384,0.000723941,0,0,3,15,0.75
286.58,0,0,0.0293356,0.000821412,0,0,3,15,0.75
286.68,0,0,0.0241015,0.000922175,0,0,3,15,0.75
286.78,0,0,0.0183334,0.00086521,0,0,3,15,0.75
286.88,0,0,0.0190947,0.000619737,0,0,3,15,0.75
286.98,0,0,0.0296957,0.000944463,0,0,3,15,0.75
287.08,0,0,0.0395157,0.000699059,0,0,3,15,0.75
287.18,0,0,0.0461491,0.000927826,0,0,3,15,0.75
287.28,0,0,0.0488831,0.000784627,0,0,3,15,0.75
287.38,0,0,0.0356862,0.000838058,0,0,3,15,0.75
287.48,0,0,0.0248564,0.000967791,0,0,3,15,0.75
287.58,0,0,0.0237181,0.000972148,0,0,3,15,0.75
287.68,0,0,0.0221893,0.000644892,0,0,3,15,0.75
287.78,0,0,0.0190651,0.000832601,0,0,3,15,0.75
287.88,0,0,0.0192357,0.000955801,0,0,3,15,0.75
287.98,0,0,0.0329306,0.00126793,0,0,3,15,0.75
288.08,0,0,0.0413792,0.00168579,0,0,3,15,0.75
288.18,0,0,0.028402,0.00123662,0,0,3,15,0.75
288.28,0,0,0.0185053,0.000645152,0,0,3,15,0.75
288.38,0,0,0.0132659,0.000559014,0,0,3,15,0.75
288.48,0,0,0.0105395,0.000538676,0,0,3,15,0.75
288.58,0,0,0.0180972,0.000613189,0,0,3,15,0.75
288.68,0,0,0.0252003,0.00080183,0,0,3,15,0.75
288.78,0,0,0.0304501,0.00095164,0,0,3,15,0.75
288.88,0,0,0.0334466,0.000714793,0,0,3,15,0.75
288.98,0,0,0.0272121,0.000352698,0,0,3,15,0.75
289.08,0,0,0.0219721,0.00060551,0,0,3,15,0.75
289.18,0,0,0.0207951,0.00116993,0,0,3,15,0.75
289.28,0,0,0.0189015,0.000998864,0,0,3,15,0.75
289.38,0,0,0.0140771,0.000857537,0,0,3,15,0.75
289.48,0,0,0.0126815,0.000555721,0,0,3,15,0.75
289.58,0,0,0.0253563,0.000957835,0,0,3,15,0.75
289.68,0,0,0.0353964,0.00101692,0,0,3,15,0.75
289.78,0,0,0.0414536,0.00112628,0,0,3,15,0.75
289.88,0,0,0.0445754,0.000564557,0,0,3,15,0.75
289.98,0,0,0.035639,0.000646491,0,0,3,15,0.75
290.08,0,0,0.0265679,0.000999819,0,0,3,15,0.75
290.18,0,0,0.0169468,0.000893056,0,0,3,15,0.75
290.28,0,0,0.00977516,0.000496346,0,0,3,15,0.75
290.38,0,0,0.0125978,0.00087914,0,0,3,15,0.75
290.48,0,0,0.01649,0.000919534,0,0,3,15,0.75
290.58,0,0,0.0247579,0.000738435,0,0,3,15,0.75
290.68,0,0,0.029242,0.000718744,0,0,3,15,0.75
290.78,0,0,0.0182599,0.000851701,0,0,3,15,0.75
290.88,0,0,0.00972318,0.000701764,0,0,3,15,0.75
290.98,0,0,0.0111962,0.00113108,0,0,3,15,0.75
291.08,0,0,0.017167,0.000997841,0,0,3,15,0.75
291.18,0,0,0.0299435,0.00114722,0,0,3,15,0.75
291.28,0,0,0.0381077,0.00100115,0,0,3,15,0.75
291.38,0,0,0.0275047,0.000871965,0,0,3,15,0.75
291.48,0,0,0.0217012,0.000832623,0,0,3,15,0.75
291.58,0,0,0.0356583,0.000884558,0,0,3,15,0.75
291.68,0,0,0.0437626,0.00047653,0,0,3,15,0.75
291.78,0,0,0.0279415,0.0008796,0,0,3,15,0.75
291.88,0,0,0.0156807,0.00110151,0,0,3,15,0.75
291.98,0,0,0.0179649,0.00106394,0,0,3,15,0.75
292.08,0,0,0.0215617,0.000948126,0,0,3,15,0.75
292.18,0,0,0.0305081,0.000655786,0,0,3,15,0.75
292.28,0,0,0.0368417,0.000699274,0,0,3,15,0.75
292.38,0,0,0.032494,0.000862537,0,0,3,15,0.75
292.48,0,0,0.0292106,0.000710778,0,0,3,15,0.75
292.58,0,0,0.030283,0.000822894,0,0,3,15,0.75
292.68,0,0,0.0308253,0.000743462,0,0,3,15,0.75
292.78,0,0,0.0291985,0.000771443,0,0,3,15,0.75
292.88,0,0,0.0271069,0.000689677,0,0,3,15,0.75
292.98,0,0,0.0231243,0.00089902,0,0,3,15,0.75
293.08,0,0,0.0194634,0.000721647,0,0,3,15,0.75
293.18,0,0,0.0171168,0.000805279,0,0,3,15,0.75
293.28,0,0,0.0149932,0.00115855,0,0,3,15,0.75
293.38,0,0,0.0137805,0.00113589,0,0,3,15,0.75
293.48,0,0,0.0118951,0.000987035,0,0,3,15,0.75
293.58,0,0,0.00726028,0.000688771,0,0,3,15,0.75
293.68,0,0,0.00896005,0.000753834,0,0,3,15,0.75
293.78,0,0,0.0202241,0.000825357,0,0,3,15,0.75
293.88,0,0,0.0271654,0.000823065,0,0,3,15,0.75
293.98,0,0,0.0164325,0.000858878,0,0,3,15,0.75
294.08,0,0,0.0108669,0.000913182,0,0,3,15,0.75
294.18,0,0,0.0264097,0.000727005,0,0,3,15,0.75
294.28,0,0,0.0375312,0.000798156,0,0,3,15,0.75
294.38,0,0,0.0305815,0.000917766,0,0,3,15,0.75
294.48,0,0,0.0229572,0.00062143,0,0,3,15,0.75
294.58,0,0,0.0125807,0.00076512,0,0,3,15,0.75
294.68,0,0,0.00581239,0.000822493,0,0,3,15,0.75
294.78,0,0,0.0138029,0.000523911,0,0,3,15,0.75
294.88,0,0,0.0246582,0.00160145,0,0,3,15,0.75
294.98,0,0,0.0472313,0.000747658,0,0,3,15,0.75
295.08,0,0,0.0550079,-0.000718432,0,0,3,15,0.75
295.18,0,0,0.0404755,0.000803995,0,0,3,15,0.75
295.28,0,0,0.0269692,0.000788602,0,0,3,15,0.75
295.38,0,0,0.0176702,0.000585102,0,0,3,15,0.75
295.48,0,0,0.00994444,0.000720578,0,0,3,15,0.75
295.58,0,0,0.00865353,0.000734876,0,0,3,15,0.75
295.68,0,0,0.00867717,0.00106341,0,0,3,15,0.75
295.78,0,0,0.0140897,0.000778235,0,0,3,15,0.75
295.88,0,0,0.0194969,0.000677658,0,0,3,15,0.75
295.98,0,0,0.0248819,0.000885431,0,0,3,15,0.75
296.08,0,0,0.0303483,0.000894874,0,0,3,15,0.75
296.18,0,0,0.0361463,0.000835993,0,0,3,15,0.75
296.28,0,0,0.0412252,0.000722015,0,0,3,15,0.75
296.38,0,0,0.0433657,0.000807605,0,0,3,15,0.75
296.48,0,0,0.0458422,0.000745315,0,0,3,15,0.75
296.58,0,0,0.048827,0.000701175,0,0,3,15,0.75
296.68,0,0,0.0498913,0.000971872,0,0,3,15,0.75
296.78,0,0,0.0431068,0.000858008,0,0,3,15,0.75
296.88,0,0,0.035406,0.000895264,0,0,3,15,0.75
296.98,0,0,0.0239613,0.000530604,0,0,3,15,0.75
297.08,0,0,0.0170675,0.000669699,0,0,3,15,0.75
297.18,0,0,0.0287896,0.000740378,0,0,3,15,0.75
297.28,0,0,0.0366273,0.000732876,0,0,3,15,0.75
297.38,0,0,0.0285671,0.000892348,0,0,3,15,0.75
297.48,0,0,0.0262411,0.000921432,0,0,3,15,0.75
297.58,0,0,0.0473636,0.000697006,0,0,3,15,0.75
297.68,0,0,0.0606421,0.000726773,0,0,3,15,0.75
297.78,0,0,0.0419253,0.000756878,0,0,3,15,0.75
297.88,0,0,0.0283842,0.000686977,0,0,3,15,0.75
297.98,0,0,0.0226406,0.000720159,0,0,3,15,0.75
298.08,0,0,0.0174867,0.000544908,0,0,3,15,0.75
298.18,0,0,0.0147383,0.000930937,0,0,3,15,0.75
298.28,0,0,0.0157871,0.000750101,0,0,3,15,0.75
298.38,0,0,0.0323646,0.000751271,0,0,3,15,0.75
298.48,0,0,0.0425247,0.000643298,0,0,3,15,0.75
298.58,0,0,0.0263434,0.000565036,0,0,3,15,0.75
298.68,0,0,0.0151993,0.000516026,0,0,3,15,0.75
298.78,0,0,0.0246528,0.00107206,0,0,3,15,0.75
298.88,0,0,0.034749,0.000849455,0,0,3,15,0.75
298.98,0,0,0.0474742,0.000741051,0,0,3,15,0.75
299.08,0,0,0.056332,0.00082715,0,0,3,15,0.75
299.18,0,0,0.0494548,0.000741946,0,0,3,15,0.75
299.28,0,0,0.0464324,0.0007289,0,0,3,15,0.75
299.38,0,0,0.0591314,0.000672128,0,0,3,15,0.75
299.48,0,0,0.0644017,0.000746535,0,0,3,15,0.75
299.58,0,0,0.0392246,0.000748049,0,0,3,15,0.75
299.68,0,0,0.0221469,0.000849635,0,0,3,15,0.75
299.78,0,0,0.0381444,0.000798764,0,0,3,15,0.75
299.88,0,0,0.0505946,0.00113032,0,0,3,15,0.75
299.98,0,0,0.0485304,0.000664252,0,0,3,15,0.75
300.08,0,0,0.0483413,0.000728626,0,0,3,15,0.75
300.18,0,0,0.0558114,0.000814321,0,0,3,15,0.75
300.28,0,0,0.0619055,0.000813949,0,0,3,15,0.75
300.38,0,0,0.0623701,0.000676335,0,0,3,15,0.75
300.48,0,0,0.0567328,0.000640671,0,0,3,15,0.75
300.58,0,0,0.0418682,0.000812418,0,0,3,15,0.75
300.68,0,0,0.0270142,0.00100735,0,0,3,15,0.75
300.78,0,0,0.0227007,0.000935915,0,0,3,15,0.75
300.88,0,0,0.02059,0.000847115,0,0,3,15,0.75
300.98,0,0,0.0274786,0.000721434,0,0,3,15,0.75
301.08,0,0,0.0318979,0.000942522,0,0,3,15,0.75
301.18,0,0,0.0262061,0.000897066,0,0,3,15,0.75
301.28,0,0,0.0209814,0.00107271,0,0,3,15,0.75
301.38,0,0,0.0176658,0.000882581,0,0,3,15,0.75
301.48,0,0,0.017432,0.000857061,0,0,3,15,0.75
301.58,0,0,0.0298418,0.000637799,0,0,3,15,0.75
301.68,0,0,0.0412321,0.000935305,0,0,3,15,0.75
301.78,0,0,0.0484557,0.00100446,0,0,3,15,0.75
301.88,0,0,0.0505304,0.000860621,0,0,3,15,0.75
301.98,0,0,0.0448297,0.000639218,0,0,3,15,0.75
302.08,0,0,0.0388656,0.000796821,0,0,3,15,0.75
302.18,0,0,0.0318246,0.000747574,0,0,3,15,0.75
302.28,0,0,0.0268871,0.000891742,0,0,3,15,0.75
302.38,0,0,0.0305098,0.000819272,0,0,3,15,0.75
302.48,0,0,0.032655,0.000755826,0,0,3,15,0.75
302.58,0,0,0.0287493,0.000870033,0,0,3,15,0.75
302.68,0,0,0.0252503,0.000760026,0,0,3,15,0.75
302.78,0,0,0.0234104,0.000687324,0,0,3,15,0.75
302.88,0,0,0.0227384,0.000844682,0,0,3,15,0.75
302.98,0,0,0.026847,0.000947024,0,0,3,15,0.75
303.08,0,0,0.0324289,0.000808135,0,0,3,15,0.75
303.18,0,0,0.0440489,0.000700998,0,0,3,15,0.75
303.28,0,0,0.0458646,0.00065618,0,0,3,15,0.75
303.38,0,0,0.0328772,0.000834216,0,0,3,15,0.75
303.48,0,0,0.0254241,0.000941069,0,0,3,15,0.75
303.58,0,0,0.0263389,0.000935422,0,0,3,15,0.75
303.68,0,0,0.0272649,0.00104443,0,0,3,15,0.75
303.78,0,0,0.0282363,0.00080797,0,0,3,15,0.75
303.88,0,0,0.0275657,0.000762897,0,0,3,15,0.75
303.98,0,0,0.0201621,0.000885363,0,0,3,15,0.75
304.08,0,0,0.0155332,0.000872428,0,0,3,15,0.75
304.18,0,0,0.0222559,0.000750362,0,0,3,15,0.75
304.28,0,0,0.0254436,0.000859181,0,0,3,15,0.75
304.38,0,0,0.0141628,0.00101255,0,0,3,15,0.75
304.48,0,0,0.0071395,0.000843063,0,0,3,15,0.75
304.58,0,0,0.017522,0.00101926,0,0,3,15,0.75
304.68,0,0,0.0247157,0.00104983,0,0,3,15,0.75
304.78,0,0,0.0270911,0.000756243,0,0,3,15,0.75
304.88,0,0,0.028167,0.00101648,0,0,3,15,0.75
304.98,0,0,0.0239255,0.00092016,0,0,3,15,0.75
305.08,0,0,0.0210573,0.000988311,0,0,3,15,0.75
305.18,0,0,0.0237977,0.000786808,0,0,3,15,0.75
305.28,0,0,0.0282916,0.000856491,0,0,3,15,0.75
305.38,0,0,0.039962,0.000894681,0,0,3,15,0.75
305.48,0,0,0.046949,0.000746663,0,0,3,15,0.75
305.58,0,0,0.0348218,0.000989543,0,0,3,15,0.75
305.68,0,0,0.0265716,0.00084061,0,0,3,15,0.75
305.78,0,0,0.0341564,0.000644634,0,0,3,15,0.75
305.88,0,0,0.0397217,0.000925289,0,0,3,15,0.75
305.98,0,0,0.0370401,0.000925927,0,0,3,15,0.75
306.08,0,0,0.0340942,0.000829677,0,0,3,15,0.75
306.18,0,0,0.0300682,0.000994893,0,0,3,15,0.75
306.28,0,0,0.0278033,0.000740789,0,0,3,15,0.75
306.38,0,0,0.0327446,0.000611749,0,0,3,15,0.75
306.48,0,0,0.0355055,0.00092822,0,0,3,15,0.75
306.58,0,0,0.0293491,0.000925074,0,0,3,15,0.75
306.68,0,0,0.023196,0.000862349,0,0,3,15,0.75
306.78,0,0,0.0266412,0.0010087,0,0,3,15,0.75
306.88,0,0,0.0288659,0.000878015,0,0,3,15,0.75
306.98,0,0,0.0260865,0.000821999,0,0,3,15,0.75
307.08,0,0,0.0259934,0.000885982,0,0,3,15,0.75
307.18,0,0,0.0368745,0.00118315,0,0,3,15,0.75
307.28,0,0,0.0395261,0.000896568,0,0,3,15,0.75
307.38,0,0,0.0297696,0.000947822,0,0,3,15,0.75
307.48,0,0,0.0210946,0.00114086,0,0,3,15,0.75
307.58,0,0,0.0168375,0.000989774,0,0,3,15,0.75
307.68,0,0,0.0140331,0.00105108,0,0,3,15,0.75
307.78,0,0,0.0171736,0.000969287,0,0,3,15,0.75
307.88,0,0,0.0205972,0.000880983,0,0,3,15,0.75
307.98,0,0,0.0251806,0.00079663,0,0,3,15,0.75
308.08,0,0,0.0276915,0.000885972,0,0,3,15,0.75
308.18,0,0,0.0217472,0.000740594,0,0,3,15,0.75
308.28,0,0,0.0176935,0.000766712,0,0,3,15,0.75
308.38,0,0,0.0213743,0.000607478,0,0,3,15,0.75
308.48,0,0,0.0226474,0.000696893,0,0,3,15,0.75
308.58,0,0,0.0140888,0.000809685,0,0,3,15,0.75
308.68,0,0,0.0150118,0.000912935,0,0,3,15,0.75
308.78,0,0,0.030222,0.000872584,0,0,3,15,0.75
308.88,0,0,0.039771,0.000886385,0,0,3,15,0.75
308.98,0,0,0.0261074,0.000833151,0,0,3,15,0.75
309.08,0,0,0.0160457,0.000912785,0,0,3,15,0.75
309.18,0,0,0.0206846,0.000710105,0,0,3,15,0.75
309.28,0,0,0.0279684,0.000906859,0,0,3,15,0.75
309.38,0,0,0.0460828,0.00099889,0,0,3,15,0.75
309.48,0,0,0.0596923,0.000912407,0,0,3,15,0.75
309.58,0,0,0.0548771,0.000892958,0,0,3,15,0.75
309.68,0,0,0.0492912,0.000717372,0,0,3,15,0.75
309.78,0,0,0.0405596,0.00076691,0,0,3,15,0.75
309.88,0,0,0.0334001,0.000917205,0,0,3,15,0.75
309.98,0,0,0.0326815,0.000780548,0,0,3,15,0.75
310.08,0,0,0.0324826,0.000527193,0,0,3,15,0.75
310.18,0,0,0.0330695,0.000656792,0,0,3,15,0.75
310.28,0,0,0.0309388,0.000522233,0,0,3,15,0.75
310.38,0,0,0.0177053,0.000767439,0,0,3,15,0.75
310.48,0,0,0.00796028,0.00119344,0,0,3,15,0.75
310.58,0,0,0.0124874,0.000769342,0,0,3,15,0.75
310.68,0,0,0.0153322,0.000559947,0,0,3,15,0.75
310.78,0,0,0.0113017,0.000931282,0,0,3,15,0.75
310.88,0,0,0.00824257,0.00077014,0,0,3,15,0.75
310.98,0,0,0.00916124,0.000934158,0,0,3,15,0.75
311.08,0,0,0.00992882,0.000938431,0,0,3,15,0.75
311.18,0,0,0.0100781,0.0008986,0,0,3,15,0.75
311.28,0,0,0.0119234,0.000861794,0,0,3,15,0.75
311.38,0,0,0.0206894,0.000565148,0,0,3,15,0.75
311.48,0,0,0.0225794,0.000898052,0,0,3,15,0.75
311.58,0,0,0.0140939,0.000637129,0,0,3,15,0.75
311.68,0,0,0.00766423,0.000645976,0,0,3,15,0.75
311.78,0,0,0.00961395,0.000693145,0,0,3,15,0.75
311.88,0,0,0.0111803,0.000931031,0,0,3,15,0.75
311.98,0,0,0.0111803,0.000808128,0,0,3,15,0.75
312.08,0,0,0.0121996,0.00065971,0,0,3,15,0.75
312.18,0,0,0.0173795,0.000889161,0,0,3,15,0.75
312.28,0,0,0.02112,0.000752432,0,0,3,15,0.75
312.38,0,0,0.018981,0.000712604,0,0,3,15,0.75
312.48,0,0,0.0176557,0.000722815,0,0,3,15,0.75
312.58,0,0,0.0196544,0.000856553,0,0,3,15,0.75
312.68,0,0,0.0228123,0.000698468,0,0,3,15,0.75
312.78,0,0,0.0307096,0.000915182,0,0,3,15,0.75
312.88,0,0,0.0348019,0.000899449,0,0,3,15,0.75
312.98,0,0,0.0233491,0.000691065,0,0,3,15,0.75
313.08,0,0,0.0149939,0.00112355,0,0,3,15,0.75
313.18,0,0,0.0193376,0.000621823,0,0,3,15,0.75
313.28,0,0,0.0229452,0.000755497,0,0,3,15,0.75
313.38,0,0,0.0235531,0.000969011,0,0,3,15,0.75
313.48,0,0,0.0233613,0.00103033,0,0,3,15,0.75
313.58,0,0,0.0198986,0.000776117,0,0,3,15,0.75
313.68,0,0,0.0183267,0.000722466,0,0,3,15,0.75
313.78,0,0,0.024473,0.000932126,0,0,3,15,0.75
313.88,0,0,0.0329636,0.000691536,0,0,3,15,0.75
313.98,0,0,0.0510344,0.000911076,0,0,3,15,0.75
314.08,0,0,0.054682,0.000816959,0,0,3,15,0.75
314.18,0,0,0.0365227,0.000822402,0,0,3,15,0.75
314.28,0,0,0.0232045,0.000869679,0,0,3,15,0.75
314.38,0,0,0.0296816,0.00112158,0,0,3,15,0.75
314.48,0,0,0.0337004,0.00085221,0,0,3,15,0.75
314.58,0,0,0.0276713,0.000722849,0,0,3,15,0.75
314.68,0,0,0.0244679,0.0007658,0,0,3,15,0.75
314.78,0,0,0.0328373,0.000773436,0,0,3,15,0.75
314.88,0,0,0.0405244,0.000798626,0,0,3,15,0.75
314.98,0,0,0.045426,0.000921625,0,0,3,15,0.75
315.08,0,0,0.0481856,0.000647786,0,0,3,15,0.75
315.18,0,0,0.0421686,0.00084825,0,0,3,15,0.75
315.28,0,0,0.0363627,0.000826251,0,0,3,15,0.75
315.38,0,0,0.0314178,0.000698784,0,0,3,15,0.75
315.48,0,0,0.0299321,0.000661812,0,0,3,15,0.75
315.58,0,0,0.0336703,0.000687758,0,0,3,15,0.75
315.68,0,0,0.0350369,0.00100705,0,0,3,15,0.75
315.78,0,0,0.0267003,0.000662957,0,0,3,15,0.75
315.88,0,0,0.0214215,0.000861599,0,0,3,15,0.75
315.98,0,0,0.0286633,0.000817659,0,0,3,15,0.75
316.08,0,0,0.0326278,0.000772922,0,0,3,15,0.75
316.18,0,0,0.0231934,0.000988556,0,0,3,15,0.75
316.28,0,0,0.0142195,0.000861223,0,0,3,15,0.75
316.38,0,0,0.00711873,0.000788658,0,0,3,15,0.75
316.48,0,0,0.00215444,0.00078323,0,0,3,15,0.75
316.58,0,0,0.005919,0.000805617,0,0,3,15,0.75
316.68,0,0,0.00926048,0.000854738,0,0,3,15,0.75
316.78,0,0,0.0108706,0.00115829,0,0,3,15,0.75
316.88,0,0,0.0126391,0.000808663,0,0,3,15,0.75
316.98,0,0,0.0150578,0.000719812,0,0,3,15,0.75
317.08,0,0,0.0166398,0.000728901,0,0,3,15,0.75
317.18,0,0,0.0148109,0.000881574,0,0,3,15,0.75
317.28,0,0,0.0137471,0.000761183,0,0,3,15,0.75
317.38,0,0,0.0158084,0.000833614,0,0,3,15,0.75
317.48,0,0,0.0208245,0.00106971,0,0,3,15,0.75
317.58,0,0,0.0379032,0.000881161,0,0,3,15,0.75
317.68,0,0,0.0484038,0.000872226,0,0,3,15,0.75
317.78,0,0,0.032029,0.000659495,0,0,3,15,0.75
317.88,0,0,0.0213347,0.00065277,0,0,3,15,0.75
317.98,0,0,0.0339028,0.000807084,0,0,3,15,0.75
318.08,0,0,0.0425143,0.000789459,0,0,3,15,0.75
318.18,0,0,0.0349576,0.000764672,0,0,3,15,0.75
318.28,0,0,0.0318015,0.000754024,0,0,3,14,0.75
318.38,0,0,0.0352819,0.000909461,0,0,3,14,0.75
318.48,0,0,0.0360543,0.000963483,0,0,3,15,0.75
318.58,0,0,0.0257439,0.0009764,0,0,3,15,0.75
318.68,0,0,0.0188346,0.000806012,0,0,3,15,0.75
318.78,0,0,0.0257915,0.00103305,0,0,3,15,0.75
318.88,0,0,0.0301679,0.000967908,0,0,3,15,0.75
318.98,0,0,0.0239603,0.000759405,0,0,3,15,0.75
319.08,0,0,0.0190746,0.000820919,0,0,3,15,0.75
319.18,0,0,0.0195877,0.00106896,0,0,3,15,0.75
319.28,0,0,0.0202165,0.00105231,0,0,3,15,0.75
319.38,0,0,0.021318,0.000918671,0,0,3,15,0.75
319.48,0,0,0.0248711,0.000745538,0,0,3,15,0.75
319.58,0,0,0.0384766,0.000949935,0,0,3,15,0.75
319.68,0,0,0.0462915,0.00104738,0,0,3,15,0.75
319.78,0,0,0.0304524,0.00083617,0,0,3,15,0.75
319.88,0,0,0.0174532,0.000859948,0,0,3,15,0.75
319.98,0,0,0.016093,0.000716104,0,0,3,15,0.75
320.08,0,0,0.0174495,0.000751,0,0,3,15,0.75
320.18,0,0,0.0299144,0.000810883,0,0,3,15,0.75
320.28,0,0,0.0370089,0.000778311,0,0,3,15,0.75
320.38,0,0,0.0222002,0.00105827,0,0,3,15,0.75
320.48,0,0,0.0157923,0.00108768,0,0,3,15,0.75
320.58,0,0,0.0438207,0.000715436,0,0,3,15,0.75
320.68,0,0,0.0718333,0.000950954,0,0,3,15,0.75
320.78,0,0,0.0504658,0.000855978,0,0,3,15,0.75
320.88,0,0,0.0317904,0.00100986,0,0,3,15,0.75
320.98,0,0,0.0241569,0.000738989,0,0,3,15,0.75
321.08,0,0,0.0200415,0.000449776,0,0,3,15,0.75
321.18,0,0,0.0302602,0.000877814,0,0,3,15,0.75
321.28,0,0,0.0354065,0.000880084,0,0,3,15,0.75
321.38,0,0,0.0198133,0.000687112,0,0,3,15,0.75
321.48,0,0,0.00805071,0.000511681,0,0,3,15,0.75
321.58,0,0,0.0119775,0.000722597,0,0,3,15,0.75
321.68,0,0,0.0145358,0.000636527,0,0,3,15,0.75
321.78,0,0,0.0114978,0.000705217,0,0,3,15,0.75
321.88,0,0,0.0116214,0.000808964,0,0,3,14,0.75
321.98,0,0,0.0247106,0.000763892,0,0,3,14,0.75
322.08,0,0,0.033732,0.000930459,0,0,3,15,0.75
322.18,0,0,0.0261194,0.000842888,0,0,3,15,0.75
322.28,0,0,0.0217692,0.000772126,0,0,3,15,0.75
322.38,0,0,0.0223427,0.000622521,0,0,3,15,0.75
322.48,0,0,0.0251919,0.000931704,0,0,3,15,0.75
322.58,0,0,0.0373566,0.000829536,0,0,3,15,0.75
322.68,0,0,0.0440931,0.000797723,0,0,3,15,0.75
322.78,0,0,0.0286727,0.000799725,0,0,3,15,0.75
322.88,0,0,0.0163754,0.000906256,0,0,3,15,0.75
322.98,0,0,0.0168675,0.00098185,0,0,3,15,0.75
323.08,0,0,0.0210848,0.00069352,0,0,3,15,0.75
323.18,0,0,0.0404881,0.000810879,0,0,3,15,0.75
323.28,0,0,0.0518642,0.000930195,0,0,3,15,0.75
323.38,0,0,0.0303997,0.000956477,0,0,3,15,0.75
323.48,0,0,0.0130673,0.000880149,0,0,3,15,0.75
323.58,0,0,0.0126315,0.000603024,0,0,3,15,0.75
323.68,0,0,0.0123399,0.000731479,0,0,3,15,0.75
323.78,0,0,0.0122659,0.00073392,0,0,3,15,0.75
323.88,0,0,0.0144977,0.000882108,0,0,3,15,0.75
323.98,0,0,0.0261543,0.000817618,0,0,3,15,0.75
324.08,0,0,0.0352284,0.000705531,0,0,3,15,0.75
324.18,0,0,0.0337984,0.000662345,0,0,3,15,0.75
324.28,0,0,0.0326164,0.000749452,0,0,3,15,0.75
324.38,0,0,0.032447,0.000769217,0,0,3,15,0.75
324.48,0,0,0.0327609,0.000971698,0,0,3,14,0.75
324.58,0,0,0.0350511,0.000906652,0,0,3,14,0.75
324.68,0,0,0.0368164,0.000845694,0,0,3,14,1
324.78,0,0,0.036433,0.000892047,0,0,3,14,1
324.88,0,0,0.0387442,0.000936652,0,0,3,14,1
324.98,0,0,0.0520848,0.000916374,0,0,3,14,1
325.08,0,0,0.0622246,0.000923397,0,0,3,14,1
325.18,0,0,0.0592929,0.000819351,0,0,3,14,1
325.28,0,0,0.0519072,0.000943,0,0,3,14,1
325.38,0,0,0.026357,0.000668309,0,0,3,14,1
325.48,0,0,0.00647361,0.000550125,0,0,3,14,1
325.58,0,0,0.00974181,0.00105803,0,0,3,14,1
325.68,0,0,0.0154639,0.000735478,0,0,3,14,1
325.78,0,0,0.0312495,0.000726441,0,0,3,14,1
325.88,0,0,0.0417688,0.000671379,0,0,3,14,1
325.98,0,0,0.0307665,0.000901452,0,0,3,14,1
326.08,0,0,0.0229231,0.000739026,0,0,3,14,1
326.18,0,0,0.0279552,0.00083256,0,0,3,14,1
326.28,0,0,0.0323734,0.00084073,0,0,3,14,1
326.38,0,0,0.0342764,0.000795256,0,0,3,14,1
326.48,0,0,0.0358023,0.000894488,0,0,3,14,1
326.58,0,0,0.0357883,0.000700515,0,0,3,14,1
326.68,0,0,0.0353692,0.000860232,0,0,3,14,1
326.78,0,0,0.0332916,0.000773827,0,0,3,14,1
326.88,0,0,0.0300424,0.000702419,0,0,3,14,1
326.98,0,0,0.0220098,0.000871041,0,0,3,14,1
327.08,0,0,0.0176514,0.00089937,0,0,3,14,1
327.18,0,0,0.0283086,0.000643115,0,0,3,14,1
327.28,0,0,0.0362833,0.000840603,0,0,3,15,1
327.38,0,0,0.0332464,0.000976763,0,0,3,15,1
327.48,0,0,0.0309062,0.000845194,0,0,3,15,1
327.58,0,0,0.0314172,0.00107239,0,0,3,15,1
327.68,0,0,0.0309069,0.00100014,0,0,3,15,0.75
327.78,0,0,0.0262304,0.000879784,0,0,3,15,0.75
327.88,0,0,0.0221721,0.00113979,0,0,3,15,0.75
327.98,0,0,0.0206439,0.000621803,0,0,3,15,0.75
328.08,0,0,0.020518,0.000895697,0,0,3,15,0.75
328.18,0,0,0.026114,0.00114604,0,0,3,15,0.75
328.28,0,0,0.0319124,0.000718473,0,0,3,15,0.75
328.38,0,0,0.0385388,0.000797581,0,0,3,15,0.75
328.48,0,0,0.0411537,0.000776791,0,0,3,15,0.75
328.58,0,0,0.0273601,0.000725077,0,0,3,15,0.75
328.68,0,0,0.0175156,0.000828905,0,0,3,15,0.75
328.78,0,0,0.0238052,0.00112826,0,0,3,15,0.75
328.88,0,0,0.0262009,0.000825768,0,0,3,15,0.75
328.98,0,0,0.0126287,0.000864595,0,0,3,15,0.75
329.08,0,0,0.00637964,0.000966307,0,0,3,15,0.75
329.18,0,0,0.01116,0.00104139,0,0,3,15,0.75
329.28,0,0,0.0154343,0.00101267,0,0,3,15,0.75
329.38,0,0,0.0176421,0.000705815,0,0,3,15,0.75
329.48,0,0,0.017915,0.000689346,0,0,3,15,0.75
329.58,0,0,0.0102668,0.000698346,0,0,3,15,0.75
329.68,0,0,0.00650081,0.000705876,0,0,3,15,0.75
329.78,0,0,0.0185882,0.000868721,0,0,3,15,0.75
329.88,0,0,0.0279953,0.000882148,0,0,3,15,0.75
329.98,0,0,0.0264337,0.000755638,0,0,3,15,0.75
330.08,0,0,0.026974,0.000678314,0,0,3,15,0.75
330.18,0,0,0.0360953,0.000788968,0,0,3,15,0.75
330.28,0,0,0.0416662,0.000864446,0,0,3,15,0.75
330.38,0,0,0.0327957,0.00051834,0,0,3,15,0.75
330.48,0,0,0.0239495,0.000564703,0,0,3,15,0.75
330.58,0,0,0.01514,0.000789627,0,0,3,15,0.75
330.68,0,0,0.0104167,0.000959035,0,0,3,15,0.75
330.78,0,0,0.0223939,0.000811546,0,0,3,15,0.75
330.88,0,0,0.034015,0.000789532,0,0,3,15,0.75
330.98,0,0,0.0441815,0.00100545,0,0,3,15,0.75
331.08,0,0,0.0495718,0.000846326,0,0,3,15,0.75
331.18,0,0,0.0354958,0.000843663,0,0,3,15,0.75
331.28,0,0,0.0237605,0.000897356,0,0,3,15,0.75
331.38,0,0,0.0215922,0.000644774,0,0,3,15,0.75
331.48,0,0,0.0211638,0.000514401,0,0,3,15,0.75
331.58,0,0,0.0278614,0.00070715,0,0,3,15,0.75
331.68,0,0,0.0352055,0.000847899,0,0,3,15,0.75
331.78,0,0,0.0451891,0.000709245,0,0,3,15,0.75
331.88,0,0,0.0556127,0.000927318,0,0,3,15,0.75
331.98,0,0,0.0667008,0.000779168,0,0,3,15,0.75
332.08,0,0,0.0734574,0.000968224,0,0,3,15,0.75
332.18,0,0,0.0624952,0.00101731,0,0,3,15,0.75
332.28,0,0,0.059744,0.000758841,0,0,3,15,0.75
332.38,0,0,0.0693853,0.00110234,0,0,3,15,0.75
332.48,0,0,0.0635841,0.00103496,0,0,3,15,0.75
332.58,0,0,0.0345216,0.000933252,0,0,3,15,0.75
332.68,0,0,0.01478,0.00110388,0,0,3,15,0.75
332.78,0,0,0.0330657,0.000919807,0,0,3,15,0.75
332.88,0,0,0.0477963,0.000770813,0,0,3,15,0.75
332.98,0,0,0.0479819,0.000677162,0,0,3,15,0.75
333.08,0,0,0.0457258,0.000645224,0,0,3,15,0.75
333.18,0,0,0.0397784,0.000922535,0,0,3,15,0.75
333.28,0,0,0.0370936,0.000988981,0,0,3,15,0.75
333.38,0,0,0.047745,0.000942746,0,0,3,15,0.75
333.48,0,0,0.0525408,0.00070492,0,0,3,15,0.75
333.58,0,0,0.0334021,0.000754194,0,0,3,15,0.75
333.68,0,0,0.0169503,0.000962838,0,0,3,15,0.75
333.78,0,0,0.0114726,0.000761178,0,0,3,15,0.75
333.88,0,0,0.0184994,0.00103714,0,0,3,15,0.75
333.98,0,0,0.0766676,0.000795047,0,0,3,15,0.75
334.08,0,0,0.118623,0.00101474,0,0,3,15,0.75
334.18,0,0,0.0942801,0.000771055,0,0,3,15,0.75
334.28,0,0,0.0681758,0.000826948,0,0,3,15,0.75
334.38,0,0,0.0348895,0.000866534,0,0,3,15,0.75
334.48,0,0,0.0170922,0.000761213,0,0,3,15,0.75
334.58,0,0,0.022679,0.000883252,0,0,3,15,0.75
334.68,0,0,0.0269765,0.000794509,0,0,3,15,0.75
334.78,0,0,0.0260131,0.000802181,0,0,3,15,0.75
334.88,0,0,0.0248434,0.000805984,0,0,3,15,0.75
334.98,0,0,0.0228299,0.000927148,0,0,3,15,0.75
335.08,0,0,0.0225434,0.000935392,0,0,3,15,0.75
335.18,0,0,0.029292,0.000936866,0,0,3,15,0.75
335.28,0,0,0.0323632,0.000813043,0,0,3,15,0.75
335.38,0,0,0.0204172,0.000828486,0,0,3,15,0.75
335.48,0,0,0.0105992,0.000876699,0,0,3,15,0.75
335.58,0,0,0.00949188,0.00104654,0,0,3,15,0.75
335.68,0,0,0.00849443,0.00100342,0,0,3,15,0.75
335.78,0,0,0.00794587,0.00102316,0,0,3,15,0.75
335.88,0,0,0.0144415,0.000765152,0,0,3,15,0.75
335.98,0,0,0.0315802,0.000863599,0,0,3,15,0.75
336.08,0,0,0.0423082,0.000803661,0,0,3,15,0.75
336.18,0,0,0.0267935,0.000792326,0,0,3,15,0.75
336.28,0,0,0.0161585,0.000705733,0,0,3,15,0.75
336.38,0,0,0.0255553,0.000760531,0,0,3,15,0.75
336.48,0,0,0.0322324,0.00068981,0,0,3,15,0.75
336.58,0,0,0.0277866,0.000691801,0,0,3,15,0.75
336.68,0,0,0.0233523,0.000960923,0,0,3,15,0.75
336.78,0,0,0.0304347,0.000976231,0,0,3,15,0.75
336.88,0,0,0.0349513,0.000871219,0,0,3,15,0.75
336.98,0,0,0.0289815,0.000604069,0,0,3,15,0.75
337.08,0,0,0.0267956,0.000897131,0,0,3,15,0.75
337.18,0,0,0.0400499,0.000960349,0,0,3,15,0.75
337.28,0,0,0.049185,0.000782887,0,0,3,15,0.75
337.38,0,0,0.0521055,0.000943108,0,0,3,15,0.75
337.48,0,0,0.050684,0.000832529,0,0,3,15,0.75
337.58,0,0,0.0315208,0.000607667,0,0,3,15,0.75
337.68,0,0,0.0160009,0.000570356,0,0,3,15,0.75
337.78,0,0,0.0153719,0.000853134,0,0,3,15,0.75
337.88,0,0,0.0168318,0.000654602,0,0,3,15,0.75
337.98,0,0,0.0268712,0.000993847,0,0,3,15,0.75
338.08,0,0,0.0340496,0.000919443,0,0,3,15,0.75
338.18,0,0,0.0295982,0.000876103,0,0,3,15,0.75
338.28,0,0,0.027939,0.00084658,0,0,3,15,0.75
338.38,0,0,0.037735,0.00074367,0,0,3,15,0.75
338.48,0,0,0.0444292,0.0010186,0,0,3,15,0.75
338.58,0,0,0.0384323,0.000641302,0,0,3,15,0.75
338.68,0,0,0.03258,0.000701214,0,0,3,15,0.75
338.78,0,0,0.0273176,0.000698328,0,0,3,15,0.75
338.88,0,0,0.0270793,0.000881826,0,0,3,15,0.75
338.98,0,0,0.0474484,0.000653744,0,0,3,15,0.75
339.08,0,0,0.0585127,0.000639947,0,0,3,15,0.75
339.18,0,0,0.0315609,0.000896919,0,0,3,15,0.75
339.28,0,0,0.0132865,0.000974345,0,0,3,15,0.75
339.38,0,0,0.0305416,0.000759583,0,0,3,15,0.75
339.48,0,0,0.0417399,0.00108682,0,0,3,15,0.75
339.58,0,0,0.0281607,0.000883786,0,0,3,15,0.75
339.68,0,0,0.0195276,0.00103903,0,0,3,15,0.75
339.78,0,0,0.0309988,0.000887206,0,0,3,15,0.75
339.88,0,0,0.0375395,0.000805508,0,0,3,15,0.75
339.98,0,0,0.0238245,0.000702866,0,0,3,15,0.75
340.08,0,0,0.0130766,0.000708783,0,0,3,15,0.75
340.18,0,0,0.0144516,0.00100024,0,0,3,15,0.75
340.28,0,0,0.0187527,0.000947877,0,0,3,15,0.75
340.38,0,0,0.0350194,0.000866272,0,0,3,15,0.75
340.48,0,0,0.0457875,0.000773505,0,0,3,15,0.75
340.58,0,0,0.0341271,0.00108805,0,0,3,15,0.75
340.68,0,0,0.0274508,0.000815195,0,0,3,15,0.75
340.78,0,0,0.0411453,0.000775496,0,0,3,15,0.75
340.88,0,0,0.0500404,0.000935689,0,0,3,15,0.75
340.98,0,0,0.0392667,0.00098934,0,0,3,15,0.75
341.08,0,0,0.0321587,0.00123948,0,0,3,15,0.75
341.18,0,0,0.0400368,0.000869902,0,0,3,15,0.75
341.28,0,0,0.0387397,0.000898729,0,0,3,15,0.75
341.38,0,0,0.0235807,0.000647938,0,0,3,15,0.75
341.48,0,0,0.0106979,0.000745238,0,0,3,15,0.75
341.58,0,0,0.0071174,0.000859792,0,0,3,15,0.75
341.68,0,0,0.00669282,0.000770279,0,0,3,15,0.75
341.78,0,0,0.0191239,0.000781395,0,0,3,15,0.75
341.88,0,0,0.0311813,0.000884557,0,0,3,15,0.75
341.98,0,0,0.0417041,0.000999742,0,0,3,15,0.75
342.08,0,0,0.0476962,0.000860454,0,0,3,15,0.75
342.18,0,0,0.0351557,0.000758376,0,0,3,15,0.75
342.28,0,0,0.0261639,0.000810974,0,0,3,15,0.75
342.38,0,0,0.03168,0.00087507,0,0,3,15,0.75
342.48,0,0,0.0286615,0.000841769,0,0,3,15,0.75
342.58,0,0,0.0127401,0.000769509,0,0,3,15,0.75
342.68,0,0,0.00603226,0.000906187,0,0,3,15,0.75
342.78,0,0,0.0132355,0.000748886,0,0,3,15,0.75
342.88,0,0,0.0184504,0.000996874,0,0,3,15,0.75
342.98,0,0,0.0155132,0.00103467,0,0,3,15,0.75
343.08,0,0,0.0147914,0.000739365,0,0,3,15,0.75
343.18,0,0,0.0231331,0.00106545,0,0,3,15,0.75
343.28,0,0,0.0295993,0.000891927,0,0,3,15,0.75
343.38,0,0,0.0284125,0.000808344,0,0,3,15,0.75
343.48,0,0,0.0277542,0.000979767,0,0,3,15,0.75
343.58,0,0,0.029256,0.000751835,0,0,3,15,0.75
343.68,0,0,0.0313209,0.00073936,0,0,3,15,0.75
343.78,0,0,0.0356924,0.000800331,0,0,3,15,0.75
343.88,0,0,0.0359274,0.000698245,0,0,3,15,0.75
343.98,0,0,0.0192537,0.000713831,0,0,3,15,0.75
344.08,0,0,0.0110451,0.000914668,0,0,3,15,0.75
344.18,0,0,0.0156295,0.00102086,0,0,3,15,0.75
344.28,0,0,0.020717,0.000816954,0,0,3,15,0.75
344.38,0,0,0.0278625,0.000938269,0,0,3,15,0.75
344.48,0,0,0.0325655,0.000792332,0,0,3,15,0.75
344.58,0,0,0.0273104,0.000598047,0,0,3,15,0.75
344.68,0,0,0.0231122,0.000776964,0,0,3,15,0.75
344.78,0,0,0.0232414,0.00110591,0,0,3,15,0.75
344.88,0,0,0.0240993,0.000952669,0,0,3,15,0.75
344.98,0,0,0.0279335,0.00111862,0,0,3,15,0.75
345.08,0,0,0.0334419,0.000923023,0,0,3,15,0.75
345.18,0,0,0.0458175,0.000798227,0,0,3,15,0.75
345.28,0,0,0.0517713,0.000891387,0,0,3,15,0.75
345.38,0,0,0.0315042,0.00064357,0,0,3,15,0.75
345.48,0,0,0.021322,0.000918613,0,0,3,15,0.75
345.58,0,0,0.0263632,0.000829067,0,0,3,15,0.75
345.68,0,0,0.033064,0.000478126,0,0,3,15,0.75
345.78,0,0,0.0465511,0.00060307,0,0,3,15,0.75
345.88,0,0,0.0540046,0.000917015,0,0,3,15,0.75
345.98,0,0,0.0368245,0.000788214,0,0,3,15,0.75
346.08,0,0,0.0263626,0.00107265,0,0,3,15,0.75
346.18,0,0,0.0433566,0.000826104,0,0,3,15,0.75
346.28,0,0,0.0546058,0.00104165,0,0,3,15,0.75
346.38,0,0,0.0423863,0.000718182,0,0,3,15,0.75
346.48,0,0,0.0307482,0.000737939,0,0,3,15,0.75
346.58,0,0,0.0214816,0.000795928,0,0,3,15,0.75
346.68,0,0,0.0140634,0.000794169,0,0,3,15,0.75
346.78,0,0,0.0142045,0.000674437,0,0,3,15,0.75
346.88,0,0,0.0142292,0.000837796,0,0,3,15,0.75
346.98,0,0,0.0137786,0.000877361,0,0,3,15,0.75
347.08,0,0,0.0161471,0.00089025,0,0,3,15,0.75
347.18,0,0,0.0300572,0.000991242,0,0,3,15,0.75
347.28,0,0,0.0381475,0.000863479,0,0,3,15,0.75
347.38,0,0,0.0224716,0.000948678,0,0,3,15,0.75
347.48,0,0,0.0192949,0.000757409,0,0,3,15,0.75
347.58,0,0,0.0350057,0.00074813,0,0,3,15,0.75
347.68,0,0,0.0448555,0.00080838,0,0,3,15,0.75
347.78,0,0,0.030694,0.000788007,0,0,3,15,0.75
347.88,0,0,0.0210454,0.000694442,0,0,3,15,0.75
347.98,0,0,0.0298667,0.00103,0,0,3,15,0.75
348.08,0,0,0.0314387,0.00102603,0,0,3,15,0.75
348.18,0,0,0.0220776,0.000767971,0,0,3,15,0.75
348.28,0,0,0.0154917,0.000726017,0,0,3,15,0.75
348.38,0,0,0.020221,0.000719654,0,0,3,15,0.75
348.48,0,0,0.0243209,0.000776417,0,0,3,15,0.75
348.58,0,0,0.0258477,0.000731493,0,0,3,15,0.75
348.68,0,0,0.0265769,0.00108661,0,0,3,15,0.75
348.78,0,0,0.0240517,0.00114894,0,0,3,15,0.75
348.88,0,0,0.0230234,0.000800842,0,0,3,15,0.75
348.98,0,0,0.0281154,0.000887485,0,0,3,15,0.75
349.08,0,0,0.0306999,0.00082593,0,0,3,15,0.75
349.18,0,0,0.0230867,0.000863783,0,0,3,15,0.75
349.28,0,0,0.0168438,0.000838649,0,0,3,15,0.75
349.38,0,0,0.0161991,0.000712126,0,0,3,15,0.75
349.48,0,0,0.0198425,0.000895472,0,0,3,15,0.75
349.58,0,0,0.0299549,0.000775245,0,0,3,15,0.75
349.68,0,0,0.0363142,0.000624722,0,0,3,15,0.75
349.78,0,0,0.0273403,0.000828767,0,0,3,15,0.75
349.88,0,0,0.0211967,0.000920372,0,0,3,15,0.75
349.98,0,0,0.0266683,0.000746713,0,0,3,15,0.75
350.08,0,0,0.0301868,0.000744067,0,0,3,15,0.75
350.18,0,0,0.0257217,0.000639665,0,0,3,15,0.75
350.28,0,0,0.0253626,0.000750619,0,0,3,15,0.75
350.38,0,0,0.0417476,0.000702683,0,0,3,15,0.75
350.48,0,0,0.0518529,0.00100002,0,0,3,15,0.75
350.58,0,0,0.0362284,0.00108814,0,0,3,15,0.75
350.68,0,0,0.020619,0.00092038,0,0,3,15,0.75
350.78,0,0,0.0253737,0.000977886,0,0,3,15,0.75
350.88,0,0,0.0288742,0.000980925,0,0,3,15,0.75
350.98,0,0,0.0304857,0.000838692,0,0,3,15,0.75
351.08,0,0,0.0298569,0.000906788,0,0,3,15,0.75
351.18,0,0,0.0200706,0.000845276,0,0,3,15,0.75
351.28,0,0,0.0149812,0.0010689,0,0,3,15,0.75
351.38,0,0,0.0291063,0.000788074,0,0,3,15,0.75
351.48,0,0,0.0372747,0.000933426,0,0,3,15,0.75
351.58,0,0,0.0210419,0.000743876,0,0,3,15,0.75
351.68,0,0,0.0102716,0.000655349,0,0,3,15,0.75
351.78,0,0,0.0218276,0.000961845,0,0,3,15,0.75
351.88,0,0,0.0313805,0.000869869,0,0,3,15,0.75
351.98,0,0,0.0327431,0.000745906,0,0,3,15,0.75
352.08,0,0,0.0340208,0.000797301,0,0,3,15,0.75
352.18,0,0,0.0349509,0.000667068,0,0,3,15,0.75
352.28,0,0,0.031916,0.000959048,0,0,3,15,0.75
352.38,0,0,0.0228904,0.000656115,0,0,3,15,0.75
352.48,0,0,0.0155007,0.00081552,0,0,3,15,0.75
352.58,0,0,0.0105771,0.000737593,0,0,3,15,0.75
352.68,0,0,0.0142493,0.00103252,0,0,3,15,0.75
352.78,0,0,0.0308942,0.00067541,0,0,3,15,0.75
352.88,0,0,0.0443514,0.000974659,0,0,3,15,0.75
352.98,0,0,0.0447563,0.000911815,0,0,3,15,0.75
353.08,0,0,0.0442236,0.000815344,0,0,3,15,0.75
353.18,0,0,0.0422734,0.00084405,0,0,3,15,0.75
353.28,0,0,0.0372374,0.000728907,0,0,3,15,0.75
353.38,0,0,0.0195753,0.000842508,0,0,3,15,0.75
353.48,0,0,0.0160764,0.00100617,0,0,3,15,0.75
353.58,0,0,0.0339921,0.000908298,0,0,3,15,0.75
353.68,0,0,0.0405122,0.000847714,0,0,3,15,0.75
353.78,0,0,0.0297962,0.000711784,0,0,3,15,0.75
353.88,0,0,0.0221027,0.000559409,0,0,3,15,0.75
353.98,0,0,0.0267411,0.000883018,0,0,3,15,0.75
354.08,0,0,0.032456,0.00104976,0,0,3,15,0.75
354.18,0,0,0.0397937,0.000583936,0,0,3,15,0.75
354.28,0,0,0.0390272,0.000743648,0,0,3,15,0.75
354.38,0,0,0.0260507,0.000797186,0,0,3,15,0.75
354.48,0,0,0.0205067,0.000779011,0,0,3,15,0.75
354.58,0,0,0.0261706,0.000658013,0,0,3,15,0.75
354.68,0,0,0.0318134,0.000852538,0,0,3,15,0.75
354.78,0,0,0.0200921,0.000874475,0,0,3,15,0.75
354.88,0,0,0.012396,0.000876449,0,0,3,15,0.75
354.98,0,0,0.0107827,0.000916136,0,0,3,15,0.75
355.08,0,0,0.0128762,0.000892381,0,0,3,15,0.75
355.18,0,0,0.0301037,0.000590669,0,0,3,15,0.75
355.28,0,0,0.042362,0.000763812,0,0,3,15,0.75
355.38,0,0,0.0344072,0.000963134,0,0,3,15,0.75
355.48,0,0,0.0297057,0.000612852,0,0,3,15,0.75
355.58,0,0,0.0382823,0.000814056,0,0,3,15,0.75
355.68,0,0,0.0482901,0.00085962,0,0,3,15,0.75
355.78,0,0,0.0641664,0.000794138,0,0,3,15,0.75
355.88,0,0,0.0714342,0.000904841,0,0,3,15,0.75
355.98,0,0,0.0435147,0.000781709,0,0,3,15,0.75
356.08,0,0,0.0241183,0.000697085,0,0,3,15,0.75
356.18,0,0,0.0394657,0.00079194,0,0,3,15,0.75
356.28,0,0,0.0434066,0.00070431,0,0,3,15,0.75
356.38,0,0,0.0301022,0.00111234,0,0,3,15,0.75
356.48,0,0,0.022623,0.000772025,0,0,3,15,0.75
356.58,0,0,0.038914,0.000895395,0,0,3,15,0.75
356.68,0,0,0.0573645,0.000714814,0,0,3,15,0.75
356.78,0,0,0.084666,0.000773375,0,0,3,15,0.75
356.88,0,-0.0499616,0.100023,0.000751065,0,0,3,15,0.75
356.98,0,-0.05,0.0664935,0.000859662,0,0,3,15,0.75
357.08,0,-0.05,0.0400556,0.000843647,0,0,3,15,0.75
357.18,0,-0.05,0.0425742,0.000770684,0,0,3,15,0.75
357.28,0,-0.05,0.0459126,0.000650068,0,0,3,15,0.75
357.38,0,-0.05,0.0526048,0.000925459,0,0,3,15,0.75
357.48,0,-0.05,0.0563665,0.00093681,0,0,3,15,0.75
357.58,0,-0.05,0.0481363,0.00089188,0,0,3,15,0.75
357.68,0,-0.05,0.0422852,0.00073087,0,0,3,15,0.75
357.78,0,-0.05,0.0400255,0.000864482,0,0,3,15,0.75
357.88,0,-0.05,0.036943,0.000832534,0,0,3,15,0.75
357.98,0,-0.05,0.0304958,0.000583591,0,0,3,15,0.75
358.08,0,-0.05,0.0273417,0.000804017,0,0,3,15,0.75
358.18,0,-0.05,0.0376205,0.000831576,0,0,3,15,0.75
358.28,0,-0.05,0.0431522,0.000721354,0,0,3,15,0.75
358.38,0,-0.05,0.0292631,0.000865092,0,0,3,15,0.75
358.48,0,-0.05,0.0192653,0.000731438,0,0,3,15,0.75
358.58,0,-0.05,0.0251249,0.000926067,0,0,3,15,0.75
358.68,0,-0.05,0.0322737,0.000740308,0,0,3,15,0.75
358.78,0,-0.05,0.0446932,0.000699625,0,0,3,15,0.75
358.88,0,-0.05,0.049428,0.000833563,0,0,3,15,0.75
358.98,0,-0.05,0.0227476,0.00105214,0,0,3,15,0.75
359.08,0,-0.05,0.0179139,0.000766996,0,0,3,15,0.75
359.18,0,-0.05,0.0460104,0.000817377,0,0,3,15,0.75
359.28,0,-0.05,0.0671464,0.000689953,0,0,3,15,0.75
359.38,0,-0.05,0.0597749,0.000674496,0,0,3,15,0.75
359.48,0,-0.05,0.0505486,0.000889539,0,0,3,15,0.75
359.58,0,-0.05,0.0337356,0.000818932,0,0,3,15,0.75
359.68,0,-0.05,0.0218827,0.000729528,0,0,3,15,0.75
359.78,0,-0.05,0.030332,0.00100995,0,0,3,15,0.75
359.88,0,-0.05,0.0359008,0.000886043,0,0,3,15,0.75
359.98,0,-0.05,0.0296874,0.000925301,0,0,3,15,0.75
360.08,0,-0.05,0.0255675,0.000762299,0,0,3,15,0.75
360.18,0,-0.05,0.0299801,0.000787406,0,0,3,15,0.75
360.28,0,-0.05,0.0335899,0.000788932,0,0,3,15,0.75
360.38,0,-0.05,0.033915,0.000713255,0,0,3,15,0.75
360.48,0,-0.05,0.032783,0.000723383,0,0,3,15,0.75
360.58,0,-0.05,0.0257088,0.000761732,0,0,3,15,0.75
360.68,0,-0.05,0.0249795,0.000917247,0,0,3,15,0.75
360.78,0,-0.05,0.050187,0.000909648,0,0,3,15,0.75
360.88,0,-0.05,0.0658021,0.000810499,0,0,3,15,0.75
360.98,0,-0.05,0.0422605,0.00088302,0,0,3,15,0.75
361.08,0,-0.05,0.0228869,0.000894849,0,0,3,15,0.75
361.18,0,-0.05,0.0205548,0.000837919,0,0,3,15,0.75
361.28,0,-0.05,0.0179656,0.00099971,0,0,3,15,0.75
361.38,0,-0.05,0.0143268,0.000854323,0,0,3,15,0.75
361.48,0,-0.05,0.0134976,0.000760916,0,0,3,15,0.75
361.58,0,-0.05,0.0241808,0.000949615,0,0,3,15,0.75
361.68,0,-0.05,0.0340536,0.000926912,0,0,3,15,0.75
361.78,0,-0.05,0.0427014,0.000690873,0,0,3,15,0.75
361.88,0,-0.05,0.0467945,0.000541659,0,0,3,15,0.75
361.98,0,-0.05,0.0322776,0.00103097,0,0,3,15,0.75
362.08,0,-0.05,0.0204541,0.000988925,0,0,3,15,0.75
362.18,0,-0.05,0.0196332,0.000801674,0,0,3,15,0.75
362.28,0,-0.05,0.0192259,0.000815633,0,0,3,15,0.75
362.38,0,-0.05,0.0205089,0.000720292,0,0,3,15,0.75
362.48,0,-0.05,0.0211415,0.000676545,0,0,3,15,0.75
362.58,0,-0.05,0.0191026,0.000719367,0,0,3,15,0.75
362.68,0,-0.05,0.0161414,0.00078773,0,0,3,15,0.75
362.78,0,-0.05,0.00940897,0.000684615,0,0,3,15,0.75
362.88,0,-0.05,0.00782012,0.000888253,0,0,3,15,0.75
362.98,0,-0.05,0.027253,0.000798436,0,0,3,15,0.75
363.08,0,-0.05,0.0330478,0.000650708,0,0,3,15,0.75
363.18,0,-0.05,0.0182269,0.00100675,0,0,3,15,0.75
363.28,0,-0.05,0.00623209,0.000851168,0,0,3,15,0.75
363.38,0,-0.05,0.00576253,0.00073762,0,0,3,15,0.75
363.48,0,-0.05,0.00737317,0.000655157,0,0,3,15,0.75
363.58,0,-0.05,0.0174985,0.000810547,0,0,3,15,0.75
363.68,0,-0.05,0.0247861,0.000717859,0,0,3,15,0.75
363.78,0,-0.05,0.0204858,0.000835795,0,0,3,15,0.75
363.88,0,-0.05,0.0158697,0.000800982,0,0,3,15,0.75
363.98,0,-0.05,0.00995995,0.000800388,0,0,3,15,0.75
364.08,0,-0.05,0.0125618,0.000932478,0,0,3,15,0.75
364.18,0,-0.05,0.0280305,0.000735665,0,0,3,15,0.75
364.28,0,-0.05,0.0342674,0.000706466,0,0,3,15,0.75
364.38,0,-0.05,0.0265645,0.000663566,0,0,3,15,0.75
364.48,0,-0.05,0.0248553,0.000866327,0,0,3,15,0.75
364.58,0,-0.05,0.0321907,0.000734003,0,0,3,15,0.75
364.68,0,-0.05,0.0381987,0.000791781,0,0,3,15,0.75
364.78,0,-0.05,0.0388059,0.000941935,0,0,3,15,0.75
364.88,0,-0.05,0.0394948,0.000823918,0,0,3,15,0.75
364.98,0,-0.05,0.0405178,0.000800914,0,0,3,15,0.75
365.08,0,-0.05,0.040136,0.000710162,0,0,3,15,0.75
365.18,0,-0.05,0.0339989,0.00101399,0,0,3,15,0.75
365.28,0,-0.05,0.0293877,0.000718706,0,0,3,15,0.75
365.38,0,-0.05,0.0310083,0.000735493,0,0,3,15,0.75
365.48,0,-0.05,0.0328432,0.000898505,0,0,3,15,0.75
365.58,0,-0.05,0.0355562,0.000604542,0,0,3,15,0.75
365.68,0,-0.05,0.0347932,0.000667931,0,0,3,15,0.75
365.78,0,-0.05,0.0198227,0.000757254,0,0,3,15,0.75
365.88,0,-0.05,0.01331,0.000928342,0,0,3,15,0.75
365.98,0,-0.05,0.0195682,0.000578854,0,0,3,15,0.75
366.08,0,-0.05,0.0269982,0.000640386,0,0,3,15,0.75
366.18,0,-0.05,0.0392192,0.000796182,0,0,3,15,0.75
366.28,0,-0.05,0.0484852,0.000694301,0,0,3,15,0.75
366.38,0,-0.05,0.0456556,0.000860339,0,0,3,15,0.75
366.48,0,-0.05,0.0449402,0.00107304,0,0,3,15,0.75
366.58,0,-0.05,0.052869,0.000887014,0,0,3,15,0.75
366.68,0,-0.05,0.0592168,0.000881482,0,0,3,15,0.75
366.78,0,-0.05,0.0591154,0.000528468,0,0,3,15,0.75
366.88,0,-0.05,0.0542352,0.000808512,0,0,3,15,0.75
366.98,0,-0.05,0.0298267,0.000582973,0,0,3,15,0.75
367.08,0,-0.05,0.0146623,0.000840733,0,0,3,15,0.75
367.18,0,-0.05,0.0134801,0.000836718,0,0,3,15,0.75
367.28,0,-0.05,0.0124861,0.000747646,0,0,3,15,0.75
367.38,0,-0.05,0.0122626,0.000824828,0,0,3,15,0.75
367.48,0,-0.05,0.0133228,0.000558653,0,0,3,15,0.75
367.58,0,-0.05,0.0196304,0.000738228,0,0,3,15,0.75
367.68,0,-0.05,0.0253412,0.000880813,0,0,3,15,0.75
367.78,0,-0.05,0.0286125,0.000691348,0,0,3,15,0.75
367.88,0,-0.05,0.0301909,0.000722218,0,0,3,15,0.75
367.98,0,-0.05,0.0248461,0.000603476,0,0,3,15,0.75
368.08,0,-0.05,0.0213075,0.000868863,0,0,3,15,0.75
368.18,0,-0.05,0.0204908,0.000841015,0,0,3,15,0.75
368.28,0,-0.05,0.0249757,0.000739756,0,0,3,15,0.75
368.38,0,-0.05,0.0374433,0.000826926,0,0,3,15,0.75
368.48,0,-0.05,0.0464903,0.000568873,0,0,3,15,0.75
368.58,0,-0.05,0.0503709,0.000613552,0,0,3,15,0.75
368.68,0,-0.05,0.0493804,0.00083997,0,0,3,15,0.75
368.78,0,-0.05,0.0284922,0.000761272,0,0,3,15,0.75
368.88,0,-0.05,0.0144795,0.000861368,0,0,3,15,0.75
368.98,0,-0.05,0.0286137,0.000630955,0,0,3,15,0.75
369.08,0,-0.05,0.0329225,0.00067343,0,0,3,15,0.75
369.18,0,-0.05,0.0223742,0.000937194,0,0,3,15,0.75
369.28,0,-0.05,0.0236859,0.000973162,0,0,3,15,0.75
369.38,0,-0.05,0.0428866,0.000769752,0,0,3,15,0.75
369.48,0,-0.05,0.0560998,0.000743972,0,0,3,15,0.75
369.58,0,-0.05,0.0448689,0.000689039,0,0,3,15,0.75
369.68,0,-0.05,0.0344198,0.000858921,0,0,3,15,0.75
369.78,0,-0.05,0.0271641,0.000831466,0,0,3,15,0.75
369.88,0,-0.05,0.0225452,0.000453602,0,0,3,15,0.75
369.98,0,-0.05,0.0218977,0.000595463,0,0,3,15,0.75
370.08,0,-0.05,0.0209503,0.000643751,0,0,3,15,0.75
370.18,0,-0.05,0.018777,0.000707419,0,0,3,15,0.75
370.28,0,-0.05,0.0195288,0.000745841,0,0,3,15,0.75
370.38,0,-0.05,0.0322892,0.000663868,0,0,3,15,0.75
370.48,0,-0.05,0.0401148,0.000654485,0,0,3,15,0.75
370.58,0,-0.05,0.0277425,0.00074611,0,0,3,15,0.75
370.68,0,-0.05,0.018013,0.000712441,0,0,3,15,0.75
370.78,0,-0.05,0.019073,0.000901904,0,0,3,15,0.75
370.88,0,-0.05,0.0184599,0.000712185,0,0,3,15,0.75
370.98,0,-0.05,0.010995,0.000656531,0,0,3,15,0.75
371.08,0,-0.05,0.00685667,0.000879816,0,0,3,15,0.75
371.18,0,-0.05,0.0162857,0.000626974,0,0,3,15,0.75
371.28,0,-0.05,0.0231039,0.000822157,0,0,3,15,0.75
371.38,0,-0.05,0.0259862,0.000894927,0,0,3,15,0.75
371.48,0,-0.05,0.0298546,0.00100474,0,0,3,15,0.75
371.58,0,-0.05,0.0377548,0.000834067,0,0,3,15,0.75
371.68,0,-0.05,0.0420604,0.000846982,0,0,3,15,0.75
371.78,0,-0.05,0.0316724,0.000599751,0,0,3,15,0.75
371.88,0,-0.05,0.0221532,0.000707157,0,0,3,15,0.75
371.98,0,-0.05,0.0161905,0.00102533,0,0,3,15,0.75
372.08,0,-0.05,0.0122505,0.000994191,0,0,3,15,0.75
372.18,0,-0.05,0.0165613,0.000869659,0,0,3,15,0.75
372.28,0,-0.05,0.0195179,0.000640385,0,0,3,15,0.75
372.38,0,-0.05,0.0169375,0.000775109,0,0,3,15,0.75
372.48,0,-0.05,0.0206934,0.000881484,0,0,3,15,0.75
372.58,0,-0.05,0.0502424,0.000641365,0,0,3,15,0.75
372.68,0,-0.05,0.0686822,0.000778889,0,0,3,15,0.75
372.78,0,-0.05,0.0417476,0.000743251,0,0,3,15,0.75
372.88,0,-0.05,0.0241844,0.000654671,0,0,3,15,0.75
372.98,0,-0.05,0.0449945,0.000909341,0,0,3,15,0.75
373.08,0,-0.05,0.0575439,0.000927561,0,0,3,15,0.75
373.18,0,-0.05,0.0362979,0.000679069,0,0,3,15,0.75
373.28,0,-0.05,0.0188053,0.000917382,0,0,3,15,0.75
373.38,0,-0.05,0.016621,0.000878758,0,0,3,15,0.75
373.48,0,-0.05,0.0165513,0.000856433,0,0,3,15,0.75
373.58,0,-0.05,0.0251262,0.000936398,0,0,3,15,0.75
373.68,0,-0.05,0.0328986,0.000928652,0,0,3,14,1
373.78,0,-0.05,0.0373908,0.00079915,0,0,3,14,1
373.88,0,-0.05,0.038645,0.000852116,0,0,3,14,1
373.98,0,-0.05,0.0266638,0.000754838,0,0,3,14,1
374.08,0,-0.05,0.0211845,0.000989059,0,0,3,14,1
374.18,0,-0.05,0.0423984,0.00100159,0,0,3,14,1
374.28,0,-0.05,0.0561976,0.000812651,0,0,3,14,1
374.38,0,-0.05,0.03972,0.000701327,0,0,3,14,1
374.48,0,-0.05,0.0267105,0.00107531,0,0,3,14,1
374.58,0,-0.05,0.0279035,0.000809943,0,0,3,14,1
374.68,0,-0.05,0.0301983,0.000936878,0,0,3,14,1
374.78,0,-0.05,0.0369928,0.000903121,0,0,3,14,1
374.88,0,-0.05,0.0402218,0.000664716,0,0,3,14,1
374.98,0,-0.05,0.0289012,0.000871558,0,0,3,14,1
375.08,0,-0.05,0.0219812,0.000741545,0,0,3,14,1
375.18,0,-0.05,0.0217062,0.000640586,0,0,3,14,1
375.28,0,-0.05,0.023671,0.000790626,0,0,3,14,1
375.38,0,-0.05,0.029027,0.000889972,0,0,3,14,1
375.48,0,-0.05,0.028592,0.000865452,0,0,3,14,1
375.58,0,-0.05,0.019413,0.000861331,0,0,3,14,1
375.68,0,-0.05,0.0136167,0.000895881,0,0,3,14,1
375.78,0,-0.05,0.012925,0.00076644,0,0,3,14,1
375.88,0,-0.05,0.0125824,0.000795598,0,0,3,14,1
375.98,0,-0.05,0.0136661,0.000992909,0,0,3,14,1
376.08,0,-0.05,0.0162016,0.000745645,0,0,3,14,1
376.18,0,-0.05,0.0209272,0.000910727,0,0,3,14,1
376.28,0,-0.05,0.0285489,0.000765663,0,0,3,14,1
376.38,0,-0.05,0.0405422,0.000759106,0,0,3,14,1
376.48,0,-0.05,0.0439098,0.000894895,0,0,3,14,1
376.58,0,-0.05,0.034241,0.00109356,0,0,3,14,1
376.68,0,-0.05,0.0321266,0.000874643,0,0,3,14,1
376.78,0,-0.05,0.041414,0.000942908,0,0,3,14,1
376.88,0,-0.05,0.0480652,0.000603147,0,0,3,14,1
376.98,0,-0.05,0.0439299,0.00049455,0,0,3,14,1
377.08,0,-0.05,0.0394097,0.000495543,0,0,3,14,1
377.18,0,-0.05,0.0333172,0.000754143,0,0,3,14,1
377.28,0,-0.05,0.0266862,0.000680914,0,0,3,14,1
377.38,0,-0.05,0.0178614,0.000765176,0,0,3,14,1
377.48,0,-0.05,0.0117847,0.000839067,0,0,3,14,1
377.58,0,-0.05,0.0169477,0.000755484,0,0,3,14,1
377.68,0,-0.05,0.0207038,0.000888374,0,0,3,14,1
377.78,0,-0.05,0.0187152,0.000806163,0,0,3,14,1
377.88,0,-0.05,0.0166675,0.000639317,0,0,3,14,1
377.98,0,-0.05,0.0143779,0.000780005,0,0,3,14,1
378.08,0,-0.05,0.0168006,0.000816614,0,0,3,14,1
378.18,0,-0.05,0.0263455,0.000928756,0,0,3,14,1
378.28,0,-0.05,0.0323079,0.000711517,0,0,3,14,1
378.38,0,-0.05,0.0236219,0.000855846,0,0,3,14,1
378.48,0,-0.05,0.0174388,0.000632252,0,0,3,14,1
378.58,0,-0.05,0.0214858,0.000627231,0,0,3,14,1
378.68,0,-0.05,0.0246825,0.000944915,0,0,3,14,1
378.78,0,-0.05,0.0243963,0.000619942,0,0,3,14,1
378.88,0,-0.05,0.0244344,0.000598016,0,0,3,14,1
378.98,0,-0.05,0.0258056,0.000820038,0,0,3,14,1
379.08,0,-0.05,0.0257497,0.000921256,0,0,3,14,1
379.18,0,-0.05,0.0198624,0.000698518,0,0,3,14,1
379.28,0,-0.05,0.0171461,0.000632374,0,0,3,14,1
379.38,0,-0.05,0.0273844,0.000916735,0,0,3,14,1
379.48,0,-0.05,0.0292795,0.000904013,0,0,3,14,1
379.58,0,-0.05,0.0185898,0.000566649,0,0,3,14,1
379.68,0,-0.05,0.0121668,0.00114647,0,0,3,14,1
379.78,0,-0.05,0.0231973,0.000863364,0,0,3,14,1
379.88,0,-0.05,0.0280355,0.000525242,0,0,3,14,1
379.98,0,-0.05,0.0235243,0.000787561,0,0,3,14,1
380.08,0,-0.05,0.0206527,0.00072115,0,0,3,14,1
380.18,0,-0.05,0.0202608,0.000745919,0,0,3,14,1
380.28,0,-0.05,0.0245292,0.000797867,0,0,3,14,1
380.38,0,-0.05,0.0358388,0.000765889,0,0,3,14,1
380.48,0,-0.05,0.036535,0.000723166,0,0,3,14,1
380.58,0,-0.05,0.0212321,0.00107156,0,0,3,14,1
380.68,0,-0.05,0.00860313,0.000920422,0,0,3,14,1
380.78,0,-0.05,0.00687173,0.000901235,0,0,3,14,1
380.88,0,-0.05,0.00850242,0.000973449,0,0,3,14,1
380.98,0,-0.05,0.0151999,0.000826429,0,0,3,14,1
381.08,0,-0.05,0.0201911,0.000730192,0,0,3,14,1
381.18,0,-0.05,0.0225956,0.000720879,0,0,3,14,1
381.28,0,-0.05,0.0226443,0.000573074,0,0,3,14,1
381.38,0,-0.05,0.0191389,0.000556471,0,0,3,14,1
381.48,0,-0.05,0.0171132,0.000821093,0,0,3,14,1
381.58,0,-0.05,0.0173237,0.000694338,0,0,3,14,1
381.68,0,-0.05,0.0159713,0.000796334,0,0,3,14,1
381.78,0,-0.05,0.00822299,0.000801007,0,0,3,14,1
381.88,0,-0.05,0.00354597,0.00103891,0,0,3,14,1
381.98,0,-0.05,0.0113991,0.00084903,0,0,3,14,1
382.08,0,-0.05,0.0186094,0.00078312,0,0,3,14,1
382.18,0,-0.05,0.0248486,0.000578261,0,0,3,14,1
382.28,0,-0.05,0.0251283,0.000954493,0,0,3,14,1
382.38,0,-0.05,0.0164169,0.000910469,0,0,3,14,1
382.48,0,-0.05,0.0111803,0.000863418,0,0,3,14,1
382.58,0,-0.05,0.0111803,0.000670538,0,0,3,14,1
382.68,0,-0.05,0.0113359,0.000963955,0,0,3,14,1
382.78,0,-0.05,0.011727,0.000866534,0,0,3,14,1
382.88,0,-0.05,0.0142722,0.000519297,0,0,3,14,1
382.98,0,-0.05,0.025686,0.000685774,0,0,3,14,1
383.08,0,-0.05,0.0306942,0.000652653,0,0,3,14,1
383.18,0,-0.05,0.0260116,0.000602859,0,0,3,14,1
383.28,0,-0.05,0.0224422,0.000734225,0,0,3,14,1
383.38,0,-0.05,0.0205535,0.000804086,0,0,3,14,1
383.48,0,-0.05,0.019222,0.000691869,0,0,3,14,1
383.58,0,-0.05,0.0187334,0.000866999,0,0,3,14,1
383.68,0,-0.05,0.0160118,0.00108707,0,0,3,14,1
383.78,0,-0.05,0.00990724,0.000863526,0,0,3,14,1
383.88,0,-0.05,0.00494823,0.000767952,0,0,3,14,1
383.98,0,-0.05,0.00468425,0.000809184,0,0,3,14,1
384.08,0,-0.05,0.0065806,0.00107717,0,0,3,14,1
384.18,0,-0.05,0.0173129,0.000785401,0,0,3,14,1
384.28,0,-0.05,0.0252897,0.000640794,0,0,3,14,1
384.38,0,-0.05,0.0291052,0.000862904,0,0,3,14,1
384.48,0,-0.05,0.0273009,0.000598537,0,0,3,14,1
384.58,0,-0.05,0.0170103,0.000735883,0,0,3,14,1
384.68,0,-0.05,0.0142839,0.000647329,0,0,3,14,1
384.78,0,-0.05,0.0229926,0.000803906,0,0,3,14,1
384.88,0,-0.05,0.0318758,0.000862658,0,0,3,14,1
384.98,0,-0.05,0.0410222,0.00061063,0,0,3,14,1
385.08,0,-0.05,0.0419327,0.000983785,0,0,3,14,1
385.18,0,-0.05,0.0303788,0.000846922,0,0,3,14,1
385.28,0,-0.05,0.0212499,0.000829317,0,0,3,14,1
385.38,0,-0.05,0.022038,0.000826491,0,0,3,14,1
385.48,0,-0.05,0.0226376,0.000836769,0,0,3,14,1
385.58,0,-0.05,0.0224647,0.000938853,0,0,3,14,1
385.68,0,-0.05,0.0260137,0.000841472,0,0,3,14,1
385.78,0,-0.05,0.0351774,0.000455761,0,0,3,14,1
385.88,0,-0.05,0.042735,0.000642708,0,0,3,14,1
385.98,0,-0.05,0.0437088,0.000868676,0,0,3,14,1
386.08,0,-0.05,0.0386574,0.000673748,0,0,3,14,1
386.18,0,-0.05,0.0245117,0.000699177,0,0,3,14,1
386.28,0,-0.05,0.015644,0.00075168,0,0,3,14,1
386.38,0,-0.05,0.0147503,0.000769971,0,0,3,14,1
386.48,0,-0.05,0.018119,0.000684904,0,0,3,14,1
386.58,0,-0.05,0.0279239,0.000931276,0,0,3,14,1
386.68,0,-0.05,0.037426,0.000694383,0,0,3,14,1
386.78,0,-0.05,0.0456875,0.000694328,0,0,3,14,1
386.88,0,-0.05,0.048574,0.000897107,0,0,3,14,1
386.98,0,-0.05,0.0294777,0.00076698,0,0,3,14,1
387.08,0,-0.05,0.0239436,0.000914256,0,0,3,14,1
387.18,0,-0.05,0.0388414,0.000886354,0,0,3,14,1
387.28,0,-0.05,0.0473403,0.000839285,0,0,3,13,1
387.38,0,-0.05,0.0461825,0.000843982,0,0,3,13,1
387.48,0,-0.05,0.0441454,0.00103853,0,0,3,13,1
387.58,0,-0.05,0.040782,0.000916808,0,0,3,13,1
387.68,0,-0.05,0.0407409,0.00071966,0,0,3,13,1.04
387.78,0,-0.05,0.0542989,0.000792003,0,0,3,13,1.04
387.88,0,-0.05,0.0641397,0.000865253,0,0,3,13,1.04
387.98,0,-0.05,0.058786,0.000682402,0,0,3,13,1.04
388.08,0,-0.05,0.0511456,0.000750709,0,0,3,13,1.04
388.18,0,-0.05,0.0342019,0.000529628,0,0,3,13,1.04
388.28,0,-0.05,0.0256623,0.000552022,0,0,3,13,1.04
388.38,0,-0.05,0.0297751,0.000893823,0,0,3,13,1.04
388.48,0,-0.05,0.0320033,0.000706064,0,0,3,13,1.04
388.58,0,-0.05,0.0313867,0.000613974,0,0,3,13,1.04
388.68,0,-0.05,0.0266261,0.000810168,0,0,3,13,1.04
388.78,0,-0.05,0.0156227,0.000756282,0,0,3,13,1.04
388.88,0,-0.05,0.0104488,0.000954633,0,0,3,13,1.04
388.98,0,-0.05,0.0140881,0.00073331,0,0,3,13,1.04
389.08,0,-0.05,0.0173123,0.000944589,0,0,3,13,1.04
389.18,0,-0.05,0.019909,0.000899528,0,0,3,13,1.04
389.28,0,-0.05,0.0215627,0.000880631,0,0,3,13,1.04
389.38,0,-0.05,0.021793,0.000818211,0,0,3,13,1.04
389.48,0,-0.05,0.019017,0.000923173,0,0,3,13,1.04
389.58,0,-0.05,0.0116895,0.000575279,0,0,3,13,1.04
389.68,0,-0.05,0.00939296,0.00075075,0,0,3,13,1.04
389.78,0,-0.05,0.0146983,0.000655951,0,0,3,13,1.04
389.88,0,-0.05,0.0185135,0.000542396,0,0,3,13,1.04
389.98,0,-0.05,0.020081,0.00088613,0,0,3,13,1.04
390.08,0,-0.05,0.0205409,0.000916288,0,0,3,13,1.04
390.18,0,-0.05,0.0193292,0.000835621,0,0,3,13,1.04
390.28,0,-0.05,0.017165,0.000599658,0,0,3,13,1.04
390.38,0,-0.05,0.013567,0.000599117,0,0,3,13,1.04
390.48,0,-0.05,0.0106185,0.000800565,0,0,3,13,1.04
390.58,0,-0.05,0.00865148,0.000798839,0,0,3,13,1.04
390.68,0,-0.05,0.00865752,0.00102966,0,0,3,13,1.04
390.78,0,-0.05,0.0167294,0.000971128,0,0,3,13,1.04
390.88,0,-0.05,0.0223886,0.000941147,0,0,3,13,1.04
390.98,0,-0.05,0.0244015,0.000763723,0,0,3,13,1.04
391.08,0,-0.05,0.0307145,0.000615935,0,0,3,13,1.04
391.18,0,-0.05,0.0435206,0.000841533,0,0,3,13,1.04
391.28,0,-0.05,0.0430127,0.00092677,0,0,3,13,1.04
391.38,0,-0.05,0.0223983,0.00077374,0,0,3,13,1.04
391.48,0,-0.05,0.015904,0.000663553,0,0,3,13,1.04
391.58,0,-0.05,0.0307172,0.000881752,0,0,3,13,1.04
391.68,0,-0.05,0.0374927,0.00082472,0,0,3,13,1.04
391.78,0,-0.05,0.0321501,0.000871393,0,0,3,13,1.04
391.88,0,-0.05,0.0281464,0.000859708,0,0,3,13,1.04
391.98,0,-0.05,0.0296212,0.000795631,0,0,3,13,1.04
392.08,0,-0.05,0.0322629,0.000906737,0,0,3,14,1.04
392.18,0,-0.05,0.039668,0.000912456,0,0,3,14,1.04
392.28,0,-0.05,0.0418701,0.000637896,0,0,3,14,1.04
392.38,0,-0.05,0.0227976,0.00101249,0,0,3,14,1.04
392.48,0,-0.05,0.0189824,0.000718435,0,0,3,14,1.04
392.58,0,-0.05,0.0382563,0.000676876,0,0,3,14,1.04
392.68,0,-0.05,0.0507875,0.000817531,0,0,3,13,1.04
392.78,0,-0.05,0.0357722,0.000494152,0,0,3,13,1.04
392.88,0,-0.05,0.0270421,0.000677161,0,0,3,13,1.04
392.98,0,-0.05,0.0440219,0.000818149,0,0,3,13,1.04
393.08,0,-0.05,0.0465145,0.000700245,0,0,3,13,1.04
393.18,0,-0.05,0.0271627,0.00071219,0,0,3,13,1.04
393.28,0,-0.05,0.0165388,0.000620705,0,0,3,13,1.04
393.38,0,-0.05,0.0190846,0.00074171,0,0,3,13,1.04
393.48,0,-0.05,0.0197022,0.000800273,0,0,3,13,1.04
393.58,0,-0.05,0.0174109,0.000625591,0,0,3,13,1.04
393.68,0,-0.05,0.016423,0.000947233,0,0,3,13,1.04
393.78,0,-0.05,0.0174077,0.000843173,0,0,3,13,1.04
393.88,0,-0.05,0.017604,0.000963612,0,0,3,13,1.04
393.98,0,-0.05,0.0166103,0.000711705,0,0,3,13,1.04
394.08,0,-0.05,0.019159,0.000868537,0,0,3,13,1.04
394.18,0,-0.05,0.0362415,0.000971782,0,0,3,13,1.04
394.28,0,-0.05,0.0393032,0.000800968,0,0,3,13,1.04
394.38,0,-0.05,0.0211905,0.000929873,0,0,3,13,1.04
394.48,0,-0.05,0.0137085,0.000806442,0,0,3,13,1.04
394.58,0,-0.05,0.0222728,0.000678131,0,0,3,13,1.04
394.68,0,-0.05,0.029534,0.000624044,0,0,3,13,1.04
394.78,0,-0.05,0.0314643,0.00091658,0,0,3,13,1.04
394.88,0,-0.05,0.0312771,0.000815462,0,0,3,13,1.04
394.98,0,-0.05,0.0224355,0.000658312,0,0,3,13,1.04
395.08,0,-0.05,0.0210319,0.000929247,0,0,3,13,1.04
395.18,0,-0.05,0.0308553,0.000920483,0,0,3,13,1.04
395.28,0,-0.05,0.0343669,0.000953289,0,0,3,13,1.04
395.38,0,-0.05,0.0283294,0.00074634,0,0,3,13,1.04
395.48,0,-0.05,0.028961,0.000696471,0,0,3,13,1.04
395.58,0,-0.05,0.0396565,0.000678107,0,0,3,13,1.04
395.68,0,-0.05,0.0387386,0.000927211,0,0,3,13,1.04
395.78,0,-0.05,0.0202377,0.000864616,0,0,3,13,1.04
395.88,0,-0.05,0.00798239,0.000915969,0,0,3,13,1.04
395.98,0,-0.05,0.0211529,0.000752146,0,0,3,13,1.04
396.08,0,-0.05,0.0273828,0.000977273,0,0,3,13,1.04
396.18,0,-0.05,0.0231568,0.000576803,0,0,3,13,1.04
396.28,0,-0.05,0.0184992,0.00086082,0,0,3,13,1.04
396.38,0,-0.05,0.0131908,0.000915488,0,0,3,13,1.04
396.48,0,-0.05,0.0236495,0.000860382,0,0,3,13,1.04
396.58,0,-0.05,0.0578655,0.000794779,0,0,3,13,1.04
396.68,0,-0.05,0.0686261,0.000942615,0,0,3,13,1.04
396.78,0,-0.05,0.0439784,0.000668113,0,0,3,13,1.04
396.88,0,-0.05,0.0327255,0.000639209,0,0,3,14,1.04
396.98,0,-0.05,0.0416842,0.000787447,0,0,3,14,1.04
397.08,0,-0.05,0.0398155,0.00114037,0,0,3,14,1.04
397.18,0,-0.05,0.0215922,0.00101923,0,0,3,14,1.04
397.28,0,-0.05,0.0149366,0.00087647,0,0,3,14,1.04
397.38,0,-0.05,0.0257445,0.00083318,0,0,3,14,1.04
397.48,0,-0.05,0.0337177,0.000963562,0,0,3,14,1.04
397.58,0,-0.05,0.0374063,0.000806936,0,0,3,14,1.04
397.68,0,-0.05,0.0353491,0.000986122,0,0,3,14,1.04
397.78,0,-0.05,0.0246361,0.000816263,0,0,3,14,1.04
397.88,0,-0.05,0.0178689,0.000843194,0,0,3,14,0.77
397.98,0,-0.05,0.0272078,0.000880489,0,0,3,14,0.77
398.08,0,-0.05,0.0321436,0.000475078,0,0,3,14,0.77
398.18,0,-0.05,0.0190558,0.000815966,0,0,3,14,0.77
398.28,0,-0.05,0.008544,0.00101915,0,0,3,14,0.77
398.38,0,-0.05,0.008544,0.000602494,0,0,3,14,0.77
398.48,0,-0.05,0.0089553,0.000699309,0,0,3,14,0.77
398.58,0,-0.05,0.00998752,0.000958523,0,0,3,14,0.77
398.68,0,-0.05,0.0121282,0.00108799,0,0,3,14,0.77
398.78,0,-0.05,0.0187942,0.000894434,0,0,3,14,0.77
398.88,0,-0.05,0.0254437,0.000716118,0,0,3,14,0.77
398.98,0,-0.05,0.0320684,0.000637785,0,0,3,14,0.77
399.08,0,-0.05,0.0327553,0.000917737,0,0,3,14,0.77
399.18,0,-0.05,0.024466,0.000599913,0,0,3,14,0.77
399.28,0,-0.05,0.0164955,0.000853678,0,0,3,14,0.77
399.38,0,-0.05,0.00982961,0.000734566,0,0,3,14,0.77
399.48,0,-0.05,0.00447214,0.000917453,0,0,3,14,0.77
399.58,0,-0.05,0.00447214,0.000889281,0,0,3,14,0.77
399.68,0,-0.05,0.00812128,0.00086278,0,0,3,14,0.77
399.78,0,-0.05,0.0266854,0.0010873,0,0,3,14,0.77
399.88,0,-0.05,0.0357553,0.000684151,0,0,3,14,0.77
399.98,0,-0.05,0.0304838,0.000774405,0,0,3,14,0.77
400.08,0,-0.05,0.0280917,0.000731391,0,0,3,14,0.77
400.18,0,-0.05,0.0374646,0.000847771,0,0,3,14,0.77
400.28,0,-0.05,0.0427585,0.000819635,0,0,3,14,0.77
400.38,0,-0.05,0.0313245,0.000638984,0,0,3,14,0.77
400.48,0,-0.05,0.022822,0.000721363,0,0,3,14,0.77
400.58,0,-0.05,0.0263153,0.000695926,0,0,3,14,0.77
400.68,0,-0.05,0.0304456,0.000599513,0,0,3,14,0.77
400.78,0,-0.05,0.0371729,0.000932993,0,0,3,14,0.77
400.88,0,-0.05,0.041734,0.000802883,0,0,3,14,0.77
400.98,0,-0.05,0.0374285,0.000841708,0,0,3,14,0.77
401.08,0,-0.05,0.0330879,0.000886585,0,0,3,14,0.77
401.18,0,-0.05,0.0286037,0.000758097,0,0,3,14,0.77
401.28,0,-0.05,0.0268754,0.000922918,0,0,3,14,0.77
401.38,0,-0.05,0.0364275,0.000976195,0,0,3,14,0.77
401.48,0,-0.05,0.0428446,0.00104043,0,0,3,14,0.77
401.58,0,-0.05,0.036446,0.000667942,0,0,3,14,0.77
401.68,0,-0.05,0.0292317,0.000844857,0,0,3,14,0.77
401.78,0,-0.05,0.0186826,0.000890854,0,0,3,14,0.77
401.88,0,-0.05,0.0113556,0.000861137,0,0,3,14,0.77
401.98,0,-0.05,0.0172706,0.000900392,0,0,3,14,0.77
402.08,0,-0.05,0.0213193,0.00078982,0,0,3,14,0.77
402.18,0,-0.05,0.017741,0.000900515,0,0,3,14,0.77
402.28,0,-0.05,0.0175271,0.000968455,0,0,3,14,0.77
402.38,0,-0.05,0.031064,0.00084345,0,0,3,14,0.77
402.48,0,-0.05,0.0360608,0.000995258,0,0,3,14,0.77
402.58,0,-0.05,0.0281742,0.00101275,0,0,3,14,0.77
402.68,0,-0.05,0.0233797,0.000932772,0,0,3,14,0.77
402.78,0,-0.05,0.0311983,0.000734715,0,0,3,14,0.77
402.88,0,-0.05,0.0352521,0.000621871,0,0,3,14,0.77
402.98,0,-0.05,0.0238765,0.000877661,0,0,3,14,0.77
403.08,0,-0.05,0.0187651,0.000974464,0,0,3,14,0.77
403.18,0,-0.05,0.0231252,0.000608725,0,0,3,14,0.77
403.28,0,-0.05,0.0252672,0.000684336,0,0,3,14,0.77
403.38,0,-0.05,0.0183582,0.000646917,0,0,3,14,0.77
403.48,0,-0.05,0.0167315,0.000594403,0,0,3,14,0.77
403.58,0,-0.05,0.0367152,0.000682183,0,0,3,14,0.77
403.68,0,-0.05,0.0495189,0.000674974,0,0,3,14,0.77
403.78,0,-0.05,0.0329537,0.000684214,0,0,3,14,0.77
403.88,0,-0.05,0.0203804,0.000775697,0,0,3,14,0.77
403.98,0,-0.05,0.0138171,0.000861621,0,0,3,14,0.77
404.08,0,-0.05,0.0126398,0.000777625,0,0,3,14,0.77
404.18,0,-0.05,0.0334751,0.000736208,0,0,3,14,0.77
404.28,0,-0.05,0.0514047,0.000444293,0,0,3,14,0.77
404.38,0,-0.05,0.057477,0.000776851,0,0,3,14,0.77
404.48,0,-0.05,0.0558643,0.000804664,0,0,3,14,0.77
404.58,0,-0.05,0.0426398,0.000679353,0,0,3,14,0.77
404.68,0,-0.05,0.0296786,0.000516874,0,0,3,14,0.77
404.78,0,-0.05,0.0177932,0.000665844,0,0,3,14,0.77
404.88,0,-0.05,0.0102159,0.00069634,0,0,3,14,0.77
404.98,0,-0.05,0.0202269,0.000925339,0,0,3,14,0.77
405.08,0,-0.05,0.0285924,0.000669252,0,0,3,14,0.77
405.18,0,-0.05,0.0344737,0.000718492,0,0,3,14,0.77
405.28,0,-0.05,0.0336351,0.000719617,0,0,3,14,0.77
405.38,0,-0.05,0.0226406,0.000737679,0,0,3,14,0.77
405.48,0,-0.05,0.0158685,0.000825452,0,0,3,14,0.77
405.58,0,-0.05,0.0154605,0.000878635,0,0,3,14,0.77
405.68,0,-0.05,0.0161624,0.00101221,0,0,3,14,0.77
405.78,0,-0.05,0.0214025,0.000834607,0,0,3,14,0.77
405.88,0,-0.05,0.0293808,0.00070308,0,0,3,14,0.77
405.98,0,-0.05,0.048549,0.000841892,0,0,3,14,0.77
406.08,0,0.0100135,0.0495145,0.000747241,0,0,3,14,0.77
406.18,0,0.0599955,0.0229771,0.000864511,0,0,3,14,0.77
406.28,0,-0.0199936,0.011407,0.000685548,0,0,3,14,0.77
406.38,0,-0.0499802,0.0224817,0.000685795,0,0,3,14,0.77
406.48,0,-0.05,0.0309405,0.000596682,0,0,3,14,0.77
406.58,0,-0.05,0.0286752,0.000810015,0,0,3,14,0.77
406.68,0,-0.05,0.0253541,0.000699952,0,0,3,14,0.77
406.78,0,-0.05,0.0204402,0.000630668,0,0,3,14,0.77
406.88,0,-0.05,0.0186691,0.000685973,0,0,3,14,0.77
406.98,0,-0.05,0.0297411,0.000805899,0,0,3,14,0.77
407.08,0,-0.05,0.0325582,0.000695267,0,0,3,14,0.77
407.18,0,-0.05,0.0229171,0.000775481,0,0,3,14,0.77
407.28,0,-0.0500006,0.0167582,0.000732306,0,0,3,14,0.77
407.38,0,-0.0524994,0.0158569,0.000633011,0,0,3,14,0.77
407.48,0,-0.0525,0.0168411,0.000877119,0,0,3,14,0.77
407.58,0,-0.331726,0.0255365,0.000728491,0,0,3,14,0.77
407.68,0,-0.135091,0.033662,0.000768961,0,0,3,14,0.77
407.78,0,-0.0510133,0.0394511,0.000690873,0,0,3,14,0.77
407.88,0,-0.05,0.0419654,0.000801637,0,0,3,14,0.77
407.98,0,-0.05,0.0310953,0.000694193,0,0,3,14,0.77
408.08,0,-0.05,0.0223453,0.000814222,0,0,3,14,0.77
408.18,0,-0.05,0.0222667,0.000567753,0,0,3,14,0.77
408.28,0,-0.05,0.0217631,0.000678566,0,0,3,14,0.77
408.38,0,-0.05,0.0195214,0.000800222,0,0,3,14,0.77
408.48,0,-0.05,0.0180992,0.000777627,0,0,3,14,0.77
408.58,0,-0.05,0.0200293,0.000573254,0,0,3,14,0.77
408.68,0,-0.05,0.0215332,0.000670842,0,0,3,14,0.77
408.78,0,-0.05,0.0223948,0.000900826,0,0,3,14,0.77
408.88,0,-0.05,0.0242476,0.000723413,0,0,3,14,0.77
408.98,0,-0.05,0.0301462,0.000734255,0,0,3,14,0.77
409.08,0,-0.05,0.0359825,0.000947343,0,0,3,14,0.77
409.18,0,-0.05,0.0415637,0.00087139,0,0,3,14,0.77
409.28,0,-0.05,0.0424042,0.000847304,0,0,3,14,0.77
409.38,0,-0.05,0.0360816,0.000780023,0,0,3,14,0.77
409.48,0,-0.05,0.0304542,0.00058011,0,0,3,14,0.77
409.58,0,-0.05,0.0276734,0.000539916,0,0,3,14,0.77
409.68,0,-0.05,0.0304,0.000723608,0,0,3,14,0.77
409.78,0,-0.05,0.0414493,0.00090891,0,0,3,14,0.77
409.88,0,-0.05,0.0460071,0.00088573,0,0,3,14,0.77
409.98,0,-0.05,0.0239988,0.000508889,0,0,3,14,0.77
410.08,0,-0.05,0.0066864,0.00053252,0,0,3,14,0.77
410.18,0,-0.05,0.0085238,0.000767222,0,0,3,14,0.77
410.28,0,-0.05,0.0140109,0.000668947,0,0,3,14,0.77
410.38,0,-0.05,0.0344141,0.000830841,0,0,3,14,0.77
410.48,0,-0.05,0.0483553,0.000800074,0,0,3,14,0.77
410.58,0,-0.05,0.0359098,0.000916981,0,0,3,14,0.77
410.68,0,-0.05,0.0303599,0.000951404,0,0,3,14,0.77
410.78,0,-0.05,0.0352131,0.000665741,0,0,3,14,0.77
410.88,0,-0.05,0.0394765,0.000767628,0,0,3,14,0.77
410.98,0,-0.05,0.0413203,0.000792556,0,0,3,14,0.77
411.08,0,-0.05,0.0389514,0.000720994,0,0,3,14,0.77
411.18,0,-0.05,0.0193502,0.000781354,0,0,3,14,0.77
411.28,0,-0.05,0.00514289,0.000864728,0,0,3,14,0.77
411.38,0,-0.05,0.0129566,0.000718221,0,0,3,14,0.77
411.48,0,-0.05,0.0226587,0.000712263,0,0,3,14,0.77
411.58,0,-0.05,0.0400863,0.000648861,0,0,3,14,0.77
411.68,0,-0.05,0.0518875,0.000651986,0,0,3,14,0.77
411.78,0,-0.05,0.0407331,0.000910729,0,0,3,14,0.77
411.88,0,-0.05,0.0308187,0.000634598,0,0,3,14,0.77
411.98,0,-0.05,0.0259914,0.000719464,0,0,3,14,0.77
412.08,0,-0.05,0.0267381,0.000933784,0,0,3,14,0.77
412.18,0,-0.05,0.0359052,0.00067729,0,0,3,14,0.77
412.28,0,-0.05,0.0458771,0.000885439,0,0,3,14,0.77
412.38,0,-0.05,0.0591299,0.000929985,0,0,3,14,0.77
412.48,0,-0.05,0.0639793,0.000824391,0,0,3,14,0.77
412.58,0,-0.05,0.0344712,0.000763818,0,0,3,14,0.77
412.68,0,-0.05,0.0108954,0.000701046,0,0,3,14,0.77
412.78,0,-0.05,0.0115308,0.000865813,0,0,3,14,0.77
412.88,0,-0.05,0.0144801,0.000920146,0,0,3,14,0.77
412.98,0,-0.05,0.0269051,0.00104899,0,0,3,14,0.77
413.08,0,-0.05,0.0346355,0.000788547,0,0,3,14,0.77
413.18,0,-0.05,0.0232709,0.000693293,0,0,3,14,0.77
413.28,0,-0.05,0.0162037,0.000875066,0,0,3,14,0.77
413.38,0,-0.05,0.0266824,0.000958188,0,0,3,14,0.77
413.48,0,-0.05,0.0328517,0.000892458,0,0,3,14,0.77
413.58,0,-0.05,0.0325175,0.000842083,0,0,3,14,0.77
413.68,0,-0.05,0.0322929,0.000899108,0,0,3,14,0.77
413.78,0,-0.05,0.0325161,0.000702507,0,0,3,14,0.77
413.88,0,-0.05,0.0334605,0.000759825,0,0,3,14,0.77
413.98,0,-0.05,0.0373622,0.000828174,0,0,3,14,0.77
414.08,0,-0.05,0.0400671,0.000823093,0,0,3,14,0.77
414.18,0,-0.05,0.0378807,0.00101945,0,0,3,14,0.77
414.28,0,-0.05,0.0342615,0.000670785,0,0,3,14,0.77
414.38,0,-0.05,0.0247971,0.000659078,0,0,3,14,0.77
414.48,0,-0.05,0.0211854,0.000803524,0,0,3,14,0.77
414.58,0,-0.05,0.026405,0.000749243,0,0,3,14,0.77
414.68,0,-0.05,0.0303833,0.000715959,0,0,3,14,0.77
414.78,0,-0.05,0.032485,0.000866286,0,0,3,14,0.77
414.88,0,-0.05,0.033579,0.000909367,0,0,3,14,0.77
414.98,0,-0.05,0.0305244,0.000771106,0,0,3,14,0.77
415.08,0,-0.05,0.0300014,0.00107966,0,0,3,14,0.77
415.18,0,-0.05,0.0398025,0.000795311,0,0,3,14,0.77
415.28,0,-0.05,0.0465217,0.00090379,0,0,3,14,0.77
415.38,0,-0.05,0.0406526,0.000498649,0,0,3,14,0.77
415.48,0,-0.05,0.0304463,0.000661383,0,0,3,14,0.77
415.58,0,-0.05,0.0136893,0.00081667,0,0,3,14,0.77
415.68,0,-0.05,0.0144594,0.000864862,0,0,3,14,0.77
415.78,0,-0.05,0.0417139,0.00063431,0,0,3,14,0.77
415.88,0,-0.05,0.0577278,0.000760528,0,0,3,14,0.77
415.98,0,-0.05,0.0275764,0.00101532,0,0,3,14,0.77
416.08,0,-0.05,0.0107416,0.000630483,0,0,3,14,0.77
416.18,0,-0.05,0.0140247,0.000494137,0,0,3,14,0.77
416.28,0,-0.05,0.0156649,0.000608092,0,0,3,14,0.77
416.38,0,-0.05,0.0148235,0.000737425,0,0,3,14,0.77
416.48,0,-0.05,0.0197686,0.000907841,0,0,3,14,0.77
416.58,0,-0.05,0.0334315,0.000739332,0,0,3,14,0.77
416.68,0,-0.05,0.0428356,0.000688334,0,0,3,14,0.77
416.78,0,-0.05,0.034845,0.000602496,0,0,3,14,0.77
416.88,0,-0.05,0.0280333,0.00102317,0,0,3,14,0.77
416.98,0,-0.05,0.0260395,0.00101644,0,0,3,14,0.77
417.08,0,-0.05,0.0220103,0.000536042,0,0,3,14,0.77
417.18,0,-0.05,0.0149036,0.000655362,0,0,3,14,0.77
417.28,0,-0.05,0.014664,0.000732769,0,0,3,14,0.77
417.38,0,-0.05,0.0247822,0.000888204,0,0,3,14,0.77
417.48,0,-0.05,0.0283831,0.000739178,0,0,3,14,0.77
417.58,0,-0.05,0.0221369,0.000825378,0,0,3,14,0.77
417.68,0,-0.05,0.0174752,0.000819921,0,0,3,14,0.77
417.78,0,-0.05,0.0192984,0.000723189,0,0,3,14,0.77
417.88,0,-0.05,0.018974,0.000860474,0,0,3,14,0.77
417.98,0,-0.05,0.0154006,0.000878177,0,0,3,14,0.77
418.08,0,-0.05,0.0127745,0.000974819,0,0,3,14,0.77
418.18,0,-0.05,0.0140177,0.00102184,0,0,3,14,0.77
418.28,0,-0.05,0.0216887,0.000749774,0,0,3,14,0.77
418.38,0,-0.05,0.0390388,0.000736199,0,0,3,14,0.77
418.48,0,-0.05,0.0510038,0.000762118,0,0,3,14,0.77
418.58,0,-0.05,0.0548359,0.000654039,0,0,3,14,0.77
418.68,0,-0.05,0.0559341,0.000705871,0,0,3,14,0.77
418.78,0,-0.05,0.052909,0.000570488,0,0,3,14,0.77
418.88,0,-0.05,0.0469727,0.000737975,0,0,3,14,0.77
418.98,0,-0.05,0.0366349,0.000711053,0,0,3,14,0.77
419.08,0,-0.05,0.0293991,0.000883592,0,0,3,14,0.77
419.18,0,-0.05,0.026851,0.000873179,0,0,3,14,0.77
419.28,0,-0.05,0.0287441,0.000960602,0,0,3,14,0.77
419.38,0,-0.099952,0.0373439,0.00076243,0,0,3,14,0.77
419.48,0,-0.699394,0.0481628,0.0005356,0,0,3,14,0.77
419.58,0,-0.620021,0.0623376,0.000932996,0,0,3,14,0.77
419.68,0,0.00996849,0.0614623,0.000820447,0,0,3,14,0.77
419.78,0,-0.05,0.0379016,0.000444019,0,0,3,14,0.77
419.88,0,-0.05,0.0173362,0.00380299,0,0,3,14,0.77
419.98,0,-0.05,0.00900879,0.00126661,0,0,3,14,0.77
420.08,0,-0.05,0.00707203,0.000544325,0,0,3,14,0.77
420.18,0,-0.05,0.0147806,0.000665474,0,0,3,14,0.77
420.28,0,-0.05,0.0219801,0.000769708,0,0,3,14,0.77
420.38,0,-0.05,0.0284113,0.000787454,0,0,3,14,0.77
420.48,0,-0.05,0.0300582,0.000794963,0,0,3,14,0.77
420.58,0,-0.05,0.024482,0.000986959,0,0,3,14,0.77
420.68,0,-0.05,0.0224865,0.000747213,0,0,3,14,0.77
420.78,0,-0.05,0.0351582,0.000835236,0,0,3,14,0.77
420.88,0,-0.0400088,0.0415528,0.000722891,0,0,3,14,0.77
420.98,0,0.552768,0.0222389,0.000751259,0,0,3,14,0.77
421.08,0,0.742458,0.00870467,0.00052269,0,0,3,14,0.77
421.18,0,0.272627,0.00387818,0.000877538,0,0,3,14,0.77
421.28,0,-0.0499097,0.00435095,0.000757167,0,0,3,14,0.77
421.38,0,-0.05,0.0264955,0.000746422,0,0,3,14,0.77
421.48,0,-0.05,0.0349862,0.000795052,0,0,3,14,0.77
421.58,0,-0.05,0.0228808,0.00083127,0,0,3,14,0.77
421.68,0,-0.05,0.0135337,0.000620771,0,0,3,14,0.77
421.78,0,-0.05,0.015472,0.000896349,0,0,3,14,0.77
421.88,0,-0.05,0.0184838,0.000818683,0,0,3,14,0.77
421.98,0,-0.05,0.025884,0.0007142,0,0,3,14,0.77
422.08,0,-0.05,0.029897,0.000915121,0,0,3,14,0.77
422.18,0,-0.05,0.0200882,0.00111851,0,0,3,14,0.77
422.28,0,-0.05,0.0115366,0.00075461,0,0,3,14,0.77
422.38,0,-0.05,0.00812633,0.000664261,0,0,3,14,0.77
422.48,0,-0.05,0.00723197,0.000690998,0,0,3,14,0.77
422.58,0,-0.05,0.0166453,0.000571425,0,0,3,14,0.77
422.68,0,-0.05,0.022998,0.000978417,0,0,3,14,0.77
422.78,0,-0.05,0.0168479,0.000723987,0,0,3,14,0.77
422.88,0,-0.05,0.0151528,0.000750403,0,0,3,14,0.77
422.98,0,-0.05,0.0201624,0.000590836,0,0,3,14,0.77
423.08,0,-0.05,0.0250236,0.000674766,0,0,3,14,0.77
423.18,0,-0.05,0.0292779,0.000925574,0,0,3,14,0.77
423.28,0,-0.05,0.0300486,0.000822445,0,0,3,14,0.77
423.38,0,-0.05,0.0165898,0.000767404,0,0,3,14,0.77
423.48,0,-0.05,0.0123138,0.000832264,0,0,3,14,0.77
423.58,0,-0.05,0.0219373,0.000756227,0,0,3,14,0.77
423.68,0,-0.05,0.0281292,0.0004219,0,0,3,14,0.77
423.78,0,-0.05,0.0291301,0.000732427,0,0,3,14,0.77
423.88,0,-0.05,0.0387064,0.000669865,0,0,3,14,0.77
423.98,0,-0.05,0.061223,0.000893207,0,0,3,14,0.77
424.08,0,-0.05,0.0714843,0.000548818,0,0,3,14,0.77
424.18,0,-0.05,0.0317121,0.000832265,0,0,3,14,0.77
424.28,0,-0.05,0.011273,0.00100198,0,0,3,14,0.77
424.38,0,-0.05,0.019951,0.000796837,0,0,3,14,0.77
424.48,0,-0.05,0.0251666,0.000785018,0,0,3,14,0.77
424.58,0,-0.05,0.0162026,0.000918203,0,0,3,14,0.77
424.68,0,-0.05,0.0115377,0.000859537,0,0,3,14,0.77
424.78,0,-0.05,0.0244528,0.000642424,0,0,3,14,0.77
424.88,0,-0.05,0.0319538,0.000610724,0,0,3,14,0.77
424.98,0,-0.05,0.0173374,0.000856139,0,0,3,14,0.77
425.08,0,-0.05,0.0148874,0.000974493,0,0,3,14,0.77
425.18,0,-0.05,0.0308099,0.000786664,0,0,3,14,0.77
425.28,0,-0.05,0.0413257,0.000959739,0,0,3,14,0.77
425.38,0,-0.05,0.029761,0.000742138,0,0,3,14,0.77
425.48,0,-0.05,0.0272789,0.000738788,0,0,3,13,0.77
425.58,0,-0.05,0.038513,0.000610864,0,0,3,13,0.77
425.68,0,-0.05,0.0417575,0.00088556,0,0,3,13,0.77
425.78,0,-0.05,0.0329126,0.000760754,0,0,3,13,0.77
425.88,0,-0.05,0.026035,0.000759711,0,0,3,13,0.77
425.98,0,-0.05,0.0271949,0.000840714,0,0,3,13,0.77
426.08,0,-0.05,0.0275652,0.000798808,0,0,3,13,0.77
426.18,0,-0.05,0.0267431,0.000843589,0,0,3,13,0.77
426.28,0,-0.05,0.0235615,0.000484523,0,0,3,13,0.77
426.38,0,-0.05,0.0168223,0.000474098,0,0,3,13,0.77
426.48,0,-0.05,0.0134283,0.000781335,0,0,3,13,0.77
426.58,0,-0.05,0.0237855,0.000854496,0,0,3,13,0.77
426.68,0,-0.05,0.0265566,0.000728027,0,0,3,13,0.83
426.78,0,-0.05,0.0178713,0.000889169,0,0,3,13,0.83
426.88,0,-0.05,0.0156697,0.0007458,0,0,3,14,0.83
426.98,0,-0.05,0.023245,0.000812709,0,0,3,14,0.83
427.08,0,-0.05,0.024863,0.00072097,0,0,3,14,0.83
427.18,0,-0.05,0.0174826,0.000675817,0,0,3,14,0.83
427.28,0,-0.05,0.0209139,0.000559439,0,0,3,14,0.83
427.38,0,-0.05,0.040709,0.000747786,0,0,3,14,0.83
427.48,0,-0.05,0.0533671,0.000802521,0,0,3,14,0.83
427.58,0,-0.05,0.0552615,0.000818838,0,0,3,14,0.83
427.68,0,-0.05,0.0534167,0.000827032,0,0,3,14,0.77
427.78,0,-0.05,0.0459356,0.0010147,0,0,3,14,0.77
427.88,0,-0.05,0.0368078,0.000577437,0,0,3,14,0.77
427.98,0,-0.05,0.0209488,0.000850066,0,0,3,14,0.77
428.08,0,-0.05,0.015001,0.000850158,0,0,3,14,0.77
428.18,0,-0.05,0.024044,0.000817133,0,0,3,14,0.77
428.28,0,-0.05,0.032148,0.000912407,0,0,3,14,0.77
428.38,0,-0.05,0.0364262,0.000774869,0,0,3,14,0.77
428.48,0,-0.05,0.036647,0.000762425,0,0,3,14,0.77
428.58,0,-0.05,0.0307409,0.00063693,0,0,3,14,0.77
428.68,0,-0.05,0.0253986,0.000871014,0,0,3,14,0.77
428.78,0,-0.05,0.0223502,0.000677321,0,0,3,14,0.77
428.88,0,-0.05,0.0208003,0.00037181,0,0,3,14,0.77
428.98,0,-0.05,0.0215068,0.00081992,0,0,3,14,0.77
429.08,0,-0.05,0.0285453,0.000967458,0,0,3,14,0.77
429.18,0,-0.05,0.0451351,0.000740889,0,0,3,14,0.77
429.28,0,-0.05,0.0494803,0.000641934,0,0,3,14,0.77
429.38,0,-0.05,0.0353664,0.000737309,0,0,3,14,0.77
429.48,0,-0.05,0.0235997,0.000562002,0,0,3,14,0.77
429.58,0,-0.05,0.015383,0.000708205,0,0,3,14,0.77
429.68,0,-0.05,0.0121035,0.000453306,0,0,3,14,0.77
429.78,0,-0.05,0.0162776,0.000701469,0,0,3,14,0.77
429.88,0,-0.05,0.0198968,0.00078093,0,0,3,14,0.77
429.98,0,-0.05,0.0226784,0.000431396,0,0,3,14,0.77
430.08,0,-0.05,0.0230918,0.000834304,0,0,3,14,0.77
430.18,0,-0.05,0.0199305,0.000672898,0,0,3,14,0.77
430.28,0,-0.05,0.0220442,0.000751194,0,0,3,14,0.77
430.38,0,-0.05,0.0321324,0.000872017,0,0,3,14,0.77
430.48,0,-0.05,0.0324641,0.000713663,0,0,3,14,0.77
430.58,0,-0.05,0.0180108,0.000645227,0,0,3,14,0.77
430.68,0,-0.05,0.00877739,0.000535778,0,0,3,14,0.77
430.78,0,-0.05,0.0208369,0.000643239,0,0,3,14,0.77
430.88,0,-0.05,0.0281284,0.000811849,0,0,3,14,0.77
430.98,0,-0.05,0.0159024,0.000847782,0,0,3,14,0.77
431.08,0,-0.05,0.0100775,0.000742218,0,0,3,14,0.77
431.18,0,-0.05,0.0303741,0.000813798,0,0,3,14,0.77
431.28,0,-0.05,0.048761,0.000730901,0,0,3,14,0.77
431.38,0,-0.05,0.0593197,0.000800389,0,0,3,14,0.77
431.48,0,-0.05,0.0680034,0.000710111,0,0,3,14,0.77
431.58,0,-0.05,0.0690312,0.000720793,0,0,3,14,0.77
431.68,0,-0.05,0.0667735,0.000695469,0,0,3,13,0.79
431.78,0,-0.05,0.0510853,0.0007621,0,0,3,13,0.79
431.88,0,-0.05,0.0360081,0.000902735,0,0,3,13,0.79
431.98,0,-0.05,0.0234383,0.000906579,0,0,3,13,0.79
432.08,0,-0.05,0.0154647,0.000767569,0,0,3,13,0.79
432.18,0,-0.05,0.0262546,0.000796143,0,0,3,13,0.79
432.28,0,-0.05,0.0323377,0.000617619,0,0,3,13,0.79
432.38,0,-0.05,0.0191266,0.000672605,0,0,3,13,0.79
432.48,0,-0.05,0.0144057,0.000712433,0,0,3,13,0.79
432.58,0,-0.05,0.0224991,0.000862912,0,0,3,13,0.79
432.68,0,-0.05,0.0284417,0.00101626,0,0,3,13,0.79
432.78,0,-0.05,0.0256044,0.000970411,0,0,3,13,0.79
432.88,0,-0.05,0.0216074,0.000855656,0,0,3,13,0.79
432.98,0,-0.05,0.0128586,0.000858841,0,0,3,13,0.79
433.08,0,-0.05,0.00758895,0.000591381,0,0,3,13,0.79
433.18,0,-0.05,0.016525,0.000760663,0,0,3,13,0.79
433.28,0,-0.05,0.0232132,0.000818907,0,0,3,13,0.79
433.38,0,-0.05,0.0207006,0.00068705,0,0,3,13,0.79
433.48,0,-0.05,0.0196592,0.000755848,0,0,3,13,0.79
433.58,0,-0.05,0.0246364,0.000583474,0,0,3,13,0.79
433.68,0,-0.05,0.0280783,0.000813617,0,0,3,13,0.79
433.78,0,-0.05,0.0252417,0.00084982,0,0,3,13,0.79
433.88,0,-0.05,0.0255935,0.00087396,0,0,3,13,0.79
433.98,0,-0.05,0.0307463,0.000672832,0,0,3,13,0.79
434.08,0,-0.05,0.0351567,0.000683712,0,0,3,13,0.79
434.18,0,-0.05,0.0365354,0.000746984,0,0,3,13,0.79
434.28,0,-0.05,0.0361899,0.000555506,0,0,3,12,0.79
434.38,0,-0.05,0.0287983,0.00076275,0,0,3,12,0.79
434.48,0,-0.05,0.0259683,0.00091187,0,0,3,12,0.79
434.58,0,-0.05,0.0300263,0.000779603,0,0,3,12,0.79
434.68,0,-0.05,0.0307111,0.000624212,0,0,3,13,0.79
434.78,0,-0.05,0.0176074,0.000827436,0,0,3,13,0.79
434.88,0,-0.05,0.00844957,0.000716475,0,0,3,13,0.79
434.98,0,-0.05,0.0154853,0.000966086,0,0,3,13,0.79
435.08,0,-0.05,0.0220114,0.000944514,0,0,3,13,0.79
435.18,0,-0.05,0.0277657,0.000726278,0,0,3,13,0.79
435.28,0,-0.05,0.0313601,0.000681683,0,0,3,13,0.79
435.38,0,-0.05,0.0261324,0.000560589,0,0,3,13,0.79
435.48,0,-0.05,0.024199,0.000780218,0,0,3,13,0.79
435.58,0,-0.05,0.035739,0.000830884,0,0,3,13,0.79
435.68,0,-0.05,0.042967,0.000732178,0,0,3,13,0.79
435.78,0,-0.05,0.0325661,0.00071387,0,0,3,13,0.79
435.88,0,-0.05,0.0309601,0.000755329,0,0,3,13,0.79
435.98,0,-0.05,0.0653508,0.00082573,0,0,3,13,0.79
436.08,0,-0.05,0.0813132,0.000667509,0,0,3,13,0.79
436.18,0,-0.05,0.0694073,0.000651122,0,0,3,13,0.79
436.28,0,-0.05,0.0557787,0.00077222,0,0,3,13,0.79
436.38,0,-0.05,0.0351082,0.000983529,0,0,3,13,0.79
436.48,0,-0.05,0.0246731,0.000893546,0,0,3,13,0.79
436.58,0,-0.05,0.0296977,0.000782741,0,0,3,13,0.79
436.68,0,-0.05,0.032092,0.000714858,0,0,3,13,0.79
436.78,0,-0.05,0.0237404,0.000625222,0,0,3,13,0.79
436.88,0,-0.05,0.0174215,0.000887561,0,0,3,13,0.79
436.98,0,-0.05,0.0194179,0.000760108,0,0,3,13,0.79
437.08,0,-0.05,0.0214614,0.000769709,0,0,3,13,0.79
437.18,0,-0.05,0.0236985,0.000780501,0,0,3,13,0.79
437.28,0,-0.05,0.025055,0.000772979,0,0,3,13,0.79
437.38,0,-0.05,0.0228201,0.000829235,0,0,3,13,0.79
437.48,0,-0.05,0.0218883,0.000616194,0,0,3,13,0.79
437.58,0,-0.05,0.0262928,0.000713823,0,0,3,13,0.79
437.68,0,-0.05,0.0321649,0.000759768,0,0,3,13,0.79
437.78,0,-0.05,0.0440484,0.000792303,0,0,3,13,0.79
437.88,0,-0.05,0.0426777,0.000547215,0,0,3,13,0.79
437.98,0,-0.05,0.0213053,0.000653713,0,0,3,13,0.79
438.08,0,-0.05,0.00823938,0.000686631,0,0,3,13,0.79
438.18,0,-0.05,0.0292344,0.000963711,0,0,3,13,0.79
438.28,0,-0.05,0.0432688,0.000975744,0,0,3,13,0.79
438.38,0,-0.05,0.0288933,0.000914132,0,0,3,13,0.79
438.48,0,-0.05,0.0222649,0.000812335,0,0,3,13,0.79
438.58,0,-0.05,0.0273233,0.000665816,0,0,3,13,0.79
438.68,0,-0.05,0.0332394,0.000713968,0,0,3,13,0.79
438.78,0,-0.05,0.0404486,0.000867086,0,0,3,13,0.79
438.88,0,-0.05,0.0417662,0.000686898,0,0,3,13,0.79
438.98,0,-0.05,0.0190502,0.00074715,0,0,3,13,0.79
439.08,0,-0.05,0.0103177,0.000723216,0,0,3,13,0.79
439.18,0,-0.05,0.0226972,0.000835395,0,0,3,13,0.79
439.28,0,-0.05,0.0288728,0.000581364,0,0,3,13,0.79
439.38,0,-0.05,0.0256647,0.000582981,0,0,3,13,0.79
439.48,0,-0.05,0.023902,0.00069021,0,0,3,13,0.79
439.58,0,-0.05,0.0280521,0.000802418,0,0,3,13,0.79
439.68,0,-0.05,0.0313579,0.00084502,0,0,3,13,0.79
439.78,0,-0.05,0.031222,0.000561815,0,0,3,13,0.79
439.88,0,-0.05,0.0327868,0.000777367,0,0,3,13,0.79
439.98,0,-0.05,0.0413135,0.000728854,0,0,3,13,0.79
440.08,0,-0.05,0.0465126,0.000921229,0,0,3,13,0.79
440.18,0,-0.05,0.0380884,0.00080283,0,0,3,13,0.79
440.28,0,-0.05,0.0291314,0.000627993,0,0,3,13,0.79
440.38,0,-0.05,0.0179985,0.000783411,0,0,3,13,0.79
440.48,0,-0.05,0.0111621,0.000642617,0,0,3,13,0.79
440.58,0,-0.05,0.0218726,0.000760652,0,0,3,13,0.79
440.68,0,-0.05,0.031685,0.000818168,0,0,3,13,0.79
440.78,0,-0.05,0.0378229,0.000951516,0,0,3,13,0.79
440.88,0,-0.05,0.042993,0.0007506,0,0,3,13,0.79
440.98,0,-0.05,0.0442042,0.000808133,0,0,3,13,0.79
441.08,0,-0.05,0.045324,0.000781812,0,0,3,13,0.79
441.18,0,-0.05,0.0460698,0.00077377,0,0,3,13,0.79
441.28,0,-0.05,0.0437395,0.000598506,0,0,3,12,0.79
441.38,0,-0.05,0.036756,0.000898399,0,0,3,12,0.79
441.48,0,-0.05,0.0361154,0.000818394,0,0,3,12,0.79
441.58,0,-0.05,0.0450362,0.000558477,0,0,3,12,0.79
441.68,0,-0.05,0.0485682,0.000684426,0,0,3,12,0.83
441.78,0,-0.05,0.030104,0.000503627,0,0,3,12,0.83
441.88,0,-0.05,0.0217497,0.000894944,0,0,3,12,0.83
441.98,0,-0.05,0.0547879,0.000840385,0,0,3,12,0.83
442.08,0,-0.05,0.0675725,0.000832423,0,0,3,12,0.83
442.18,0,-0.05,0.0497389,0.000729292,0,0,3,12,0.83
442.28,0,-0.05,0.0367507,0.000913551,0,0,3,12,0.83
442.38,0,-0.05,0.0310747,0.000807271,0,0,3,12,0.83
442.48,0,-0.05,0.0259971,0.000825641,0,0,3,12,0.83
442.58,0,-0.05,0.0218241,0.000621911,0,0,3,12,0.83
442.68,0,-0.05,0.0281276,0.000926106,0,0,3,12,0.83
442.78,0,-0.05,0.0502572,0.00070627,0,0,3,12,0.83
442.88,0,-0.05,0.0540024,0.000998295,0,0,3,12,0.83
442.98,0,-0.05,0.0300353,0.00109442,0,0,3,12,0.83
443.08,0,-0.05,0.0256515,0.000891239,0,0,3,12,0.83
443.18,0,-0.05,0.0508195,0.000849098,0,0,3,12,0.83
443.28,0,-0.05,0.0574339,0.000812202,0,0,3,12,0.83
443.38,0,-0.05,0.0360947,0.000978632,0,0,3,12,0.83
443.48,0,-0.05,0.028192,0.000904367,0,0,3,12,0.83
443.58,0,-0.05,0.0405697,0.000860706,0,0,3,12,0.83
443.68,0,-0.05,0.0483948,0.000921565,0,0,3,12,0.83
443.78,0,-0.05,0.0493345,0.000901926,0,0,3,12,0.83
443.88,0,-0.05,0.0484744,0.000928129,0,0,3,12,0.83
443.98,0,-0.05,0.0402349,0.000985258,0,0,3,12,0.83
444.08,0,-0.05,0.0325088,0.00079722,0,0,3,12,0.83
444.18,0,-0.000578395,0.0268809,0.000905944,0,0,3,12,0.83
444.28,0,0,0.0235761,0.000711154,0,0,3,14,0.83
444.38,0,0,0.0297509,0.000924075,0,0,3,14,0.83
444.48,0,0,0.032788,0.000889314,0,0,3,14,0.83
444.58,0,0,0.0229854,0.000978334,0,0,3,14,0.83
444.68,0,0,0.0193755,0.000699031,0,0,3,14,0.77
444.78,0,0,0.0251174,0.000744621,0,0,3,14,0.77
444.88,0,0,0.0287421,0.000745113,0,0,3,14,0.77
444.98,0,0,0.0236992,0.000722237,0,0,3,14,0.77
445.08,0,0,0.0185956,0.000731194,0,0,3,14,0.77
445.18,0,0,0.0132439,0.00057501,0,0,3,14,0.77
445.28,0,0,0.0124792,0.000850411,0,0,3,14,0.77
445.38,0,0,0.0304595,0.000684249,0,0,3,14,0.77
445.48,0,0,0.0455173,0.000804204,0,0,3,14,0.77
445.58,0,0,0.0486066,0.000861604,0,0,3,14,0.77
445.68,0,0,0.0501569,0.000872943,0,0,3,14,0.77
445.78,0,0,0.0454225,0.000829423,0,0,3,14,0.77
445.88,0,0,0.0430504,0.000633908,0,0,3,14,0.77
445.98,0,0,0.0503529,0.000684758,0,0,3,14,0.77
446.08,0,0,0.0543104,0.00101277,0,0,3,14,0.77
446.18,0,0,0.0532204,0.000951399,0,0,3,14,0.77
446.28,0,0,0.0517081,0.000666454,0,0,3,14,0.77
446.38,0,0,0.0484737,0.000778177,0,0,3,14,0.77
446.48,0,0,0.0407384,0.00111234,0,0,3,14,0.77
446.58,0,0,0.0262206,0.000702042,0,0,3,14,0.77
446.68,0,0,0.014526,0.00094962,0,0,3,14,0.77
446.78,0,0,0.0143523,0.000894981,0,0,3,14,0.77
446.88,0,0,0.0142768,0.000864945,0,0,3,14,0.77
446.98,0,0,0.0146036,0.000815863,0,0,3,14,0.77
447.08,0,0,0.0146634,0.00082818,0,0,3,14,0.77
447.18,0,0,0.0136337,0.000707447,0,0,3,14,0.77
447.28,0,0,0.0152686,0.000820215,0,0,3,14,0.77
447.38,0,0,0.0277986,0.000840887,0,0,3,14,0.77
447.48,0,0,0.0308126,0.000993684,0,0,3,14,0.77
447.58,0,0,0.0194355,0.000752246,0,0,3,14,0.77
447.68,0,0,0.0135121,0.000877622,0,0,3,14,0.77
447.78,0,0,0.0298682,0.000776089,0,0,3,14,0.77
447.88,0,0,0.0391931,0.000843901,0,0,3,14,0.77
447.98,0,0,0.0197522,0.000787138,0,0,3,14,0.77
448.08,0,0,0.0112096,0.000666008,0,0,3,14,0.77
448.18,0,0,0.0191039,0.00060648,0,0,3,14,0.77
448.28,0,0,0.0248062,0.000837919,0,0,3,14,0.77
448.38,0,0,0.0271974,0.000946278,0,0,3,14,0.77
448.48,0,0,0.0270379,0.000793919,0,0,3,13,0.77
448.58,0,0,0.0230287,0.000951695,0,0,3,13,0.77
448.68,0,0,0.0218533,0.00076844,0,0,3,13,1.04
448.78,0,0,0.0249625,0.000703122,0,0,3,13,1.04
448.88,0,0,0.0238219,0.000621439,0,0,3,13,1.04
448.98,0,0,0.0162657,0.000934567,0,0,3,13,1.04
449.08,0,0,0.00968612,0.000933935,0,0,3,13,1.04
449.18,0,0,0.00708754,0.00079199,0,0,3,13,1.04
449.28,0,0,0.00868268,0.000927786,0,0,3,13,1.04
449.38,0,0,0.0274088,0.000596023,0,0,3,13,1.04
449.48,0,0,0.0390855,0.000953558,0,0,3,12,1.04
449.58,0,0,0.0219877,0.000742577,0,0,3,12,1.04
449.68,0,0,0.00935302,0.000724016,0,0,3,12,1.11
449.78,0,0,0.0149913,0.000637766,0,0,3,12,1.11
449.88,0,0,0.0193552,0.00068714,0,0,3,12,1.11
449.98,0,0,0.0217927,0.000531497,0,0,3,12,1.11
450.08,0,0,0.0263707,0.000840079,0,0,3,12,1.11
450.18,0,0,0.0341833,0.000746196,0,0,3,12,1.11
450.28,0,0,0.0411121,0.000747738,0,0,3,12,1.11
450.38,0,0,0.0444296,0.000716885,0,0,3,12,1.11
450.48,0,0,0.0479935,0.000607956,0,0,3,12,1.11
450.58,0,0,0.0525655,0.000845693,0,0,3,12,1.11
450.68,0,0,0.0510328,0.000775069,0,0,3,12,1.11
450.78,0,0,0.040271,0.000786061,0,0,3,12,1.11
450.88,0,0,0.0325339,0.00101863,0,0,3,12,1.11
450.98,0,0,0.0371734,0.000678472,0,0,3,12,1.11
451.08,0,0,0.0408606,0.000661719,0,0,3,12,1.11
451.18,0,0,0.0431126,0.000818955,0,0,3,12,1.11
451.28,0,0,0.0410912,0.000718606,0,0,3,12,1.11
451.38,0,0,0.0215892,0.000612639,0,0,3,12,1.11
451.48,0,0,0.0144841,0.000652318,0,0,3,12,1.11
451.58,0,0,0.0261306,0.000717185,0,0,3,12,1.11
451.68,0,0,0.0385288,0.000780162,0,0,3,12,1.11
451.78,0,0,0.0520616,0.000794168,0,0,3,12,1.11
451.88,0,0,0.0588978,0.000748226,0,0,3,12,1.11
451.98,0,0,0.0383355,0.000826297,0,0,3,12,1.11
452.08,0,0,0.0276931,0.000900118,0,0,3,12,1.11
452.18,0,0,0.0320415,0.000981397,0,0,3,12,1.11
452.28,0,0,0.0308605,0.000694247,0,0,3,13,1.11
452.38,0,0,0.0213462,0.000873519,0,0,3,13,1.11
452.48,0,0,0.0268844,0.000944509,0,0,3,13,1.11
452.58,0,0,0.0551707,0.000900984,0,0,3,13,1.11
452.68,0,0,0.0724626,0.00103806,0,0,3,13,1.11
452.78,0,0,0.0448119,0.00104768,0,0,3,13,1.11
452.88,0,0,0.0327729,0.000772878,0,0,3,14,1.11
452.98,0,0,0.0443055,0.000721181,0,0,3,14,1.11
453.08,0,0,0.0487064,0.000678724,0,0,3,14,1.11
453.18,0,0,0.042334,0.000702419,0,0,3,14,1.11
453.28,0,0,0.0361517,0.000656469,0,0,3,14,1.11
453.38,0,0,0.0307452,0.000728417,0,0,3,14,1.11
453.48,0,0,0.0284747,0.000933953,0,0,3,14,1.11
453.58,0,0,0.0390322,0.000921322,0,0,3,14,1.11
453.68,0,0,0.0428464,0.000786217,0,0,3,14,0.77
453.78,0,0,0.0192066,0.000617533,0,0,3,14,0.77
453.88,0,0,0.0102924,0.000895415,0,0,3,14,0.77
453.98,0,0,0.0235552,0.00104818,0,0,3,14,0.77
454.08,0,0,0.0523674,0.000737477,0,0,3,14,0.77
454.18,0,0,0.144561,0.000515962,0,0,3,14,0.77
454.28,0,0,0.176189,0.000712076,0,0,3,14,0.77
454.38,0,0,0.116587,0.00080504,0,0,3,14,0.77
454.48,0,0,0.0629435,0.000854535,0,0,3,14,0.77
454.58,0,0,0.033708,0.000760136,0,0,3,14,0.77
454.68,0,0,0.0258107,0.000982441,0,0,3,13,0.77
454.78,0,0,0.0501135,0.000894074,0,0,3,13,0.77
454.88,0,0,0.0648901,0.000951655,0,0,3,13,0.83
454.98,0,0,0.040775,0.00101485,0,0,3,13,0.83
455.08,0,0,0.027343,0.000825835,0,0,3,13,0.83
455.18,0,0,0.0575673,0.000866781,0,0,3,13,0.83
455.28,0,0,0.0766286,0.000825983,0,0,3,13,0.83
455.38,0,0,0.0501505,0.000952569,0,0,3,13,0.83
455.48,0,0,0.0334704,0.000916532,0,0,3,13,0.83
455.58,0,0,0.031555,0.000758809,0,0,3,13,0.83
455.68,0,0,0.0310346,0.000919873,0,0,3,14,0.77
455.78,0,0,0.0362061,0.000753316,0,0,3,14,0.77
455.88,0,0,0.0451316,0.00087814,0,0,3,14,0.77
455.98,0,0,0.069398,0.000834478,0,0,3,14,0.77
456.08,0,0,0.0836242,0.000633253,0,0,3,14,0.77
456.18,0,0,0.0568862,0.000767374,0,0,3,14,0.77
456.28,0,0,0.0403628,0.000775366,0,0,3,14,0.77
456.38,0,0,0.0392547,0.000739672,0,0,3,14,0.77
456.48,0,0,0.0495754,0.000881478,0,0,3,14,0.77
456.58,0,0,0.0771838,0.000697253,0,0,3,14,0.77
456.68,0,0,0.0810894,0.00059521,0,0,3,14,0.77
456.78,0,0,0.0490907,0.000711558,0,0,3,14,0.77
456.88,0,0,0.0330612,0.000743492,0,0,3,14,0.77
456.98,0,0,0.0411692,0.000877476,0,0,3,14,0.77
457.08,0,0,0.0396827,0.000728431,0,0,3,14,0.77
457.18,0,0,0.0237342,0.000880563,0,0,3,14,0.77
457.28,0,0,0.0213377,0.000803478,0,0,3,14,0.77
457.38,0,0,0.0393916,0.000853678,0,0,3,14,0.77
457.48,0,0,0.0442303,0.000768799,0,0,3,14,0.77
457.58,0,0,0.0291295,0.000740606,0,0,3,14,0.77
457.68,0,0,0.0156825,0.000656001,0,0,3,14,0.77
457.78,0,0,0.00898697,0.000944808,0,0,3,14,0.77
457.88,0,0,0.00645723,0.000706796,0,0,3,14,0.77
457.98,0,0,0.0209866,0.000649194,0,0,3,14,0.77
458.08,0,0,0.0290841,0.000642844,0,0,3,14,0.77
458.18,0,0,0.0274561,0.00102083,0,0,3,14,0.77
458.28,0,0,0.0244009,0.00105469,0,0,3,13,0.77
458.38,0,0,0.0191883,0.000872079,0,0,3,13,0.77
458.48,0,0,0.01692,0.0009067,0,0,3,13,0.77
458.58,0,0,0.0266906,0.000605358,0,0,3,13,0.77
458.68,0,0,0.0323163,0.000733597,0,0,3,13,0.83
458.78,0,0,0.021009,0.000715486,0,0,3,13,0.83
458.88,0,0,0.0195181,0.000810412,0,0,3,13,0.83
458.98,0,0,0.0328168,0.000778462,0,0,3,13,0.83
459.08,0,0,0.0343888,0.000780239,0,0,3,13,0.83
459.18,0,0,0.0182565,0.000599926,0,0,3,13,0.83
459.28,0,0,0.0106719,0.000522261,0,0,3,13,0.83
459.38,0,0,0.0160189,0.000762168,0,0,3,13,0.83
459.48,0,0,0.0172402,0.00100043,0,0,3,13,0.83
459.58,0,0,0.0122331,0.000848988,0,0,3,13,0.83
459.68,0,0,0.0154883,0.000735195,0,0,3,13,0.83
459.78,0,0,0.0312326,0.000848858,0,0,3,13,0.83
459.88,0,0,0.0380165,0.000730457,0,0,3,13,0.83
459.98,0,0,0.0312629,0.000854579,0,0,3,13,0.83
460.08,0,0,0.0267035,0.000884017,0,0,3,13,0.83
460.18,0,0,0.0254513,0.000736159,0,0,3,13,0.83
460.28,0,0,0.0216554,0.000937891,0,0,3,13,0.83
460.38,0,0,0.014022,0.000837027,0,0,3,13,0.83
460.48,0,0,0.0122573,0.000759398,0,0,3,13,0.83
460.58,0,0,0.0193341,0.000745951,0,0,3,13,0.83
460.68,0,0,0.0279915,0.000835736,0,0,3,13,0.83
460.78,0,0,0.0431099,0.000786453,0,0,3,13,0.83
460.88,0,0,0.0495605,0.000681187,0,0,3,13,0.83
460.98,0,0,0.0429352,0.000962436,0,0,3,13,0.83
461.08,0,0,0.0357417,0.000797305,0,0,3,13,0.83
461.18,0,0,0.0276897,0.000805603,0,0,3,13,0.83
461.28,0,0,0.0218778,0.000841406,0,0,3,13,0.83
461.38,0,0,0.0194457,0.00045521,0,0,3,13,0.83
461.48,0,0,0.019199,0.000519961,0,0,3,13,0.83
461.58,0,0,0.0278573,0.000641477,0,0,3,13,0.83
461.68,0,0,0.0295345,0.000828935,0,0,3,13,0.83
461.78,0,0,0.0206982,0.000511855,0,0,3,13,0.83
461.88,0,0,0.0158543,0.00099836,0,0,3,13,0.83
461.98,0,0,0.0272974,0.00102216,0,0,3,13,0.83
462.08,0,0,0.0373967,0.000878375,0,0,3,13,0.83
462.18,0,0,0.0454709,0.00104208,0,0,3,13,0.83
462.28,0,0,0.0437161,0.000735399,0,0,3,13,0.83
462.38,0,0,0.0271146,0.000779762,0,0,3,13,0.83
462.48,0,0,0.0163057,0.000399905,0,0,3,14,0.83
462.58,0,0,0.0142657,0.000705065,0,0,3,14,0.83
462.68,0,0,0.0156205,0.000844317,0,0,3,14,0.77
462.78,0,0,0.0221023,0.000952714,0,0,3,14,0.77
462.88,0,0,0.0276352,0.00100041,0,0,3,14,0.77
462.98,0,0,0.0317368,0.000463973,0,0,3,14,0.77
463.08,0,0,0.0342053,0.000841694,0,0,3,14,0.77
463.18,0,0,0.0342053,0.000655139,0,0,3,14,0.77
463.28,0,0,0.033965,0.000802144,0,0,3,14,0.77
463.38,0,0,0.0327381,0.00080242,0,0,3,14,0.77
463.48,0,0,0.0346258,0.000792506,0,0,3,14,0.77
463.58,0,0,0.0412164,0.000779259,0,0,3,14,0.77
463.68,0,0,0.0412758,0.000819926,0,0,3,14,0.77
463.78,0,0,0.0314969,0.000858968,0,0,3,14,0.77
463.88,0,0,0.0247367,0.000827078,0,0,3,14,0.77
463.98,0,0,0.0225376,0.000560258,0,0,3,14,0.77
464.08,0,0,0.031181,0.00073179,0,0,3,14,0.77
464.18,0,0,0.0562422,0.000743717,0,0,3,14,0.77
464.28,0,0,0.0699991,0.000648346,0,0,3,14,0.77
464.38,0,0,0.0375112,0.000750654,0,0,3,14,0.77
464.48,0,0,0.0174014,0.000901465,0,0,3,14,0.77
464.58,0,0,0.0479605,0.000877401,0,0,3,14,0.77
464.68,0,0,0.0660755,0.000904475,0,0,3,14,0.77
464.78,0,0,0.0334789,0.000872251,0,0,3,14,0.77
464.88,0,0,0.015219,0.000794577,0,0,3,14,0.77
464.98,0,0,0.0556681,0.000824561,0,0,3,14,0.77
465.08,0,0,0.0689519,0.000889322,0,0,3,14,0.77
465.18,0,0,0.0411981,0.000789251,0,0,3,14,0.77
465.28,0,0,0.0342623,0.000834956,0,0,3,14,0.77
465.38,0,0,0.058697,0.000679356,0,0,3,14,0.77
465.48,0,0,0.0767266,0.000803616,0,0,3,14,0.77
465.58,0,0,0.0850628,0.000652835,0,0,3,14,0.77
465.68,0,0,0.0859676,0.000815821,0,0,3,14,0.77
465.78,0,0,0.0564946,0.000883753,0,0,3,14,0.77
465.88,0,0,0.0307982,0.000779941,0,0,3,14,0.77
465.98,0,0,0.0205799,0.000761499,0,0,3,14,0.77
466.08,0,0,0.0149086,0.000926653,0,0,3,14,0.77
466.18,0,0,0.0278318,0.000631528,0,0,3,14,0.77
466.28,0,0,0.0365534,0.000679071,0,0,3,14,0.77
466.38,0,0,0.0281421,0.000845386,0,0,3,14,0.77
466.48,0,0,0.027786,0.000848592,0,0,3,14,0.77
466.58,0,0,0.0395641,0.000818291,0,0,3,14,0.77
466.68,0,0,0.0486238,0.000835624,0,0,3,14,0.77
466.78,0,0,0.0535817,0.000657173,0,0,3,14,0.77
466.88,0,0,0.0583671,0.000893794,0,0,3,14,0.77
466.98,0,0,0.0624452,0.00107112,0,0,3,14,0.77
467.08,0,0,0.0592806,0.00101782,0,0,3,14,0.77
467.18,0,0,0.0451639,0.000946391,0,0,3,14,0.77
467.28,0,0,0.0352507,0.000953517,0,0,3,14,0.77
467.38,0,0,0.0316793,0.000911802,0,0,3,14,0.77
467.48,0,0,0.030952,0.000830361,0,0,3,14,0.77
467.58,0,0,0.034525,0.000674251,0,0,3,14,0.77
467.68,0,0,0.0398875,0.000673433,0,0,3,14,0.77
467.78,0,0,0.0479512,0.000809783,0,0,3,14,0.77
467.88,0,0,0.0457597,0.000723615,0,0,3,14,0.77
467.98,0,0,0.028089,0.000795982,0,0,3,14,0.77
468.08,0,0,0.0158204,0.000655633,0,0,3,14,0.77
468.18,0,0,0.0116979,0.000710155,0,0,3,14,0.77
468.28,0,0,0.0129674,0.000825216,0,0,3,14,0.77
468.38,0,0,0.0223648,0.000574296,0,0,3,14,0.77
468.48,0,0,0.0306295,0.000897162,0,0,3,14,0.77
468.58,0,0,0.0371842,0.000811351,0,0,3,14,0.77
468.68,0,0,0.0433072,0.000853741,0,0,3,14,0.77
468.78,0,0,0.047667,0.00065211,0,0,3,14,0.77
468.88,0,0,0.0475761,0.000761813,0,0,3,14,0.77
468.98,0,0,0.0407685,0.00074447,0,0,3,14,0.77
469.08,0,0,0.0317,0.000696469,0,0,3,14,0.77
469.18,0,0,0.0192197,0.00063784,0,0,3,14,0.77
469.28,0,0,0.0154804,0.000814537,0,0,3,14,0.77
469.38,0,0,0.0249708,0.000766523,0,0,3,14,0.77
469.48,0,0,0.0326785,0.000736492,0,0,3,13,0.77
469.58,0,0,0.0376995,0.000733293,0,0,3,13,0.77
469.68,0,0,0.0360077,0.000774457,0,0,3,13,0.83
469.78,0,0,0.0241926,0.000817082,0,0,3,13,0.83
469.88,0,0,0.0219791,0.000829853,0,0,3,13,0.83
469.98,0,0,0.0342475,0.000606119,0,0,3,13,0.83
470.08,0,0,0.0399127,0.000653664,0,0,3,14,0.83
470.18,0,0,0.0356029,0.00072056,0,0,3,14,0.83
470.28,0,0,0.0342542,0.000731068,0,0,3,14,0.83
470.38,0,0,0.0450072,0.00071,0,0,3,14,0.83
470.48,0,0,0.0503565,0.000698068,0,0,3,14,0.83
470.58,0,0,0.0475398,0.000618355,0,0,3,14,0.83
470.68,0,0,0.0441685,0.000751373,0,0,3,14,0.77
470.78,0,0,0.0385313,0.000755651,0,0,3,14,0.77
470.88,0,0,0.0334755,0.000661591,0,0,3,14,0.77
470.98,0,0,0.0308016,0.000763763,0,0,3,14,0.77
471.08,0,0,0.0275196,0.000749091,0,0,3,14,0.77
471.18,0,0,0.0217498,0.000675604,0,0,3,14,0.77
471.28,0,0,0.0187761,0.000543204,0,0,3,14,0.77
471.38,0,0,0.0271926,0.000612878,0,0,3,14,0.77
471.48,0,0,0.0334844,0.000825776,0,0,3,13,0.77
471.58,0,0,0.0310841,0.000660899,0,0,3,13,0.77
471.68,0,0,0.0294538,0.000655685,0,0,3,13,0.77
471.78,0,0,0.0309776,0.000737408,0,0,3,13,0.77
471.88,0,0,0.0354579,0.000794502,0,0,3,13,0.77
471.98,0,0,0.0520483,0.000605635,0,0,3,13,0.77
472.08,0,0,0.056278,0.000984549,0,0,3,13,0.77
472.18,0,0,0.0418278,0.000893422,0,0,3,13,0.77
472.28,0,0,0.029387,0.000617964,0,0,3,13,0.77
472.38,0,0,0.0199792,0.000896914,0,0,3,13,0.77
472.48,0,0,0.0185841,0.000605487,0,0,3,13,0.77
472.58,0,0,0.0292976,0.000792075,0,0,3,13,0.77
472.68,0,0,0.0369968,0.000870872,0,0,3,13,0.83
472.78,0,0,0.040158,0.00086378,0,0,3,13,0.83
472.88,0,0,0.0366938,0.000744391,0,0,3,13,0.83
472.98,0,0,0.0232293,0.000826006,0,0,3,13,0.83
473.08,0,0,0.0205255,0.000873567,0,0,3,13,0.83
473.18,0,0,0.0340519,0.000638548,0,0,3,13,0.83
473.28,0,0,0.0369799,0.000905964,0,0,3,13,0.83
473.38,0,0,0.0239005,0.00104719,0,0,3,13,0.83
473.48,0,0,0.0203778,0.00091201,0,0,3,13,0.83
473.58,0,0,0.0312894,0.000748091,0,0,3,13,0.83
473.68,0,0,0.0341622,0.000849442,0,0,3,13,0.83
473.78,0,0,0.0248906,0.000751751,0,0,3,13,0.83
473.88,0,0,0.0172481,0.000790016,0,0,3,13,0.83
473.98,0,0,0.0120652,0.000673167,0,0,3,13,0.83
474.08,0,0,0.0136928,0.000771423,0,0,3,13,0.83
474.18,0,0,0.0256284,0.00087031,0,0,3,13,0.83
474.28,0,0,0.0325197,0.000649464,0,0,3,13,0.83
474.38,0,0,0.031811,0.000710248,0,0,3,13,0.83
474.48,0,0,0.0270207,0.000762827,0,0,3,13,0.83
474.58,0,0,0.0160704,0.00077586,0,0,3,13,0.83
474.68,0,0,0.0106967,0.000952485,0,0,3,13,0.83
474.78,0,0,0.0137307,0.00050649,0,0,3,13,0.83
474.88,0,0,0.0182472,0.000546083,0,0,3,13,0.83
474.98,0,0,0.0250035,0.000954793,0,0,3,13,0.83
475.08,0,0,0.0295681,0.00082517,0,0,3,13,0.83
475.18,0,0,0.0308214,0.000851697,0,0,3,13,0.83
475.28,0,0,0.0301035,0.000733535,0,0,3,13,0.83
475.38,0,0,0.0264096,0.000765081,0,0,3,13,0.83
475.48,0,0,0.0245632,0.000826769,0,0,3,13,0.83
475.58,0,0,0.0255083,0.000791926,0,0,3,13,0.83
475.68,0,0,0.0280656,0.000664219,0,0,3,13,0.83
475.78,0,0,0.0330559,0.000751521,0,0,3,13,0.83
475.88,0,0,0.0334699,0.000632751,0,0,3,13,0.83
475.98,0,0,0.0269882,0.00097512,0,0,3,13,0.83
476.08,0,0,0.0284694,0.00095943,0,0,3,13,0.83
476.18,0,0,0.0419901,0.00078819,0,0,3,13,0.83
476.28,0,0,0.0447322,0.000622296,0,0,3,13,0.83
476.38,0,0,0.0312197,0.000695699,0,0,3,13,0.83
476.48,0,0,0.0253817,0.000753488,0,0,3,13,0.83
476.58,0,0,0.031146,0.000746259,0,0,3,13,0.83
476.68,0,0,0.0431573,0.000859401,0,0,3,13,0.83
476.78,0,0,0.0807005,0.000939264,0,0,3,13,0.83
476.88,0,0,0.119945,0.000815703,0,0,3,13,0.83
476.98,0,0,0.161754,0.00097381,0,0,3,13,0.83
477.08,0,0,0.162833,0.000984865,0,0,3,13,0.83
477.18,0,0,0.102228,0.000803831,0,0,3,13,0.83
477.28,0,0,0.0565144,0.000638096,0,0,3,13,0.83
477.38,0,0,0.0332336,0.000797016,0,0,3,13,0.83
477.48,0,0,0.0394767,0.000837527,0,0,3,13,0.83
477.58,0,0,0.0902424,0.000921491,0,0,3,13,0.83
477.68,0,0,0.118385,0.000806117,0,0,3,13,0.83
477.78,0,0,0.112407,0.000683941,0,0,3,13,0.83
477.88,0,0,0.0962082,0.000595,0,0,3,13,0.83
477.98,0,0,0.064583,0.000599904,0,0,3,13,0.83
478.08,0,0,0.0420121,0.000655439,0,0,3,13,0.83
478.18,0,0,0.0331426,0.000657153,0,0,3,13,0.83
478.28,0,0,0.027258,0.000810937,0,0,3,13,0.83
478.38,0,0,0.0335505,0.000806532,0,0,3,13,0.83
478.48,0,0,0.046233,0.000683688,0,0,3,13,0.83
478.58,0,0,0.0685669,0.000735976,0,0,3,13,0.83
478.68,0,0,0.0807584,0.000961662,0,0,3,13,0.83
478.78,0,0,0.0776256,0.00118091,0,0,3,13,0.83
478.88,0,0,0.070768,0.000780286,0,0,3,13,0.83
478.98,0,0,0.0583008,0.000878872,0,0,3,13,0.83
479.08,0,0,0.0432979,0.000664777,0,0,3,13,0.83
479.18,0,0,0.0244699,0.000772617,0,0,3,13,0.83
479.28,0,0,0.0215682,0.000888133,0,0,3,13,0.83
479.38,0,0,0.0426628,0.00088887,0,0,3,13,0.83
479.48,0,0,0.0668803,0.000702558,0,0,3,13,0.83
479.58,0,0,0.0958218,0.00081075,0,0,3,13,0.83
479.68,0,0,0.0990612,0.000766332,0,0,3,13,0.83
479.78,0,0,0.063507,0.000737198,0,0,3,13,0.83
479.88,0,0,0.0402971,0.000809769,0,0,3,13,0.83
479.98,0,0,0.0357506,0.000714601,0,0,3,13,0.83
480.08,0,0,0.0318209,0.000770665,0,0,3,13,0.83
480.18,0,0,0.0288227,0.000872577,0,0,3,13,0.83
480.28,0,0,0.0230729,0.000877665,0,0,3,13,0.83
480.38,0,0,0.0131655,0.000776367,0,0,3,13,0.83
480.48,0,0,0.0161791,0.000959789,0,0,3,13,0.83
480.58,0,0,0.038656,0.000757024,0,0,3,13,0.83
480.68,0,0,0.0526221,0.000773729,0,0,3,13,0.83
480.78,0,0,0.0317629,0.000693019,0,0,3,13,0.83
480.88,0,0,0.0168833,0.000763221,0,0,3,13,0.83
480.98,0,0,0.0264734,0.000832427,0,0,3,13,0.83
481.08,0,0,0.0378083,0.000886452,0,0,3,13,0.83
481.18,0,0,0.0562638,0.00073344,0,0,3,13,0.83
481.28,0,0,0.0735297,0.000722419,0,0,3,13,0.83
481.38,0,0,0.089,0.000830632,0,0,3,13,0.83
481.48,0,0,0.0937788,0.000748861,0,0,3,13,0.83
481.58,0,0,0.0823962,0.00074044,0,0,3,13,0.83
481.68,0,0,0.0712416,0.000829977,0,0,3,13,0.83
481.78,0,0,0.0610211,0.000741701,0,0,3,13,0.83
481.88,0,0,0.0495188,0.000749578,0,0,3,13,0.83
481.98,0,0,0.0327508,0.000789346,0,0,3,13,0.83
482.08,0,0,0.0260931,0.000598778,0,0,3,13,0.83
482.18,0,0,0.0346705,0.000696205,0,0,3,13,0.83
482.28,0,0,0.0391114,0.000721074,0,0,3,13,0.83
482.38,0,0,0.0373245,0.000755669,0,0,3,13,0.83
482.48,0,0,0.032587,0.000801555,0,0,3,13,0.83
482.58,0,0,0.02339,0.000606734,0,0,3,13,0.83
482.68,0,0,0.018084,0.000616189,0,0,3,13,0.83
482.78,0,0,0.0286915,0.000789162,0,0,3,13,0.83
482.88,0,0,0.0386359,0.000826549,0,0,3,13,0.83
482.98,0,0,0.0458673,0.00074679,0,0,3,13,0.83
483.08,0,0,0.0444773,0.000714817,0,0,3,13,0.83
483.18,0,0,0.0300553,0.0009469,0,0,3,13,0.83
483.28,0,0,0.0212643,0.000608123,0,0,3,13,0.83
483.38,0,0,0.0209799,0.000800341,0,0,3,13,0.83
483.48,0,0,0.0250651,0.000653821,0,0,3,13,0.83
483.58,0,0,0.0357596,0.000788769,0,0,3,13,0.83
483.68,0,0,0.0388537,0.000953514,0,0,3,13,0.83
483.78,0,0,0.030486,0.000804522,0,0,3,13,0.83
483.88,0,0,0.0262036,0.00092192,0,0,3,13,0.83
483.98,0,0,0.0280784,0.000863614,0,0,3,13,0.83
484.08,0,0,0.0281771,0.000603919,0,0,3,13,0.83
484.18,0,0,0.0255946,0.000555971,0,0,3,13,0.83
484.28,0,0,0.0281295,0.000808628,0,0,3,13,0.83
484.38,0,0,0.0383841,0.00109672,0,0,3,13,0.83
484.48,0,0,0.0415604,0.00102706,0,0,3,13,0.83
484.58,0,0,0.034048,0.000910752,0,0,3,13,0.83
484.68,0,0,0.0395974,0.000681387,0,0,3,13,0.83
484.78,0,0,0.0648584,0.00067859,0,0,3,13,0.83
484.88,0,0,0.0697795,0.000856286,0,0,3,13,0.83
484.98,0,0,0.0439508,0.000730064,0,0,3,13,0.83
485.08,0,0,0.0286456,0.000811302,0,0,3,13,0.83
485.18,0,0,0.0291977,0.000578806,0,0,3,13,0.83
485.28,0,0,0.027674,0.000862161,0,0,3,13,0.83
485.38,0,0,0.0230215,0.000623021,0,0,3,13,0.83
485.48,0,0,0.0233814,0.000755846,0,0,3,13,0.83
485.58,0,0,0.031302,0.000814058,0,0,3,13,0.83
485.68,0,0,0.0343722,0.000947463,0,0,3,13,0.83
485.78,0,0,0.0301092,0.000834793,0,0,3,13,0.83
485.88,0,0,0.0250143,0.000672283,0,0,3,13,0.83
485.98,0,0,0.0165152,0.00101242,0,0,3,13,0.83
486.08,0,0,0.0201589,0.000844308,0,0,3,13,0.83
486.18,0,0,0.0421426,0.000778346,0,0,3,13,0.83
486.28,0,0,0.0581977,0.000737803,0,0,3,13,0.83
486.38,0,0,0.0653099,0.000980123,0,0,3,13,0.83
486.48,0,0,0.0701179,0.000758317,0,0,3,13,0.83
486.58,0,0,0.0654737,0.000481209,0,0,3,13,0.83
486.68,0,0,0.06166,0.000813651,0,0,3,13,0.83
486.78,0,0,0.0590982,0.000761489,0,0,3,13,0.83
486.88,0,0,0.0551939,0.000825194,0,0,3,13,0.83
486.98,0,0,0.049268,0.000635729,0,0,3,13,0.83
487.08,0,0,0.0465857,0.000512357,0,0,3,13,0.83
487.18,0,0,0.0487923,0.000893163,0,0,3,13,0.83
487.28,0,0,0.0463911,0.000628501,0,0,3,13,0.83
487.38,0,0,0.0370311,0.000674929,0,0,3,13,0.83
487.48,0,0,0.0265824,0.000748933,0,0,3,13,0.83
487.58,0,0,0.0144901,0.000704177,0,0,3,13,0.83
487.68,0,0,0.01183,0.000849288,0,0,3,13,0.83
487.78,0,0,0.023434,0.00079238,0,0,3,13,0.83
487.88,0,0,0.031941,0.000927633,0,0,3,13,0.83
487.98,0,0,0.0357732,0.000899264,0,0,3,13,0.83
488.08,0,0,0.0374513,0.00074945,0,0,3,13,0.83
488.18,0,0,0.0358759,0.000880689,0,0,3,13,0.83
488.28,0,0,0.0326194,0.000947088,0,0,3,13,0.83
488.38,0,0,0.0268272,0.000854436,0,0,3,13,0.83
488.48,0,0,0.0233297,0.00100429,0,0,3,13,0.83
488.58,0,0,0.0232907,0.000740894,0,0,3,13,0.83
488.68,0,0,0.0224477,0.000737791,0,0,3,13,0.83
488.78,0,0,0.0183179,0.000729013,0,0,3,13,0.83
488.88,0,0,0.0149519,0.000763562,0,0,3,13,0.83
488.98,0,0,0.0147074,0.000592365,0,0,3,13,0.83
489.08,0,0,0.0236368,0.000791927,0,0,3,13,0.83
489.18,0,0,0.0464215,0.000844755,0,0,3,13,0.83
489.28,0,0,0.0527434,0.000777512,0,0,3,13,0.83
489.38,0,0,0.034186,0.000868837,0,0,3,13,0.83
489.48,0,0,0.0256178,0.00071361,0,0,3,13,0.83
489.58,0,0,0.0321342,0.000839742,0,0,3,13,0.83
489.68,0,0,0.0343433,0.000882215,0,0,3,13,0.83
489.78,0,0,0.0300437,0.000812991,0,0,3,13,0.83
489.88,0,0,0.0323871,0.000750867,0,0,3,13,0.83
489.98,0,0,0.0447424,0.000715157,0,0,3,13,0.83
490.08,0,0,0.0489604,0.00061009,0,0,3,13,0.83
490.18,0,0,0.0409013,0.000690917,0,0,3,13,0.83
490.28,0,0,0.0387647,0.000747157,0,0,3,13,0.83
490.38,0,0,0.0455596,0.000814696,0,0,3,13,0.83
490.48,0,0,0.047332,0.000731283,0,0,3,13,0.83
490.58,0,0,0.0415136,0.000866574,0,0,3,13,0.83
490.68,0,0,0.0358045,0.000735526,0,0,3,13,0.83
490.78,0,0,0.0302601,0.000710763,0,0,3,13,0.83
490.88,0,0,0.035848,0.000772751,0,0,3,13,0.83
490.98,0,0,0.0582305,0.00068535,0,0,3,13,0.83
491.08,0,0,0.062933,0.00111146,0,0,3,13,0.83
491.18,0,0,0.0409134,0.000913327,0,0,3,13,0.83
491.28,0,0,0.0305078,0.000709303,0,0,3,13,0.83
491.38,0,0,0.0376655,0.000685698,0,0,3,13,0.83
491.48,0,0,0.0403352,0.000796679,0,0,3,13,0.83
491.58,0,0,0.0246556,0.000811376,0,0,3,13,0.83
491.68,0,0,0.0153366,0.000893246,0,0,3,13,0.83
491.78,0,0,0.0155999,0.000864754,0,0,3,13,0.83
491.88,0,0,0.020156,0.00080801,0,0,3,13,0.83
491.98,0,0,0.0422662,0.000688038,0,0,3,13,0.83
492.08,0,0,0.053261,0.000702135,0,0,3,13,0.83
492.18,0,0,0.047436,0.000730632,0,0,3,13,0.83
492.28,0,0,0.0457288,0.00100237,0,0,3,13,0.83
492.38,0,0,0.0502394,0.000762391,0,0,3,13,0.83
492.48,0,0,0.0440106,0.000764035,0,0,3,13,0.83
492.58,0,0,0.021567,0.000697616,0,0,3,13,0.83
492.68,0,0,0.0125184,0.000800752,0,0,3,13,0.83
492.78,0,0,0.0237068,0.000869644,0,0,3,13,0.83
492.88,0,0,0.0311953,0.000880649,0,0,3,13,0.83
492.98,0,0,0.0235645,0.00106561,0,0,3,13,0.83
493.08,0,0,0.0190619,0.00080859,0,0,3,13,0.83
493.18,0,0,0.0192834,0.000920908,0,0,3,13,0.83
493.28,0,0,0.0195577,0.000826087,0,0,3,13,0.83
493.38,0,0,0.0199114,0.000836406,0,0,3,13,0.83
493.48,0,0,0.0235977,0.000805788,0,0,3,13,0.83
493.58,0,0,0.0323356,0.000906042,0,0,3,13,0.83
493.68,0,0,0.0339257,0.000833188,0,0,3,13,0.83
493.78,0,0,0.0247349,0.000764312,0,0,3,13,0.83
493.88,0,0,0.0258721,0.000773783,0,0,3,13,0.83
493.98,0,0,0.0425789,0.000830681,0,0,3,13,0.83
494.08,0,0,0.0491421,0.000648151,0,0,3,13,0.83
494.18,0,0,0.0403839,0.000692628,0,0,3,13,0.83
494.28,0,0,0.0322657,0.000718832,0,0,3,13,0.83
494.38,0,0,0.0251144,0.000752216,0,0,3,13,0.83
494.48,0,0,0.0187525,0.000852533,0,0,3,13,0.83
494.58,0,0,0.0135849,0.000797285,0,0,3,13,0.83
494.68,0,0,0.013714,0.00063792,0,0,3,13,0.83
494.78,0,0,0.0354699,0.000689236,0,0,3,13,0.83
494.88,0,0,0.0411264,0.000830945,0,0,3,13,0.83
494.98,0,0,0.0225157,0.00084774,0,0,3,13,0.83
495.08,0,0,0.0156344,0.000562145,0,0,3,13,0.83
495.18,0,0,0.0264879,0.000744049,0,0,3,13,0.83
495.28,0,0,0.0306591,0.000649434,0,0,3,13,0.83
495.38,0,0,0.0247484,0.000880372,0,0,3,13,0.83
495.48,0,0,0.0241368,0.000678373,0,0,3,13,0.83
495.58,0,0,0.0315437,0.000788626,0,0,3,13,0.83
495.68,0,0,0.0387201,0.000766527,0,0,3,13,0.83
495.78,0,0,0.0455485,0.000600906,0,0,3,13,0.83
495.88,0,0,0.0501566,0.00077203,0,0,3,13,0.83
495.98,0,0,0.045651,0.000854646,0,0,3,13,0.83
496.08,0,0,0.0395258,0.000924291,0,0,3,13,0.83
496.18,0,0,0.0309582,0.000623562,0,0,3,13,0.83
496.28,0,0,0.032735,0.000694099,0,0,3,13,0.83
496.38,0,0,0.0501093,0.0008938,0,0,3,13,0.83
496.48,0,0,0.0672787,0.000879755,0,0,3,13,0.83
496.58,0,0,0.0836096,0.000813319,0,0,3,13,0.83
496.68,0,0,0.0803457,0.000797937,0,0,3,13,0.83
496.78,0,0,0.0474914,0.000645249,0,0,3,13,0.83
496.88,0,0,0.0413553,0.000847653,0,0,3,13,0.83
496.98,0,0,0.075541,0.000889001,0,0,3,13,0.83
497.08,0,0,0.0884616,0.000650154,0,0,3,13,0.83
497.18,0,0,0.069181,0.000682984,0,0,3,13,0.83
497.28,0,0,0.0565504,0.00100458,0,0,3,13,0.83
497.38,0,0,0.0539552,0.000779204,0,0,3,13,0.83
497.48,0,0,0.0546443,0.000768261,0,0,3,13,0.83
497.58,0,0,0.0603019,0.000714946,0,0,3,13,0.83
497.68,0,0,0.0695734,0.000965014,0,0,3,13,0.83
497.78,0,0,0.08429,0.0007118,0,0,3,13,0.83
497.88,0,0,0.0813814,0.000554093,0,0,3,13,0.83
497.98,0,0,0.0519269,0.000941877,0,0,3,13,0.83
498.08,0,0,0.03935,0.000577924,0,0,3,13,0.83
498.18,0,0,0.0522655,0.000724626,0,0,3,13,0.83
498.28,0,0,0.0865442,0.000924449,0,0,3,14,0.83
498.38,0,0,0.153059,0.000971173,0,0,3,14,0.83
498.48,0,0,0.20913,0.000908783,0,0,3,14,0.83
498.58,0,0,0.222443,0.00076624,0,0,3,14,0.83
498.68,0,0,0.233565,0.000965136,0,0,3,14,0.77
498.78,0,0,0.235742,0.000674772,0,0,3,14,0.77
498.88,0,0,0.242685,0.000457948,0,0,3,14,0.77
498.98,0,0,0.269146,0.000825414,0,0,3,14,0.77
499.08,0,0,0.253551,0.000869942,0,0,3,14,0.77
499.18,0,0,0.174612,0.00091928,0,0,3,14,0.77
499.28,0,0,0.115796,0.000679151,0,0,3,14,0.77
499.38,0,0,0.0873534,0.000846543,0,0,3,14,0.77
499.48,0,0,0.0901552,0.000938235,0,0,3,14,0.77
499.58,0,0,0.140039,0.00077729,0,0,3,14,0.77
499.68,0,0,0.158983,0.000793192,0,0,3,14,0.77
499.78,0,0,0.131247,0.000894318,0,0,3,14,0.77
499.88,0,0,0.107994,0.000843156,0,0,3,14,0.77
499.98,0,0,0.091519,0.000809954,0,0,3,14,0.77
500.08,0,0,0.168352,0.000871167,0,0,3,14,0.77
500.18,0,0,0.386049,0.000746104,0,0,3,14,0.77
500.28,0,0,0.454428,0.00099606,0,0,3,14,0.77
500.38,0,0,0.296746,0.000790695,0,0,3,14,0.77
500.48,0,0,0.179586,0.000558657,0,0,3,14,0.77
500.58,0,0,0.123667,0.00119215,0,0,3,14,0.77
500.68,0,0,0.088439,0.000913395,0,0,3,14,0.77
500.78,0,0,0.13802,0.00147879,0,0,3,14,0.77
500.88,0,0,0.163955,0.000664675,0,0,3,13,0.77
500.98,0,0,0.0931864,0.000519355,0,0,3,13,0.77
501.08,0,0,0.0785749,0.00101161,0,0,3,14,0.77
501.18,0,0,0.148791,0.000637267,0,0,3,14,0.77
501.28,0,0,0.179913,0.000785355,0,0,3,13,0.77
501.38,0,0,0.151942,0.000856193,0,0,3,13,0.77
501.48,0,0,0.121905,0.000606153,0,0,3,13,0.77
501.58,0,0,0.0834254,0.00108925,0,0,3,13,0.77
501.68,0,0,0.0531205,0.000619247,0,0,3,13,0.79
501.78,0,0,0.0562945,0.000719369,0,0,3,13,0.79
501.88,0,0,0.0594985,0.000869014,0,0,3,13,0.79
501.98,0,0,0.085447,0.000765425,0,0,3,13,0.79
502.08,0,0,0.0979483,0.00100556,0,0,3,14,0.79
502.18,0,0,0.0553973,0.000728171,0,0,3,14,0.79
502.28,0,0,0.029881,0.00143563,0,0,3,14,0.79
502.38,0,0,0.0739625,0.00100007,0,0,3,14,0.79
502.48,0,0,0.102255,0.000436515,0,0,3,14,0.79
502.58,0,0,0.0659611,0.000642252,0,0,3,14,0.79
502.68,0,0,0.0404523,0.000448229,0,0,3,14,0.77
502.78,0,0,0.0590614,0.000935228,0,0,3,14,0.77
502.88,0,0,0.0710714,0.000613845,0,0,3,14,0.77
502.98,0,0,0.0561618,0.000702682,0,0,3,14,0.77
503.08,0,0,0.0421985,0.000712269,0,0,3,13,0.77
503.18,0,0,0.0321055,0.00083626,0,0,3,13,0.77
503.28,0,0,0.0317129,0.00113242,0,0,3,13,0.77
503.38,0,0,0.0708805,0.000784132,0,0,3,13,0.77
503.48,0,0,0.098801,0.00044677,0,0,3,13,0.77
503.58,0,0,0.0806901,0.00105264,0,0,3,13,0.77
503.68,0,0,0.0650388,0.000695616,0,0,3,13,0.79
503.78,0,0,0.0594778,0.000947213,0,0,3,13,0.79
503.88,0,0,0.0555124,0.00103272,0,0,3,13,0.79
503.98,0,0,0.058075,0.000628123,0,0,3,13,0.79
504.08,0,0,0.0593799,0.000706251,0,0,3,13,0.79
504.18,0,0,0.0555529,0.000833189,0,0,3,13,0.79
504.28,0,0,0.0477481,0.000734641,0,0,3,13,0.79
504.38,0,0,0.0236954,0.000672477,0,0,3,13,0.79
504.48,0,0,0.018433,0.00048773,0,0,3,13,0.79
504.58,0,0,0.0415731,0.000514018,0,0,3,13,0.79
504.68,0,0,0.0576879,0.00114209,0,0,3,13,0.79
504.78,0,0,0.0450737,0.000863283,0,0,3,13,0.79
504.88,0,0,0.0339798,0.000825614,0,0,3,13,0.79
504.98,0,0,0.029133,0.000672751,0,0,3,13,0.79
505.08,0,0,0.0266727,0.000514065,0,0,3,13,0.79
505.18,0,0,0.0339667,0.000547303,0,0,3,13,0.79
505.28,0,0,0.0434332,0.000877923,0,0,3,13,0.79
505.38,0,0,0.0617603,0.000815306,0,0,3,13,0.79
505.48,0,0,0.07227,0.000797639,0,0,3,13,0.79
505.58,0,0,0.0508225,0.000883658,0,0,3,13,0.79
505.68,0,0,0.0364288,0.000519644,0,0,3,13,0.79
505.78,0,0,0.0507836,0.000899696,0,0,3,13,0.79
505.88,0,0,0.0639446,0.00115973,0,0,3,13,0.79
505.98,0,0,0.0753058,0.00102505,0,0,3,13,0.79
506.08,0,0,0.0807022,0.00366327,0,0,3,14,0.79
506.18,0,0,0.0617236,0.0143848,0,0,3,14,0.79
506.28,0,0,0.0471319,0.00136913,0,0,3,14,0.79
506.38,0,0,0.0504054,0.00156905,0,0,3,14,0.79
506.48,0,0,0.0559585,0.00393529,0,0,3,14,0.79
506.58,0,0,0.0708728,0.000303374,0,0,3,14,0.79
506.68,0,0,0.0829335,-9.38016e-05,0,0,3,14,0.77
506.78,0,0,0.0833311,-0.025801,0,0,3,14,0.77
506.88,0,0,0.0722295,-0.00187876,0,0,3,14,0.77
506.98,0,0,0.0437527,0.000427924,0,0,3,14,0.77
507.08,0,0,0.0407361,6.64959e-05,0,0,3,14,0.77
507.18,0,0,0.0761318,0.00146763,0,0,3,14,0.77
507.28,0,0,0.0840099,0.00105903,0,0,3,14,0.77
507.38,0,0,0.0504305,0.00101303,0,0,3,14,0.77
507.48,0,0,0.0385223,0.000483536,0,0,3,13,0.77
507.58,0,0,0.0593249,0.000473736,0,0,3,13,0.77
507.68,0,0,0.0696041,0.000635528,0,0,3,13,0.77
507.78,0,0,0.0639691,0.000127221,0,0,3,13,0.77
507.88,0,0,0.0741822,0.000385158,0,0,3,13,0.77
507.98,0,0,0.149368,0.00126585,0,0,3,13,0.77
508.08,0,0,0.191767,0.000738273,0,0,3,13,0.77
508.18,0,0,0.100245,0.000610687,0,0,3,13,0.77
508.28,0,0,0.0454638,0.0010034,0,0,3,13,0.77
508.38,0,0,0.0461827,0.000741734,0,0,3,13,0.77
508.48,0,0,0.0707855,0.00056913,0,0,3,13,0.77
508.58,0,0,0.131519,0.000875857,0,0,3,13,0.77
508.68,0,0,0.147962,0.000454771,0,0,3,12,0.83
508.78,0,0,0.0975632,0.000829774,0,0,3,12,0.83
508.88,0,0,0.0605319,0.000911582,0,0,3,12,0.83
508.98,0,0,0.0436444,0.000839077,0,0,3,12,0.83
509.08,0,0,0.0370585,0.000706077,0,0,3,12,0.83
509.18,0,0,0.0724715,0.000703698,0,0,3,12,0.83
509.28,0,0,0.0921959,0.000667527,0,0,3,11,0.83
509.38,0,0,0.0882437,0.000621604,0,0,3,11,0.83
509.48,0,0,0.0818213,0.000796387,0,0,3,11,0.83
509.58,0,0,0.0716695,0.000751797,0,0,3,11,0.83
509.68,0,0,0.0706138,0.00098049,0,0,3,12,0.83
509.78,0,0,0.106722,0.000859764,0,0,3,12,0.83
509.88,0,0,0.125548,0.000556227,0,0,3,11,0.83
509.98,0,0,0.0739825,0.000605235,0,0,3,11,0.83
510.08,0,0,0.0355576,0.000705967,0,0,3,11,0.83
510.18,0,0,0.0508124,0.000806374,0,0,3,11,0.83
510.28,0,0,0.0648627,0.000677707,0,0,3,12,0.83
510.38,0,0,0.0740008,0.000700208,0,0,3,12,0.83
510.48,0,0,0.0828213,0.000941818,0,0,3,11,0.83
510.58,0,0,0.090342,0.000738833,0,0,3,11,0.83
510.68,0,0,0.0872271,0.000849184,0,0,3,11,1.12
510.78,0,0,0.0680349,0.000846361,0,0,3,11,1.12
510.88,0,0,0.056286,0.00108123,0,0,3,12,1.12
510.98,0,0,0.0749947,0.000785453,0,0,3,12,1.12
511.08,0,0,0.0876719,0.000700114,0,0,3,12,1.12
511.18,0,0,0.0757267,0.000616399,0,0,3,12,1.12
511.28,0,0,0.064027,0.000988205,0,0,3,12,1.12
511.38,0,0,0.0526981,0.000884795,0,0,3,12,1.12
511.48,0,0,0.0474503,0.000774429,0,0,3,11,1.12
511.58,0,0,0.0513931,0.000706953,0,0,3,11,1.12
511.68,0,0,0.0520943,0.000784555,0,0,3,11,1.12
511.78,0,0,0.0395248,0.000655101,0,0,3,11,1.12
511.88,0,0,0.039556,0.00100554,0,0,3,11,1.12
511.98,0,0,0.0910436,0.000886565,0,0,3,11,1.12
512.08,0,0,0.118454,0.000647203,0,0,3,12,1.12
512.18,0,0,0.109549,0.00102988,0,0,3,12,1.12
512.28,0,0,0.0979058,0.000464156,0,0,3,12,1.12
512.38,0,0,0.0750885,0.000546723,0,0,3,12,1.12
512.48,0,0,0.0551331,0.00115354,0,0,3,12,1.12
512.58,0,0,0.0468832,0.000951923,0,0,3,12,1.12
512.68,0,0,0.038944,0.000662433,0,0,3,11,1.2
512.78,0,0,0.0322805,0.00066624,0,0,3,11,1.2
512.88,0,0,0.0281509,0.000850849,0,0,3,11,1.2
512.98,0,0,0.034388,0.00077002,0,0,3,11,1.2
513.08,0,0,0.038083,0.000552624,0,0,3,13,1.2
513.18,0,0,0.0314266,0.00062847,0,0,3,13,1.2
513.28,0,0,0.0377109,0.000946877,0,0,3,13,1.2
513.38,0,0,0.0969811,0.000714641,0,0,3,13,1.2
513.48,0,0,0.133025,0.000819086,0,0,3,13,1.2
513.58,0,0,0.0742883,0.000812434,0,0,3,13,1.2
513.68,0,0,0.0291032,0.000804803,0,0,3,13,0.79
513.78,0,0,0.0394477,0.000472049,0,0,3,13,0.79
513.88,0,0,0.0497041,0.000345643,0,0,3,12,0.79
513.98,0,0,0.0595999,0.000759017,0,0,3,12,0.79
514.08,0,0,0.0738914,0.00106343,0,0,3,12,0.79
514.18,0,0,0.0948155,0.000530042,0,0,3,12,0.79
514.28,0,0,0.107577,0.000650004,0,0,3,12,0.79
514.38,0,0,0.0869553,0.000709308,0,0,3,12,0.79
514.48,0,0,0.0693554,0.000838282,0,0,3,12,0.79
514.58,0,0,0.0641166,0.000688082,0,0,3,12,0.79
514.68,0,0,0.0657387,0.00077583,0,0,3,12,1.05
514.78,0,0,0.0953817,0.000723257,0,0,3,12,1.05
514.88,0,0,0.11211,0.000728708,0,0,3,12,1.05
514.98,0,0,0.0760101,0.000832847,0,0,3,12,1.05
515.08,0,0,0.0500208,0.000936453,0,0,3,12,1.05
515.18,0,0,0.0653247,0.000575041,0,0,3,12,1.05
515.28,0,0,0.0826404,0.000680383,0,0,3,12,1.05
515.38,0,0,0.108181,0.000844655,0,0,3,12,1.05
515.48,0,0,0.117144,0.000745991,0,0,3,13,1.05
515.58,0,0,0.0582923,0.000575212,0,0,3,13,1.05
515.68,0,0,0.0187463,0.00113306,0,0,3,13,0.79
515.78,0,0,0.0581835,0.00082818,0,0,3,13,0.79
515.88,0,0,0.0818497,0.000824633,0,0,3,12,0.79
515.98,0,0,0.041019,0.000508381,0,0,3,12,0.79
516.08,0,0,0.0148316,0.000700833,0,0,3,14,0.79
516.18,0,0,0.0482008,0.000885247,0,0,3,14,0.79
516.28,0,0,0.0729613,0.000770751,0,0,3,14,0.79
516.38,0,0,0.0625624,0.000840227,0,0,3,14,0.79
516.48,0,0,0.0559199,0.000653963,0,0,3,13,0.79
516.58,0,0,0.0646706,0.000976265,0,0,3,13,0.79
516.68,0,0,0.0737908,0.000887564,0,0,3,13,0.81
516.78,0,0,0.0844208,0.000851455,0,0,3,13,0.81
516.88,0,0,0.090353,0.000764091,0,0,3,14,0.81
516.98,0,0,0.0770711,0.00070562,0,0,3,14,0.81
517.08,0,0,0.0694793,0.000448947,0,0,3,13,0.81
517.18,0,0,0.0851411,0.000449197,0,0,3,13,0.81
517.28,0,0,0.0990063,0.000625915,0,0,3,12,0.81
517.38,0,0,0.105544,0.000943398,0,0,3,12,0.81
517.48,0,0,0.0981202,0.000730064,0,0,3,12,0.81
517.58,0,0,0.0695678,0.000836975,0,0,3,12,0.81
517.68,0,0,0.0484685,0.00101469,0,0,3,12,0.81
517.78,0,0,0.0576994,0.000544819,0,0,3,12,0.81
517.88,0,0,0.0603348,0.0005148,0,0,3,12,0.81
517.98,0,0,0.0360227,0.000879322,0,0,3,12,0.81
518.08,0,0,0.025249,0.000773088,0,0,3,13,0.81
518.18,0,0,0.0349033,0.000560792,0,0,3,13,0.81
518.28,0,0,0.0385987,0.000656332,0,0,3,13,0.81
518.38,0,0,0.0333158,0.00105092,0,0,3,13,0.81
518.48,0,0,0.0423847,0.000561742,0,0,3,13,0.81
518.58,0,0,0.110281,0.000989644,0,0,3,13,0.81
518.68,0,0,0.162244,0.000824282,0,0,3,13,0.79
518.78,0,0,0.149089,0.000646091,0,0,3,13,0.79
518.88,0,0,0.128743,0.000704959,0,0,3,13,0.79
518.98,0,0,0.0975299,0.000999175,0,0,3,13,0.79
519.08,0,0,0.0722039,0.00119741,0,0,3,13,0.79
519.18,0,0,0.0709853,0.000675531,0,0,3,13,0.79
519.28,0,0,0.0736271,0.000717151,0,0,3,12,0.79
519.38,0,0,0.0919757,0.000997376,0,0,3,12,0.79
519.48,0,0,0.0977956,0.000928372,0,0,3,12,0.79
519.58,0,0,0.0847369,0.000729176,0,0,3,12,0.79
519.68,0,0,0.076371,0.00050423,0,0,3,12,0.81
519.78,0,0,0.0871445,0.000688104,0,0,3,12,0.81
519.88,0,0,0.0920282,0.00134101,0,0,3,12,0.81
519.98,0,0,0.0728157,0.00101797,0,0,3,12,0.81
520.08,0,0,0.0601711,0.000510215,0,0,3,11,0.81
520.18,0,0,0.0743286,0.00109751,0,0,3,11,0.81
520.28,0,0,0.0878553,0.000233368,0,0,3,10,0.81
520.38,0,0,0.0988044,-0.000241537,0,0,3,10,0.81
520.48,0,0,0.0900369,0.00107799,0,0,3,11,0.81
520.58,0,0,0.0514607,0.00114488,0,0,3,11,0.81
520.68,0,0,0.0261733,0.00111098,0,0,3,12,0.81
520.78,0,0,0.0210004,0.00121147,0,0,3,12,0.81
520.88,0,0,0.0293305,0.000839655,0,0,3,12,0.81
520.98,0,0,0.058048,0.000176585,0,0,3,12,0.81
521.08,0,0,0.0841249,-0.000350026,0,0,3,12,0.81
521.18,0,0,0.106221,0.00144702,0,0,3,12,0.81
521.28,0,0,0.11368,0.000846964,0,0,3,12,0.81
521.38,0,0,0.0614207,0.000835886,0,0,3,12,0.81
521.48,0,0,0.022874,0.00121368,0,0,3,13,0.81
521.58,0,0,0.040493,0.000953205,0,0,3,13,0.81
521.68,0,0,0.0530642,0.000532753,0,0,3,13,0.79
521.78,0,0,0.0450359,-6.41975e-05,0,0,3,13,0.79
521.88,0,0,0.0370115,0.00055967,0,0,3,13,0.79
521.98,0,0,0.0343881,0.000103548,0,0,3,13,0.79
522.08,0,0,0.0301783,0.00154126,0,0,3,13,0.79
522.18,0,0,0.0194786,0.00117542,0,0,3,13,0.79
522.28,0,0,0.0181152,0.00136858,0,0,3,13,0.79
522.38,0,0,0.0308681,0.00113732,0,0,3,13,0.79
522.48,0,0,0.0413684,0.00014777,0,0,3,13,0.79
522.58,0,0,0.0426822,-0.000418313,0,0,3,13,0.79
522.68,0,0,0.0447548,0.000283022,0,0,3,13,0.79
522.78,0,0,0.0499282,0.00100801,0,0,3,13,0.79
522.88,0,0,0.0504799,0.000524684,0,0,3,13,0.79
522.98,0,0,0.0321748,0.00168548,0,0,3,13,0.79
523.08,0,0,0.0236563,0.00105648,0,0,3,13,0.79
523.18,0,0,0.0551888,0.000473875,0,0,3,13,0.79
523.28,0,0,0.0797911,0.000139256,0,0,3,13,0.79
523.38,0,0,0.0760662,0.00108095,0,0,3,13,0.79
523.48,0,0,0.0674592,0.000283836,0,0,3,13,0.79
523.58,0,0,0.0514702,0.00113201,0,0,3,13,0.79
523.68,0,0,0.0400436,0.00142467,0,0,3,13,0.79
523.78,0,0,0.047248,0.000872274,0,0,3,13,0.79
523.88,0,0,0.0542491,0.000150522,0,0,3,14,0.79
523.98,0,0,0.0604185,0.000776355,0,0,3,14,0.79
524.08,0,0,0.0630043,0.000758944,0,0,3,14,0.79
524.18,0,0,0.0509338,0.00094793,0,0,3,14,0.79
524.28,0,0,0.041669,0.00158478,0,0,3,14,0.79
524.38,0,0,0.0439012,0.000666804,0,0,3,14,0.79
524.48,0,0,0.0461648,0.000279724,0,0,3,14,0.79
524.58,0,0,0.0485564,0.000669435,0,0,3,14,0.79
524.68,0,0,0.0497507,0.00077989,0,0,3,13,0.79
524.78,0,0,0.0460529,0.000882471,0,0,3,13,0.79
524.88,0,0,0.0446931,0.000694658,0,0,3,13,0.79
524.98,0,0,0.0468601,0.00153797,0,0,3,13,0.79
525.08,0,0,0.0453451,0.000156528,0,0,3,13,0.79
525.18,0,0,0.0288116,8.47485e-05,0,0,3,13,0.79
525.28,0,0,0.0258292,0.00072928,0,0,3,13,0.79
525.38,0,0,0.0432944,0.00111517,0,0,3,13,0.79
525.48,0,0,0.0527065,0.000975825,0,0,3,13,0.79
525.58,0,0,0.0293405,0.000695909,0,0,3,13,0.79
525.68,0,0,0.042113,0.000686536,0,0,3,13,0.79
525.78,0,0,0.109324,0.000240657,0,0,3,13,0.79
525.88,0,0,0.156033,0.000717412,0,0,3,13,0.79
525.98,0,0,0.118786,0.00127469,0,0,3,13,0.79
526.08,0,0,0.0907773,0.000680865,0,0,3,13,0.79
526.18,0,0,0.0767079,0.0012427,0,0,3,13,0.79
526.28,0,0,0.0601878,0.000229626,0,0,3,13,0.79
526.38,0,0,0.0399653,6.94041e-05,0,0,3,13,0.79
526.48,0,0,0.0375114,0.000972635,0,0,3,13,0.79
526.58,0,0,0.0619697,0.000978769,0,0,3,13,0.79
526.68,0,0,0.0835175,0.000740733,0,0,3,13,0.79
526.78,0,0,0.100667,0.00114754,0,0,3,13,0.79
526.88,0,0,0.0999217,-0.0003262,0,0,3,13,0.79
526.98,0,0,0.0721712,0.000943724,0,0,3,13,0.79
527.08,0,0,0.0627742,0.000626726,0,0,3,13,0.79
527.18,0,0,0.0811532,0.00170637,0,0,3,13,0.79
527.28,0,0,0.0875732,0.00108432,0,0,3,12,0.79
527.38,0,0,0.075972,0.000715322,0,0,3,12,0.79
527.48,0,0,0.0617267,0.000118551,0,0,3,13,0.79
527.58,0,0,0.036656,0.000282557,0,0,3,13,0.79
527.68,0,0,0.0235438,0.000885403,0,0,3,13,0.79
527.78,0,0,0.0284487,0.000835993,0,0,3,13,0.79
527.88,0,0,0.0441983,0.00118719,0,0,3,13,0.79
527.98,0,0,0.0763386,0.00100884,0,0,3,13,0.79
528.08,0,0,0.0857293,0.000145215,0,0,3,13,0.79
528.18,0,0,0.0606868,0.00055399,0,0,3,13,0.79
528.28,0,0,0.0493853,0.000477604,0,0,3,13,0.79
528.38,0,0,0.0588447,0.00169311,0,0,3,13,0.79
528.48,0,0,0.0611908,0.00109796,0,0,3,13,0.79
528.58,0,0,0.0527891,-0.000223127,0,0,3,13,0.79
528.68,0,0,0.0490856,0.000780637,0,0,3,13,0.79
528.78,0,0,0.0645193,8.95323e-05,0,0,3,13,0.79
528.88,0,0,0.0713687,0.00127361,0,0,3,13,0.79
528.98,0,0,0.0430917,0.00111547,0,0,3,13,0.79
529.08,0,0,0.0295605,-0.000165116,0,0,3,13,0.79
529.18,0,0,0.0383072,0.000447616,0,0,3,13,0.79
529.28,0,0,0.0433597,0.000398824,0,0,3,13,0.79
529.38,0,0,0.0428423,0.00107147,0,0,3,13,0.79
529.48,0,0,0.0423564,0.000711441,0,0,3,13,0.79
529.58,0,0,0.0419997,0.00103728,0,0,3,13,0.79
529.68,0,0,0.0456423,0.000671594,0,0,3,13,0.79
529.78,0,0,0.0553128,0.00090902,0,0,3,13,0.79
529.88,0,0,0.0564709,0.000935208,0,0,3,13,0.79
529.98,0,0,0.0447724,1.97986e-05,0,0,3,13,0.79
530.08,0,0,0.0465612,0.000451703,0,0,3,14,0.79
530.18,0,0,0.0687062,0.000220235,0,0,3,14,0.79
530.28,0,0,0.0745831,0.00145692,0,0,3,14,0.79
530.38,0,0,0.0558576,0.000677489,0,0,3,14,0.79
530.48,0,0,0.0464668,0.000917584,0,0,3,14,0.79
530.58,0,0,0.0511536,0.000395517,0,0,3,14,0.79
530.68,0,0,0.0525255,0.0014475,0,0,3,14,0.77
530.78,0,0,0.0403657,0.000900998,0,0,3,14,0.77
530.88,0,0,0.0346451,0.000778187,0,0,3,14,0.77
530.98,0,0,0.0552703,0.000163054,0,0,3,14,0.77
531.08,0,0,0.0685565,0.000228133,0,0,3,14,0.77
531.18,0,0,0.0707499,0.000336593,0,0,3,14,0.77
531.28,0,0,0.0737488,0.000860293,0,0,3,14,0.77
531.38,0,0,0.0779636,0.00151017,0,0,3,14,0.77
531.48,0,0,0.0754192,0.00109829,0,0,3,14,0.77
531.58,0,0,0.062676,0.00112483,0,0,3,14,0.77
531.68,0,0,0.0637366,0.000651523,0,0,3,14,0.77
531.78,0,0,0.0856457,0.000625401,0,0,3,14,0.77
531.88,0,0,0.0994991,0.000592936,0,0,3,14,0.77
531.98,0,0,0.0804348,-3.35608e-05,0,0,3,14,0.77
532.08,0,0,0.0623722,0.000158599,0,0,3,14,0.77
532.18,0,0,0.0484077,0.000897388,0,0,3,14,0.77
532.28,0,0,0.0349094,0.000832437,0,0,3,14,0.77
532.38,0,0,0.0221167,0.000832018,0,0,3,14,0.77
532.48,0,0,0.0192442,0.00122218,0,0,3,14,0.77
532.58,0,0,0.0313439,0.00096499,0,0,3,14,0.77
532.68,0,0,0.033631,0.000521913,0,0,3,14,0.77
532.78,0,0,0.021084,0.00142885,0,0,3,14,0.77
532.88,0,0,0.0182153,0.000394005,0,0,3,13,0.77
532.98,0,0,0.0549702,-0.000188252,0,0,3,13,0.77
533.08,0,0,0.0787824,0.000426456,0,0,3,12,0.77
533.18,0,0,0.0830597,0.000882729,0,0,3,12,0.77
533.28,0,0,0.0853477,0.00052724,0,0,3,13,0.77
533.38,0,0,0.0795463,0.000509425,0,0,3,13,0.77
533.48,0,0,0.0711064,0.000546549,0,0,3,13,0.77
533.58,0,0,0.0586904,0.000892614,0,0,3,13,0.77
533.68,0,0,0.0447957,0.000549358,0,0,3,13,1.04
533.78,0,0,0.0286707,0.00094705,0,0,3,13,1.04
533.88,0,0,0.0249658,0.00073379,0,0,3,13,1.04
533.98,0,0,0.0399978,0.000469084,0,0,3,13,1.04
534.08,0,0,0.0455266,0.000746293,0,0,3,13,1.04
534.18,0,0,0.036706,0.000427229,0,0,3,13,1.04
534.28,0,0,0.0345107,0.000653755,0,0,3,12,1.04
534.38,0,0,0.0423144,0.000689742,0,0,3,12,1.04
534.48,0,0,0.049772,0.000701278,0,0,3,12,1.04
534.58,0,0,0.0567064,0.000523057,0,0,3,12,1.04
534.68,0,0,0.0777756,0.000606129,0,0,3,12,1.05
534.78,0,0,0.120173,0.00062482,0,0,3,12,1.05
534.88,0,0,0.160146,0.000489587,0,0,3,12,1.05
534.98,0,0,0.196455,0.000929377,0,0,3,12,1.05
535.08,0,0,0.248672,0.000477535,0,0,3,13,1.05
535.18,0,0,0.324883,0.000738798,0,0,3,13,1.05
535.28,0,0,0.396334,0.000648714,0,0,3,13,1.05
535.38,0,0,0.460603,0.000791715,0,0,3,13,1.05
535.48,0,0,0.466464,0.000615058,0,0,3,13,1.05
535.58,0,0,0.233398,0.000838646,0,0,3,13,1.05
535.68,0,0,0.0799156,0.00067453,0,0,3,13,1.04
535.78,0,0,0.251465,0.000640506,0,0,3,13,1.04
535.88,0,0,0.335243,0.000573424,0,0,3,12,1.04
535.98,0,0,0.2865,0.000835402,0,0,3,12,1.04
536.08,0,0,0.239084,0.000662796,0,0,3,12,1.04
536.18,0,0,0.193676,0.000749906,0,0,3,12,1.04
536.28,0,0,0.15163,0.000525428,0,0,3,14,1.04
536.38,0,0,0.123332,0.000557713,0,0,3,14,1.04
536.48,0,0,0.0947733,0.000738831,0,0,3,14,1.04
536.58,0,0,0.0651438,0.000669977,0,0,3,14,1.04
536.68,0,0,0.0479589,0.000598637,0,0,3,14,0.77
536.78,0,0,0.0816223,0.000804506,0,0,3,14,0.77
536.88,0,0,0.0997849,0.000735802,0,0,3,14,0.77
536.98,0,0,0.054363,0.00103785,0,0,3,14,0.77
537.08,0,0,0.0280006,0.000709046,0,0,3,14,0.77
537.18,0,0,0.0304682,0.000664553,0,0,3,14,0.77
537.28,0,0,0.0305693,0.000744386,0,0,3,14,0.77
537.38,0,0,0.0210179,0.000607828,0,0,3,14,0.77
537.48,0,0,0.0137464,0.000793989,0,0,3,14,0.77
537.58,0,0,0.015808,0.000786904,0,0,3,14,0.77
537.68,0,0,0.0214542,0.000659207,0,0,3,14,0.77
537.78,0,0,0.0417435,0.000590309,0,0,3,14,0.77
537.88,0,0,0.0572269,0.000872738,0,0,3,14,0.77
537.98,0,0,0.0530236,0.000835075,0,0,3,14,0.77
538.08,0,0,0.0479784,0.000669051,0,0,3,14,0.77
538.18,0,0,0.0395038,0.000609074,0,0,3,14,0.77
538.28,0,0,0.0330035,0.000738329,0,0,3,14,0.77
538.38,0,0,0.0345694,0.000515029,0,0,3,14,0.77
538.48,0,0,0.03746,0.000728453,0,0,3,14,0.77
538.58,0,0,0.0423463,0.000688322,0,0,3,14,0.77
538.68,0,0,0.0448872,0.000482623,0,0,3,14,0.77
538.78,0,0,0.0378558,0.000549046,0,0,3,14,0.77
538.88,0,0,0.0303236,0.000789708,0,0,3,14,0.77
538.98,0,0,0.0207366,0.000875108,0,0,3,14,0.77
539.08,0,0,0.0142166,0.000838697,0,0,3,14,0.77
539.18,0,0,0.0201965,0.000485129,0,0,3,14,0.77
539.28,0,0,0.0276475,0.000743808,0,0,3,14,0.77
539.38,0,0,0.0411046,0.000886501,0,0,3,14,0.77
539.48,0,0,0.0477349,0.000741966,0,0,3,14,0.77
539.58,0,0,0.0263756,0.000651833,0,0,3,14,0.77
539.68,0,0,0.0120972,0.000810972,0,0,3,14,0.77
539.78,0,0,0.0267204,0.000451644,0,0,3,14,0.77
539.88,0,0,0.036182,0.00066921,0,0,3,14,0.77
539.98,0,0,0.0378653,0.000648862,0,0,3,14,0.77
540.08,0,0,0.0400089,0.00058575,0,0,3,14,0.77
540.18,0,0,0.0440322,0.00066341,0,0,3,14,0.77
540.28,0,0,0.0464534,0.000636413,0,0,3,14,0.77
540.38,0,0,0.0423209,0.000627181,0,0,3,14,0.77
540.48,0,0,0.0386001,0.000862838,0,0,3,14,0.77
540.58,0,0,0.0365638,0.000802038,0,0,3,14,0.77
540.68,0,0,0.0330467,0.000792568,0,0,3,14,0.77
540.78,0,0,0.023491,0.000673811,0,0,3,14,0.77
540.88,0,0,0.0150503,0.000797201,0,0,3,14,0.77
540.98,0,0,0.0111739,0.00102426,0,0,3,14,0.77
541.08,0,0,0.00766837,0.000539675,0,0,3,14,0.77
541.18,0,0,0.0056721,0.000611266,0,0,3,14,0.77
541.28,0,0,0.00537075,0.000810273,0,0,3,14,0.77
541.38,0,0,0.00762348,0.000744877,0,0,3,14,0.77
541.48,0,0,0.0156735,0.000475151,0,0,3,14,0.77
541.58,0,0,0.0474574,0.000778204,0,0,3,14,0.77
541.68,0,0,0.0695395,0.000821732,0,0,3,15,0.66
541.78,0,0,0.0518625,0.000726717,0,0,3,15,0.66
541.88,0,0,0.0345316,0.000612868,0,0,3,15,0.66
541.98,0,0,0.0186176,0.000629007,0,0,3,15,0.66
542.08,0,0,0.00722312,0.000681547,0,0,3,15,0.66
542.18,0,0,0.0143072,0.000477473,0,0,3,15,0.66
542.28,0,0,0.021415,0.00081397,0,0,3,15,0.66
542.38,0,0,0.0286197,0.00086227,0,0,3,15,0.66
542.48,0,0,0.0330165,0.000743248,0,0,3,15,0.66
542.58,0,0,0.0259254,0.000746139,0,0,3,15,0.66
542.68,0,0,0.0189485,0.000611399,0,0,3,15,0.66
542.78,0,0,0.0124403,0.000846314,0,0,3,15,0.66
542.88,0,0,0.0108192,0.000560254,0,0,3,15,0.66
542.98,0,0,0.0291789,0.000937338,0,0,3,15,0.66
543.08,0,0,0.0412977,0.000865364,0,0,3,14,0.66
543.18,0,0,0.0278899,0.000823711,0,0,3,14,0.66
543.28,0,0,0.0172067,0.000792851,0,0,3,14,0.66
543.38,0,0,0.0176619,0.000871032,0,0,3,14,0.66
543.48,0,0,0.0186823,0.000604045,0,0,3,14,0.66
543.58,0,0,0.022016,0.000650346,0,0,3,14,0.66
543.68,0,0,0.0276787,0.000686877,0,0,3,14,0.77
543.78,0,0,0.0368552,0.000820705,0,0,3,14,0.77
543.88,0,0,0.0396517,0.000801497,0,0,3,14,0.77
543.98,0,0,0.032799,0.000529942,0,0,3,14,0.77
544.08,0,0,0.0299806,0.000672437,0,0,3,14,0.77
544.18,0,0,0.0436308,0.000671209,0,0,3,14,0.77
544.28,0,0,0.0524602,0.000722758,0,0,3,14,0.77
544.38,0,0,0.0416618,0.000700169,0,0,3,14,0.77
544.48,0,0,0.0343437,0.000711875,0,0,3,14,0.77
544.58,0,0,0.0412604,0.000557001,0,0,3,14,0.77
544.68,0,0,0.0492976,0.000583259,0,0,3,14,0.77
544.78,0,0,0.0619191,0.000667735,0,0,3,14,0.77
544.88,0,0,0.0688609,0.000554951,0,0,3,14,0.77
544.98,0,0,0.0525556,0.000789324,0,0,3,14,0.77
545.08,0,0,0.0395235,0.000655742,0,0,3,14,0.77
545.18,0,0,0.0398523,0.000831674,0,0,3,14,0.77
545.28,0,0,0.036138,0.000969252,0,0,3,14,0.77
545.38,0,0,0.0263242,0.000641897,0,0,3,14,0.77
545.48,0,0,0.0188679,0.000471144,0,0,3,14,0.77
545.58,0,0,0.02105,0.000758443,0,0,3,14,0.77
545.68,0,0,0.0239507,0.000724842,0,0,3,14,0.77
545.78,0,0,0.029791,0.000582141,0,0,3,14,0.77
545.88,0,0,0.0331435,0.000661607,0,0,3,13,0.77
545.98,0,0,0.0263431,0.000718353,0,0,3,13,0.77
546.08,0,0,0.0204638,0.000762824,0,0,3,14,0.77
546.18,0,0,0.018345,0.000766395,0,0,3,14,0.77
546.28,0,0,0.015755,0.000619849,0,0,3,14,0.77
546.38,0,0,0.011242,0.000570787,0,0,3,14,0.77
546.48,0,0,0.00740172,0.000688505,0,0,3,14,0.77
546.58,0,0,0.00631231,0.000842228,0,0,3,14,0.77
546.68,0,0,0.00584704,0.00059661,0,0,3,14,0.77
546.78,0,0,0.00632447,0.000675681,0,0,3,14,0.77
546.88,0,0,0.00909416,0.000763478,0,0,3,14,0.77
546.98,0,0,0.0212507,0.000570224,0,0,3,14,0.77
547.08,0,0,0.0293038,0.000618352,0,0,3,14,0.77
547.18,0,0,0.0205979,0.000998107,0,0,3,14,0.77
547.28,0,0,0.0147201,0.000789541,0,0,3,14,0.77
547.38,0,0,0.0204173,0.000485478,0,0,3,14,0.77
547.48,0,0,0.0241939,0.00087808,0,0,3,14,0.77
547.58,0,0,0.0200733,0.000538487,0,0,3,14,0.77
547.68,0,0,0.0173592,0.000732681,0,0,3,14,0.77
547.78,0,0,0.0203906,0.000700715,0,0,3,14,0.77
547.88,0,0,0.0208856,0.000730831,0,0,3,14,0.77
547.98,0,0,0.011028,0.000585696,0,0,3,14,0.77
548.08,0,0,0.0119495,0.000782942,0,0,3,14,0.77
548.18,0,0,0.0291386,0.00067177,0,0,3,14,0.77
548.28,0,0,0.0418984,0.000723608,0,0,3,14,0.77
548.38,0,0,0.0365238,0.000563527,0,0,3,14,0.77
548.48,0,0,0.0323395,0.000854215,0,0,3,13,0.77
548.58,0,0,0.0330388,0.000784198,0,0,3,13,0.77
548.68,0,0,0.0330165,0.000584995,0,0,3,14,0.77
548.78,0,0,0.0300458,0.000707145,0,0,3,14,0.77
548.88,0,0,0.0253586,0.000803074,0,0,3,14,0.77
548.98,0,0,0.0136468,0.000747422,0,0,3,14,0.77
549.08,0,0,0.00822177,0.000654891,0,0,3,14,0.77
549.18,0,0,0.0284173,0.000748411,0,0,3,14,0.77
549.28,0,0,0.0417326,0.000580646,0,0,3,14,0.77
549.38,0,0,0.0269265,0.000455219,0,0,3,14,0.77
549.48,0,0,0.0184257,0.000828307,0,0,3,14,0.77
549.58,0,0,0.0194229,0.00068108,0,0,3,14,0.77
549.68,0,0,0.0232158,0.00066348,0,0,3,14,0.77
549.78,0,0,0.0384024,0.000687685,0,0,3,14,0.77
549.88,0,0,0.0464806,0.000516716,0,0,3,14,0.77
549.98,0,0,0.0254738,0.000636926,0,0,3,14,0.77
550.08,0,0,0.00852437,0.000453422,0,0,3,14,0.77
550.18,0,0,0.00812837,0.000495756,0,0,3,14,0.77
550.28,0,0,0.00847375,0.000801057,0,0,3,14,0.77
550.38,0,0,0.0118478,0.000818191,0,0,3,14,0.77
550.48,0,0,0.0202813,0.000520947,0,0,3,14,0.77
550.58,0,0,0.0494587,0.000643937,0,0,3,14,0.77
550.68,0,0,0.0577129,0.000680615,0,0,3,14,0.77
550.78,0,0,0.0343919,0.000420891,0,0,3,14,0.77
550.88,0,0,0.0162715,0.000784327,0,0,3,14,0.77
550.98,0,0,0.0194223,0.000712367,0,0,3,14,0.77
551.08,0,0,0.0222536,0.000685589,0,0,3,14,0.77
551.18,0,0,0.0237768,0.000639166,0,0,3,14,0.77
551.28,0,0,0.0235086,0.00070789,0,0,3,14,0.77
551.38,0,0,0.015936,0.000701405,0,0,3,14,0.77
551.48,0,0,0.0119478,0.000428768,0,0,3,14,0.77
551.58,0,0,0.0226478,0.000590384,0,0,3,14,0.77
551.68,0,0,0.0313049,0.000599028,0,0,3,14,0.77
551.78,0,0,0.0316296,0.000651098,0,0,3,14,0.77
551.88,0,0,0.0295834,0.000618971,0,0,3,14,0.77
551.98,0,0,0.0178394,0.000668147,0,0,3,14,0.77
552.08,0,0,0.0137316,0.000616377,0,0,3,14,0.77
552.18,0,0,0.0211705,0.00064832,0,0,3,14,0.77
552.28,0,0,0.0285853,0.000786311,0,0,3,14,0.77
552.38,0,0,0.0155041,0.000790504,0,0,3,14,0.77
552.48,0,0,0.0090478,0.000751159,0,0,3,14,0.77
552.58,0,0,0.029594,0.000567317,0,0,3,14,0.77
552.68,0,0,0.0433689,0.000705617,0,0,3,14,0.77
552.78,0,0,0.0294994,0.000747237,0,0,3,14,0.77
552.88,0,0,0.0209549,0.000666311,0,0,3,14,0.77
552.98,0,0,0.0341613,0.000573377,0,0,3,14,0.77
553.08,0,0,0.0470563,0.000683416,0,0,3,14,0.77
553.18,0,0,0.0586745,0.000962099,0,0,3,14,0.77
553.28,0,0,0.0619948,0.000494168,0,0,3,15,0.77
553.38,0,0,0.0314289,0.000773747,0,0,3,15,0.77
553.48,0,0,0.0141598,0.000833803,0,0,3,15,0.77
553.58,0,0,0.0169749,0.000814213,0,0,3,15,0.77
553.68,0,0,0.0219322,0.000820099,0,0,3,15,0.66
553.78,0,0,0.035618,0.000606694,0,0,3,15,0.66
553.88,0,0,0.0454406,0.000728674,0,0,3,15,0.66
553.98,0,0,0.03946,0.000683485,0,0,3,15,0.66
554.08,0,0,0.0338045,0.00087576,0,0,3,14,0.66
554.18,0,0,0.0294775,0.000607609,0,0,3,14,0.66
554.28,0,0,0.0316581,0.00083926,0,0,3,14,0.66
554.38,0,0,0.0604757,0.000617816,0,0,3,14,0.66
554.48,0,0,0.0802913,0.000684917,0,0,3,15,0.66
554.58,0,0,0.0633016,0.000764314,0,0,3,15,0.66
554.68,0,0,0.046204,0.000801678,0,0,3,15,0.66
554.78,0,0,0.0286651,0.000586982,0,0,3,15,0.66
554.88,0,0,0.0184526,0.000775374,0,0,3,15,0.66
554.98,0,0,0.0193111,0.000643355,0,0,3,15,0.66
555.08,0,0,0.0202788,0.000410193,0,0,3,15,0.66
555.18,0,0,0.0216911,0.000683787,0,0,3,15,0.66
555.28,0,0,0.0228829,0.000603103,0,0,3,15,0.66
555.38,0,0,0.0231748,0.000604098,0,0,3,15,0.66
555.48,0,0,0.0239035,0.000674445,0,0,3,15,0.66
555.58,0,0,0.0264208,0.000639588,0,0,3,15,0.66
555.68,0,0,0.0299154,0.000777902,0,0,3,15,0.66
555.78,0,0,0.0374011,0.0010824,0,0,3,15,0.66
555.88,0,0,0.0417676,0.000698797,0,0,3,15,0.66
555.98,0,0,0.0333713,0.000696538,0,0,3,15,0.66
556.08,0,0,0.0260218,0.000519884,0,0,3,15,0.66
556.18,0,0,0.0229453,0.000540336,0,0,3,15,0.66
556.28,0,0,0.0175329,0.000699514,0,0,3,15,0.66
556.38,0,0,0.0085954,0.0007688,0,0,3,15,0.66
556.48,0,0,0.00308797,0.000384298,0,0,3,15,0.66
556.58,0,0,0.0116054,0.000649894,0,0,3,15,0.66
556.68,0,0,0.0189424,0.000832658,0,0,3,15,0.66
556.78,0,0,0.0214886,0.000740196,0,0,3,15,0.66
556.88,0,0,0.0227817,0.000914088,0,0,3,15,0.66
556.98,0,0,0.0189155,0.000643799,0,0,3,15,0.66
557.08,0,0,0.0154522,0.000621451,0,0,3,15,0.66
557.18,0,0,0.0136301,0.000873803,0,0,3,15,0.66
557.28,0,0,0.0121203,0.000735413,0,0,3,15,0.66
557.38,0,0,0.0118898,0.000494191,0,0,3,15,0.66
557.48,0,0,0.0151748,0.000716462,0,0,3,15,0.66
557.58,0,0,0.0327984,0.000782773,0,0,3,15,0.66
557.68,0,0,0.0429325,0.00057966,0,0,3,15,0.66
557.78,0,0,0.0224589,0.000740667,0,0,3,15,0.66
557.88,0,0,0.0071795,0.000721998,0,0,3,15,0.66
557.98,0,0,0.0131946,0.000735392,0,0,3,15,0.66
558.08,0,0,0.0189022,0.000828074,0,0,3,15,0.66
558.18,0,0,0.0233524,0.000816545,0,0,3,15,0.66
558.28,0,0,0.0264607,0.000703223,0,0,3,15,0.66
558.38,0,0,0.0241001,0.000908418,0,0,3,15,0.66
558.48,0,0,0.0219992,0.000897732,0,0,3,15,0.66
558.58,0,0,0.0209595,0.000717715,0,0,3,15,0.66
558.68,0,0,0.0204268,0.000570621,0,0,3,15,0.66
558.78,0,0,0.0219614,0.000595414,0,0,3,15,0.66
558.88,0,0,0.0235756,0.000914903,0,0,3,15,0.66
558.98,0,0,0.0255158,0.00058898,0,0,3,15,0.66
559.08,0,0,0.0264359,0.000679761,0,0,3,15,0.66
559.18,0,0,0.023195,0.000862075,0,0,3,15,0.66
559.28,0,0,0.022224,0.000875777,0,0,3,15,0.66
559.38,0,0,0.0305295,0.000693409,0,0,3,15,0.66
559.48,0,0,0.0343378,0.000730759,0,0,3,15,0.66
559.58,0,0,0.0197685,0.000878966,0,0,3,15,0.66
559.68,0,0,0.0125992,0.000693882,0,0,3,15,0.66
559.78,0,0,0.0356868,0.000600986,0,0,3,15,0.66
559.88,0,0,0.0512914,0.000806085,0,0,3,15,0.66
559.98,0,0,0.0363535,0.00077516,0,0,3,15,0.66
560.08,0,0,0.0223894,0.000803543,0,0,3,15,0.66
560.18,0,0,0.0124059,0.000677072,0,0,3,15,0.66
560.28,0,0,0.0138452,0.000672159,0,0,3,15,0.66
560.38,0,0,0.0325101,0.00103748,0,0,3,15,0.66
560.48,0,0,0.045762,0.000777865,0,0,3,15,0.66
560.58,0,0,0.0368756,0.000711538,0,0,3,15,0.66
560.68,0,0,0.028001,0.000675231,0,0,3,15,0.66
560.78,0,0,0.0287921,0.00068473,0,0,3,15,0.66
560.88,0,0,0.0310694,0.000859821,0,0,3,15,0.66
560.98,0,0,0.0394264,0.00091788,0,0,3,15,0.66
561.08,0,0,0.0425949,0.000804743,0,0,3,15,0.66
561.18,0,0,0.0245493,0.000759219,0,0,3,15,0.66
561.28,0,0,0.0111283,0.000816871,0,0,3,15,0.66
561.38,0,0,0.0166162,0.000845795,0,0,3,15,0.66
561.48,0,0,0.0243146,0.000828856,0,0,3,15,0.66
561.58,0,0,0.0410329,0.000608003,0,0,3,15,0.66
561.68,0,0,0.0463633,0.000510465,0,0,3,15,0.66
561.78,0,0,0.0345499,0.000738983,0,0,3,15,0.66
561.88,0,0,0.0254894,0.000574034,0,0,3,15,0.66
561.98,0,0,0.027673,0.000606007,0,0,3,15,0.66
562.08,0,0,0.0300099,0.000854764,0,0,3,15,0.66
562.18,0,0,0.0329742,0.000661899,0,0,3,15,0.66
562.28,0,0,0.0345644,0.000791048,0,0,3,15,0.66
562.38,0,0,0.0305439,0.000870818,0,0,3,15,0.66
562.48,0,0,0.0258176,0.000862758,0,0,3,15,0.66
562.58,0,0,0.0182045,0.000703377,0,0,3,15,0.66
562.68,0,0,0.0153206,0.000664779,0,0,3,15,0.66
562.78,0,0,0.0318435,0.000529446,0,0,3,15,0.66
562.88,0,0,0.0483719,0.000924343,0,0,3,15,0.66
562.98,0,0,0.0649224,0.000519605,0,0,3,15,0.66
563.08,0,0,0.0744868,0.000657745,0,0,3,15,0.66
563.18,0,0,0.0553779,0.000784287,0,0,3,15,0.66
563.28,0,0,0.0406441,0.00069649,0,0,3,15,0.66
563.38,0,0,0.0437941,0.000628351,0,0,3,15,0.66
563.48,0,0,0.046345,0.000654769,0,0,3,15,0.66
563.58,0,0,0.0464474,0.000558931,0,0,3,15,0.66
563.68,0,0,0.0456502,0.000527178,0,0,3,15,0.66
563.78,0,0,0.0411734,0.000882,0,0,3,15,0.66
563.88,0,0,0.0357119,0.000813172,0,0,3,15,0.66
563.98,0,0,0.0262253,0.000702693,0,0,3,15,0.66
564.08,0,0,0.0207325,0.000684216,0,0,3,15,0.66
564.18,0,0,0.0315897,0.00069178,0,0,3,15,0.66
564.28,0,0,0.0383262,0.000472486,0,0,3,15,0.66
564.38,0,0,0.0282344,0.000948791,0,0,3,15,0.66
564.48,0,0,0.0215073,0.000671338,0,0,3,15,0.66
564.58,0,0,0.0285477,0.000761719,0,0,3,15,0.66
564.68,0,0,0.0367057,0.000765203,0,0,3,15,0.66
564.78,0,0,0.0494367,0.000729375,0,0,3,15,0.66
564.88,0,0,0.0559996,0.000774128,0,0,3,16,0.66
564.98,0,0,0.0373445,0.000594333,0,0,3,16,0.66
565.08,0,0,0.024271,0.000740754,0,0,3,16,0.66
565.18,0,0,0.0339782,0.000700589,0,0,3,16,0.66
565.28,0,0,0.0396899,0.000607975,0,0,3,16,0.66
565.38,0,0,0.0291139,0.000674219,0,0,3,16,0.66
565.48,0,0,0.0202992,0.000741932,0,0,3,16,0.66
565.58,0,0,0.0186888,0.000836791,0,0,3,16,0.66
565.68,0,0,0.0201809,0.000624986,0,0,3,16,0.64
565.78,0,0,0.026357,0.000794017,0,0,3,16,0.64
565.88,0,0,0.030749,0.000543761,0,0,3,16,0.64
565.98,0,0,0.0278345,0.000639829,0,0,3,16,0.64
566.08,0,0,0.026132,0.000842331,0,0,3,16,0.64
566.18,0,0,0.0293601,0.000578977,0,0,3,16,0.64
566.28,0,0,0.0309674,0.0007473,0,0,3,16,0.64
566.38,0,0,0.0259574,0.000637297,0,0,3,16,0.64
566.48,0,0,0.0213643,0.000648432,0,0,3,16,0.64
566.58,0,0,0.0184761,0.000515383,0,0,3,16,0.64
566.68,0,0,0.018166,0.000788734,0,0,3,16,0.64
566.78,0,0,0.0283962,0.000545205,0,0,3,16,0.64
566.88,0,0,0.0351126,0.000589533,0,0,3,16,0.64
566.98,0,0,0.0274292,0.000762168,0,0,3,16,0.64
567.08,0,0,0.020318,0.000779294,0,0,3,16,0.64
567.18,0,0,0.0140724,0.000843598,0,0,3,16,0.64
567.28,0,0,0.00904446,0.000784316,0,0,3,16,0.64
567.38,0,0,0.00898891,0.000621326,0,0,3,16,0.64
567.48,0,0,0.011114,0.000775118,0,0,3,16,0.64
567.58,0,0,0.022153,0.000730773,0,0,3,16,0.64
567.68,0,0,0.0289506,0.000746353,0,0,3,16,0.64
567.78,0,0,0.0184717,0.000555477,0,0,3,16,0.64
567.88,0,0,0.0110873,0.000578974,0,0,3,16,0.64
567.98,0,0,0.016372,0.000521428,0,0,3,16,0.64
568.08,0,0,0.022825,0.000763391,0,0,3,16,0.64
568.18,0,0,0.0340399,0.000758107,0,0,3,16,0.64
568.28,0,0,0.0398229,0.000662846,0,0,3,16,0.64
568.38,0,0,0.023452,0.000680026,0,0,3,16,0.64
568.48,0,0,0.0143054,0.000800569,0,0,3,16,0.64
568.58,0,0,0.0160729,0.000467438,0,0,3,16,0.64
568.68,0,0,0.0172047,0.000688674,0,0,3,16,0.64
568.78,0,0,0.0157388,0.000792428,0,0,3,16,0.64
568.88,0,0,0.016761,0.000502434,0,0,3,16,0.64
568.98,0,0,0.0279904,0.000555465,0,0,3,16,0.64
569.08,0,0,0.0351265,0.000619401,0,0,3,16,0.64
569.18,0,0,0.0255221,0.000861246,0,0,3,16,0.64
569.28,0,0,0.0219494,0.00056787,0,0,3,16,0.64
569.38,0,0,0.0430472,0.000696548,0,0,3,16,0.64
569.48,0,0,0.0567502,0.000801778,0,0,3,16,0.64
569.58,0,0,0.0402093,0.000749084,0,0,3,16,0.64
569.68,0,0,0.0271704,0.000927705,0,0,3,16,0.64
569.78,0,0,0.0284126,0.000721396,0,0,3,16,0.64
569.88,0,0,0.0286832,0.000581326,0,0,3,16,0.64
569.98,0,0,0.0249773,0.000677144,0,0,3,16,0.64
570.08,0,0,0.0222473,0.000839648,0,0,3,16,0.64
570.18,0,0,0.0235049,0.000497546,0,0,3,16,0.64
570.28,0,0,0.0242162,0.000487189,0,0,3,16,0.64
570.38,0,0,0.0226944,0.0008097,0,0,3,16,0.64
570.48,0,0,0.0217694,0.000609919,0,0,3,16,0.64
570.58,0,0,0.0232928,0.000747336,0,0,3,16,0.64
570.68,0,0,0.0229845,0.000683162,0,0,3,16,0.64
570.78,0,0,0.0152331,0.000710031,0,0,3,16,0.64
570.88,0,0,0.0121142,0.000617896,0,0,3,15,0.64
570.98,0,0,0.028013,0.000670677,0,0,3,15,0.64
571.08,0,0,0.038163,0.000765029,0,0,3,15,0.64
571.18,0,0,0.0396346,0.000856773,0,0,3,15,0.64
571.28,0,0,0.0395858,0.000636469,0,0,3,16,0.64
571.38,0,0,0.0333306,0.000572389,0,0,3,16,0.64
571.48,0,0,0.0289812,0.00062303,0,0,3,16,0.64
571.58,0,0,0.032445,0.000623304,0,0,3,16,0.64
571.68,0,0,0.0397075,0.000902281,0,0,3,16,0.64
571.78,0,0,0.062492,0.000865734,0,0,3,16,0.64
571.88,0,0,0.0739618,0.000614927,0,0,3,16,0.64
571.98,0,0,0.039048,0.000609132,0,0,3,16,0.64
572.08,0,0,0.011972,0.000571252,0,0,3,16,0.64
572.18,0,0,0.016915,0.000845049,0,0,3,16,0.64
572.28,0,0,0.0218918,0.000801524,0,0,3,16,0.64
572.38,0,0,0.0270065,0.000887477,0,0,3,16,0.64
572.48,0,0,0.0300722,0.000902808,0,0,3,16,0.64
572.58,0,0,0.0300444,0.000642874,0,0,3,16,0.64
572.68,0,0,0.0300224,0.00080777,0,0,3,16,0.64
572.78,0,0,0.037532,0.000755031,0,0,3,16,0.64
572.88,0,0,0.0422913,0.000539517,0,0,3,16,0.64
572.98,0,0,0.035804,0.000700874,0,0,3,16,0.64
573.08,0,0,0.0314618,0.000560036,0,0,3,16,0.64
573.18,0,0,0.0358684,0.00047511,0,0,3,16,0.64
573.28,0,0,0.0408878,0.000670147,0,0,3,16,0.64
573.38,0,0,0.0484101,0.000722567,0,0,3,16,0.64
573.48,0,0,0.0537279,0.000999303,0,0,3,16,0.64
573.58,0,0,0.0500504,0.00101166,0,0,3,16,0.64
573.68,0,0,0.0456013,0.000706269,0,0,3,16,0.64
573.78,0,0,0.0379978,0.00054573,0,0,3,16,0.64
573.88,0,0,0.0411334,0.000695364,0,0,3,16,0.64
573.98,0,0,0.0605026,0.000403027,0,0,3,16,0.64
574.08,0,0,0.0713529,0.000714727,0,0,3,16,0.64
574.18,0,0,0.0474435,0.000664169,0,0,3,16,0.64
574.28,0,0,0.0282242,0.000711461,0,0,3,16,0.64
574.38,0,0,0.0281888,0.000746982,0,0,3,16,0.64
574.48,0,0,0.0297885,0.000808312,0,0,3,16,0.64
574.58,0,0,0.038067,0.000594116,0,0,3,16,0.64
574.68,0,0,0.0439797,0.000658455,0,0,3,16,0.64
574.78,0,0,0.0401994,0.000766327,0,0,3,16,0.64
574.88,0,0,0.0372712,0.00068544,0,0,3,16,0.64
574.98,0,0,0.0378281,0.000830898,0,0,3,16,0.64
575.08,0,0,0.0378854,0.000484308,0,0,3,16,0.64
575.18,0,0,0.0359044,0.000586552,0,0,3,16,0.64
575.28,0,0,0.0360348,0.000821077,0,0,3,16,0.64
575.38,0,0,0.0393501,0.000856285,0,0,3,16,0.64
575.48,0,0,0.0449072,0.000835976,0,0,3,16,0.64
575.58,0,0,0.0595964,0.000803598,0,0,3,16,0.64
575.68,0,0,0.069224,0.00060234,0,0,3,16,0.64
575.78,0,0,0.0581448,0.000591785,0,0,3,16,0.64
575.88,0,0,0.0520098,0.000602941,0,0,3,16,0.64
575.98,0,0,0.0660737,0.000733069,0,0,3,16,0.64
576.08,0,0,0.0733598,0.000686688,0,0,3,16,0.64
576.18,0,0,0.052991,0.000602812,0,0,3,16,0.64
576.28,0,0,0.0363467,0.000630761,0,0,3,16,0.64
576.38,0,0,0.0349556,0.000744636,0,0,3,16,0.64
576.48,0,0,0.0319717,0.000893975,0,0,3,16,0.64
576.58,0,0,0.0224765,0.00085322,0,0,3,16,0.64
576.68,0,0,0.0216979,0.000747679,0,0,3,16,0.64
576.78,0,0,0.0340881,0.000693504,0,0,3,16,0.64
576.88,0,0,0.0420541,0.000835832,0,0,3,16,0.64
576.98,0,0,0.0319125,0.000518661,0,0,3,16,0.64
577.08,0,0,0.0239609,0.000737708,0,0,3,16,0.64
577.18,0,0,0.0249306,0.000840849,0,0,3,16,0.64
577.28,0,0,0.0255441,0.000634046,0,0,3,16,0.64
577.38,0,0,0.0246996,0.000849429,0,0,3,16,0.64
577.48,0,0,0.0232368,0.000788705,0,0,3,16,0.64
577.58,0,0,0.0192412,0.000666273,0,0,3,16,0.64
577.68,0,0,0.0161339,0.000677658,0,0,3,16,0.64
577.78,0,0,0.0166562,0.000861292,0,0,3,16,0.64
577.88,0,0,0.0188379,0.000860252,0,0,3,16,0.64
577.98,0,0,0.0235274,0.000673359,0,0,3,16,0.64
578.08,0,0,0.0267764,0.000710258,0,0,3,16,0.64
578.18,0,0,0.0241406,0.000795934,0,0,3,16,0.64
578.28,0,0,0.0229443,0.000610694,0,0,3,16,0.64
578.38,0,0,0.0276338,0.000710643,0,0,3,16,0.64
578.48,0,0,0.0301183,0.000622899,0,0,3,16,0.64
578.58,0,0,0.0236004,0.000548812,0,0,3,16,0.64
578.68,0,0,0.0170927,0.000412515,0,0,3,16,0.64
578.78,0,0,0.0226988,0.000614527,0,0,3,16,0.64
578.88,0,0,0.0256796,0.000971368,0,0,3,16,0.64
578.98,0,0,0.0179293,0.00104069,0,0,3,16,0.64
579.08,0,0,0.0121334,0.000694548,0,0,3,16,0.64
579.18,0,0,0.0143109,0.000631437,0,0,3,16,0.64
579.28,0,0,0.0186862,0.000730408,0,0,3,16,0.64
579.38,0,0,0.0263773,0.000612201,0,0,3,16,0.64
579.48,0,0,0.0296694,0.000784953,0,0,3,16,0.64
579.58,0,0,0.0149654,0.000677531,0,0,3,16,0.64
579.68,0,0,0.00648647,0.000996312,0,0,3,16,0.64
579.78,0,0,0.0233366,0.000784206,0,0,3,16,0.64
579.88,0,0,0.0354004,0.000821523,0,0,3,16,0.64
579.98,0,0,0.0278743,0.000820326,0,0,3,16,0.64
580.08,0,0,0.0239389,0.000770811,0,0,3,16,0.64
580.18,0,0,0.0254298,0.000884556,0,0,3,16,0.64
580.28,0,0,0.0243613,0.000769246,0,0,3,16,0.64
580.38,0,0,0.0128556,0.000916879,0,0,3,16,0.64
580.48,0,0,0.00414406,0.000650263,0,0,3,16,0.64
580.58,0,0,0.006891,0.000653556,0,0,3,16,0.64
580.68,0,0,0.0149501,0.000791607,0,0,3,16,0.64
580.78,0,0,0.0310362,0.00065935,0,0,3,16,0.64
580.88,0,0,0.0404426,0.000826925,0,0,3,16,0.64
580.98,0,0,0.0224867,0.000699338,0,0,3,16,0.64
581.08,0,0,0.0102717,0.000713765,0,0,3,16,0.64
581.18,0,0,0.0215062,0.000630098,0,0,3,16,0.64
581.28,0,0,0.0307778,0.000769626,0,0,3,16,0.64
581.38,0,0,0.0320434,0.000727906,0,0,3,16,0.64
581.48,0,0,0.0332439,0.00080276,0,0,3,16,0.64
581.58,0,0,0.0341784,0.000721356,0,0,3,16,0.64
581.68,0,0,0.0338588,0.000645107,0,0,3,16,0.64
581.78,0,0,0.028438,0.000936998,0,0,3,16,0.64
581.88,0,0,0.022672,0.000681724,0,0,3,16,0.64
581.98,0,0,0.0154958,0.000692354,0,0,3,16,0.64
582.08,0,0,0.0118476,0.000724162,0,0,3,16,0.64
582.18,0,0,0.0135215,0.000914434,0,0,3,16,0.64
582.28,0,0,0.0151243,0.000552024,0,0,3,16,0.64
582.38,0,0,0.0164372,0.000728005,0,0,3,16,0.64
582.48,0,0,0.0166551,0.000578324,0,0,3,16,0.64
582.58,0,0,0.0123795,0.000885006,0,0,3,16,0.64
582.68,0,0,0.0103064,0.000826214,0,0,3,16,0.64
582.78,0,0,0.0172368,0.000957532,0,0,3,16,0.64
582.88,0,0,0.0226073,0.000871036,0,0,3,16,0.64
582.98,0,0,0.02161,0.000966275,0,0,3,16,0.64
583.08,0,0,0.0227429,0.000735986,0,0,3,16,0.64
583.18,0,0,0.0325877,0.000576671,0,0,3,16,0.64
583.28,0,0,0.0402253,0.000643702,0,0,3,16,0.64
583.38,0,0,0.0388436,0.000719344,0,0,3,16,0.64
583.48,0,0,0.0364548,0.000716189,0,0,3,16,0.64
583.58,0,0,0.032549,0.000727029,0,0,3,16,0.64
583.68,0,0,0.0323641,0.000840237,0,0,3,16,0.64
583.78,0,0,0.0473896,0.000477111,0,0,3,16,0.64
583.88,0,0,0.0553728,0.000620555,0,0,3,16,0.64
583.98,0,0,0.0345386,0.000753103,0,0,3,16,0.64
584.08,0,0,0.0189531,0.000815787,0,0,3,16,0.64
584.18,0,0,0.0247898,0.000945764,0,0,3,16,0.64
584.28,0,0,0.0246971,0.000553649,0,0,3,16,0.64
584.38,0,0,0.0156456,0.000775524,0,0,3,16,0.64
584.48,0,0,0.0127277,0.000769499,0,0,3,16,0.64
584.58,0,0,0.0190812,0.000786407,0,0,3,16,0.64
584.68,0,0,0.0252603,0.000707264,0,0,3,16,0.64
584.78,0,0,0.0307258,0.00073832,0,0,3,16,0.64
584.88,0,0,0.0308303,0.00081347,0,0,3,16,0.64
584.98,0,0,0.0228341,0.000503558,0,0,3,16,0.64
585.08,0,0,0.0225083,0.000443193,0,0,3,16,0.64
585.18,0,0,0.0337403,0.000630186,0,0,3,16,0.64
585.28,0,0,0.0392026,0.000656167,0,0,3,16,0.64
585.38,0,0,0.0359541,0.000524829,0,0,3,16,0.64
585.48,0,0,0.0309446,0.000477969,0,0,3,16,0.64
585.58,0,0,0.0232767,0.000422538,0,0,3,16,0.64
585.68,0,0,0.0190781,0.000792142,0,0,3,16,0.64
585.78,0,0,0.0290456,0.000923794,0,0,3,16,0.64
585.88,0,0,0.0402473,0.00073219,0,0,3,16,0.64
585.98,0,0,0.056494,0.00039726,0,0,3,16,0.64
586.08,0,0,0.0568465,0.000402303,0,0,3,16,0.64
586.18,0,0,0.0331724,0.000650099,0,0,3,16,0.64
586.28,0,0,0.0176012,0.000584097,0,0,3,16,0.64
586.38,0,0,0.035235,0.00073131,0,0,3,16,0.64
586.48,0,0,0.0453942,0.000642799,0,0,3,16,0.64
586.58,0,0,0.0249598,0.000508849,0,0,3,16,0.64
586.68,0,0,0.0105196,0.000645158,0,0,3,16,0.64
586.78,0,0,0.0205654,0.00059535,0,0,3,16,0.64
586.88,0,0,0.0292614,0.000673572,0,0,3,16,0.64
586.98,0,0,0.0324436,0.000755879,0,0,3,16,0.64
587.08,0,0,0.0325424,0.000776929,0,0,3,16,0.64
587.18,0,0,0.020044,0.000550282,0,0,3,16,0.64
587.28,0,0,0.0101435,0.000684751,0,0,3,15,0.64
587.38,0,0,0.010874,0.000855072,0,0,3,15,0.64
587.48,0,0,0.0114914,0.000715093,0,0,3,15,0.64
587.58,0,0,0.0119379,0.000625185,0,0,3,15,0.64
587.68,0,0,0.0150908,0.000725645,0,0,3,15,0.64
587.78,0,0,0.0223349,0.000959131,0,0,3,15,0.64
587.88,0,0,0.0312271,0.000756586,0,0,3,15,0.66
587.98,0,0,0.0468852,0.000792926,0,0,3,15,0.66
588.08,0,0,0.0554262,0.00071976,0,0,3,15,0.66
588.18,0,0,0.0348908,0.000639707,0,0,3,15,0.66
588.28,0,0,0.0189541,0.000884599,0,0,3,15,0.66
588.38,0,0,0.0218553,0.000723634,0,0,3,15,0.66
588.48,0,0,0.0237106,0.000597387,0,0,3,15,0.66
588.58,0,0,0.0239861,0.000629647,0,0,3,15,0.66
588.68,0,0,0.0253856,0.000471177,0,0,3,15,0.66
588.78,0,0,0.0313807,0.000708619,0,0,3,15,0.66
588.88,0,0,0.0346699,0.000686894,0,0,3,15,0.66
588.98,0,0,0.0338777,0.000719217,0,0,3,15,0.66
589.08,0,0,0.0327939,0.000722429,0,0,3,15,0.66
589.18,0,0,0.0305213,0.000784019,0,0,3,15,0.66
589.28,0,0,0.0244476,0.000755868,0,0,3,15,0.66
589.38,0,0,0.0126402,0.00090129,0,0,3,15,0.66
589.48,0,0,0.00534564,0.0008324,0,0,3,15,0.66
589.58,0,0,0.0164124,0.000708546,0,0,3,15,0.66
589.68,0,0,0.0263041,0.00102229,0,0,3,15,0.66
589.78,0,0,0.0314082,0.000604317,0,0,3,15,0.66
589.88,0,0,0.0362718,0.000591877,0,0,3,15,0.66
589.98,0,0,0.0401505,0.000707417,0,0,3,15,0.66
590.08,0,0,0.0442406,0.00070068,0,0,3,15,0.66
590.18,0,0,0.0491937,0.000728188,0,0,3,15,0.66
590.28,0,0,0.0502623,0.000550921,0,0,3,15,0.66
590.38,0,0,0.0454687,0.000901647,0,0,3,15,0.66
590.48,0,0,0.0401715,0.000806522,0,0,3,15,0.66
590.58,0,0,0.032815,0.000639724,0,0,3,15,0.66
590.68,0,0,0.027299,0.000580168,0,0,3,15,0.66
590.78,0,0,0.0292883,0.000869712,0,0,3,15,0.66
590.88,0,0,0.0302789,0.000626613,0,0,3,15,0.66
590.98,0,0,0.0271834,0.000472353,0,0,3,15,0.66
591.08,0,0,0.0270243,0.000586999,0,0,3,15,0.66
591.18,0,0,0.0388222,0.000759168,0,0,3,15,0.66
591.28,0,0,0.044052,0.000761755,0,0,3,14,0.66
591.38,0,0,0.0224344,0.000823617,0,0,3,14,0.66
591.48,0,0,0.0123805,0.00079355,0,0,3,14,0.66
591.58,0,0,0.0197724,0.000578667,0,0,3,14,0.66
591.68,0,0,0.0251728,0.000949448,0,0,3,14,0.7
591.78,0,0,0.0224428,0.000724269,0,0,3,14,0.7
591.88,0,0,0.019733,0.000497748,0,0,3,14,0.7
591.98,0,0,0.0171062,0.000640766,0,0,3,14,0.7
592.08,0,0,0.0149836,0.000666988,0,0,3,14,0.7
592.18,0,0,0.0136245,0.00061947,0,0,3,14,0.7
592.28,0,0,0.0151726,0.000691644,0,0,3,14,0.7
592.38,0,0,0.0211195,0.000620232,0,0,3,14,0.7
592.48,0,0,0.0261451,0.000819805,0,0,3,14,0.7
592.58,0,0,0.0297785,0.000856751,0,0,3,14,0.7
592.68,0,0,0.0315748,0.000864817,0,0,3,14,0.7
592.78,0,0,0.0258894,0.000576464,0,0,3,14,0.7
592.88,0,0,0.0212062,0.000579125,0,0,3,14,0.7
592.98,0,0,0.0180329,0.000851108,0,0,3,14,0.7
593.08,0,0,0.0161525,0.000673796,0,0,3,14,0.7
593.18,0,0,0.0162225,0.000772744,0,0,3,14,0.7
593.28,0,0,0.0152076,0.000605296,0,0,3,14,0.7
593.38,0,0,0.0097606,0.000575584,0,0,3,14,0.7
593.48,0,0,0.00734546,0.000682486,0,0,3,14,0.7
593.58,0,0,0.0173104,0.000825969,0,0,3,14,0.7
593.68,0,0,0.0249481,0.000850366,0,0,3,14,0.7
593.78,0,0,0.023065,0.000815125,0,0,3,14,0.7
593.88,0,0,0.0199707,0.000616639,0,0,3,14,0.7
593.98,0,0,0.0150464,0.000674051,0,0,3,14,0.7
594.08,0,0,0.0177819,0.000735277,0,0,3,14,0.7
594.18,0,0,0.0320924,0.000768852,0,0,3,14,0.7
594.28,0,0,0.036968,0.00086396,0,0,3,14,0.7
594.38,0,0,0.0275771,0.000687758,0,0,3,14,0.7
594.48,0,0,0.0207798,0.000698952,0,0,3,14,0.7
594.58,0,0,0.0178915,0.0009288,0,0,3,14,0.7
594.68,0,0,0.0227246,0.00087033,0,0,3,14,0.7
594.78,0,0,0.0391911,0.000853082,0,0,3,14,0.7
594.88,0,0,0.040951,0.000755306,0,0,3,14,0.7
594.98,0,0,0.0205349,0.000711289,0,0,3,14,0.7
595.08,0,0,0.0113364,0.000911122,0,0,3,14,0.7
595.18,0,0,0.0190988,0.000627401,0,0,3,14,0.7
595.28,0,0,0.0236852,0.000776008,0,0,3,14,0.7
595.38,0,0,0.023473,0.000814133,0,0,3,14,0.7
595.48,0,0,0.0214636,0.000894474,0,0,3,14,0.7
595.58,0,0,0.0167362,0.000921505,0,0,3,14,0.7
595.68,0,0,0.0124336,0.000858303,0,0,3,14,0.7
595.78,0,0,0.00877232,0.000777306,0,0,3,14,0.7
595.88,0,0,0.00883382,0.000970516,0,0,3,14,0.7
595.98,0,0,0.0241055,0.000743081,0,0,3,14,0.7
596.08,0,0,0.0374165,0.000739614,0,0,3,14,0.7
596.18,0,0,0.0477718,0.000663924,0,0,3,14,0.7
596.28,0,0,0.0519095,0.000566687,0,0,3,14,0.7
596.38,0,0,0.030671,0.000773778,0,0,3,14,0.7
596.48,0,0,0.0172964,0.000727166,0,0,3,14,0.7
596.58,0,0,0.0361205,0.0005691,0,0,3,14,0.7
596.68,0,0,0.0484706,0.000685963,0,0,3,14,0.7
596.78,0,0,0.0343581,0.00049322,0,0,3,14,0.7
596.88,0,0,0.0220387,0.000747385,0,0,3,14,0.7
596.98,0,0,0.0170415,0.00071271,0,0,3,14,0.7
597.08,0,0,0.0153993,0.000833979,0,0,3,14,0.7
597.18,0,0,0.0188213,0.000914081,0,0,3,14,0.7
597.28,0,0,0.022714,0.00085143,0,0,3,14,0.7
597.38,0,0,0.0273178,0.000814011,0,0,3,14,0.7
597.48,0,0,0.0302301,0.000920307,0,0,3,14,0.7
597.58,0,0,0.0262338,0.000723476,0,0,3,14,0.7
597.68,0,0,0.0233383,0.000696288,0,0,3,14,0.7
597.78,0,0,0.0249516,0.000700313,0,0,3,14,0.7
597.88,0,0,0.0287322,0.000655897,0,0,3,14,0.7
597.98,0,0,0.0414104,0.000481474,0,0,3,14,0.7
598.08,0,0,0.0426666,0.000610444,0,0,3,14,0.7
598.18,0,0,0.0266569,0.000671567,0,0,3,14,0.7
598.28,0,0,0.0232349,0.000755414,0,0,3,14,0.7
598.38,0,0,0.0388017,0.000761537,0,0,3,14,0.7
598.48,0,0,0.0481513,0.000712929,0,0,3,14,0.7
598.58,0,0,0.0320461,0.00083981,0,0,3,14,0.7
598.68,0,0,0.0197326,0.000705756,0,0,3,15,0.66
598.78,0,0,0.0229271,0.000676344,0,0,3,15,0.66
598.88,0,0,0.0268487,0.000793634,0,0,3,15,0.66
598.98,0,0,0.0337501,0.000779935,0,0,3,15,0.66
599.08,0,0,0.0362754,0.000743757,0,0,3,15,0.66
599.18,0,0,0.0209325,0.000842653,0,0,3,15,0.66
599.28,0,0,0.0113316,0.000555444,0,0,3,15,0.66
599.38,0,0,0.0252309,0.000658375,0,0,3,15,0.66
599.48,0,0,0.0338818,0.000830374,0,0,3,15,0.66
599.58,0,0,0.0210568,0.000903415,0,0,3,15,0.66
599.68,0,0,0.0154071,0.000681967,0,0,3,15,0.66
599.78,0,0,0.0205909,0.000551656,0,0,3,15,0.66
599.88,0,0,0.0257346,0.000815553,0,0,3,15,0.66
599.98,0,0,0.030714,0.000891614,0,0,3,15,0.66
600.08,0,0,0.0319913,0.000845621,0,0,3,15,0.66
600.18,0,0,0.0181657,0.00071436,0,0,3,15,0.66
600.28,0,0,0.0135912,0.000552912,0,0,3,15,0.66
600.38,0,0,0.0229835,0.000599018,0,0,3,15,0.66
600.48,0,0,0.0294351,0.000679821,0,0,3,15,0.66
600.58,0,0,0.0314429,0.000714009,0,0,3,15,0.66
600.68,0,0,0.031559,0.000683459,0,0,3,14,0.68
600.78,0,0,0.0288253,0.000742622,0,0,3,14,0.68
600.88,0,0,0.0263768,0.000520784,0,0,3,15,0.68
600.98,0,0,0.0250992,0.000673904,0,0,3,15,0.68
601.08,0,0,0.0230036,0.000564121,0,0,3,14,0.68
601.18,0,0,0.0196742,0.000645982,0,0,3,14,0.68
601.28,0,0,0.0170485,0.000911078,0,0,3,14,0.68
601.38,0,0,0.0172948,0.000773584,0,0,3,14,0.68
601.48,0,0,0.0198181,0.00066051,0,0,3,15,0.68
601.58,0,0,0.0316646,0.000963597,0,0,3,15,0.68
601.68,0,0,0.0392204,0.000569583,0,0,3,15,0.66
601.78,0,0,0.0292378,0.00071553,0,0,3,15,0.66
601.88,0,0,0.0211546,0.000724764,0,0,3,15,0.66
601.98,0,0,0.0208555,0.000725752,0,0,3,15,0.66
602.08,0,0,0.0216713,0.000613124,0,0,3,15,0.66
602.18,0,0,0.0270222,0.000616941,0,0,3,15,0.66
602.28,0,0,0.0315161,0.000802265,0,0,3,15,0.66
602.38,0,0,0.0325089,0.000713862,0,0,3,15,0.66
602.48,0,0,0.030576,0.000870185,0,0,3,15,0.66
602.58,0,0,0.0242292,0.000799662,0,0,3,15,0.66
602.68,0,0,0.0178827,0.000639951,0,0,3,15,0.66
602.78,0,0,0.0116885,0.000673046,0,0,3,15,0.66
602.88,0,0,0.00791301,0.000783972,0,0,3,15,0.66
602.98,0,0,0.0140606,0.000589007,0,0,3,15,0.66
603.08,0,0,0.0206072,0.000702211,0,0,3,15,0.66
603.18,0,0,0.0287851,0.000693772,0,0,3,15,0.66
603.28,0,0,0.0367202,0.000734794,0,0,3,15,0.66
603.38,0,0,0.0436627,0.000538542,0,0,3,15,0.66
603.48,0,0,0.0491913,0.000471266,0,0,3,15,0.66
603.58,0,0,0.0489208,0.000588005,0,0,3,15,0.66
603.68,0,0,0.0446402,0.000675253,0,0,3,14,0.66
603.78,0,0,0.0238819,0.000647249,0,0,3,14,0.66
603.88,0,0,0.00974179,0.000553418,0,0,3,14,0.66
603.98,0,0,0.00557927,0.000561445,0,0,3,14,0.66
604.08,0,0,0.0062883,0.000785079,0,0,3,15,0.66
604.18,0,0,0.0268758,0.000649159,0,0,3,15,0.66
604.28,0,0,0.0399953,0.000818209,0,0,3,15,0.66
604.38,0,0,0.0225897,0.000856597,0,0,3,15,0.66
604.48,0,0,0.01257,0.00059389,0,0,3,15,0.66
604.58,0,0,0.032773,0.000854263,0,0,3,15,0.66
604.68,0,0,0.0493833,0.000741259,0,0,3,15,0.66
604.78,0,0,0.0512837,0.00073312,0,0,3,15,0.66
604.88,0,0,0.0513636,0.000804013,0,0,3,15,0.66
604.98,0,0,0.0439936,0.000856063,0,0,3,15,0.66
605.08,0,0,0.0347539,0.00085334,0,0,3,16,0.66
605.18,0,0,0.0226913,0.000700806,0,0,3,16,0.66
605.28,0,0,0.0128685,0.000524807,0,0,3,16,0.66
605.38,0,0,0.0121995,0.000647879,0,0,3,16,0.66
605.48,0,0,0.0128515,0.000729028,0,0,3,16,0.66
605.58,0,0,0.0189054,0.0010055,0,0,3,16,0.66
605.68,0,0,0.0295111,0.000695094,0,0,3,16,0.64
605.78,0,0,0.0587324,0.000417888,0,0,3,16,0.64
605.88,0,0,0.0779735,0.000499101,0,0,3,16,0.64
605.98,0,0,0.0563382,0.000669949,0,0,3,16,0.64
606.08,0,0,0.0372752,0.00105124,0,0,3,16,0.64
606.18,0,0,0.0220952,0.000815637,0,0,3,16,0.64
606.28,0,0,0.0108273,0.000588014,0,0,3,16,0.64
606.38,0,0,0.0155463,0.000584828,0,0,3,16,0.64
606.48,0,0,0.0179653,0.000590641,0,0,3,16,0.64
606.58,0,0,0.0169126,0.000521701,0,0,3,16,0.64
606.68,0,0,0.016846,0.000570138,0,0,3,16,0.64
606.78,0,0,0.0182713,0.000698328,0,0,3,16,0.64
606.88,0,0,0.0197866,0.000657396,0,0,3,16,0.64
606.98,0,0,0.0216706,0.00070128,0,0,3,16,0.64
607.08,0,0,0.0231933,0.00072445,0,0,3,16,0.64
607.18,0,0,0.0241712,0.000677035,0,0,3,16,0.64
607.28,0,0,0.0228393,0.000649766,0,0,3,16,0.64
607.38,0,0,0.0180288,0.000852895,0,0,3,16,0.64
607.48,0,0,0.0193111,0.00067608,0,0,3,16,0.64
607.58,0,0,0.0298102,0.000665359,0,0,3,16,0.64
607.68,0,0,0.0324527,0.000727905,0,0,3,16,0.64
607.78,0,0,0.0232394,0.000617792,0,0,3,16,0.64
607.88,0,0,0.0163958,0.000528111,0,0,3,16,0.64
607.98,0,0,0.0131387,0.00068606,0,0,3,16,0.64
608.08,0,0,0.0170876,0.000783843,0,0,3,16,0.64
608.18,0,0,0.0319018,0.000803112,0,0,3,16,0.64
608.28,0,0,0.0343894,0.000872964,0,0,3,16,0.64
608.38,0,0,0.0182493,0.000634718,0,0,3,16,0.64
608.48,0,0,0.0149954,0.000702454,0,0,3,16,0.64
608.58,0,0,0.0311774,0.00061088,0,0,3,16,0.64
608.68,0,0,0.0423545,0.000792511,0,0,3,16,0.64
608.78,0,0,0.0330517,0.000851695,0,0,3,16,0.64
608.88,0,0,0.0236291,0.000435319,0,0,3,16,0.64
608.98,0,0,0.0140258,0.000636938,0,0,3,16,0.64
609.08,0,0,0.0104292,0.000646187,0,0,3,16,0.64
609.18,0,0,0.015912,0.000746025,0,0,3,16,0.64
609.28,0,0,0.0227076,0.000805465,0,0,3,16,0.64
609.38,0,0,0.0314841,0.000615639,0,0,3,16,0.64
609.48,0,0,0.033637,0.000765233,0,0,3,16,0.64
609.58,0,0,0.0257615,0.000939545,0,0,3,16,0.64
609.68,0,0,0.0236912,0.000533226,0,0,3,16,0.64
609.78,0,0,0.0303861,0.00083599,0,0,3,16,0.64
609.88,0,0,0.0308169,0.00070237,0,0,3,16,0.64
609.98,0,0,0.0218151,0.000576965,0,0,3,16,0.64
610.08,0,0,0.0155651,0.000687595,0,0,3,16,0.64
610.18,0,0,0.0134672,0.000815616,0,0,3,16,0.64
610.28,0,0,0.0165798,0.000963057,0,0,3,16,0.64
610.38,0,0,0.0275387,0.0010826,0,0,3,16,0.64
610.48,0,0,0.0327155,0.000757021,0,0,3,16,0.64
610.58,0,0,0.0291592,0.00069994,0,0,3,16,0.64
610.68,0,0,0.0260823,0.000624671,0,0,3,16,0.64
610.78,0,0,0.0237304,0.000588872,0,0,3,16,0.64
610.88,0,0,0.0233173,0.000576367,0,0,3,16,0.64
610.98,0,0,0.0308383,0.000582856,0,0,3,16,0.64
611.08,0,0,0.0335589,0.000690318,0,0,3,16,0.64
611.18,0,0,0.0167035,0.000687797,0,0,3,16,0.64
611.28,0,0,0.00452191,0.000602107,0,0,3,16,0.64
611.38,0,0,0.0114369,0.000905102,0,0,3,16,0.64
611.48,0,0,0.017827,0.00062386,0,0,3,16,0.64
611.58,0,0,0.022057,0.000697277,0,0,3,16,0.64
611.68,0,0,0.0237467,0.000831924,0,0,3,16,0.64
611.78,0,0,0.015049,0.000891318,0,0,3,16,0.64
611.88,0,0,0.00887028,0.000829589,0,0,3,16,0.64
611.98,0,0,0.0129779,0.000764684,0,0,3,16,0.64
612.08,0,0,0.0163525,0.000605326,0,0,3,16,0.64
612.18,0,0,0.0167279,0.000870194,0,0,3,16,0.64
612.28,0,0,0.0172538,0.00101914,0,0,3,16,0.64
612.38,0,0,0.0183954,0.000821277,0,0,3,16,0.64
612.48,0,0,0.0183497,0.000689339,0,0,3,16,0.64
612.58,0,0,0.0134349,0.000624823,0,0,3,16,0.64
612.68,0,0,0.0110917,0.000526768,0,0,3,16,0.64
612.78,0,0,0.0192502,0.000798709,0,0,3,16,0.64
612.88,0,0,0.0239318,0.000544274,0,0,3,16,0.64
612.98,0,0,0.0143808,0.000548331,0,0,3,16,0.64
613.08,0,0,0.0111009,0.000796441,0,0,3,16,0.64
613.18,0,0,0.0334362,0.000771948,0,0,3,16,0.64
613.28,0,0,0.0435098,0.000887357,0,0,3,16,0.64
613.38,0,0,0.0350709,0.000668241,0,0,3,16,0.64
613.48,0,0,0.0278728,0.000784709,0,0,3,16,0.64
613.58,0,0,0.0257711,0.000666907,0,0,3,16,0.64
613.68,0,0,0.0234345,0.000707321,0,0,3,16,0.64
613.78,0,0,0.0201402,0.000672658,0,0,3,16,0.64
613.88,0,0,0.0174473,0.000658284,0,0,3,16,0.64
613.98,0,0,0.0172155,0.000881922,0,0,3,16,0.64
614.08,0,0,0.0171841,0.000695551,0,0,3,16,0.64
614.18,0,0,0.0179698,0.000664042,0,0,3,16,0.64
614.28,0,0,0.0178939,0.000702121,0,0,3,16,0.64
614.38,0,0,0.014295,0.000584237,0,0,3,16,0.64
614.48,0,0,0.0107454,0.000792706,0,0,3,16,0.64
614.58,0,0,0.00739789,0.000987861,0,0,3,16,0.64
614.68,0,0,0.010229,0.000579491,0,0,3,16,0.64
614.78,0,0,0.0223768,0.000573486,0,0,3,16,0.64
614.88,0,0,0.0331591,0.000518442,0,0,3,16,0.64
614.98,0,0,0.0383495,0.000774807,0,0,3,16,0.64
615.08,0,0,0.0404325,0.000615401,0,0,3,16,0.64
615.18,0,0,0.0298006,0.000432957,0,0,3,16,0.64
615.28,0,0,0.0227855,0.000733337,0,0,3,16,0.64
615.38,0,0,0.0305385,0.000846175,0,0,3,16,0.64
615.48,0,0,0.0363258,0.00061743,0,0,3,16,0.64
615.58,0,0,0.034065,0.00067228,0,0,3,16,0.64
615.68,0,0,0.0313416,0.000938563,0,0,3,16,0.64
615.78,0,0,0.0267286,0.000556392,0,0,3,16,0.64
615.88,0,0,0.0219592,0.000602693,0,0,3,16,0.64
615.98,0,0,0.0165499,0.000755911,0,0,3,16,0.64
616.08,0,0,0.0156866,0.000883243,0,0,3,16,0.64
616.18,0,0,0.0333465,0.000745806,0,0,3,16,0.64
616.28,0,0,0.0374751,0.000649317,0,0,3,16,0.64
616.38,0,0,0.0211939,0.000855766,0,0,3,16,0.64
616.48,0,0,0.0108738,0.000758836,0,0,3,16,0.64
616.58,0,0,0.00954932,0.000600057,0,0,3,16,0.64
616.68,0,0,0.00885124,0.00056694,0,0,3,16,0.64
616.78,0,0,0.010712,0.000574777,0,0,3,16,0.64
616.88,0,0,0.0138589,0.000682948,0,0,3,16,0.64
616.98,0,0,0.0222539,0.000611207,0,0,3,16,0.64
617.08,0,0,0.0283678,0.000491785,0,0,3,16,0.64
617.18,0,0,0.025149,0.000628034,0,0,3,16,0.64
617.28,0,0,0.0258793,0.000704024,0,0,3,16,0.64
617.38,0,0,0.0428119,0.000787647,0,0,3,16,0.64
617.48,0,0,0.0523566,0.000541103,0,0,3,16,0.64
617.58,0,0,0.0507414,0.000766624,0,0,3,16,0.64
617.68,0,0,0.0433259,0.000938831,0,0,3,16,0.64
617.78,0,0,0.027146,0.000760587,0,0,3,16,0.64
617.88,0,0,0.0177252,0.000860788,0,0,3,16,0.64
617.98,0,0,0.0359791,0.000687256,0,0,3,16,0.64
618.08,0,0,0.0459051,0.000753288,0,0,3,16,0.64
618.18,0,0,0.0432651,0.000352696,0,0,3,16,0.64
618.28,0,0,0.0381093,0.000674259,0,0,3,16,0.64
618.38,0,0,0.0291579,0.000907633,0,0,3,16,0.64
618.48,0,0,0.0198585,0.000716764,0,0,3,16,0.64
618.58,0,0,0.0100328,0.000751105,0,0,3,16,0.64
618.68,0,0,0.0102623,0.000533657,0,0,3,16,0.64
618.78,0,0,0.0256663,0.000869946,0,0,3,16,0.64
618.88,0,0,0.0372373,0.000815978,0,0,3,16,0.64
618.98,0,0,0.0330753,0.000839631,0,0,3,16,0.64
619.08,0,0,0.0293726,0.000886205,0,0,3,16,0.64
619.18,0,0,0.027545,0.000893934,0,0,3,16,0.64
619.28,0,0,0.0270225,0.000878334,0,0,3,16,0.64
619.38,0,0,0.0318302,0.000725599,0,0,3,16,0.64
619.48,0,0,0.03405,0.000724081,0,0,3,16,0.64
619.58,0,0,0.0256895,0.000899084,0,0,3,16,0.64
619.68,0,0,0.0186088,0.000884984,0,0,3,16,0.64
619.78,0,0,0.0167543,0.000736629,0,0,3,16,0.64
619.88,0,0,0.0169631,0.000822643,0,0,3,16,0.64
619.98,0,0,0.0256041,0.000832613,0,0,3,16,0.64
620.08,0,0,0.0280491,0.000657509,0,0,3,16,0.64
620.18,0,0,0.021123,0.000651538,0,0,3,16,0.64
620.28,0,0,0.015064,0.00074871,0,0,3,16,0.64
620.38,0,0,0.0125555,0.000911687,0,0,3,16,0.64
620.48,0,0,0.0103268,0.000453963,0,0,3,16,0.64
620.58,0,0,0.00852123,0.000537111,0,0,3,16,0.64
620.68,0,0,0.0082546,0.000719855,0,0,3,16,0.64
620.78,0,0,0.0142676,0.000714536,0,0,3,16,0.64
620.88,0,0,0.0180189,0.000748526,0,0,3,16,0.64
620.98,0,0,0.0124637,0.000745254,0,0,3,16,0.64
621.08,0,0,0.00979845,0.000676292,0,0,3,16,0.64
621.18,0,0,0.0189514,0.000693931,0,0,3,16,0.64
621.28,0,0,0.0255783,0.00077783,0,0,3,16,0.64
621.38,0,0,0.021875,0.000652463,0,0,3,16,0.64
621.48,0,0,0.0176381,0.000726119,0,0,3,16,0.64
621.58,0,0,0.0125952,0.000725558,0,0,3,16,0.64
621.68,0,0,0.00983087,0.000575286,0,0,3,16,0.64
621.78,0,0,0.0163741,0.000889974,0,0,3,16,0.64
621.88,0,0,0.0213025,0.000794206,0,0,3,16,0.64
621.98,0,0,0.0196166,0.000859394,0,0,3,16,0.64
622.08,0,0,0.0230271,0.000731346,0,0,3,16,0.64
622.18,0,0,0.0341582,0.000561126,0,0,3,16,0.64
622.28,0,0,0.0425701,0.00071828,0,0,3,16,0.64
622.38,0,0,0.0398471,0.00064784,0,0,3,16,0.64
622.48,0,0,0.0393667,0.000765026,0,0,3,16,0.64
622.58,0,0,0.0422673,0.000919706,0,0,3,16,0.64
622.68,0,0,0.0396944,0.000534533,0,0,3,16,0.64
622.78,0,0,0.0288672,0.000913429,0,0,3,16,0.64
622.88,0,0,0.02376,0.000990618,0,0,3,16,0.64
622.98,0,0,0.0272666,0.000812965,0,0,3,16,0.64
623.08,0,0,0.0302034,0.000667321,0,0,3,16,0.64
623.18,0,0,0.0308142,0.00045912,0,0,3,16,0.64
623.28,0,0,0.0295048,0.000634879,0,0,3,16,0.64
623.38,0,0,0.0203521,0.000769977,0,0,3,16,0.64
623.48,0,0,0.0172057,0.0007558,0,0,3,16,0.64
623.58,0,0,0.0385836,0.000783773,0,0,3,16,0.64
623.68,0,0,0.0537406,0.000934586,0,0,3,16,0.64
623.78,0,0,0.0434775,0.000838362,0,0,3,16,0.64
623.88,0,0,0.0321774,0.000888515,0,0,3,16,0.64
623.98,0,0,0.0166282,0.000611674,0,0,3,16,0.64
624.08,0,0,0.0111974,0.000577783,0,0,3,16,0.64
624.18,0,0,0.0210199,0.000813536,0,0,3,16,0.64
624.28,0,0,0.0312799,0.000883695,0,0,3,16,0.64
624.38,0,0,0.0421995,0.000411629,0,0,3,16,0.64
624.48,0,0,0.0448387,0.000756164,0,0,3,16,0.64
624.58,0,0,0.0349931,0.000912473,0,0,3,16,0.64
624.68,0,0,0.0310493,0.000646226,0,0,3,16,0.64
624.78,0,0,0.0360217,0.000859356,0,0,3,16,0.64
624.88,0,0,0.0326784,0.00088457,0,0,3,16,0.64
624.98,0,0,0.0167806,0.000730876,0,0,3,16,0.64
625.08,0,0,0.0153468,0.000924357,0,0,3,16,0.64
625.18,0,0,0.0357852,0.000825342,0,0,3,16,0.64
625.28,0,0,0.0467354,0.000810369,0,0,3,16,0.64
625.38,0,0,0.0189587,0.000891301,0,0,3,16,0.64
625.48,0,0,0.00871529,0.000592638,0,0,3,16,0.64
625.58,0,0,0.0249964,0.000704774,0,0,3,16,0.64
625.68,0,0,0.0356299,0.000757183,0,0,3,16,0.64
625.78,0,0,0.0231642,0.000646757,0,0,3,16,0.64
625.88,0,0,0.0162598,0.00081448,0,0,3,16,0.64
625.98,0,0,0.0320394,0.000637181,0,0,3,16,0.64
626.08,0,0,0.0409596,0.000818667,0,0,3,16,0.64
626.18,0,0,0.0217971,0.000779509,0,0,3,16,0.64
626.28,0,0,0.00755418,0.000648485,0,0,3,16,0.64
626.38,0,0,0.0134072,0.000784148,0,0,3,16,0.64
626.48,0,0,0.0203596,0.000617107,0,0,3,15,0.64
626.58,0,0,0.0318104,0.000624174,0,0,3,15,0.64
626.68,0,0,0.0401487,0.000571456,0,0,3,16,0.64
626.78,0,0,0.0357523,0.000695091,0,0,3,16,0.64
626.88,0,0,0.0317714,0.000735553,0,0,3,16,0.64
626.98,0,0,0.0284191,0.000953239,0,0,3,16,0.64
627.08,0,0,0.0246279,0.000911455,0,0,3,15,0.64
627.18,0,0,0.0201727,0.000652145,0,0,3,15,0.64
627.28,0,0,0.0176434,0.000680658,0,0,3,15,0.64
627.38,0,0,0.0180212,0.000711898,0,0,3,15,0.64
627.48,0,0,0.0188772,0.000880342,0,0,3,16,0.64
627.58,0,0,0.0204533,0.000677232,0,0,3,16,0.64
627.68,0,0,0.0257378,0.000745427,0,0,3,16,0.64
627.78,0,0,0.0366146,0.000584104,0,0,3,16,0.64
627.88,0,0,0.0433405,0.000613124,0,0,3,16,0.64
627.98,0,0,0.0330927,0.000572175,0,0,3,16,0.64
628.08,0,0,0.0236809,0.000691117,0,0,3,16,0.64
628.18,0,0,0.0155324,0.00061172,0,0,3,16,0.64
628.28,0,0,0.0116243,0.000611269,0,0,3,16,0.64
628.38,0,0,0.0141199,0.000608558,0,0,3,16,0.64
628.48,0,0,0.0188866,0.000567815,0,0,3,16,0.64
628.58,0,0,0.032927,0.00050425,0,0,3,16,0.64
628.68,0,0,0.0425833,0.000693192,0,0,3,16,0.64
628.78,0,0,0.0343487,0.000830184,0,0,3,16,0.64
628.88,0,0,0.0306595,0.000543722,0,0,3,16,0.64
628.98,0,0,0.0455757,0.000589201,0,0,3,16,0.64
629.08,0,0,0.053591,0.000712963,0,0,3,16,0.64
629.18,0,0,0.0334145,0.000759117,0,0,3,16,0.64
629.28,0,0,0.0184962,0.000527552,0,0,3,16,0.64
629.38,0,0,0.0250658,0.00059747,0,0,3,16,0.64
629.48,0,0,0.0256266,0.000692646,0,0,3,16,0.64
629.58,0,0,0.0171184,0.000767808,0,0,3,16,0.64
629.68,0,0,0.0161014,0.000591261,0,0,3,16,0.64
629.78,0,0,0.0263956,0.000524613,0,0,3,16,0.64
629.88,0,0,0.0334059,0.000560784,0,0,3,16,0.64
629.98,0,0,0.0269644,0.000304855,0,0,3,16,0.64
630.08,0,0,0.0251085,0.000624759,0,0,3,16,0.64
630.18,0,0,0.0301878,0.000747518,0,0,3,16,0.64
630.28,0,0,0.0311996,0.000649242,0,0,3,16,0.64
630.38,0,0,0.0260795,0.000501272,0,0,3,16,0.64
630.48,0,0,0.0228413,0.00069676,0,0,3,16,0.64
630.58,0,0,0.022443,0.000714852,0,0,3,16,0.64
630.68,0,0,0.02977,0.000737269,0,0,3,17,0.6
630.78,0,0,0.0487323,0.000785319,0,0,3,17,0.6
630.88,0,0,0.0641015,0.000488034,0,0,3,17,0.6
630.98,0,0,0.064739,0.000527678,0,0,3,17,0.6
631.08,0,0,0.0598476,0.000822748,0,0,3,17,0.6
631.18,0,0,0.0465812,0.000576209,0,0,3,17,0.6
631.28,0,0,0.0467102,0.00078089,0,0,3,17,0.6
631.38,0,0,0.0670643,0.000910629,0,0,3,17,0.6
631.48,0,0,0.0668001,0.000640526,0,0,3,17,0.6
631.58,0,0,0.0354002,0.000526803,0,0,3,17,0.6
631.68,0,0,0.0155486,0.000714979,0,0,3,17,0.6
631.78,0,0,0.0426566,0.000713178,0,0,3,17,0.6
631.88,0,0,0.0628461,0.000805414,0,0,3,17,0.6
631.98,0,0,0.0547065,0.000972083,0,0,3,17,0.6
632.08,0,0,0.04688,0.000485416,0,0,3,17,0.6
632.18,0,0,0.0403338,0.000504535,0,0,3,17,0.6
632.28,0,0,0.0325361,0.000805092,0,0,3,17,0.6
632.38,0,0,0.0228545,0.000761951,0,0,3,17,0.6
632.48,0,0,0.0189881,0.000726588,0,0,3,17,0.6
632.58,0,0,0.0239055,0.000661553,0,0,3,17,0.6
632.68,0,0,0.0259601,0.000750434,0,0,3,17,0.6
632.78,0,0,0.0163068,0.000561794,0,0,3,17,0.6
632.88,0,0,0.012478,0.0010299,0,0,3,17,0.6
632.98,0,0,0.0325658,0.000673645,0,0,3,17,0.6
633.08,0,0,0.0465705,0.000576289,0,0,3,17,0.6
633.18,0,0,0.0357258,0.000658512,0,0,3,17,0.6
633.28,0,0,0.0281655,0.000639143,0,0,3,17,0.6
633.38,0,0,0.033985,0.000719186,0,0,3,17,0.6
633.48,0,0,0.0341008,0.000754467,0,0,3,17,0.6
633.58,0,0,0.0256204,0.000762498,0,0,3,17,0.6
633.68,0,0,0.0211632,0.000685246,0,0,3,17,0.6
633.78,0,0,0.0227821,0.00051456,0,0,3,17,0.6
633.88,0,0,0.0238629,0.000844589,0,0,3,17,0.6
633.98,0,0,0.0227413,0.000506004,0,0,3,17,0.6
634.08,0,0,0.0220329,0.000640849,0,0,3,17,0.6
634.18,0,0,0.0230121,0.000637244,0,0,3,17,0.6
634.28,0,0,0.0268691,0.000640914,0,0,3,17,0.6
634.38,0,0,0.0350659,0.000500044,0,0,3,17,0.6
634.48,0,0,0.0365859,0.000676844,0,0,3,17,0.6
634.58,0,0,0.0280086,0.000701769,0,0,3,17,0.6
634.68,0,0,0.024548,0.000640126,0,0,3,17,0.6
634.78,0,0,0.0288184,0.000585104,0,0,3,17,0.6
634.88,0,0,0.0305689,0.000612482,0,0,3,17,0.6
634.98,0,0,0.0285244,0.00056601,0,0,3,17,0.6
635.08,0,0,0.0285545,0.000786314,0,0,3,17,0.6
635.18,0,0,0.0317157,0.000531985,0,0,3,17,0.6
635.28,0,0,0.0321573,0.000633705,0,0,3,17,0.6
635.38,0,0,0.0285032,0.000750746,0,0,3,17,0.6
635.48,0,0,0.0237464,0.000701077,0,0,3,17,0.6
635.58,0,0,0.0173263,0.000679444,0,0,3,17,0.6
635.68,0,0,0.0131502,0.000834808,0,0,3,17,0.6
635.78,0,0,0.0181698,0.000869081,0,0,3,17,0.6
635.88,0,0,0.0218339,0.000795101,0,0,3,17,0.6
635.98,0,0,0.0199515,0.000847981,0,0,3,17,0.6
636.08,0,0,0.0172562,0.000740402,0,0,3,17,0.6
636.18,0,0,0.0112385,0.00068954,0,0,3,17,0.6
636.28,0,0,0.0066809,0.000574814,0,0,3,16,0.6
636.38,0,0,0.00809459,0.000640243,0,0,3,16,0.6
636.48,0,0,0.00913549,0.000746436,0,0,3,16,0.6
636.58,0,0,0.0096148,0.000868984,0,0,3,16,0.6
636.68,0,0,0.0114805,0.000647089,0,0,3,16,0.64
636.78,0,0,0.0190212,0.000554381,0,0,3,16,0.64
636.88,0,0,0.0248583,0.000635171,0,0,3,16,0.64
636.98,0,0,0.0237307,0.000827554,0,0,3,16,0.64
637.08,0,0,0.0255273,0.000831955,0,0,3,16,0.64
637.18,0,0,0.0392366,0.000746186,0,0,3,16,0.64
637.28,0,0,0.0488331,0.000656333,0,0,3,16,0.64
637.38,0,0,0.0416328,0.000720695,0,0,3,16,0.64
637.48,0,0,0.0348967,0.000661623,0,0,3,16,0.64
637.58,0,0,0.0300594,0.000551037,0,0,3,16,0.64
637.68,0,0,0.0276859,0.000569597,0,0,3,16,0.64
637.78,0,0,0.0353886,0.000670666,0,0,3,16,0.64
637.88,0,0,0.0378147,0.000706734,0,0,3,16,0.64
637.98,0,0,0.0322626,0.000918086,0,0,3,16,0.64
638.08,0,0,0.0306708,0.000977532,0,0,3,16,0.64
638.18,0,0,0.0452457,0.000837973,0,0,3,16,0.64
638.28,0,0,0.0495384,0.000760504,0,0,3,16,0.64
638.38,0,0,0.0383253,0.000667951,0,0,3,16,0.64
638.48,0,0,0.030343,0.000670075,0,0,3,16,0.64
638.58,0,0,0.0272471,0.000574678,0,0,3,16,0.64
638.68,0,0,0.0298723,0.000722256,0,0,3,16,0.64
638.78,0,0,0.0559214,0.000660218,0,0,3,16,0.64
638.88,0,0,0.0613433,0.000612084,0,0,3,16,0.64
638.98,0,0,0.03553,0.000962774,0,0,3,16,0.64
639.08,0,0,0.0270872,0.000756698,0,0,3,16,0.64
639.18,0,0,0.0448776,0.000671286,0,0,3,16,0.64
639.28,0,0,0.0508858,0.000588268,0,0,3,16,0.64
639.38,0,0,0.0391089,0.000704871,0,0,3,16,0.64
639.48,0,0,0.0276939,0.000848841,0,0,3,16,0.64
639.58,0,0,0.016827,0.00066809,0,0,3,16,0.64
639.68,0,0,0.0197871,0.00037529,0,0,3,17,0.64
639.78,0,0,0.0435771,0.000575462,0,0,3,17,0.64
639.88,0,0,0.0529557,0.000715136,0,0,3,17,0.64
639.98,0,0,0.0406434,0.000825439,0,0,3,17,0.64
640.08,0,0,0.0349067,0.000942557,0,0,3,17,0.64
640.18,0,0,0.0390818,0.000645969,0,0,3,17,0.64
640.28,0,0,0.0372616,0.000550646,0,0,3,17,0.64
640.38,0,0,0.0263907,0.000717039,0,0,3,17,0.64
640.48,0,0,0.0180677,0.000679893,0,0,3,17,0.64
640.58,0,0,0.0135942,0.000792047,0,0,3,17,0.64
640.68,0,0,0.00971219,0.000681104,0,0,3,17,0.64
640.78,0,0,0.00824797,0.000647001,0,0,3,17,0.64
640.88,0,0,0.00707107,0.000866814,0,0,3,17,0.64
640.98,0,0,0.00707107,0.000650639,0,0,3,17,0.64
641.08,0,0,0.00875649,0.000965682,0,0,3,17,0.64
641.18,0,0,0.017311,0.000672858,0,0,3,17,0.64
641.28,0,0,0.0225208,0.000812498,0,0,3,17,0.64
641.38,0,0,0.0140317,0.000543849,0,0,3,17,0.64
641.48,0,0,0.0106358,0.000882383,0,0,3,17,0.64
641.58,0,0,0.0280596,0.000728802,0,0,3,17,0.64
641.68,0,0,0.0416683,0.000596854,0,0,3,17,0.6
641.78,0,0,0.0396779,0.000869079,0,0,3,17,0.6
641.88,0,0,0.0408243,0.000650845,0,0,3,17,0.6
641.98,0,0,0.0547877,0.000778095,0,0,3,17,0.6
642.08,0,0,0.0608829,0.00056811,0,0,3,17,0.6
642.18,0,0,0.0348004,0.000891879,0,0,3,17,0.6
642.28,0,0,0.0166728,0.000686994,0,0,3,17,0.6
642.38,0,0,0.0105656,0.000763796,0,0,3,17,0.6
642.48,0,0,0.00569431,0.000790449,0,0,3,17,0.6
642.58,0,0,0.00588515,0.000378772,0,0,3,17,0.6
642.68,0,0,0.0073242,0.000559169,0,0,3,17,0.6
642.78,0,0,0.0106499,0.000907228,0,0,3,17,0.6
642.88,0,0,0.0115035,0.000794918,0,0,3,17,0.6
642.98,0,0,0.00863123,0.00124961,0,0,3,17,0.6
643.08,0,0,0.00694593,0.000413728,0,0,3,17,0.6
643.18,0,0,0.0101015,0.000141568,0,0,3,17,0.6
643.28,0,0,0.0129256,0.000827351,0,0,3,17,0.6
643.38,0,0,0.015249,0.000619128,0,0,3,17,0.6
643.48,0,0,0.0173425,0.000395427,0,0,3,17,0.6
643.58,0,0,0.0184925,0.000981427,0,0,3,17,0.6
643.68,0,0,0.0195931,4.08491e-05,0,0,3,17,0.6
643.78,0,0,0.0204913,4.64062e-05,0,0,3,17,0.6
643.88,0,0,0.0255128,0.00128675,0,0,3,17,0.6
643.98,0,0,0.0474039,0.000800016,0,0,3,17,0.6
644.08,0,0,0.059505,0.000700268,0,0,3,17,0.6
644.18,0,0,0.0314979,0.000749431,0,0,3,17,0.6
644.28,0,0,0.011104,0.000757666,0,0,3,17,0.6
644.38,0,0,0.0217999,0.000908434,0,0,3,17,0.6
644.48,0,0,0.029328,0.000658694,0,0,3,16,0.6
644.58,0,0,0.0320789,-2.60029e-05,0,0,3,16,0.6
644.68,0,0,0.0321555,0.000863793,0,0,3,16,0.64
644.78,0,0,0.0281911,0.000887755,0,0,3,16,0.64
644.88,0,0,0.0320241,0.000772213,0,0,3,16,0.64
644.98,0,0,0.0476208,0.000682139,0,0,3,16,0.64
645.08,0,0,0.0551866,0.00048337,0,0,3,16,0.64
645.18,0,0,0.050609,0.000350288,0,0,3,16,0.64
645.28,0,0,0.0525844,0.000520736,0,0,3,16,0.64
645.38,0,0,0.064466,0.00054518,0,0,3,16,0.64
645.48,0,0,0.0636975,0.000610905,0,0,3,16,0.64
645.58,0,0,0.0438532,0.000663786,0,0,3,16,0.64
645.68,0,0,0.0322464,0.000583169,0,0,3,16,0.64
645.78,0,0,0.0331014,0.000694957,0,0,3,16,0.64
645.88,0,0,0.0285527,0.000658759,0,0,3,16,0.64
645.98,0,0,0.0158588,0.000477717,0,0,3,16,0.64
646.08,0,0,0.00816838,0.000549103,0,0,3,16,0.64
646.18,0,0,0.0209621,0.000848797,0,0,3,16,0.64
646.28,0,0,0.0293665,0.000641995,0,0,3,16,0.64
646.38,0,0,0.0198301,0.000509771,0,0,3,16,0.64
646.48,0,0,0.0120688,0.000561422,0,0,3,16,0.64
646.58,0,0,0.0115762,0.000608237,0,0,3,16,0.64
646.68,0,0,0.0138163,0.000568134,0,0,3,16,0.64
646.78,0,0,0.0272309,0.000848878,0,0,3,16,0.64
646.88,0,0,0.0370113,0.000830944,0,0,3,16,0.64
646.98,0,0,0.031906,0.000789711,0,0,3,16,0.64
647.08,0,0,0.0267358,0.000511487,0,0,3,16,0.64
647.18,0,0,0.0213,0.000634665,0,0,3,16,0.64
647.28,0,0,0.0164883,0.000548983,0,0,3,16,0.64
647.38,0,0,0.0126205,0.000638006,0,0,3,16,0.64
647.48,0,0,0.0131761,0.000857422,0,0,3,16,0.64
647.58,0,0,0.0203968,0.000943974,0,0,3,16,0.64
647.68,0,0,0.0242797,0.000303482,0,0,3,16,0.64
647.78,0,0,0.0231285,0.000803126,0,0,3,16,0.64
647.88,0,0,0.023943,0.000655243,0,0,3,16,0.64
647.98,0,0,0.0327939,0.000791938,0,0,3,16,0.64
648.08,0,0,0.0365472,0.000703775,0,0,3,16,0.64
648.18,0,0,0.0326043,0.000641977,0,0,3,16,0.64
648.28,0,0,0.0307443,0.000829593,0,0,3,16,0.64
648.38,0,0,0.032029,0.000575005,0,0,3,16,0.64
648.48,0,0,0.0298616,0.000599037,0,0,3,16,0.64
648.58,0,0,0.0224722,0.000816464,0,0,3,16,0.64
648.68,0,0,0.0258842,0.000837684,0,0,3,16,0.64
648.78,0,0,0.0455968,0.00068531,0,0,3,16,0.64
648.88,0,0,0.0504377,0.000826002,0,0,3,17,0.64
648.98,0,0,0.0328291,0.000641023,0,0,3,17,0.64
649.08,0,0,0.0217628,0.000761747,0,0,3,17,0.64
649.18,0,0,0.0374394,0.000631016,0,0,3,17,0.64
649.28,0,0,0.0473242,0.000537291,0,0,3,17,0.64
649.38,0,0,0.0334836,0.000602701,0,0,3,17,0.64
649.48,0,0,0.0249183,0.000566061,0,0,3,17,0.64
649.58,0,0,0.0379442,0.000988002,0,0,3,17,0.64
649.68,0,0,0.0466444,0.000836341,0,0,3,17,0.6
649.78,0,0,0.0376191,0.000676857,0,0,3,17,0.6
649.88,0,0,0.0290274,0.000756595,0,0,3,17,0.6
649.98,0,0,0.0222126,0.000666874,0,0,3,17,0.6
650.08,0,0,0.0242992,0.000754034,0,0,3,17,0.6
650.18,0,0,0.0398438,0.00115434,0,0,3,17,0.6
650.28,0,0,0.0452567,0.000892727,0,0,3,17,0.6
650.38,0,0,0.0353782,0.000587657,0,0,3,17,0.6
650.48,0,0,0.0311387,0.000747915,0,0,3,17,0.6
650.58,0,0,0.0354412,0.000658573,0,0,3,17,0.6
650.68,0,0,0.0368447,0.000913441,0,0,3,17,0.6
650.78,0,0,0.0264096,0.000651362,0,0,3,17,0.6
650.88,0,0,0.0174551,0.000565116,0,0,3,17,0.6
650.98,0,0,0.0145449,0.000794388,0,0,3,17,0.6
651.08,0,0,0.0141529,0.00087964,0,0,3,17,0.6
651.18,0,0,0.0240569,0.00087179,0,0,3,17,0.6
651.28,0,0,0.031474,0.000868834,0,0,3,17,0.6
651.38,0,0,0.0351334,0.000440521,0,0,3,17,0.6
651.48,0,0,0.0313116,0.000768995,0,0,3,17,0.6
651.58,0,0,0.0161746,0.000955109,0,0,3,17,0.6
651.68,0,0,0.0105692,0.000563241,0,0,3,17,0.6
651.78,0,0,0.0193454,0.000739326,0,0,3,17,0.6
651.88,0,0,0.0252595,0.000650669,0,0,3,17,0.6
651.98,0,0,0.0194394,0.000658712,0,0,3,17,0.6
652.08,0,0,0.0166735,0.000697222,0,0,3,17,0.6
652.18,0,0,0.0263709,0.000777787,0,0,3,17,0.6
652.28,0,0,0.0276638,0.000832295,0,0,3,17,0.6
652.38,0,0,0.0162786,0.000534812,0,0,3,17,0.6
652.48,0,0,0.00939123,0.000637839,0,0,3,17,0.6
652.58,0,0,0.00928402,0.000649249,0,0,3,17,0.6
652.68,0,0,0.0116429,0.000558609,0,0,3,17,0.6
652.78,0,0,0.0177223,0.000914382,0,0,3,17,0.6
652.88,0,0,0.0190797,0.00115085,0,0,3,17,0.6
652.98,0,0,0.0133166,0.000714871,0,0,3,17,0.6
653.08,0,0,0.0116452,0.000401745,0,0,3,17,0.6
653.18,0,0,0.0161556,0.000843134,0,0,3,17,0.6
653.28,0,0,0.0196163,0.00087258,0,0,3,17,0.6
653.38,0,0,0.0214935,0.000606485,0,0,3,17,0.6
653.48,0,0,0.0241504,0.000768074,0,0,3,17,0.6
653.58,0,0,0.0299756,0.000743973,0,0,3,17,0.6
653.68,0,0,0.0329407,0.000762759,0,0,3,17,0.6
653.78,0,0,0.0242189,0.00054935,0,0,3,17,0.6
653.88,0,0,0.0189789,0.000584348,0,0,3,17,0.6
653.98,0,0,0.0189921,0.000768906,0,0,3,17,0.6
654.08,0,0,0.0233909,0.000505462,0,0,3,17,0.6
654.18,0,0,0.0344068,0.000596631,0,0,3,17,0.6
654.28,0,0,0.0374495,0.000924156,0,0,3,17,0.6
654.38,0,0,0.0284407,0.000903658,0,0,3,17,0.6
654.48,0,0,0.0226237,0.000696927,0,0,3,17,0.6
654.58,0,0,0.0216247,0.000868837,0,0,3,17,0.6
654.68,0,0,0.0284521,0.000727894,0,0,3,17,0.6
654.78,0,0,0.0470955,0.00079305,0,0,3,17,0.6
654.88,0,0,0.0509568,0.000903957,0,0,3,17,0.6
654.98,0,0,0.032506,0.000822215,0,0,3,17,0.6
655.08,0,0,0.0239011,0.000510512,0,0,3,17,0.6
655.18,0,0,0.0301808,0.000670334,0,0,3,17,0.6
655.28,0,0,0.034487,0.000672448,0,0,3,17,0.6
655.38,0,0,0.0358187,0.000860341,0,0,3,17,0.6
655.48,0,0,0.0352903,0.000650197,0,0,3,17,0.6
655.58,0,0,0.0319545,0.000779832,0,0,3,17,0.6
655.68,0,0,0.0291352,0.000675387,0,0,3,17,0.6
655.78,0,0,0.0284262,0.00073634,0,0,3,17,0.6
655.88,0,0,0.026691,0.000813267,0,0,3,17,0.6
655.98,0,0,0.0207669,0.000675781,0,0,3,17,0.6
656.08,0,0,0.0180975,0.000739446,0,0,3,17,0.6
656.18,0,0,0.020337,0.000444495,0,0,3,17,0.6
656.28,0,0,0.0231214,0.000419368,0,0,3,17,0.6
656.38,0,0,0.0281314,0.000733481,0,0,3,17,0.6
656.48,0,0,0.0310835,0.000855856,0,0,3,17,0.6
656.58,0,0,0.0309295,0.000430288,0,0,3,17,0.6
656.68,0,0,0.028616,0.00067716,0,0,3,17,0.6
656.78,0,0,0.0175006,0.000764387,0,0,3,17,0.6
656.88,0,0,0.0134609,0.000767178,0,0,3,17,0.6
656.98,0,0,0.0200934,0.000851135,0,0,3,17,0.6
657.08,0,0,0.0202816,0.000771748,0,0,3,17,0.6
657.18,0,0,0.0107404,0.000522108,0,0,3,17,0.6
657.28,0,0,0.00569416,0.000623123,0,0,3,17,0.6
657.38,0,0,0.00743672,0.000580348,0,0,3,17,0.6
657.48,0,0,0.0144181,0.000619999,0,0,3,17,0.6
657.58,0,0,0.0293151,0.000791438,0,0,3,17,0.6
657.68,0,0,0.0370283,0.000579352,0,0,3,17,0.6
657.78,0,0,0.033899,0.000869647,0,0,3,17,0.6
657.88,0,0,0.0303171,0.000735132,0,0,3,17,0.6
657.98,0,0,0.0248839,0.00067944,0,0,3,17,0.6
658.08,0,0,0.0188647,0.000962442,0,0,3,17,0.6
658.18,0,0,0.0104495,0.000708667,0,0,3,17,0.6
658.28,0,0,0.0138865,0.000804975,0,0,3,17,0.6
658.38,0,0,0.0352365,0.000742155,0,0,3,17,0.6
658.48,0,0,0.0507948,0.000782245,0,0,3,17,0.6
658.58,0,0,0.0426598,0.000677598,0,0,3,17,0.6
658.68,0,0,0.036137,0.000754718,0,0,3,17,0.6
658.78,0,0,0.0361992,0.000746576,0,0,3,17,0.6
658.88,0,0,0.0364491,0.000550279,0,0,3,17,0.6
658.98,0,0,0.0374665,0.00045323,0,0,3,17,0.6
659.08,0,0,0.0325704,0.000595085,0,0,3,17,0.6
659.18,0,0,0.0187342,0.000799524,0,0,3,17,0.6
659.28,0,0,0.00802929,0.000741193,0,0,3,17,0.6
659.38,0,0,0.0101344,0.0004852,0,0,3,17,0.6
659.48,0,0,0.014839,0.000958171,0,0,3,17,0.6
659.58,0,0,0.0234753,0.000666713,0,0,3,17,0.6
659.68,0,0,0.0294509,0.000759947,0,0,3,17,0.6
659.78,0,0,0.0245526,0.000716213,0,0,3,17,0.6
659.88,0,0,0.0192451,0.000722231,0,0,3,17,0.6
659.98,0,0,0.0122618,0.000701713,0,0,3,17,0.6
660.08,0,0,0.00956899,0.000827917,0,0,3,17,0.6
660.18,0,0,0.0133487,0.00066444,0,0,3,17,0.6
660.28,0,0,0.0155081,0.000786477,0,0,3,17,0.6
660.38,0,0,0.0152264,0.000722107,0,0,3,17,0.6
660.48,0,0,0.0152947,0.000827468,0,0,3,17,0.6
660.58,0,0,0.0167949,0.000845329,0,0,3,17,0.6
660.68,0,0,0.0171941,0.000948292,0,0,3,17,0.6
660.78,0,0,0.0130955,0.000611661,0,0,3,17,0.6
660.88,0,0,0.0107297,0.000588989,0,0,3,17,0.6
660.98,0,0,0.0109796,0.000749853,0,0,3,17,0.6
661.08,0,0,0.0108738,0.000716145,0,0,3,17,0.6
661.18,0,0,0.00931395,0.000468086,0,0,3,17,0.6
661.28,0,0,0.00945858,0.000931811,0,0,3,17,0.6
661.38,0,0,0.0165257,0.000746196,0,0,3,17,0.6
661.48,0,0,0.0201038,0.000743592,0,0,3,17,0.6
661.58,0,0,0.00942153,0.00072669,0,0,3,17,0.6
661.68,0,0,0.00578031,0.000634408,0,0,3,17,0.6
661.78,0,0,0.0127509,0.000757674,0,0,3,17,0.6
661.88,0,0,0.0183893,0.000641786,0,0,3,17,0.6
661.98,0,0,0.0185514,0.000697018,0,0,3,17,0.6
662.08,0,0,0.0200459,0.000601998,0,0,3,17,0.6
662.18,0,0,0.0269761,0.00060138,0,0,3,17,0.6
662.28,0,0,0.0332924,0.000804,0,0,3,17,0.6
662.38,0,0,0.0386819,0.000622787,0,0,3,17,0.6
662.48,0,0,0.0435286,0.000658598,0,0,3,17,0.6
662.58,0,0,0.0461578,0.000638904,0,0,3,17,0.6
662.68,0,0,0.0465107,0.000758993,0,0,3,17,0.6
662.78,0,0,0.0375601,0.000705303,0,0,3,17,0.6
662.88,0,0,0.032815,0.00087503,0,0,3,17,0.6
662.98,0,0,0.0453142,0.000570901,0,0,3,17,0.6
663.08,0,0,0.0511564,0.000477446,0,0,3,17,0.6
663.18,0,0,0.0469274,0.000700654,0,0,3,17,0.6
663.28,0,0,0.0422688,0.000834471,0,0,3,17,0.6
663.38,0,0,0.0369626,0.000902505,0,0,3,17,0.6
663.48,0,0,0.0342122,0.000687008,0,0,3,17,0.6
663.58,0,0,0.0419562,0.000714013,0,0,3,17,0.6
663.68,0,0,0.0430652,0.000872693,0,0,3,17,0.6
663.78,0,0,0.0341529,0.000999783,0,0,3,17,0.6
663.88,0,0,0.0258735,0.00064233,0,0,3,17,0.6
663.98,0,0,0.0185493,2.02856e-05,0,0,3,17,0.6
664.08,0,0,0.0162525,-0.000150832,0,0,3,16,0.6
664.18,0,0,0.0215512,0.000987218,0,0,3,16,0.6
664.28,0,0,0.0236786,0.000999694,0,0,3,16,0.6
664.38,0,0,0.0210182,0.000749719,0,0,3,16,0.6
664.48,0,0,0.0183665,0.000806409,0,0,3,16,0.6
664.58,0,0,0.015728,0.000714262,0,0,3,16,0.6
664.68,0,0,0.023053,0.000661518,0,0,3,16,0.64
664.78,0,0,0.0453901,0.000725581,0,0,3,16,0.64
664.88,0,0,0.0565728,0.000430235,0,0,3,16,0.64
664.98,0,0,0.0509318,0.000963652,0,0,3,16,0.64
665.08,0,0,0.040338,0.000609985,0,0,3,17,0.64
665.18,0,0,0.0222722,0.000587915,0,0,3,17,0.64
665.28,0,0,0.0119263,0.00102433,0,0,3,17,0.64
665.38,0,0,0.0132434,0.000715847,0,0,3,17,0.64
665.48,0,0,0.0188659,0.000774437,0,0,3,17,0.64
665.58,0,0,0.0309896,0.000730585,0,0,3,17,0.64
665.68,0,0,0.0377581,0.000641993,0,0,3,17,0.6
665.78,0,0,0.0364258,0.000614092,0,0,3,17,0.6
665.88,0,0,0.0327376,0.000590049,0,0,3,17,0.6
665.98,0,0,0.0194187,0.000596362,0,0,3,17,0.6
666.08,0,0,0.019411,0.000620153,0,0,3,17,0.6
666.18,0,0,0.0395308,0.000791303,0,0,3,17,0.6
666.28,0,0,0.0437377,0.0006799,0,0,3,17,0.6
666.38,0,0,0.0239716,0.00064329,0,0,3,17,0.6
666.48,0,0,0.0165516,0.000831779,0,0,3,17,0.6
666.58,0,0,0.0277638,0.00068148,0,0,3,17,0.6
666.68,0,0,0.0369535,0.000807415,0,0,3,17,0.6
666.78,0,0,0.037888,0.000623393,0,0,3,17,0.6
666.88,0,0,0.0365684,0.000654412,0,0,3,17,0.6
666.98,0,0,0.0260025,0.000635498,0,0,3,17,0.6
667.08,0,0,0.0215924,0.000686549,0,0,3,17,0.6
667.18,0,0,0.0264748,0.00058879,0,0,3,17,0.6
667.28,0,0,0.0276388,0.000912359,0,0,3,17,0.6
667.38,0,0,0.0231935,0.000879143,0,0,3,17,0.6
667.48,0,0,0.0192486,0.000825096,0,0,3,17,0.6
667.58,0,0,0.0160599,0.000737064,0,0,3,17,0.6
667.68,0,0,0.0174109,0.000783575,0,0,3,17,0.6
667.78,0,0,0.025612,0.000680742,0,0,3,17,0.6
667.88,0,0,0.0339297,0.000816158,0,0,3,17,0.6
667.98,0,0,0.0427245,0.000798937,0,0,3,17,0.6
668.08,0,0,0.0400428,0.000695882,0,0,3,17,0.6
668.18,0,0,0.0200728,0.000698946,0,0,3,17,0.6
668.28,0,0,0.0122883,0.000703073,0,0,3,17,0.6
668.38,0,0,0.0228915,0.000849195,0,0,3,17,0.6
668.48,0,0,0.0312697,0.000770105,0,0,3,17,0.6
668.58,0,0,0.0362826,0.00067187,0,0,3,17,0.6
668.68,0,0,0.0383516,0.000709043,0,0,3,17,0.6
668.78,0,0,0.0283706,0.000621036,0,0,3,17,0.6
668.88,0,0,0.0192464,0.000415478,0,0,3,17,0.6
668.98,0,0,0.0114189,0.000577444,0,0,3,17,0.6
669.08,0,0,0.0120292,0.000638745,0,0,3,17,0.6
669.18,0,0,0.0253922,0.000801788,0,0,3,17,0.6
669.28,0,0,0.0333405,0.000633835,0,0,3,17,0.6
669.38,0,0,0.0331373,0.000849836,0,0,3,17,0.6
669.48,0,0,0.0304411,0.000660467,0,0,3,17,0.6
669.58,0,0,0.0239818,0.000730095,0,0,3,17,0.6
669.68,0,0,0.0201588,0.000665884,0,0,3,17,0.6
669.78,0,0,0.0203069,0.000836251,0,0,3,17,0.6
669.88,0,0,0.0175461,0.00077124,0,0,3,17,0.6
669.98,0,0,0.0103883,0.000824219,0,0,3,17,0.6
670.08,0,0,0.0120681,0.000749228,0,0,3,17,0.6
670.18,0,0,0.0270886,0.000632283,0,0,3,17,0.6
670.28,0,0,0.0322139,0.000524481,0,0,3,17,0.6
670.38,0,0,0.0223978,0.000675171,0,0,3,17,0.6
670.48,0,0,0.0171911,0.000824871,0,0,3,17,0.6
670.58,0,0,0.0189447,0.00029793,0,0,3,17,0.6
670.68,0,0,0.0176619,0.000492415,0,0,3,17,0.6
670.78,0,0,0.0117912,0.000703415,0,0,3,17,0.6
670.88,0,0,0.00818246,0.000661388,0,0,3,17,0.6
670.98,0,0,0.0138528,0.000535113,0,0,3,17,0.6
671.08,0,0,0.0198187,0.000659864,0,0,3,17,0.6
671.18,0,0,0.0262301,0.000850248,0,0,3,17,0.6
671.28,0,0,0.0256044,0.000976423,0,0,3,17,0.6
671.38,0,0,0.0143798,0.000746615,0,0,3,17,0.6
671.48,0,0,0.00880586,0.000850596,0,0,3,17,0.6
671.58,0,0,0.0118006,0.000988665,0,0,3,17,0.6
671.68,0,0,0.0202515,0.000738394,0,0,3,17,0.6
671.78,0,0,0.0369319,0.000781864,0,0,3,17,0.6
671.88,0,0,0.0480017,0.000705304,0,0,3,17,0.6
671.98,0,0,0.0361788,0.000678028,0,0,3,17,0.6
672.08,0,0,0.0287879,0.000783589,0,0,3,17,0.6
672.18,0,0,0.0280829,0.000878822,0,0,3,17,0.6
672.28,0,0,0.0276189,0.000619662,0,0,3,17,0.6
672.38,0,0,0.0275191,0.000499229,0,0,3,17,0.6
672.48,0,0,0.0244456,0.000708344,0,0,3,17,0.6
672.58,0,0,0.0168872,0.000729649,0,0,3,17,0.6
672.68,0,0,0.015078,0.000687826,0,0,3,17,0.6
672.78,0,0,0.0367249,0.000803104,0,0,3,17,0.6
672.88,0,0,0.0500691,0.00103735,0,0,3,17,0.6
672.98,0,0,0.0294424,0.000710583,0,0,3,17,0.6
673.08,0,0,0.020051,0.00105204,0,0,3,17,0.6
673.18,0,0,0.0276391,0.00093511,0,0,3,17,0.6
673.28,0,0,0.036562,0.000790043,0,0,3,17,0.6
673.38,0,0,0.0474987,0.00077637,0,0,3,17,0.6
673.48,0,0,0.0519053,0.000557686,0,0,3,17,0.6
673.58,0,0,0.0464321,0.000892049,0,0,3,17,0.6
673.68,0,0,0.0520786,0.000797821,0,0,3,17,0.6
673.78,0,0,0.0745183,0.000928476,0,0,3,17,0.6
673.88,0,0,0.0880308,0.000694306,0,0,3,17,0.6
673.98,0,0,0.0651088,0.000525908,0,0,3,17,0.6
674.08,0,0,0.0498975,0.000598104,0,0,3,17,0.6
674.18,0,0,0.0662198,0.000636069,0,0,3,17,0.6
674.28,0,0,0.0743186,0.000665867,0,0,3,17,0.6
674.38,0,0,0.0700406,0.000683782,0,0,3,17,0.6
674.48,0,0,0.0612705,0.000727884,0,0,3,17,0.6
674.58,0,0,0.0457272,0.000563496,0,0,3,17,0.6
674.68,0,0,0.0354196,0.000696324,0,0,3,17,0.6
674.78,0,0,0.0464912,0.000626006,0,0,3,17,0.6
674.88,0,0,0.0613624,0.000668472,0,0,3,17,0.6
674.98,0,0,0.0819683,0.000913033,0,0,3,17,0.6
675.08,0,0,0.0815628,0.000805491,0,0,3,17,0.6
675.18,0,0,0.0494198,0.000719595,0,0,3,17,0.6
675.28,0,0,0.0313305,0.000728768,0,0,3,17,0.6
675.38,0,0,0.0344612,0.000585791,0,0,3,17,0.6
675.48,0,0,0.0346875,0.000666993,0,0,3,17,0.6
675.58,0,0,0.0305225,0.00093327,0,0,3,17,0.6
675.68,0,0,0.0266188,0.000710993,0,0,3,17,0.6
675.78,0,0,0.0231092,0.000619711,0,0,3,17,0.6
675.88,0,0,0.0175304,0.000590231,0,0,3,17,0.6
675.98,0,0,0.00883503,0.000809467,0,0,3,17,0.6
676.08,0,0,0.0134494,0.000836549,0,0,3,17,0.6
676.18,0,0,0.0381462,0.000703385,0,0,3,17,0.6
676.28,0,0,0.0498173,0.000757321,0,0,3,17,0.6
676.38,0,0,0.0418003,0.000656599,0,0,3,17,0.6
676.48,0,0,0.0347291,0.00055538,0,0,3,17,0.6
676.58,0,0,0.0315353,0.000561411,0,0,3,17,0.6
676.68,0,0,0.0257163,0.000751549,0,0,3,17,0.6
676.78,0,0,0.0159346,0.000797361,0,0,3,17,0.6
676.88,0,0,0.00889325,0.00081385,0,0,3,17,0.6
676.98,0,0,0.00599007,0.000694997,0,0,3,17,0.6
677.08,0,0,0.0107671,0.000590781,0,0,3,17,0.6
677.18,0,0,0.027156,0.00063065,0,0,3,17,0.6
677.28,0,0,0.0381344,0.000721177,0,0,3,17,0.6
677.38,0,0,0.0409471,0.000698712,0,0,3,17,0.6
677.48,0,0,0.0410494,0.00088826,0,0,3,17,0.6
677.58,0,0,0.0370659,0.000785739,0,0,3,17,0.6
677.68,0,0,0.0400594,0.000957594,0,0,3,17,0.6
677.78,0,0,0.0535841,0.000752652,0,0,3,17,0.6
677.88,0,0,0.0505798,0.000831852,0,0,3,17,0.6
677.98,0,0,0.022643,0.000775326,0,0,3,17,0.6
678.08,0,0,0.0099831,0.000665516,0,0,3,17,0.6
678.18,0,0,0.0204101,0.00066734,0,0,3,17,0.6
678.28,0,0,0.0264584,0.00100105,0,0,3,17,0.6
678.38,0,0,0.0258937,0.00082758,0,0,3,17,0.6
678.48,0,0,0.0316622,0.000572738,0,0,3,17,0.6
678.58,0,0,0.0470029,0.000449338,0,0,3,17,0.6
678.68,0,0,0.0495214,0.000688703,0,0,3,17,0.6
678.78,0,0,0.0327256,0.000693623,0,0,3,17,0.6
678.88,0,0,0.0247171,0.000694139,0,0,3,17,0.6
678.98,0,0,0.0299574,0.000855058,0,0,3,17,0.6
679.08,0,0,0.0323177,0.000709457,0,0,3,17,0.6
679.18,0,0,0.0303431,0.000384591,0,0,3,17,0.6
679.28,0,0,0.0249553,0.000517408,0,0,3,17,0.6
679.38,0,0,0.0144077,0.000749175,0,0,3,17,0.6
679.48,0,0,0.0126314,0.000741015,0,0,3,17,0.6
679.58,0,0,0.0241005,0.000467419,0,0,3,17,0.6
679.68,0,0,0.02736,0.000707462,0,0,3,17,0.6
679.78,0,0,0.0182239,0.000894162,0,0,3,17,0.6
679.88,0,0,0.0134045,0.000723323,0,0,3,17,0.6
679.98,0,0,0.0151025,0.000386789,0,0,3,17,0.6
680.08,0,0,0.020842,0.000693449,0,0,3,17,0.6
680.18,0,0,0.0326913,0.000661081,0,0,3,17,0.6
680.28,0,0,0.0333237,0.000633376,0,0,3,17,0.6
680.38,0,0,0.0170644,0.000916311,0,0,3,17,0.6
680.48,0,0,0.007376,0.000887977,0,0,3,17,0.6
680.58,0,0,0.00761679,0.000701101,0,0,3,17,0.6
680.68,0,0,0.0095801,0.000781851,0,0,3,17,0.6
680.78,0,0,0.0185833,0.000473154,0,0,3,17,0.6
680.88,0,0,0.0218992,0.000786725,0,0,3,17,0.6
680.98,0,0,0.0166256,0.000945586,0,0,3,17,0.6
681.08,0,0,0.019301,0.000730468,0,0,3,17,0.6
681.18,0,0,0.0339735,0.000400869,0,0,3,17,0.6
681.28,0,0,0.0368751,0.000550416,0,0,3,17,0.6
681.38,0,0,0.0219949,0.000583917,0,0,3,17,0.6
681.48,0,0,0.0186944,0.000697203,0,0,3,17,0.6
681.58,0,0,0.0329023,0.000746826,0,0,3,17,0.6
681.68,0,0,0.0361324,0.000731701,0,0,3,17,0.6
681.78,0,0,0.0228492,0.000624354,0,0,3,17,0.6
681.88,0,0,0.0117638,0.000599489,0,0,3,17,0.6
681.98,0,0,0.0097108,0.000667923,0,0,3,17,0.6
682.08,0,0,0.0125019,0.000578174,0,0,3,17,0.6
682.18,0,0,0.0350395,0.000639126,0,0,3,17,0.6
682.28,0,0,0.0516111,0.000792342,0,0,3,17,0.6
682.38,0,0,0.043707,0.000800461,0,0,3,17,0.6
682.48,0,0,0.0390502,0.000628081,0,0,3,17,0.6
682.58,0,0,0.0393054,0.000488717,0,0,3,17,0.6
682.68,0,0,0.0321595,0.000640226,0,0,3,17,0.6
682.78,0,0,0.0138426,0.000812519,0,0,3,17,0.6
682.88,0,0,0.00486295,0.00109033,0,0,3,17,0.6
682.98,0,0,0.00996598,0.000665291,0,0,3,17,0.6
683.08,0,0,0.0125869,0.000716765,0,0,3,17,0.6
683.18,0,0,0.0114524,0.000551982,0,0,3,17,0.6
683.28,0,0,0.0166972,0.000613882,0,0,3,17,0.6
683.38,0,0,0.0315562,0.000612592,0,0,3,17,0.6
683.48,0,0,0.0358839,0.000747763,0,0,3,17,0.6
683.58,0,0,0.024302,0.00076401,0,0,3,17,0.6
683.68,0,0,0.0180773,0.000612395,0,0,3,17,0.6
683.78,0,0,0.0337102,0.000464422,0,0,3,17,0.6
683.88,0,0,0.0450905,0.000660484,0,0,3,17,0.6
683.98,0,0,0.0390839,0.000551554,0,0,3,17,0.6
684.08,0,0,0.0343266,0.000735196,0,0,3,17,0.6
684.18,0,0,0.0314586,0.000752597,0,0,3,17,0.6
684.28,0,0,0.0284601,0.000776447,0,0,3,17,0.6
684.38,0,0,0.0249289,0.00101068,0,0,3,17,0.6
684.48,0,0,0.0188935,0.000806928,0,0,3,17,0.6
684.58,0,0,0.00907218,0.000578706,0,0,3,17,0.6
684.68,0,0,0.00899655,0.000842673,0,0,3,17,0.6
684.78,0,0,0.023646,0.000993802,0,0,3,17,0.6
684.88,0,0,0.035759,0.000678319,0,0,3,17,0.6
684.98,0,0,0.0440519,0.000714144,0,0,3,17,0.6
685.08,0,0,0.0432395,0.000737464,0,0,3,17,0.6
685.18,0,0,0.0286783,0.000953918,0,0,3,17,0.6
685.28,0,0,0.0219799,0.000937802,0,0,3,17,0.6
685.38,0,0,0.0271324,0.00043373,0,0,3,17,0.6
685.48,0,0,0.0287594,0.000635275,0,0,3,17,0.6
685.58,0,0,0.0250615,0.000777853,0,0,3,17,0.6
685.68,0,0,0.0222558,0.000919536,0,0,3,17,0.6
685.78,0,0,0.0230954,0.000612351,0,0,3,17,0.6
685.88,0,0,0.0244589,0.000726503,0,0,3,17,0.6
685.98,0,0,0.027961,0.000710669,0,0,3,17,0.6
686.08,0,0,0.0292905,0.000613943,0,0,3,17,0.6
686.18,0,0,0.0273443,0.000678317,0,0,3,17,0.6
686.28,0,0,0.0237567,0.000572044,0,0,3,17,0.6
686.38,0,0,0.0176853,0.000643864,0,0,3,17,0.6
686.48,0,0,0.0168234,0.000703067,0,0,3,17,0.6
686.58,0,0,0.0238122,0.000722726,0,0,3,17,0.6
686.68,0,0,0.0286092,0.000529662,0,0,3,17,0.6
686.78,0,0,0.0244422,0.00047758,0,0,3,17,0.6
686.88,0,0,0.0221944,0.000473336,0,0,3,17,0.6
686.98,0,0,0.0277822,0.000702413,0,0,3,17,0.6
687.08,0,0,0.027937,0.000644035,0,0,3,17,0.6
687.18,0,0,0.0198813,0.000753971,0,0,3,17,0.6
687.28,0,0,0.0165803,0.00070197,0,0,3,17,0.6
687.38,0,0,0.0204654,0.000542267,0,0,3,17,0.6
687.48,0,0,0.0220671,0.000762215,0,0,3,17,0.6
687.58,0,0,0.0202175,0.000558366,0,0,3,17,0.6
687.68,0,0,0.0229351,0.000912753,0,0,3,17,0.6
687.78,0,0,0.0325468,0.000673484,0,0,3,17,0.6
687.88,0,0,0.039835,0.00074929,0,0,3,17,0.6
687.98,0,0,0.043617,0.000774122,0,0,3,17,0.6
688.08,0,0,0.0439472,0.000574115,0,0,3,17,0.6
688.18,0,0,0.0390713,0.000703848,0,0,3,17,0.6
688.28,0,0,0.0353417,0.000678943,0,0,3,17,0.6
688.38,0,0,0.033342,0.000708941,0,0,3,17,0.6
688.48,0,0,0.0268894,0.000652065,0,0,3,17,0.6
688.58,0,0,0.0137317,0.000890566,0,0,3,17,0.6
688.68,0,0,0.00588691,0.000521107,0,0,3,17,0.6
688.78,0,0,0.0197372,0.000656573,0,0,3,17,0.6
688.88,0,0,0.031532,0.000613704,0,0,3,17,0.6
688.98,0,0,0.0402211,0.000631578,0,0,3,17,0.6
689.08,0,0,0.0437063,0.000817422,0,0,3,17,0.6
689.18,0,0,0.0259298,0.00057359,0,0,3,17,0.6
689.28,0,0,0.0168853,0.000741972,0,0,3,17,0.6
689.38,0,0,0.0210387,0.000819793,0,0,3,17,0.6
689.48,0,0,0.0226801,0.000662902,0,0,3,17,0.6
689.58,0,0,0.0205288,0.00081423,0,0,3,17,0.6
689.68,0,0,0.0181681,0.000724985,0,0,3,17,0.6
689.78,0,0,0.0154915,0.000621427,0,0,3,17,0.6
689.88,0,0,0.0160628,0.000704741,0,0,3,17,0.6
689.98,0,0,0.0298902,0.000655482,0,0,3,17,0.6
690.08,0,0,0.0390706,0.000779902,0,0,3,17,0.6
690.18,0,0,0.029254,0.000855518,0,0,3,17,0.6
690.28,0,0,0.0239081,0.000694194,0,0,3,17,0.6
690.38,0,0,0.0253219,0.000757378,0,0,3,17,0.6
690.48,0,0,0.0265801,0.000764903,0,0,3,17,0.6
690.58,0,0,0.027603,0.000662191,0,0,3,17,0.6
690.68,0,0,0.0278427,0.000689982,0,0,3,17,0.6
690.78,0,0,0.024873,0.000590112,0,0,3,17,0.6
690.88,0,0,0.0218269,0.000636801,0,0,3,17,0.6
690.98,0,0,0.0186655,0.000720871,0,0,3,17,0.6
691.08,0,0,0.0180441,0.000569964,0,0,3,17,0.6
691.18,0,0,0.021261,0.000681541,0,0,3,17,0.6
691.28,0,0,0.0265686,0.000602242,0,0,3,17,0.6
691.38,0,0,0.0350275,0.00054556,0,0,3,17,0.6
691.48,0,0,0.0375891,0.000606379,0,0,3,17,0.6
691.58,0,0,0.031263,0.000665572,0,0,3,17,0.6
691.68,0,0,0.0299296,0.000659833,0,0,3,17,0.6
691.78,0,0,0.0361264,0.000873708,0,0,3,17,0.6
691.88,0,0,0.0416531,0.000877002,0,0,3,17,0.6
691.98,0,0,0.044428,0.000665812,0,0,3,17,0.6
692.08,0,0,0.0425074,0.000636057,0,0,3,17,0.6
692.18,0,0,0.033493,0.000630875,0,0,3,17,0.6
692.28,0,0,0.0292994,0.00065428,0,0,3,17,0.6
692.38,0,0,0.0323808,0.00075962,0,0,3,17,0.6
692.48,0,0,0.0299633,0.000710716,0,0,3,17,0.6
692.58,0,0,0.0192429,0.000745506,0,0,3,17,0.6
692.68,0,0,0.0109507,0.000683223,0,0,3,17,0.6
692.78,0,0,0.0125814,0.000657615,0,0,3,17,0.6
692.88,0,0,0.0144262,0.000698087,0,0,3,17,0.6
692.98,0,0,0.0171496,0.000935433,0,0,3,17,0.6
693.08,0,0,0.0214975,0.000534025,0,0,3,17,0.6
693.18,0,0,0.0282994,0.000645957,0,0,3,17,0.6
693.28,0,0,0.0300942,0.000729085,0,0,3,17,0.6
693.38,0,0,0.0243426,0.000738923,0,0,3,17,0.6
693.48,0,0,0.0226429,0.00105861,0,0,3,17,0.6
693.58,0,0,0.0270697,0.000736949,0,0,3,17,0.6
693.68,0,0,0.0267661,0.000411701,0,0,3,17,0.6
693.78,0,0,0.0193243,0.00061255,0,0,3,17,0.6
693.88,0,0,0.015366,0.000752767,0,0,3,17,0.6
693.98,0,0,0.0256903,0.00069479,0,0,3,17,0.6
694.08,0,0,0.0300026,0.000618451,0,0,3,17,0.6
694.18,0,0,0.0252193,0.000784422,0,0,3,17,0.6
694.28,0,0,0.0197719,0.00060694,0,0,3,17,0.6
694.38,0,0,0.0116145,0.000770498,0,0,3,17,0.6
694.48,0,0,0.00966108,0.000711068,0,0,3,17,0.6
694.58,0,0,0.0170701,0.000459112,0,0,3,17,0.6
694.68,0,0,0.022257,0.00062599,0,0,3,17,0.6
694.78,0,0,0.0183695,0.000638285,0,0,3,17,0.6
694.88,0,0,0.020629,0.000659262,0,0,3,17,0.6
694.98,0,0,0.0321667,0.000774701,0,0,3,17,0.6
695.08,0,0,0.0408501,0.000721035,0,0,3,17,0.6
695.18,0,0,0.0378654,0.000631995,0,0,3,17,0.6
695.28,0,0,0.0331251,0.000664788,0,0,3,17,0.6
695.38,0,0,0.0212237,0.000520495,0,0,3,17,0.6
695.48,0,-0.0199875,0.0114218,0.000381534,0,0,3,17,0.6
695.58,0,-0.0274109,0.0102003,0.000506152,0,0,3,17,0.6
695.68,0,-2.61396e-05,0.0100873,0.000948022,0,0,3,17,0.6
695.78,0,0,0.0144897,0.000894999,0,0,3,17,0.6
695.88,0,0,0.0192826,0.000511763,0,0,3,17,0.6
695.98,0,0,0.0256732,0.000755554,0,0,3,17,0.6
696.08,0,0,0.0299796,0.000830554,0,0,3,17,0.6
696.18,0,0,0.0257825,0.000763038,0,0,3,17,0.6
696.28,0,0,0.0242707,0.000486171,0,0,3,17,0.6
696.38,0,0,0.0268061,0.000957572,0,0,3,17,0.6
696.48,0,0,0.0282196,0.000565192,0,0,3,17,0.6
696.58,0,0.0568526,0.025033,0.000690675,0,0,3,17,0.6
696.68,0,2.84852e-05,0.0220057,0.000755137,0,0,3,17,0.6
696.78,0,0,0.0196303,0.000833983,0,0,3,17,0.6
696.88,0,0,0.0191755,0.000467801,0,0,3,17,0.6
696.98,0,0,0.0266077,0.000313664,0,0,3,17,0.6
697.08,0,0,0.0300109,0.000760479,0,0,3,17,0.6
697.18,0,0,0.0170303,0.00089075,0,0,3,17,0.6
697.28,0,0,0.0166495,0.000539391,0,0,3,17,0.6
697.38,0,0,0.035305,0.000460072,0,0,3,17,0.6
697.48,0,0,0.0415101,0.000585758,0,0,3,17,0.6
697.58,0,0,0.0289539,0.000578566,0,0,3,17,0.6
697.68,0,-0.32748,0.0199894,0.00072838,0,0,3,17,0.6
697.78,0,0,0.0164472,0.000768072,0,0,3,17,0.6
697.88,0,0,0.0132325,0.000781625,0,0,3,17,0.6
697.98,0,0,0.0113561,0.000743908,0,0,3,17,0.6
698.08,0,0,0.0113535,0.000469221,0,0,3,17,0.6
698.18,0,0,0.019002,0.000599047,0,0,3,17,0.6
698.28,0,0,0.0242197,0.000848158,0,0,3,17,0.6
698.38,0,0,0.0257717,0.000491036,0,0,3,17,0.6
698.48,0,0,0.0264731,0.000485403,0,0,3,17,0.6
698.58,0,0,0.0236999,0.00083514,0,0,3,17,0.6
698.68,0,0,0.0239718,0.000781673,0,0,3,17,0.6
698.78,0,0,0.036716,0.000795513,0,0,3,17,0.6
698.88,0,0,0.043302,0.000846436,0,0,3,17,0.6
698.98,0,0,0.0405834,0.000838099,0,0,3,17,0.6
699.08,0,0,0.0336494,0.000560032,0,0,3,17,0.6
699.18,0,0,0.0203582,0.00054119,0,0,3,17,0.6
699.28,0,0,0.0161992,0.00054939,0,0,3,17,0.6
699.38,0,0,0.0257997,0.000909663,0,0,3,17,0.6
699.48,0,0,0.0354423,0.000663793,0,0,3,17,0.6
699.58,0,0,0.0451485,0.00090021,0,0,3,17,0.6
699.68,0,0,0.0496007,0.00081106,0,0,3,17,0.6
699.78,0,0,0.0461109,0.000843252,0,0,3,17,0.6
699.88,0,0,0.0398912,0.000824531,0,0,3,17,0.6
699.98,0,0,0.0295491,0.000611643,0,0,3,17,0.6
700.08,0,0,0.0302552,0.000750894,0,0,3,17,0.6
700.18,0,0,0.0476681,0.000491361,0,0,3,17,0.6
700.28,0,0,0.0549594,0.000544987,0,0,3,17,0.6
700.38,0,0,0.0469883,0.00076371,0,0,3,17,0.6
700.48,0,0,0.0393436,0.000456145,0,0,3,17,0.6
700.58,0,0,0.0321924,0.000744948,0,0,3,17,0.6
700.68,0,0,0.0269862,0.000449419,0,0,3,17,0.6
700.78,0,0,0.024713,0.000655964,0,0,3,17,0.6
700.88,0,0,0.0226489,0.00089703,0,0,3,17,0.6
700.98,0,0,0.0209009,0.000841687,0,0,3,17,0.6
701.08,0,0,0.0259519,0.000615633,0,0,3,17,0.6
701.18,0,0,0.0412672,0.000537873,0,0,3,17,0.6
701.28,0,0,0.0440114,0.000752361,0,0,3,17,0.6
701.38,0,0,0.0277889,0.000964915,0,0,3,17,0.6
701.48,0,0,0.0186245,0.000850547,0,0,3,17,0.6
701.58,0,0,0.0201227,0.000697593,0,0,3,17,0.6
701.68,0,0,0.0222506,0.000807597,0,0,3,17,0.6
701.78,0,0,0.025329,0.000435413,0,0,3,17,0.6
701.88,0,0,0.0255534,0.000517683,0,0,3,17,0.6
701.98,0,0,0.0140976,0.000663795,0,0,3,17,0.6
702.08,0,0,0.00934043,0.00080185,0,0,3,17,0.6
702.18,0,0,0.014679,0.000628262,0,0,3,17,0.6
702.28,0,0,0.0201343,0.000577376,0,0,3,17,0.6
702.38,0,0,0.0257659,0.000718903,0,0,3,17,0.6
702.48,0,0,0.0249543,0.00081191,0,0,3,17,0.6
702.58,0,0,0.0144065,0.000591113,0,0,3,17,0.6
702.68,0,0,0.00897628,0.000345534,0,0,3,17,0.6
702.78,0,0,0.0112698,0.000717036,0,0,3,17,0.6
702.88,0,0,0.0139976,0.000803406,0,0,3,17,0.6
702.98,0,0,0.0173809,0.000461599,0,0,3,17,0.6
703.08,0,0,0.0202499,0.000635116,0,0,3,17,0.6
703.18,0,0,0.0223421,0.000596901,0,0,3,17,0.6
703.28,0,0,0.0213238,0.000719876,0,0,3,17,0.6
703.38,0,0,0.0156077,0.000736589,0,0,3,17,0.6
703.48,0,0,0.0139304,0.000717454,0,0,3,17,0.6
703.58,0,0,0.018367,0.00071803,0,0,3,17,0.6
703.68,0,0,0.0227474,0.000734285,0,0,3,17,0.6
703.78,0,0,0.0268976,0.000645335,0,0,3,17,0.6
703.88,0,0,0.0310367,0.000621599,0,0,3,16,0.6
703.98,0,0,0.0351301,0.000888983,0,0,3,16,0.6
704.08,0,0,0.0364148,0.000653878,0,0,3,16,0.6
704.18,0,0,0.026221,0.000777573,0,0,3,16,0.6
704.28,0,0,0.0192027,0.000908237,0,0,3,16,0.6
704.38,0,0,0.0251899,0.000755589,0,0,3,16,0.6
704.48,0,0,0.0254723,0.000619309,0,0,3,16,0.6
704.58,0,0,0.0171364,0.000719645,0,0,3,16,0.6
704.68,0,0,0.0119668,0.000614553,0,0,3,16,0.62
704.78,0,0,0.0197266,0.000532712,0,0,3,16,0.62
704.88,0,0,0.0242204,0.000679103,0,0,3,16,0.62
704.98,0,0,0.0153607,0.000802753,0,0,3,16,0.62
705.08,0,0,0.00956112,0.000708863,0,0,3,17,0.62
705.18,0,0,0.0162364,0.000596135,0,0,3,17,0.62
705.28,0,0,0.0217124,0.000587831,0,0,3,16,0.62
705.38,0,0,0.0253815,0.000947798,0,0,3,16,0.62
705.48,0,0,0.027169,0.000631076,0,0,3,16,0.62
705.58,0,0,0.0261236,0.000582586,0,0,3,16,0.62
705.68,0,0,0.0220204,0.000698328,0,0,3,17,0.6
705.78,0,0,0.0133064,0.000906691,0,0,3,17,0.6
705.88,0,0,0.0135808,0.000654794,0,0,3,17,0.6
705.98,0,0,0.0274399,0.000581383,0,0,3,17,0.6
706.08,0,0,0.0339545,0.000513945,0,0,3,17,0.6
706.18,0,0,0.0293802,0.000617016,0,0,3,17,0.6
706.28,0,0,0.0237683,0.000817898,0,0,3,17,0.6
706.38,0,0,0.0165881,0.000689534,0,0,3,17,0.6
706.48,0,0,0.0114912,0.000825569,0,0,3,17,0.6
706.58,0,0,0.0149294,0.000781512,0,0,3,17,0.6
706.68,0,0,0.0186401,0.000785841,0,0,3,16,0.6
706.78,0,0,0.0227635,0.000776809,0,0,3,16,0.6
706.88,0,0,0.0259789,0.00062344,0,0,3,17,0.62
706.98,0,0,0.0254803,0.000451023,0,0,3,17,0.62
707.08,0,0,0.0252821,0.000595654,0,0,3,17,0.62
707.18,0,0,0.0263085,0.000701929,0,0,3,17,0.62
707.28,0,0,0.0264128,0.000593922,0,0,3,17,0.62
707.38,0,0,0.0251259,0.000636236,0,0,3,17,0.62
707.48,0,0,0.0259243,0.000572642,0,0,3,17,0.62
707.58,0,0,0.029873,0.000746785,0,0,3,17,0.62
707.68,0,0,0.032338,0.000749323,0,0,3,16,0.62
707.78,0,0,0.0325613,0.000847265,0,0,3,16,0.62
707.88,0,0,0.0285044,0.000642309,0,0,3,17,0.62
707.98,0,0,0.0179887,0.000876286,0,0,3,17,0.62
708.08,0,0,0.0138144,0.00076118,0,0,3,17,0.62
708.18,0,0,0.0192181,0.000680027,0,0,3,17,0.62
708.28,0,0,0.0220248,0.000943148,0,0,3,17,0.62
708.38,0,0,0.0209001,0.000759588,0,0,3,17,0.62
708.48,0,0,0.0291734,0.000436563,0,0,3,17,0.62
708.58,0,0,0.0516232,0.000689527,0,0,3,17,0.62
708.68,0,0,0.0657242,0.000927723,0,0,3,17,0.6
708.78,0,0,0.0672501,0.000701715,0,0,3,17,0.6
708.88,0,0,0.0634503,0.000557496,0,0,3,17,0.6
708.98,0,0,0.0378702,0.000476527,0,0,3,17,0.6
709.08,0,0,0.0204613,0.000684582,0,0,3,16,0.6
709.18,0,0,0.0154094,0.000759855,0,0,3,16,0.6
709.28,0,0,0.0180302,0.000852935,0,0,3,16,0.6
709.38,0,0,0.0322453,0.000849573,0,0,3,16,0.6
709.48,0,0,0.0408796,0.00101151,0,0,3,17,0.6
709.58,0,0,0.041099,0.000694915,0,0,3,17,0.6
709.68,0,0,0.0364121,0.000686745,0,0,3,17,0.6
709.78,0,0,0.0243061,0.000551201,0,0,3,17,0.6
709.88,0,0,0.0177975,0.000636388,0,0,3,16,0.6
709.98,0,0,0.019723,0.000650771,0,0,3,16,0.6
710.08,0,0,0.0236617,0.000709062,0,0,3,17,0.6
710.18,0,0,0.030636,0.000515599,0,0,3,17,0.6
710.28,0,0,0.0311841,0.000486944,0,0,3,17,0.6
710.38,0,0,0.0220492,0.000658063,0,0,3,17,0.6
710.48,0,0,0.0236538,0.000583766,0,0,3,16,0.6
710.58,0,0,0.0414807,0.000597751,0,0,3,16,0.6
710.68,0,0,0.054197,0.000569332,0,0,3,16,0.62
710.78,0,0,0.0460263,0.000632534,0,0,3,16,0.62
710.88,0,0,0.0384282,0.000781479,0,0,3,16,0.62
710.98,0,0,0.0331761,0.000911404,0,0,3,16,0.62
711.08,0,0,0.0259271,0.000853149,0,0,3,17,0.62
711.18,0,0,0.015663,0.000716895,0,0,3,17,0.62
711.28,0,0,0.0210305,0.000624502,0,0,3,17,0.62
711.38,0,0,0.050015,0.000755371,0,0,3,17,0.62
711.48,0,0,0.05616,0.000826136,0,0,3,17,0.62
711.58,0,0,0.0278452,0.000859028,0,0,3,17,0.62
711.68,0,0,0.0120612,0.000953622,0,0,3,17,0.6
711.78,0,0,0.0151836,0.000886415,0,0,3,17,0.6
711.88,0,0,0.017288,0.000725976,0,0,3,16,0.6
711.98,0,0,0.0152354,0.00085119,0,0,3,16,0.6
712.08,0,0,0.0123735,0.000913892,0,0,3,16,0.6
712.18,0,0,0.008288,0.000593418,0,0,3,16,0.6
712.28,0,0,0.0113507,0.000598352,0,0,3,16,0.6
712.38,0,0,0.0251986,0.000779937,0,0,3,16,0.6
712.48,0,0,0.0336731,0.00080231,0,0,3,17,0.6
712.58,0,0,0.0340054,0.000585234,0,0,3,17,0.6
712.68,0,0,0.0319774,0.000480705,0,0,3,16,0.62
712.78,0,0,0.0263863,0.000809561,0,0,3,16,0.62
712.88,0,0,0.0248717,0.000715747,0,0,3,17,0.62
712.98,0,0,0.0295173,0.000813496,0,0,3,17,0.62
713.08,0,0,0.0367011,0.000609345,0,0,3,17,0.62
713.18,0,0,0.0477135,0.000697428,0,0,3,17,0.62
713.28,0,0,0.0505786,0.000925195,0,0,3,17,0.62
713.38,0,0,0.0411701,0.000648112,0,0,3,17,0.62
713.48,0,0,0.0328055,0.000799599,0,0,3,17,0.62
713.58,0,0,0.0260165,0.000745477,0,0,3,17,0.62
713.68,0,0,0.019206,0.00100642,0,0,3,17,0.6
713.78,0,0,0.0123627,0.000811061,0,0,3,17,0.6
713.88,0,0,0.0100824,0.000805099,0,0,3,17,0.6
713.98,0,0,0.0146905,0.000985274,0,0,3,17,0.6
714.08,0,0,0.0175661,0.000650537,0,0,3,17,0.6
714.18,0,0,0.0178221,0.000547516,0,0,3,17,0.6
714.28,0,0,0.0196773,0.00075049,0,0,3,17,0.6
714.38,0,0,0.0280695,0.000795849,0,0,3,17,0.6
714.48,0,0,0.028527,0.000742193,0,0,3,17,0.6
714.58,0,0,0.0169866,0.000787363,0,0,3,17,0.6
714.68,0,0,0.0124016,0.00102274,0,0,3,17,0.6
714.78,0,0,0.0182969,0.000816474,0,0,3,17,0.6
714.88,0,0,0.0217667,0.000715643,0,0,3,17,0.6
714.98,0,0,0.021582,0.000690621,0,0,3,17,0.6
715.08,0,0,0.0189984,0.000614207,0,0,3,16,0.6
715.18,0,0,0.012791,0.000963652,0,0,3,16,0.6
715.28,0,0,0.00914129,0.000828873,0,0,3,17,0.6
715.38,0,0,0.00935702,0.000641211,0,0,3,17,0.6
715.48,0,0,0.0144735,0.000680422,0,0,3,17,0.6
715.58,0,0,0.0269947,0.000863131,0,0,3,17,0.6
715.68,0,0,0.0336402,0.000574217,0,0,3,17,0.6
715.78,0,0,0.0314195,0.000800392,0,0,3,17,0.6
715.88,0,0,0.024292,0.000635104,0,0,3,16,0.6
715.98,0,0,0.00975067,0.000806067,0,0,3,16,0.6
716.08,0,0,0.00220923,0.000772861,0,0,3,16,0.6
716.18,0,0,0.00524583,0.000610341,0,0,3,16,0.6
716.28,0,0,0.0128659,0.000576457,0,0,3,16,0.6
716.38,0,0,0.0273921,0.000595323,0,0,3,16,0.6
716.48,0,0,0.0312555,0.000441291,0,0,3,17,0.6
716.58,0,0,0.0190466,0.00086719,0,0,3,17,0.6
716.68,0,0,0.0135018,0.0010157,0,0,3,17,0.6
716.78,0,0,0.0180099,0.000576373,0,0,3,17,0.6
716.88,0,0,0.0267593,0.000576233,0,0,3,17,0.6
716.98,0,0,0.0528791,0.000717777,0,0,3,17,0.6
717.08,0,0,0.0603821,0.000937325,0,0,3,17,0.6
717.18,0,0,0.0397392,0.000854026,0,0,3,17,0.6
717.28,0,0,0.0291653,0.000761031,0,0,3,17,0.6
717.38,0,0,0.0338189,0.000777142,0,0,3,17,0.6
717.48,0,0,0.0347443,0.000674269,0,0,3,16,0.6
717.58,0,0,0.0300343,0.000645218,0,0,3,16,0.6
717.68,0,0,0.0323082,0.000403112,0,0,3,17,0.6
717.78,0,0,0.0451072,0.000632708,0,0,3,17,0.6
717.88,0,0,0.0484317,0.000676442,0,0,3,16,0.6
717.98,0,0,0.037475,0.000745724,0,0,3,16,0.6
718.08,0,0,0.0277732,0.000730546,0,0,3,16,0.6
718.18,0,0,0.0199637,0.000688807,0,0,3,16,0.6
718.28,0,0,0.0186009,0.000912668,0,0,3,17,0.6
718.38,0,0,0.026979,0.000659389,0,0,3,17,0.6
718.48,0,0,0.0302181,0.000729104,0,0,3,17,0.6
718.58,0,0,0.0257112,0.000614761,0,0,3,17,0.6
718.68,0,0,0.0219817,0.000552423,0,0,3,17,0.6
718.78,0,0,0.019426,0.000729018,0,0,3,17,0.6
718.88,0,0,0.0218969,0.000811101,0,0,3,17,0.6
718.98,0,0,0.0319576,0.000722757,0,0,3,17,0.6
719.08,0,0,0.0384707,0.000867715,0,0,3,16,0.6
719.18,0,0,0.0396202,0.000533416,0,0,3,16,0.6
719.28,0,0,0.0381788,0.000589111,0,0,3,17,0.6
719.38,0,0,0.0328304,0.000847164,0,0,3,17,0.6
719.48,0,0,0.0283129,0.000720886,0,0,3,17,0.6
719.58,0,0,0.0250487,0.000779341,0,0,3,17,0.6
719.68,0,0,0.0209053,0.000639864,0,0,3,17,0.6
719.78,0,0,0.0154373,0.0006082,0,0,3,17,0.6
719.88,0,0,0.0149904,0.000779686,0,0,3,17,0.6
719.98,0,0,0.0350373,0.00064759,0,0,3,17,0.6
720.08,0,0,0.0460901,0.000809055,0,0,3,16,0.6
720.18,0,0,0.0435667,0.000732693,0,0,3,16,0.6
720.28,0,0,0.041441,0.000644961,0,0,3,16,0.6
720.38,0,0,0.039917,0.00061948,0,0,3,16,0.6
720.48,0,0,0.0374865,0.000671488,0,0,3,17,0.6
720.58,0,0,0.0336866,0.000731798,0,0,3,17,0.6
720.68,0,0,0.031204,0.000859605,0,0,3,17,0.6
720.78,0,0,0.0307106,0.000698426,0,0,3,17,0.6
720.88,0,0,0.0274718,0.000843437,0,0,3,17,0.6
720.98,0,0,0.0200915,0.000791313,0,0,3,17,0.6
721.08,0,0,0.024519,0.00065252,0,0,3,17,0.6
721.18,0,0,0.0467664,0.000523419,0,0,3,17,0.6
721.28,0,0,0.0561887,0.000554455,0,0,3,17,0.6
721.38,0,0,0.046277,0.000487739,0,0,3,17,0.6
721.48,0,0,0.0391966,0.000538438,0,0,3,17,0.6
721.58,0,0,0.0363967,0.000655936,0,0,3,17,0.6
721.68,0,0,0.0319954,0.00046626,0,0,3,17,0.6
721.78,0,0,0.0251789,0.000947166,0,0,3,17,0.6
721.88,0,0,0.0219966,0.000935887,0,0,3,17,0.6
721.98,0,0,0.0337317,0.000889519,0,0,3,17,0.6
722.08,0,0,0.0401544,0.000593637,0,0,3,17,0.6
722.18,0,0,0.0385534,0.000792546,0,0,3,17,0.6
722.28,0,0,0.030924,0.000840686,0,0,3,17,0.6
722.38,0,0,0.0141844,0.000693502,0,0,3,17,0.6
722.48,0,0,0.01326,0.000799937,0,0,3,17,0.6
722.58,0,0,0.0361625,0.000691335,0,0,3,17,0.6
722.68,0,0,0.0495227,0.000635432,0,0,3,17,0.6
722.78,0,0,0.0238934,0.000671526,0,0,3,17,0.6
722.88,0,0,0.00878724,0.000779351,0,0,3,17,0.6
722.98,0,0,0.00954437,0.000704305,0,0,3,17,0.6
723.08,0,0,0.0138145,0.00068557,0,0,3,17,0.6
723.18,0,0,0.0233934,0.00053782,0,0,3,17,0.6
723.28,0,0,0.0325303,0.000646796,0,0,3,17,0.6
723.38,0,0,0.0410004,0.000826405,0,0,3,17,0.6
723.48,0,0,0.04213,0.000792937,0,0,3,17,0.6
723.58,0,0,0.0321655,0.000858787,0,0,3,17,0.6
723.68,0,0,0.0249275,0.000676324,0,0,3,17,0.6
723.78,0,0,0.0218037,0.000613348,0,0,3,17,0.6
723.88,0,0,0.0186285,0.000776655,0,0,3,17,0.6
723.98,0,0,0.0153754,0.000961164,0,0,3,17,0.6
724.08,0,0,0.0173379,0.000784692,0,0,3,17,0.6
724.18,0,0,0.0271959,0.000596266,0,0,3,17,0.6
724.28,0,0,0.0345508,0.000596708,0,0,3,17,0.6
724.38,0,0,0.0316885,0.000700551,0,0,3,17,0.6
724.48,0,0,0.025208,0.000907834,0,0,3,17,0.6
724.58,0,0,0.013265,0.000695055,0,0,3,17,0.6
724.68,0,0,0.00788647,0.000811926,0,0,3,17,0.6
724.78,0,0,0.0124113,0.00078981,0,0,3,17,0.6
724.88,0,0,0.0189179,0.000755383,0,0,3,17,0.6
724.98,0,0,0.0284148,0.000683241,0,0,3,17,0.6
725.08,0,0,0.0311179,0.000772382,0,0,3,17,0.6
725.18,0,0,0.0235442,0.000719534,0,0,3,17,0.6
725.28,0,0,0.018411,0.000807416,0,0,3,17,0.6
725.38,0,0,0.0232117,0.000759426,0,0,3,17,0.6
725.48,0,0,0.0262716,0.000597033,0,0,3,17,0.6
725.58,0,0,0.022167,0.000816826,0,0,3,17,0.6
725.68,0,0,0.0209615,0.000719627,0,0,3,17,0.6
725.78,0,0,0.0241335,0.000726073,0,0,3,17,0.6
725.88,0,0,0.0276289,0.00075505,0,0,3,17,0.6
725.98,0,0,0.03245,0.000543887,0,0,3,17,0.6
726.08,0,0,0.0324632,0.000827721,0,0,3,17,0.6
726.18,0,0,0.0251849,0.000963455,0,0,3,17,0.6
726.28,0,0,0.0234057,0.00063822,0,0,3,17,0.6
726.38,0,0,0.0299189,0.000741154,0,0,3,17,0.6
726.48,0,0,0.0306899,0.00086307,0,0,3,17,0.6
726.58,0,0,0.0227865,0.000653118,0,0,3,17,0.6
726.68,0,0,0.0172264,0.000858266,0,0,3,17,0.6
726.78,0,0,0.0152122,0.000719845,0,0,3,17,0.6
726.88,0,0,0.0199915,0.000796213,0,0,3,17,0.6
726.98,0,0,0.0350389,0.000845133,0,0,3,17,0.6
727.08,0,0,0.0444993,0.000923464,0,0,3,17,0.6
727.18,0,0,0.0454979,0.000616815,0,0,3,17,0.6
727.28,0,0,0.0424457,0.000804243,0,0,3,17,0.6
727.38,0,0,0.0332998,0.000631273,0,0,3,17,0.6
727.48,0,0,0.0326629,0.000838629,0,0,3,17,0.6
727.58,0,0,0.0448439,0.000717097,0,0,3,17,0.6
727.68,0,0,0.0531832,0.000760274,0,0,3,17,0.6
727.78,0,0,0.05572,0.000820769,0,0,3,17,0.6
727.88,0,0,0.053529,0.00084157,0,0,3,17,0.6
727.98,0,0,0.0442102,0.000848197,0,0,3,17,0.6
728.08,0,0,0.034505,0.000763189,0,0,3,17,0.6
728.18,0,0,0.0242151,0.000564762,0,0,3,17,0.6
728.28,0,0,0.0194766,0.000709637,0,0,3,17,0.6
728.38,0,0,0.0231105,0.000547368,0,0,3,17,0.6
728.48,0,0,0.023882,0.000470504,0,0,3,17,0.6
728.58,0,0,0.0203235,0.000618789,0,0,3,17,0.6
728.68,0,0,0.0185085,0.000574679,0,0,3,17,0.6
728.78,0,0,0.023823,0.000460448,0,0,3,17,0.6
728.88,0,0,0.0249322,0.000412093,0,0,3,17,0.6
728.98,0,0,0.0196994,0.000567985,0,0,3,17,0.6
729.08,0,0,0.0191157,0.000846626,0,0,3,17,0.6
729.18,0,0,0.0255435,0.000764187,0,0,3,17,0.6
729.28,0,0,0.0284357,0.000617055,0,0,3,18,0.6
729.38,0,0,0.0259874,0.000718426,0,0,3,18,0.6
729.48,0,0,0.0278875,0.000688912,0,0,3,18,0.6
729.58,0,0,0.0363456,0.000780726,0,0,3,18,0.6
729.68,0,0,0.0396079,0.000701826,0,0,3,18,0.6
729.78,0,0,0.0350137,0.000615527,0,0,3,18,0.6
729.88,0,0,0.0288675,0.000562218,0,0,3,18,0.6
729.98,0,0,0.0203755,0.0006311,0,0,3,18,0.6
730.08,0,0,0.0208638,0.000740501,0,0,3,18,0.6
730.18,0,0,0.034929,0.000684951,0,0,3,18,0.6
730.28,0,0,0.0383248,0.00065654,0,0,3,18,0.6
730.38,0,0,0.0256502,0.000536232,0,0,3,18,0.6
730.48,0,0,0.0185242,0.000589448,0,0,3,18,0.6
730.58,0,0,0.0197695,0.000693592,0,0,3,18,0.6
730.68,0,0,0.0180358,0.000656138,0,0,3,18,0.6
730.78,0,0,0.01181,0.000622276,0,0,3,18,0.6
730.88,0,0,0.0114696,0.000625567,0,0,3,18,0.6
730.98,0,0,0.0200301,0.0008153,0,0,3,18,0.6
731.08,0,0,0.0216134,0.000740536,0,0,3,18,0.6
731.18,0,0,0.0126644,0.000639744,0,0,3,18,0.6
731.28,0,0,0.00798447,0.00104891,0,0,3,18,0.6
731.38,0,0,0.00975271,0.000826082,0,0,3,18,0.6
731.48,0,0,0.0119595,0.000595567,0,0,3,18,0.6
731.58,0,0,0.0148288,0.000777833,0,0,3,18,0.6
731.68,0,0,0.0146103,0.00104784,0,0,3,18,0.6
731.78,0,0,0.00974257,0.000843747,0,0,3,18,0.6
731.88,0,0,0.0100032,0.000499539,0,0,3,18,0.6
731.98,0,0,0.0312458,0.000572954,0,0,3,18,0.6
732.08,0,0,0.0426369,0.000597126,0,0,3,18,0.6
732.18,0,0,0.0391926,0.000739929,0,0,3,18,0.6
732.28,0,0,0.0339139,0.000699785,0,0,3,18,0.6
732.38,0,0,0.0258687,0.000656108,0,0,3,18,0.6
732.48,0,0,0.0243491,0.000519332,0,0,3,18,0.6
732.58,0,0,0.0327082,0.000594697,0,0,3,18,0.6
732.68,0,0,0.0329282,0.000567826,0,0,3,18,0.6
732.78,0,0,0.0208644,0.000631849,0,0,3,18,0.6
732.88,0,0,0.0155105,0.000966987,0,0,3,18,0.6
732.98,0,0,0.0203077,0.000683904,0,0,3,18,0.6
733.08,0,0,0.0233883,0.000655456,0,0,3,18,0.6
733.18,0,0,0.0238741,0.000420083,0,0,3,18,0.6
733.28,0,0,0.0269067,0.000455464,0,0,3,18,0.6
733.38,0,0,0.033775,0.000650388,0,0,3,18,0.6
733.48,0,0,0.038498,0.000726646,0,0,3,18,0.6
733.58,0,0,0.0344483,0.000617356,0,0,3,18,0.6
733.68,0,0,0.0318738,0.00064557,0,0,3,18,0.6
733.78,0,0,0.0315186,0.000568106,0,0,3,18,0.6
733.88,0,0,0.0306252,0.000828901,0,0,3,18,0.6
733.98,0,0,0.0289188,0.000628168,0,0,3,18,0.6
734.08,0,0,0.0365628,0.000793225,0,0,3,18,0.6
734.18,0,0,0.0583149,0.000669589,0,0,3,18,0.6
734.28,0,0,0.0683138,0.000702381,0,0,3,18,0.6
734.38,0,0,0.0605673,0.000596501,0,0,3,18,0.6
734.48,0,0,0.0542402,0.000594468,0,0,3,18,0.6
734.58,0,0,0.0537244,0.000631096,0,0,3,18,0.6
734.68,0,0,0.049275,0.000613163,0,0,3,18,0.6
734.78,0,0,0.0288371,0.000848008,0,0,3,18,0.6
734.88,0,0,0.0250994,0.000678071,0,0,3,18,0.6
734.98,0,0,0.0465219,0.000640246,0,0,3,18,0.6
735.08,0,0,0.0566417,0.000802922,0,0,3,18,0.6
735.18,0,0,0.0497084,0.000580655,0,0,3,18,0.6
735.28,0,0,0.0476185,0.00062,0,0,3,18,0.6
735.38,0,0,0.052825,0.000709171,0,0,3,18,0.6
735.48,0,0,0.0636464,0.000752077,0,0,3,18,0.6
735.58,0,0,0.0974357,0.000659943,0,0,3,18,0.6
735.68,0,0,0.112686,0.000754915,0,0,3,18,0.6
735.78,0,0,0.100002,0.000567664,0,0,3,18,0.6
735.88,0,0,0.083086,0.000643942,0,0,3,18,0.6
735.98,0,0,0.0488676,0.000809931,0,0,3,18,0.6
736.08,0,0,0.0265177,0.000652663,0,0,3,18,0.6
736.18,0,0,0.0220842,0.000452981,0,0,3,18,0.6
736.28,0,0,0.0227007,0.000393662,0,0,3,18,0.6
736.38,0,0,0.0309466,0.000807084,0,0,3,18,0.6
736.48,0,0,0.036929,0.000964445,0,0,3,18,0.6
736.58,0,0,0.0395015,0.000381754,0,0,3,18,0.6
736.68,0,0,0.0404959,0.000659135,0,0,3,18,0.6
736.78,0,0,0.0391089,0.000769157,0,0,3,18,0.6
736.88,0,0,0.035576,0.000849254,0,0,3,18,0.6
736.98,0,0,0.0288107,0.000631657,0,0,3,18,0.6
737.08,0,0,0.0220034,0.000705781,0,0,3,18,0.6
737.18,0,0,0.0151327,0.000770727,0,0,3,18,0.6
737.28,0,0,0.0120023,0.000840326,0,0,3,18,0.6
737.38,0,0,0.0145174,0.000365138,0,0,3,18,0.6
737.48,0,0,0.017025,0.000616995,0,0,3,18,0.6
737.58,0,0,0.0195213,0.000662239,0,0,3,18,0.6
737.68,0,0,0.0233012,0.000754169,0,0,3,18,0.6
737.78,0,0,0.0290221,0.000738142,0,0,3,18,0.6
737.88,0,0,0.0307659,0.000528348,0,0,3,18,0.6
737.98,0,0,0.0163068,0.000830489,0,0,3,18,0.6
738.08,0,0,0.0145687,0.000708054,0,0,3,18,0.6
738.18,0,0,0.031998,0.000795113,0,0,3,18,0.6
738.28,0,0,0.0420523,0.000704033,0,0,3,18,0.6
738.38,0,0,0.0409652,0.000869942,0,0,3,18,0.6
738.48,0,0,0.0383921,0.00063637,0,0,3,17,0.6
738.58,0,0,0.0335754,0.000871239,0,0,3,17,0.6
738.68,0,0,0.0257306,0.000830633,0,0,3,18,0.6
738.78,0,0,0.0133052,0.000590243,0,0,3,18,0.6
738.88,0,0,0.00890445,0.000547896,0,0,3,18,0.6
738.98,0,0,0.0166177,0.000796147,0,0,3,18,0.6
739.08,0,0,0.0217136,0.000754537,0,0,3,18,0.6
739.18,0,0,0.0228522,0.00104016,0,0,3,18,0.6
739.28,0,0,0.0234557,0.000893935,0,0,3,18,0.6
739.38,0,0,0.0232512,0.000813196,0,0,3,18,0.6
739.48,0,0,0.0244511,0.000733482,0,0,3,18,0.6
739.58,0,0,0.0314184,0.000607901,0,0,3,18,0.6
739.68,0,0,0.0324376,0.000698209,0,0,3,18,0.6
739.78,0,0,0.0244802,0.000746921,0,0,3,18,0.6
739.88,0,0,0.0221549,0.00075838,0,0,3,18,0.6
739.98,0,0,0.0283135,0.000549398,0,0,3,18,0.6
740.08,0,0,0.0263515,0.000541371,0,0,3,18,0.6
740.18,0,0,0.0121508,0.000968591,0,0,3,18,0.6
740.28,0,0,0.00797649,0.000642361,0,0,3,18,0.6
740.38,0,0,0.0189519,0.000541754,0,0,3,18,0.6
740.48,0,0,0.0240899,0.000694163,0,0,3,18,0.6
740.58,0,0,0.0204158,0.000647799,0,0,3,18,0.6
740.68,0,0,0.0167624,0.000649558,0,0,3,18,0.6
740.78,0,0,0.0131932,0.000597506,0,0,3,18,0.6
740.88,0,0,0.0164168,0.000729176,0,0,3,18,0.6
740.98,0,0,0.0299052,0.000655005,0,0,3,18,0.6
741.08,0,0,0.0383292,0.000668828,0,0,3,18,0.6
741.18,0,0,0.0391214,0.000764766,0,0,3,18,0.6
741.28,0,0,0.0387158,0.000266132,0,0,3,18,0.6
741.38,0,0,0.036502,0.000504333,0,0,3,18,0.6
741.48,0,0,0.0323645,0.000431781,0,0,3,18,0.6
741.58,0,0,0.0253273,0.000541884,0,0,3,18,0.6
741.68,0,0,0.0230291,0.000565568,0,0,3,18,0.6
741.78,0,0,0.0278815,0.000654032,0,0,3,18,0.6
741.88,0,0,0.0291887,0.00077437,0,0,3,18,0.6
741.98,0,0,0.0159967,0.000666008,0,0,3,18,0.6
742.08,0,0,0.0121232,0.000664933,0,0,3,18,0.6
742.18,0,0,0.0223126,0.000524844,0,0,3,18,0.6
742.28,0,0,0.0243339,0.000626427,0,0,3,18,0.6
742.38,0,0,0.0140195,0.000664034,0,0,3,18,0.6
742.48,0,0,0.0144861,0.000799339,0,0,3,18,0.6
742.58,0,0,0.0312592,0.000812491,0,0,3,18,0.6
742.68,0,0,0.0397246,0.000648266,0,0,3,18,0.6
742.78,0,0,0.0356759,0.000574274,0,0,3,18,0.6
742.88,0,0,0.0340151,0.00074486,0,0,3,18,0.6
742.98,0,0,0.0359553,0.000857839,0,0,3,18,0.6
743.08,0,0,0.0355838,0.00105022,0,0,3,18,0.6
743.18,0,0,0.0317295,0.00143315,0,0,3,18,0.6
743.28,0,0,0.0304897,0.00062595,0,0,3,18,0.6
743.38,0,0,0.0331974,0.000687875,0,0,3,18,0.6
743.48,0,0,0.0300971,0.000689791,0,0,3,18,0.6
743.58,0,0,0.0182014,0.000318345,0,0,3,18,0.6
743.68,0,0,0.017907,0.000926882,0,0,3,18,0.6
743.78,0,0,0.0351285,0.000625586,0,0,3,18,0.6
743.88,0,0,0.0395745,0.000574884,0,0,3,18,0.6
743.98,0,0,0.0247418,0.000814889,0,0,3,18,0.6
744.08,0,0,0.0208288,0.000576209,0,0,3,18,0.6
744.18,0,0,0.0334375,0.000581382,0,0,3,18,0.6
744.28,0,0,0.0357004,0.000511407,0,0,3,18,0.6
744.38,0,0,0.022396,0.000794602,0,0,3,18,0.6
744.48,0,0,0.0152648,0.000749354,0,0,3,17,0.6
744.58,0,0,0.0333905,0.00101743,0,0,3,17,0.6
744.68,0,0,0.0396821,0.000385153,0,0,3,18,0.6
744.78,0,0,0.0281519,0.00072677,0,0,3,18,0.6
744.88,0,0,0.0261681,0.000685926,0,0,3,18,0.6
744.98,0,0,0.0386111,0.000791939,0,0,3,18,0.6
745.08,0,0,0.0431382,0.00063426,0,0,3,18,0.6
745.18,0,0,0.0357084,0.000802426,0,0,3,18,0.6
745.28,0,0,0.0336998,0.000709697,0,0,3,18,0.6
745.38,0,0,0.0398666,0.000613806,0,0,3,18,0.6
745.48,0,0,0.0433722,0.000628613,0,0,3,18,0.6
745.58,0,0,0.0359926,0.000756312,0,0,3,18,0.6
745.68,0,0,0.0276562,0.000614686,0,0,3,18,0.6
745.78,0,0,0.0154183,0.000378827,0,0,3,18,0.6
745.88,0,0,0.00907737,0.000929022,0,0,3,18,0.6
745.98,0,0,0.0116221,0.000704853,0,0,3,18,0.6
746.08,0,0,0.0203038,0.000767473,0,0,3,18,0.6
746.18,0,0,0.0382522,0.000736622,0,0,3,18,0.6
746.28,0,0,0.0432557,0.000474152,0,0,3,18,0.6
746.38,0,0,0.0287534,0.000947144,0,0,3,18,0.6
746.48,0,0,0.0248349,0.000877424,0,0,3,18,0.6
746.58,0,0,0.0369158,0.000638262,0,0,3,18,0.6
746.68,0,0,0.0394859,0.000683023,0,0,3,18,0.6
746.78,0,0,0.0277051,0.000912511,0,0,3,18,0.6
746.88,0,0,0.0220892,0.000901914,0,0,3,18,0.6
746.98,0,0,0.02579,0.000500371,0,0,3,18,0.6
747.08,0,0,0.0231594,0.00047663,0,0,3,18,0.6
747.18,0,0,0.0109521,0.000777281,0,0,3,18,0.6
747.28,0,0,0.020254,0.00118221,0,0,3,18,0.6
747.38,0,0,0.0620652,-0.000143918,0,0,3,18,0.6
747.48,0,0,0.0771239,0.00114034,0,0,3,18,0.6
747.58,0,0,0.0518576,0.000420566,0,0,3,18,0.6
747.68,0,0,0.0347848,0.000650332,0,0,3,18,0.6
747.78,0,0,0.0300501,0.000666434,0,0,3,18,0.6
747.88,0,0,0.0261707,0.000936818,0,0,3,18,0.6
747.98,0,0,0.0235815,0.000407261,0,0,3,18,0.6
748.08,0,0,0.0210288,0.000834493,0,0,3,18,0.6
748.18,0,0,0.0185314,0.000649826,0,0,3,18,0.6
748.28,0,0,0.018867,0.000672933,0,0,3,18,0.6
748.38,0,0,0.0234773,0.000591529,0,0,3,18,0.6
748.48,0,0,0.0288827,0.000918639,0,0,3,18,0.6
748.58,0,0,0.0354866,0.00105211,0,0,3,18,0.6
748.68,0,0,0.0420972,0.000723873,0,0,3,18,0.6
748.78,0,0,0.048718,0.000663221,0,0,3,18,0.6
748.88,0,0,0.0463508,0.000791939,0,0,3,18,0.6
748.98,0,0,0.0304438,0.000726235,0,0,3,18,0.6
749.08,0,0,0.0187988,0.000757667,0,0,3,18,0.6
749.18,0,0,0.0135788,0.000518858,0,0,3,18,0.6
749.28,0,0,0.0131848,0.000639152,0,0,3,18,0.6
749.38,0,0,0.0200676,0.000853936,0,0,3,18,0.6
749.48,0,0,0.0308524,0.000524601,0,0,3,18,0.6
749.58,0,0,0.0475265,0.000589539,0,0,3,18,0.6
749.68,0,0,0.0531334,0.000765791,0,0,3,18,0.6
749.78,0,0,0.042024,0.00121185,0,0,3,18,0.6
749.88,0,0,0.0335752,0.00140078,0,0,3,17,0.6
749.98,0,0,0.0291431,0.000627613,0,0,3,17,0.6
750.08,0,0,0.0269926,0.000710525,0,0,3,16,0.6
750.18,0,0,0.0282886,0.000723302,0,0,3,16,0.6
750.28,0,0,0.0352425,0.00105684,0,0,3,17,0.6
750.38,0,0,0.0507576,0.000757468,0,0,3,17,0.6
750.48,0,0,0.0519714,0.000651622,0,0,3,17,0.6
750.58,0,0,0.0316373,0.000593841,0,0,3,17,0.6
750.68,0,0,0.0228675,0.000513016,0,0,3,17,0.62
750.78,0,0,0.0315168,0.000734285,0,0,3,17,0.62
750.88,0,0,0.0421627,0.000738886,0,0,3,17,0.62
750.98,0,0,0.055816,0.000837318,0,0,3,17,0.62
751.08,0,0,0.0547073,0.000909891,0,0,3,17,0.62
751.18,0,0,0.031298,0.000690418,0,0,3,17,0.62
751.28,0,0,0.0174503,0.000763731,0,0,3,16,0.62
751.38,0,0,0.0180676,0.000522994,0,0,3,16,0.62
751.48,0,0,0.0208754,0.000764658,0,0,3,16,0.62
751.58,0,0,0.026995,0.000666263,0,0,3,16,0.62
751.68,0,0,0.0271464,0.000627619,0,0,3,16,0.62
751.78,0,0,0.0182906,0.000676906,0,0,3,16,0.62
751.88,0,0,0.0192879,0.000646481,0,0,3,16,0.62
751.98,0,0,0.0604202,0.000656085,0,0,3,16,0.62
752.08,0,0,0.073415,0.000690286,0,0,3,16,0.62
752.18,0,0,0.0440007,0.000599424,0,0,3,16,0.62
752.28,0,0,0.0255817,0.000673581,0,0,3,16,0.62
752.38,0,0,0.023764,0.000758221,0,0,3,16,0.62
752.48,0,0,0.022334,0.000571831,0,0,3,16,0.62
752.58,0,0,0.021488,0.000776892,0,0,3,16,0.62
752.68,0,0,0.0214232,0.00066957,0,0,3,16,0.64
752.78,0,0,0.0245417,0.000733059,0,0,3,16,0.64
752.88,0,0,0.0239276,0.000598017,0,0,3,17,0.64
752.98,0,0,0.0176624,0.000511319,0,0,3,17,0.64
753.08,0,0,0.0168286,0.000926508,0,0,3,17,0.64
753.18,0,0,0.0242008,0.000822694,0,0,3,17,0.64
753.28,0,0,0.0235294,0.000706126,0,0,3,17,0.64
753.38,0,0,0.0107135,0.000573882,0,0,3,17,0.64
753.48,0,0,0.00666012,0.000729592,0,0,3,17,0.64
753.58,0,0,0.0158534,0.000740868,0,0,3,17,0.64
753.68,0,0,0.029535,0.000734782,0,0,3,17,0.62
753.78,0,0,0.0499742,0.000874468,0,0,3,17,0.62
753.88,0,0,0.0594244,0.000659442,0,0,3,18,0.62
753.98,0,0,0.0522973,0.000597146,0,0,3,18,0.62
754.08,0,0,0.0519136,0.000493192,0,0,3,18,0.62
754.18,0,0,0.0617079,0.000770186,0,0,3,18,0.62
754.28,0,0,0.0610176,0.000826765,0,0,3,18,0.62
754.38,0,0,0.0444845,0.00079277,0,0,3,18,0.62
754.48,0,0,0.0280555,0.000601889,0,0,3,18,0.62
754.58,0,0,0.0117835,0.000627151,0,0,3,18,0.62
754.68,0,0,0.0121583,0.000811746,0,0,3,18,0.6
754.78,0,0,0.0376335,0.000829438,0,0,3,18,0.6
754.88,0,0,0.0510343,0.000580487,0,0,3,18,0.6
754.98,0,0,0.046222,0.000597478,0,0,3,18,0.6
755.08,0,0,0.0364026,0.00083171,0,0,3,18,0.6
755.18,0,0,0.0190052,0.000774043,0,0,3,18,0.6
755.28,0,0,0.0124822,0.000547909,0,0,3,18,0.6
755.38,0,0,0.0223602,0.000597476,0,0,3,18,0.6
755.48,0,0,0.0286841,0.000413538,0,0,3,18,0.6
755.58,0,0,0.0296432,0.000651826,0,0,3,18,0.6
755.68,0,0,0.0289634,0.000649076,0,0,3,18,0.6
755.78,0,0,0.0215849,0.00078558,0,0,3,18,0.6
755.88,0,0,0.0214603,0.000721089,0,0,3,18,0.6
755.98,0,0,0.0510954,0.000702542,0,0,3,18,0.6
756.08,0,0,0.0560573,0.000564484,0,0,3,18,0.6
756.18,0,0,0.0236278,0.000746788,0,0,3,18,0.6
756.28,0,0,0.00868112,0.000814506,0,0,3,18,0.6
756.38,0,0,0.0201176,0.0010451,0,0,3,18,0.6
756.48,0,0,0.0306938,0.000600732,0,0,3,18,0.6
756.58,0,0,0.0399696,0.000758315,0,0,3,18,0.6
756.68,0,0,0.0378616,0.000660559,0,0,3,18,0.6
756.78,0,0,0.0186312,0.000648758,0,0,3,18,0.6
756.88,0,0,0.0149377,0.000452836,0,0,3,18,0.6
756.98,0,0,0.0346604,0.000692263,0,0,3,18,0.6
757.08,0,0,0.0511977,0.00065527,0,0,3,18,0.6
757.18,0,0,0.0629209,0.000505442,0,0,3,18,0.6
757.28,0,0,0.0622193,0.000625114,0,0,3,18,0.6
757.38,0,0,0.0427699,0.00059268,0,0,3,18,0.6
757.48,0,0,0.0313648,0.000835912,0,0,3,18,0.6
757.58,0,0,0.0321192,0.000669099,0,0,3,18,0.6
757.68,0,0,0.0334336,0.000757291,0,0,3,18,0.6
757.78,0,0,0.0355931,0.000513502,0,0,3,18,0.6
757.88,0,0,0.0371152,0.000643541,0,0,3,18,0.6
757.98,0,0,0.0376756,0.000498599,0,0,3,18,0.6
758.08,0,0,0.0387305,0.000782041,0,0,3,18,0.6
758.18,0,0,0.0405337,0.000639537,0,0,3,18,0.6
758.28,0,0,0.0384239,0.000675637,0,0,3,18,0.6
758.38,0,0,0.0304229,0.000709916,0,0,3,18,0.6
758.48,0,0,0.0230861,0.00108064,0,0,3,18,0.6
758.58,0,0,0.0167507,0.000702941,0,0,3,18,0.6
758.68,0,0,0.0116334,0.000751888,0,0,3,18,0.6
758.78,0,0,0.0114888,0.000555396,0,0,3,18,0.6
758.88,0,0,0.0147686,0.000850698,0,0,3,17,0.6
758.98,0,0,0.0232185,0.000712003,0,0,3,17,0.6
759.08,0,0,0.0270736,0.000585193,0,0,3,18,0.6
759.18,0,0,0.0239905,0.000832699,0,0,3,18,0.6
759.28,0,0,0.0241415,0.000706005,0,0,3,18,0.6
759.38,0,0,0.0291746,0.000563872,0,0,3,18,0.6
759.48,0,0,0.0339257,0.000467542,0,0,3,18,0.6
759.58,0,0,0.0382507,0.000827008,0,0,3,18,0.6
759.68,0,0,0.0404124,0.000851728,0,0,3,18,0.6
759.78,0,0,0.0393049,0.000669139,0,0,3,18,0.6
759.88,0,0,0.0354802,0.000627569,0,0,3,18,0.6
759.98,0,0,0.0275641,0.000493653,0,0,3,18,0.6
760.08,0,0,0.0227375,0.000992597,0,0,3,18,0.6
760.18,0,0,0.0225718,0.000833394,0,0,3,18,0.6
760.28,0,0,0.0199842,0.000746374,0,0,3,18,0.6
760.38,0,0,0.0137512,0.000860411,0,0,3,18,0.6
760.48,0,0,0.0109487,0.000858499,0,0,3,18,0.6
760.58,0,0,0.0133315,0.000565479,0,0,3,18,0.6
760.68,0,0,0.0146196,0.000718849,0,0,3,18,0.6
760.78,0,0,0.0142551,0.000732581,0,0,3,18,0.6
760.88,0,0,0.016417,0.00075489,0,0,3,18,0.6
760.98,0,0,0.0224005,0.000587539,0,0,3,18,0.6
761.08,0,0,0.0236166,0.000583872,0,0,3,18,0.6
761.18,0,0,0.0176349,0.000711541,0,0,3,18,0.6
761.28,0,0,0.0116383,0.000721996,0,0,3,18,0.6
761.38,0,0,0.0056191,0.000771899,0,0,3,18,0.6
761.48,0,0,0.00392622,0.000738813,0,0,3,18,0.6
761.58,0,0,0.00875698,0.000855718,0,0,3,18,0.6
761.68,0,0,0.0120657,0.000667056,0,0,3,18,0.6
761.78,0,0,0.0130785,0.000614463,0,0,3,18,0.6
761.88,0,0,0.0145623,0.000569361,0,0,3,18,0.6
761.98,0,0,0.0179725,0.000743131,0,0,3,18,0.6
762.08,0,0,0.0179266,0.000722885,0,0,3,18,0.6
762.18,0,0,0.0126562,0.000821373,0,0,3,18,0.6
762.28,0,0,0.0205719,0.000832021,0,0,3,18,0.6
762.38,0,0,0.0483783,0.000754483,0,0,3,18,0.6
762.48,0,0,0.0540308,0.000663859,0,0,3,18,0.6
762.58,0,0,0.0261867,0.000583228,0,0,3,18,0.6
762.68,0,0,0.00939126,0.000637098,0,0,3,18,0.6
762.78,0,0,0.00928399,0.000694118,0,0,3,18,0.6
762.88,0,0,0.0105972,0.000712911,0,0,3,18,0.6
762.98,0,0,0.0140487,0.00078531,0,0,3,18,0.6
763.08,0,0,0.0182776,0.000801114,0,0,3,18,0.6
763.18,0,0,0.0236794,0.000636917,0,0,3,18,0.6
763.28,0,0,0.0281854,0.000499009,0,0,3,18,0.6
763.38,0,0,0.0313422,0.000693193,0,0,3,18,0.6
763.48,0,0,0.0341021,0.00100723,0,0,3,18,0.6
763.58,0,0,0.0362627,0.000767692,0,0,3,18,0.6
763.68,0,0,0.0347307,0.000714176,0,0,3,18,0.6
763.78,0,0,0.0180405,0.000412361,0,0,3,18,0.6
763.88,0,0,0.0110564,0.000617163,0,0,3,18,0.6
763.98,0,0,0.0187277,0.000904726,0,0,3,18,0.6
764.08,0,0,0.022609,0.00106995,0,0,3,18,0.6
764.18,0,0,0.0207595,0.000925855,0,0,3,18,0.6
764.28,0,0,0.0214298,0.000850772,0,0,3,18,0.6
764.38,0,0,0.025905,0.000823909,0,0,3,18,0.6
764.48,0,0,0.0280397,0.000830344,0,0,3,18,0.6
764.58,0,0,0.0266289,0.000872178,0,0,3,18,0.6
764.68,0,0,0.0251866,0.000498356,0,0,3,17,0.62
764.78,0,0,0.0236155,0.000725088,0,0,3,17,0.62
764.88,0,0,0.0240736,0.000532745,0,0,3,17,0.62
764.98,0,0,0.0275858,0.000640527,0,0,3,17,0.62
765.08,0,0,0.0317908,0.000504135,0,0,3,17,0.62
765.18,0,0,0.0370415,0.00079456,0,0,3,17,0.62
765.28,0,0,0.0389671,0.000838669,0,0,3,17,0.62
765.38,0,0,0.0358749,0.000822243,0,0,3,17,0.62
765.48,0,0,0.0335664,0.000822312,0,0,3,17,0.62
765.58,0,0,0.0324413,0.000672153,0,0,3,17,0.62
765.68,0,0,0.031844,0.000612374,0,0,3,17,0.62
765.78,0,0,0.0320427,0.00087499,0,0,3,17,0.62
765.88,0,0,0.0301513,0.00088432,0,0,3,17,0.62
765.98,0,0,0.0196997,0.000976068,0,0,3,17,0.62
766.08,0,0,0.0123854,0.000750168,0,0,3,17,0.62
766.18,0,0,0.00980048,0.000927292,0,0,3,17,0.62
766.28,0,0,0.00902752,0.00068414,0,0,3,17,0.62
766.38,0,0,0.010987,0.000550409,0,0,3,17,0.62
766.48,0,0,0.0137116,0.000656279,0,0,3,17,0.62
766.58,0,0,0.0175907,0.000598506,0,0,3,17,0.62
766.68,0,0,0.0222864,0.000579171,0,0,3,17,0.62
766.78,0,0,0.0282159,0.00057319,0,0,3,17,0.62
766.88,0,0,0.0337535,0.00068227,0,0,3,17,0.62
766.98,0,0,0.0387003,0.000485146,0,0,3,17,0.62
767.08,0,0,0.0368611,0.000551211,0,0,3,17,0.62
767.18,0,0,0.0247662,0.000712951,0,0,3,17,0.62
767.28,0,0,0.0187435,0.000642907,0,0,3,17,0.62
767.38,0,0,0.0218809,0.000491074,0,0,3,17,0.62
767.48,0,0,0.0228412,0.000576729,0,0,3,17,0.62
767.58,0,0,0.0205082,0.0007542,0,0,3,17,0.62
767.68,0,0,0.0227683,0.000835127,0,0,3,17,0.62
767.78,0,0,0.0319598,0.000646525,0,0,3,17,0.62
767.88,0,0,0.0395981,0.000540064,0,0,3,17,0.62
767.98,0,0,0.0448974,0.00077758,0,0,3,17,0.62
768.08,0,0,0.0394942,0.00063748,0,0,3,17,0.62
768.18,0,0,0.0179575,0.000457161,0,0,3,17,0.62
768.28,0,0,0.00516552,0.000652543,0,0,3,17,0.62
768.38,0,0,0.00558102,0.000638324,0,0,3,17,0.62
768.48,0,0,0.00869804,0.000840814,0,0,3,17,0.62
768.58,0,0,0.0158931,0.000522046,0,0,3,17,0.62
768.68,0,0,0.0213739,0.000544115,0,0,3,17,0.62
768.78,0,0,0.024263,0.000540536,0,0,3,17,0.62
768.88,0,0,0.0238533,0.000780083,0,0,3,17,0.62
768.98,0,0,0.0184701,0.000674653,0,0,3,17,0.62
769.08,0,0,0.0174908,0.000517733,0,0,3,17,0.62
769.18,0,0,0.0231616,0.000803412,0,0,3,17,0.62
769.28,0,0,0.0285305,0.000678913,0,0,3,17,0.62
769.38,0,0,0.0334445,0.000653635,0,0,3,17,0.62
769.48,0,0,0.0338163,0.00063652,0,0,3,17,0.62
769.58,0,0,0.0273302,0.000747498,0,0,3,17,0.62
769.68,0,0,0.0201697,0.00078174,0,0,3,17,0.62
769.78,0,0,0.0119922,0.000478339,0,0,3,17,0.62
769.88,0,0,0.00650787,0.000614107,0,0,3,17,0.62
769.98,0,0,0.00509356,0.00085817,0,0,3,17,0.62
770.08,0,0,0.00579573,0.000828038,0,0,3,17,0.62
770.18,0,0,0.00969455,0.000754111,0,0,3,17,0.62
770.28,0,0,0.011966,0.00075312,0,0,3,17,0.62
770.38,0,0,0.0117761,0.000580096,0,0,3,17,0.62
770.48,0,0,0.0164301,0.000617591,0,0,3,17,0.62
770.58,0,0,0.0284005,0.00059844,0,0,3,17,0.62
770.68,0,0,0.0356979,0.000836707,0,0,3,17,0.62
770.78,0,0,0.0359213,0.000897031,0,0,3,17,0.62
770.88,0,0,0.0397779,0.000651891,0,0,3,17,0.62
770.98,0,0,0.0491029,0.000703315,0,0,3,17,0.62
771.08,0,0,0.0497976,0.000684174,0,0,3,17,0.62
771.18,0,0,0.0374864,0.000558365,0,0,3,17,0.62
771.28,0,0,0.0278955,0.000736031,0,0,3,17,0.62
771.38,0,0,0.0224078,0.000725213,0,0,3,17,0.62
771.48,0,0,0.0322327,0.000687779,0,0,3,17,0.62
771.58,0,0,0.0652044,0.000617986,0,0,3,17,0.62
771.68,0,0,0.0754901,0.000518564,0,0,3,17,0.62
771.78,0,0,0.0515147,0.000584448,0,0,3,17,0.62
771.88,0,0,0.031274,0.000596906,0,0,3,17,0.62
771.98,0,0,0.0263103,0.000536921,0,0,3,17,0.62
772.08,0,0,0.0308292,0.000508407,0,0,3,17,0.62
772.18,0,0,0.0496717,0.000390503,0,0,3,17,0.62
772.28,0,0,0.0602427,0.000615471,0,0,3,17,0.62
772.38,0,0,0.0583436,0.000355939,0,0,3,17,0.62
772.48,0,0,0.0492123,0.000743294,0,0,3,17,0.62
772.58,0,0,0.0291663,0.000593995,0,0,3,17,0.62
772.68,0,0,0.0176371,0.000373662,0,0,3,17,0.62
772.78,0,0,0.0189403,0.000791577,0,0,3,17,0.62
772.88,0,0,0.0164187,0.000606228,0,0,3,17,0.62
772.98,0,0,0.00814338,0.000612306,0,0,3,17,0.62
773.08,0,0,0.014139,0.000440908,0,0,3,17,0.62
773.18,0,0,0.0417132,0.000605475,0,0,3,17,0.62
773.28,0,0,0.0622907,0.000549433,0,0,3,17,0.62
773.38,0,0,0.0722908,0.000657352,0,0,3,17,0.62
773.48,0,0,0.0730965,0.000679633,0,0,3,17,0.62
773.58,0,0,0.0599798,0.000731266,0,0,3,17,0.62
773.68,0,0,0.0516888,0.000334973,0,0,3,17,0.62
773.78,0,0,0.0506902,0.000503045,0,0,3,17,0.62
773.88,0,0,0.0500019,0.000550378,0,0,3,17,0.62
773.98,0,0,0.0497814,0.000804536,0,0,3,17,0.62
774.08,0,0,0.051142,0.000762045,0,0,3,17,0.62
774.18,0,0,0.0548884,0.000808668,0,0,3,17,0.62
774.28,0,0,0.0528022,0.000740477,0,0,3,17,0.62
774.38,0,0,0.041928,0.000686968,0,0,3,17,0.62
774.48,0,0,0.036538,0.000652168,0,0,3,17,0.62
774.58,0,0,0.0394374,0.000931664,0,0,3,17,0.62
774.68,0,0,0.0408064,0.000679406,0,0,3,17,0.62
774.78,0,0,0.0398616,0.00074134,0,0,3,17,0.62
774.88,0,0,0.0350964,0.000779286,0,0,3,17,0.62
774.98,0,0,0.0245763,0.000864563,0,0,3,17,0.62
775.08,0,0,0.0171641,0.00053732,0,0,3,17,0.62
775.18,0,0,0.0144434,0.000552427,0,0,3,17,0.62
775.28,0,0,0.0148883,0.000652385,0,0,3,17,0.62
775.38,0,0,0.0201162,0.000838666,0,0,3,17,0.62
775.48,0,0,0.0277521,0.000743418,0,0,3,17,0.62
775.58,0,0,0.0390185,0.000917243,0,0,3,17,0.62
775.68,0,0,0.0438404,0.000899779,0,0,3,17,0.62
775.78,0,0,0.0389431,0.000703399,0,0,3,17,0.62
775.88,0,0,0.0365186,0.000669408,0,0,3,17,0.62
775.98,0,0,0.0378181,0.000704001,0,0,3,17,0.62
776.08,0,0,0.0519091,0.00114699,0,0,3,17,0.62
776.18,0,0,0.0853571,0.000845902,0,0,3,17,0.62
776.28,0,0,0.0939304,0.000744286,0,0,3,17,0.62
776.38,0,0,0.064962,0.00067369,0,0,3,17,0.62
776.48,0,0,0.0424394,0.000596797,0,0,3,17,0.62
776.58,0,0,0.0296728,0.000682326,0,0,3,17,0.62
776.68,0,0,0.0210377,0.0007134,0,0,3,17,0.62
776.78,0,0,0.0292829,0.000493887,0,0,3,17,0.62
776.88,0,0,0.0360677,0.000721247,0,0,3,17,0.62
776.98,0,0,0.040657,0.000745704,0,0,3,17,0.62
777.08,0,0,0.0393639,0.000652282,0,0,3,17,0.62
777.18,0,0,0.0291988,0.000590458,0,0,3,17,0.62
777.28,0,0,0.021754,0.000785944,0,0,3,17,0.62
777.38,0,0,0.0184114,0.000789185,0,0,3,17,0.62
777.48,0,0,0.0221511,0.000694837,0,0,3,17,0.62
777.58,0,0,0.0365763,0.000617736,0,0,3,17,0.62
777.68,0,0,0.0481788,0.000585705,0,0,3,17,0.62
777.78,0,0,0.0555184,0.000778665,0,0,3,17,0.62
777.88,0,0,0.0583264,0.000713099,0,0,3,17,0.62
777.98,0,0,0.0542937,0.000622856,0,0,3,17,0.62
778.08,0,0,0.0440629,0.000765445,0,0,3,17,0.62
778.18,0,0,0.0244483,0.000690106,0,0,3,17,0.62
778.28,0,0,0.0149182,0.000627013,0,0,3,17,0.62
778.38,0,0,0.020613,0.000647589,0,0,3,17,0.62
778.48,0,0,0.019537,0.000691813,0,0,3,17,0.62
778.58,0,0,0.00821712,0.000639023,0,0,3,17,0.62
778.68,0,0,0.00843879,0.000539398,0,0,3,17,0.62
778.78,0,0,0.0260429,0.000523853,0,0,3,17,0.62
778.88,0,0,0.0391221,0.000721938,0,0,3,17,0.62
778.98,0,0,0.0453908,0.000842194,0,0,3,17,0.62
779.08,0,0,0.0443196,0.000707902,0,0,3,17,0.62
779.18,0,0,0.0321582,0.000726874,0,0,3,17,0.62
779.28,0,0,0.0256988,0.000628782,0,0,3,17,0.62
779.38,0,0,0.0278568,0.000710773,0,0,3,17,0.62
779.48,0,0,0.0295512,0.000633006,0,0,3,17,0.62
779.58,0,0,0.0305461,0.000633134,0,0,3,17,0.62
779.68,0,0,0.0309993,0.000813219,0,0,3,17,0.62
779.78,0,0,0.0306338,0.000893401,0,0,3,17,0.62
779.88,0,0,0.0297375,0.000797563,0,0,3,17,0.62
779.98,0,0,0.0280394,0.000950878,0,0,3,17,0.62
780.08,0,0,0.0258563,0.000902624,0,0,3,18,0.62
780.18,0,0,0.0229421,0.00115067,0,0,3,18,0.62
780.28,0,0,0.0315197,0.000762355,0,0,3,18,0.62
780.38,0,0,0.0574325,0.000908874,0,0,3,18,0.62
780.48,0,0,0.0625959,0.000704614,0,0,3,18,0.62
780.58,0,0,0.0365012,0.000679663,0,0,3,18,0.62
780.68,0,0,0.021482,0.000553496,0,0,3,18,0.6
780.78,0,0,0.0231712,0.000540354,0,0,3,18,0.6
780.88,0,0,0.0288107,0.000700079,0,0,3,18,0.6
780.98,0,0,0.0404058,0.000623075,0,0,3,18,0.6
781.08,0,0,0.0536987,0.000892235,0,0,3,18,0.6
781.18,0,0,0.0695551,0.000695875,0,0,3,18,0.6
781.28,0,0,0.0703222,0.000711816,0,0,3,18,0.6
781.38,0,0,0.0482627,0.000706245,0,0,3,18,0.6
781.48,0,0,0.0400878,0.000784406,0,0,3,18,0.6
781.58,0,0,0.0529031,0.000788045,0,0,3,18,0.6
781.68,0,0,0.0550135,0.000860762,0,0,3,18,0.6
781.78,0,0,0.0409983,0.000617998,0,0,3,18,0.6
781.88,0,0,0.0360541,0.000521237,0,0,3,18,0.6
781.98,0,0,0.0682842,0.000806247,0,0,3,18,0.6
782.08,0,0,0.0742937,0.000805089,0,0,3,18,0.6
782.18,0,0,0.0407882,0.000630933,0,0,3,18,0.6
782.28,0,0,0.0227429,0.000564178,0,0,3,18,0.6
782.38,0,0,0.0280891,0.000760134,0,0,3,18,0.6
782.48,0,0,0.0327,0.000924071,0,0,3,18,0.6
782.58,0,0,0.0362008,0.000808498,0,0,3,18,0.6
782.68,0,0,0.0378328,0.000596237,0,0,3,18,0.6
782.78,0,0,0.0318365,0.000797856,0,0,3,18,0.6
782.88,0,0,0.0242955,0.000950025,0,0,3,18,0.6
782.98,0,0,0.0144256,0.000909986,0,0,3,18,0.6
783.08,0,0,0.0127992,0.000753919,0,0,3,18,0.6
783.18,0,0,0.0236343,0.000659027,0,0,3,18,0.6
783.28,0,0,0.0290265,0.000622184,0,0,3,18,0.6
783.38,0,0,0.0262094,0.000845857,0,0,3,18,0.6
783.48,0,0,0.0240001,0.000740088,0,0,3,18,0.6
783.58,0,0,0.0227079,0.000690276,0,0,3,18,0.6
783.68,0,0,0.0217883,0.000771924,0,0,3,18,0.6
783.78,0,0,0.0214292,0.000525722,0,0,3,18,0.6
783.88,0,0,0.0277464,0.000537369,0,0,3,18,0.6
783.98,0,0,0.0441486,0.000625854,0,0,3,18,0.6
784.08,0,0,0.0618442,0.000821085,0,0,3,18,0.6
784.18,0,0,0.0814894,0.000723448,0,0,3,18,0.6
784.28,0,0,0.0799498,0.000610871,0,0,3,18,0.6
784.38,0,0,0.0465067,0.000626507,0,0,3,18,0.6
784.48,0,0,0.0378154,0.000725058,0,0,3,18,0.6
784.58,0,0,0.066438,0.000798299,0,0,3,18,0.6
784.68,0,0,0.067379,0.000578624,0,0,3,18,0.6
784.78,0,0,0.026685,0.000840236,0,0,3,18,0.6
784.88,0,0,0.00567666,0.000789243,0,0,3,18,0.6
784.98,0,0,0.0142954,0.00057933,0,0,3,18,0.6
785.08,0,0,0.0234049,0.000628435,0,0,3,18,0.6
785.18,0,0,0.0345106,0.000622042,0,0,3,18,0.6
785.28,0,0,0.0363571,0.000555852,0,0,3,18,0.6
785.38,0,0,0.0242705,0.00066321,0,0,3,18,0.6
785.48,0,0,0.0161641,0.000700249,0,0,3,18,0.6
785.58,0,0,0.0140663,0.000566959,0,0,3,18,0.6
785.68,0,0,0.0121948,0.000743588,0,0,3,18,0.6
785.78,0,0,0.0106639,0.000521409,0,0,3,18,0.6
785.88,0,0,0.0128872,0.000512679,0,0,3,18,0.6
785.98,0,0,0.0304508,0.000916449,0,0,3,18,0.6
786.08,0,0,0.035268,0.000798592,0,0,3,18,0.6
786.18,0,0,0.0208598,0.000649878,0,0,3,18,0.6
786.28,0,0,0.0142564,0.000346751,0,0,3,18,0.6
786.38,0,0,0.0193884,0.000418091,0,0,3,18,0.6
786.48,0,0,0.0252522,0.000700129,0,0,3,18,0.6
786.58,0,0,0.0322177,0.000613373,0,0,3,18,0.6
786.68,0,0,0.0329719,0.000787219,0,0,3,18,0.6
786.78,0,0,0.0243891,0.000557734,0,0,3,18,0.6
786.88,0,0,0.0207707,0.000446393,0,0,3,18,0.6
786.98,0,0,0.0246134,0.000685594,0,0,3,18,0.6
787.08,0,0,0.0295752,0.000800642,0,0,3,18,0.6
787.18,0,0,0.0362282,0.000879541,0,0,3,18,0.6
787.28,0,0,0.0369567,0.000626343,0,0,3,18,0.6
787.38,0,0,0.028774,0.000744333,0,0,3,18,0.6
787.48,0,0,0.0262863,0.000860118,0,0,3,18,0.6
787.58,0,0,0.0323874,0.000740111,0,0,3,18,0.6
787.68,0,0,0.0519097,0.000727973,0,0,3,18,0.6
787.78,0,0,0.0916675,0.000796087,0,0,3,18,0.6
787.88,0,0,0.105687,0.000656354,0,0,3,17,0.6
787.98,0,0,0.080984,0.000728373,0,0,3,17,0.6
788.08,0,0,0.0917493,0.000806458,0,0,3,17,0.6
788.18,0,0,0.156018,0.000867295,0,0,3,17,0.6
788.28,0,0,0.181099,0.000662295,0,0,3,17,0.6
788.38,0,0,0.147251,0.000683824,0,0,3,17,0.6
788.48,0,0,0.150078,0.000293228,0,0,3,17,0.6
788.58,0,0,0.208165,0.000644476,0,0,3,17,0.6
788.68,0,0,0.225522,0.000856503,0,0,3,17,0.62
788.78,0,0,0.181497,0.00100446,0,0,3,17,0.62
788.88,0,0,0.132771,0.000706557,0,0,3,18,0.62
788.98,0,0,0.0769741,0.000685264,0,0,3,18,0.62
789.08,0,0,0.0354819,0.000582407,0,0,3,18,0.62
789.18,0,0,0.0155743,0.00107408,0,0,3,18,0.62
789.28,0,0,0.00449434,0.000894618,0,0,3,18,0.62
789.38,0,0,0.0067231,0.000605901,0,0,3,18,0.62
789.48,0,0,0.0171494,0.000606185,0,0,3,18,0.62
789.58,0,0,0.0399156,0.000291417,0,0,3,18,0.62
789.68,0,0,0.0504908,0.00124328,0,0,3,18,0.6
789.78,0,0,0.0426953,0.00344538,0,0,3,18,0.6
789.88,0,0,0.0455143,0.00183539,0,0,3,18,0.6
789.98,0,0,0.0642966,0.00108545,0,0,3,18,0.6
790.08,0,0,0.066825,0.00149921,0,0,3,18,0.6
790.18,0,0,0.0448369,0.000521269,0,0,3,18,0.6
790.28,0,0,0.0392539,0.000385681,0,0,3,18,0.6
790.38,0,0,0.0583782,0.109407,0,0,3,18,0.6
790.48,0,0,0.100273,0.415346,0,0,3,18,0.6
790.58,0,0,0.176463,0.00131282,0,0,3,18,0.6
790.68,0,0,0.216497,0.204974,0,0,3,18,0.6
790.78,0,0,0.202012,0.248333,0,0,3,18,0.6
790.88,0,0,0.248942,0.423413,0,0,3,18,0.6
790.98,0,0,0.38819,0.628365,0,0,3,18,0.6
791.08,0,0,0.471405,0.892804,0,0,3,18,0.6
791.18,0,0,0.470334,1.10918,0,0,3,18,0.6
791.28,0,0,0.491638,1.30575,0,0,3,18,0.6
791.38,0,0,0.546584,1.21534,0,0,3,18,0.6
791.48,0,0,0.637903,1.19705,0,0,3,18,0.6
791.58,0,0,0.783937,1.28527,0,0,3,18,0.6
791.68,0,0,0.867897,1.18649,0,0,3,17,0.6
791.78,0,0,0.858421,0.976101,0,0,3,17,0.6
791.88,0,0,0.776452,0.761311,0,0,3,17,0.6
791.98,0,0,0.585248,0.409328,0,0,3,17,0.6
792.08,0,0,0.563465,0.20942,0,0,3,17,0.6
792.18,0,0,0.797452,0.286472,0,0,3,17,0.6
792.28,0,0,0.898213,-0.164415,0,0,3,17,0.6
792.38,0,0,0.798385,-0.517491,0,0,3,17,0.6
792.48,0,0,0.754364,-0.526589,0,0,3,17,0.6
792.58,0,0,0.794441,-0.640852,0,0,3,17,0.6
792.68,0,0,0.808764,-0.700487,0,0,3,17,0.62
792.78,0,0,0.784339,-0.886624,0,0,3,17,0.62
792.88,0,0,0.810784,-1.08641,0,0,3,17,0.62
792.98,0,0,0.913788,-1.04239,0,0,3,17,0.62
793.08,0,0,0.926189,-0.971827,0,0,3,17,0.62
793.18,0,0,0.802267,-0.727965,0,0,3,17,0.62
793.28,0,0,0.771292,-0.248805,0,0,3,17,0.62
793.38,0,0,0.880179,0.143337,0,0,3,17,0.62
793.48,0,0,0.988001,0.6574,0,0,3,17,0.62
793.58,0,0,1.09422,0.680249,0,0,3,17,0.62
793.68,0,0,1.13202,0.482898,0,0,3,16,0.62
793.78,0,0,1.06675,0.560897,0,0,3,16,0.62
793.88,0,0,0.973869,0.35331,0,0,3,16,0.62
793.98,0,0,0.839328,0.0376278,0,0,3,16,0.62
794.08,0,0,0.854022,-0.318163,0,0,3,17,0.62
794.18,0,0,1.09317,-0.646651,0,0,3,17,0.62
794.28,0,0,1.15614,-0.610236,0,0,3,17,0.62
794.38,0,0,0.954535,-0.20035,0,0,3,17,0.62
794.48,0,0,0.903774,0.188579,0,0,3,17,0.62
794.58,0,0,1.08024,0.413727,0,0,3,17,0.62
794.68,0,0,1.21906,0.760725,0,0,3,18,0.62
794.78,0,0,1.20473,0.724959,0,0,3,18,0.62
794.88,0,0,1.19049,0.410832,0,0,3,17,0.62
794.98,0,0,1.17637,0.558579,0,0,3,17,0.62
795.08,0,0,1.14976,0.365542,0,0,3,17,0.62
795.18,0,0,1.10434,0.101171,0,0,3,17,0.62
795.28,0,0,1.06145,-0.169354,0,0,3,17,0.62
795.38,0,0,1.02895,-0.431743,0,0,3,17,0.62
795.48,0,0,0.997934,-0.54079,0,0,3,16,0.62
795.58,0,0,0.969168,-0.188851,0,0,3,16,0.62
795.68,0,0,0.990299,0.276168,0,0,3,17,0.62
795.78,0,0,1.08644,0.773449,0,0,3,17,0.62
795.88,0,0,1.14606,1.09502,0,0,3,17,0.62
795.98,0,0,1.05674,0.588728,0,0,3,17,0.62
796.08,0,0,0.991345,0.587512,0,0,3,17,0.62
796.18,0,0,1.0233,0.75442,0,0,3,17,0.62
796.28,0,0,1.11199,0.757387,0,0,3,17,0.62
796.38,0,0,1.28598,0.698837,0,0,3,17,0.62
796.48,0,0,1.25836,0.597994,0,0,3,17,0.62
796.58,0,0,0.926146,0.651678,0,0,3,17,0.62
796.68,0,0,0.710768,0.864689,0,0,3,17,0.62
796.78,0,0,0.671575,1.21838,0,0,3,17,0.62
796.88,0,0,0.645641,1.54534,0,0,3,17,0.62
796.98,0,0,0.639696,1.88479,0,0,3,17,0.62
797.08,0,0,0.663969,1.94883,0,0,3,18,0.62
797.18,0,0,0.733847,1.16336,0,0,3,18,0.62
797.28,0,0,0.715246,0.713695,0,0,3,18,0.62
797.38,0,0,0.56351,0.524169,0,0,3,18,0.62
797.48,0,0,0.460877,0.587785,0,0,3,18,0.62
797.58,0,0,0.432245,0.72563,0,0,3,18,0.62
797.68,0,0,0.42751,0.538838,0,0,3,18,0.6
797.78,0,0,0.458717,0.234483,0,0,3,18,0.6
797.88,0,0,0.456969,0.307069,0,0,3,18,0.6
797.98,0,0,0.405666,0.362376,0,0,3,18,0.6
798.08,0,0,0.390729,0.300911,0,0,3,18,0.6
798.18,0,0,0.430633,0.201163,0,0,3,18,0.6
798.28,0,0,0.43845,0.0950872,0,0,3,18,0.6
798.38,0,0,0.39799,0.200469,0,0,3,18,0.6
798.48,0,0,0.361251,0.112374,0,0,3,18,0.6
798.58,0,0,0.330123,-0.211516,0,0,3,18,0.6
798.68,0,0,0.299982,-0.431949,0,0,3,18,0.6
798.78,0,0,0.27133,-0.317889,0,0,3,18,0.6
798.88,0,0,0.226357,-0.335489,0,0,3,18,0.6
798.98,0,0,0.156857,-0.217965,0,0,3,18,0.6
799.08,0,0,0.143661,-0.108866,0,0,3,18,0.6
799.18,0,0,0.215167,-0.0995801,0,0,3,18,0.6
799.28,0,0,0.237181,-0.152095,0,0,3,17,0.6
799.38,0,0,0.184752,-0.121252,0,0,3,17,0.6
799.48,0,0,0.203003,-0.0905568,0,0,3,17,0.6
799.58,0,0,0.327882,-0.13066,0,0,3,17,0.6
799.68,0,0,0.356656,-0.27839,0,0,3,17,0.62
799.78,0,0,0.24035,-0.430445,0,0,3,17,0.62
799.88,0,0,0.185635,-0.292316,0,0,3,17,0.62
799.98,0,0,0.223616,-0.204354,0,0,3,17,0.62
800.08,0,0,0.224639,-0.284079,0,0,3,17,0.62
800.18,0,0,0.169918,-0.196718,0,0,3,17,0.62
800.28,0,0,0.173953,-0.128449,0,0,3,17,0.62
800.38,0,0,0.266306,-0.124849,0,0,3,17,0.62
800.48,0,0,0.287374,-0.272715,0,0,3,17,0.62
800.58,0,0,0.201165,-0.485495,0,0,3,17,0.62
800.68,0,0,0.131841,-0.603094,0,0,3,17,0.62
800.78,0,0,0.131172,-0.606795,0,0,3,17,0.62
800.88,0,0,0.13869,-0.489704,0,0,3,17,0.62
800.98,0,0,0.158504,-0.381611,0,0,3,17,0.62
801.08,0,0,0.221232,-0.263667,0,0,3,16,0.62
801.18,0,0,0.348738,-0.0624341,0,0,3,16,0.62
801.28,0,0,0.422638,0.127479,0,0,3,17,0.62
801.38,0,0,0.415698,0.0605263,0,0,3,17,0.62
801.48,0,0,0.38002,0.0453792,0,0,3,17,0.62
801.58,0,0,0.30106,0.371885,0,0,3,17,0.62
801.68,0,0,0.219803,0.583262,0,0,3,16,0.64
801.78,0,0,0.135081,0.282126,0,0,3,16,0.64
801.88,0,0,0.070557,-0.170853,0,0,3,16,0.64
801.98,0,0,0.0881615,-0.451099,0,0,3,16,0.64
802.08,0,0,0.153048,-0.428815,0,0,3,17,0.64
802.18,0,0,0.289073,-0.516201,0,0,3,17,0.64
802.28,0,0,0.355145,-0.796363,0,0,3,17,0.64
802.38,0,0,0.315929,-0.938295,0,0,3,17,0.64
802.48,0,0,0.2816,-0.968699,0,0,3,17,0.64
802.58,0,0,0.254633,-1.05789,0,0,3,17,0.64
802.68,0,0,0.221116,-0.744845,0,0,3,17,0.64
802.78,0,0,0.177716,-0.232034,0,0,3,17,0.64
802.88,0,0,0.159229,-0.279549,0,0,3,17,0.64
802.98,0,0,0.178214,-0.261502,0,0,3,17,0.64
803.08,0,0,0.216036,-0.0463844,0,0,3,17,0.64
803.18,0,0,0.282234,0.163351,0,0,3,17,0.64
803.28,0,0,0.401516,0.135569,0,0,3,17,0.64
803.38,0,0,0.600856,0.0263492,0,0,3,17,0.64
803.48,0,0,0.644853,0.0804905,0,0,3,17,0.64
803.58,0,0,0.455192,0.548825,0,0,3,17,0.64
803.68,0,0,0.301671,0.643398,0,0,3,17,0.64
803.78,0,0,0.202552,0.215188,0,0,3,17,0.64
803.88,0,0,0.171336,-0.0804509,0,0,3,16,0.64
803.98,0,0,0.242215,0.145083,0,0,3,16,0.64
804.08,0,0,0.315734,0.542654,0,0,3,16,0.64
804.18,0,0,0.400031,0.735298,0,0,3,16,0.64
804.28,0,0,0.435732,0.65134,0,0,3,16,0.64
804.38,0,0,0.398214,0.229075,0,0,3,16,0.64
804.48,0,0,0.325851,0.0184321,0,0,3,16,0.64
804.58,0,0,0.20096,0.131745,0,0,3,16,0.64
804.68,0,0,0.128531,0.161876,0,0,3,16,0.64
804.78,0,0,0.135134,0.0229966,0,0,3,16,0.64
804.88,0,0,0.135566,0.104996,0,0,3,16,0.64
804.98,0,0,0.110955,0.190156,0,0,3,16,0.64
805.08,0,0,0.0993157,0.250059,0,0,3,16,0.64
805.18,0,0,0.107206,0.148841,0,0,3,16,0.64
805.28,0,0,0.122992,0.035187,0,0,3,16,0.64
805.38,0,0,0.150665,-0.00322631,0,0,3,16,0.64
805.48,0,0,0.162088,-0.0270128,0,0,3,16,0.64
805.58,0,0,0.107261,0.00960479,0,0,3,16,0.64
805.68,0,0,0.0686872,0.0545548,0,0,3,16,0.64
805.78,0,0,0.0545573,0.0451357,0,0,3,16,0.64
805.88,0,0,0.0430344,0.0400991,0,0,3,17,0.64
805.98,0,0,0.0354384,-0.0097815,0,0,3,17,0.64
806.08,0,0,0.0348446,-0.00110968,0,0,3,17,0.64
806.18,0,0,0.0448121,-0.0215137,0,0,3,17,0.64
806.28,0,0,0.0491755,-0.039975,0,0,3,17,0.64
806.38,0,0,0.0450942,-0.0447642,0,0,3,17,0.64
806.48,0,0,0.0426677,-0.0203192,0,0,3,17,0.64
806.58,0,0,0.0427421,-0.0254979,0,0,3,17,0.64
806.68,0,0,0.0402138,-0.00835091,0,0,3,17,0.62
806.78,0,0,0.0270905,-0.0014668,0,0,3,17,0.62
806.88,0,0,0.0486833,-0.00573195,0,0,3,17,0.62
806.98,0,0,0.122468,0.0153291,0,0,3,17,0.62
807.08,0,0,0.223893,0.167769,0,0,3,17,0.62
807.18,0,0,0.366966,-0.0629716,0,0,3,17,0.62
807.28,0,0,0.509857,-0.173228,0,0,3,17,0.62
807.38,0,0,0.652472,-0.448525,0,0,3,17,0.62
807.48,0,0,0.666804,-0.6667,0,0,3,17,0.62
807.58,0,0,0.487567,-0.812133,0,0,3,17,0.62
807.68,0,0,0.437266,-0.837992,0,0,3,17,0.62
807.78,0,0,0.581113,-0.836202,0,0,3,17,0.62
807.88,0,0,0.575873,-0.848321,0,0,3,17,0.62
807.98,0,0,0.346022,-0.714708,0,0,3,17,0.62
808.08,0,0,0.186215,-0.644913,0,0,3,18,0.62
808.18,0,0,0.132234,-0.581838,0,0,3,18,0.62
808.28,0,0,0.122684,-0.395708,0,0,3,18,0.62
808.38,0,0,0.179964,-0.19797,0,0,3,18,0.62
808.48,0,0,0.196277,-0.114396,0,0,3,17,0.62
808.58,0,0,0.150953,-0.105794,0,0,3,17,0.62
808.68,0,0,0.116795,-0.126768,0,0,3,18,0.6
808.78,0,0,0.0994059,-0.0580372,0,0,3,18,0.6
808.88,0,0,0.091023,-0.0594116,0,0,3,18,0.6
808.98,0,0,0.0962057,-0.0484805,0,0,3,18,0.6
809.08,0,0,0.0934857,0.00690535,0,0,3,18,0.6
809.18,0,0,0.0788411,-0.157223,0,0,3,18,0.6
809.28,0,0,0.0807522,-0.386878,0,0,3,18,0.6
809.38,0,0,0.15013,-0.564929,0,0,3,18,0.6
809.48,0,0,0.201633,-0.668821,0,0,3,18,0.6
809.58,0,0,0.226178,-0.682665,0,0,3,18,0.6
809.68,0,0,0.221295,-0.690092,0,0,3,18,0.6
809.78,0,0,0.172181,-0.680504,0,0,3,18,0.6
809.88,0,0,0.130955,-0.647348,0,0,3,18,0.6
809.98,0,0,0.101595,-0.67016,0,0,3,18,0.6
810.08,0,0,0.111112,-0.428968,0,0,3,18,0.6
810.18,0,0,0.179163,-0.256049,0,0,3,18,0.6
810.28,0,0,0.294889,-0.286732,0,0,3,18,0.6
810.38,0,0,0.482355,-0.333652,0,0,3,18,0.6
810.48,0,0,0.64993,-0.38961,0,0,3,18,0.6
810.58,0,0,0.787541,-0.587019,0,0,3,18,0.6
810.68,0,0,0.813785,-0.586713,0,0,3,18,0.6
810.78,0,0,0.672155,-0.497061,0,0,3,18,0.6
810.88,0,0,0.527104,-0.452073,0,0,3,18,0.6
810.98,0,0,0.376902,-0.482491,0,0,3,18,0.6
811.08,0,0,0.259792,-0.632634,0,0,3,18,0.6
811.18,0,0,0.192529,-0.595656,0,0,3,18,0.6
811.28,0,0,0.187189,-0.445191,0,0,3,18,0.6
811.38,0,0,0.275038,-0.416742,0,0,3,18,0.6
811.48,0,0,0.302962,-0.38208,0,0,3,18,0.6
811.58,0,0,0.240693,-0.364578,0,0,3,18,0.6
811.68,0,0,0.22348,-0.211333,0,0,3,18,0.6
811.78,0,0,0.274017,-0.145775,0,0,3,18,0.6
811.88,0,0,0.26894,-0.22054,0,0,3,18,0.6
811.98,0,0,0.180319,-0.18045,0,0,3,18,0.6
812.08,0,0,0.139922,-0.107541,0,0,3,18,0.6
812.18,0,0,0.1722,-0.115141,0,0,3,18,0.6
812.28,0,0,0.190343,-0.108363,0,0,3,18,0.6
812.38,0,0,0.187175,0.00422587,0,0,3,18,0.6
812.48,0,0,0.18847,-0.0038247,0,0,3,18,0.6
812.58,0,0,0.196492,-0.0411818,0,0,3,18,0.6
812.68,0,0,0.228449,0.00947844,0,0,3,18,0.6
812.78,0,0,0.296514,0.0424604,0,0,3,18,0.6
812.88,0,0,0.322575,0.0326138,0,0,3,18,0.6
812.98,0,0,0.285457,0.0385548,0,0,3,18,0.6
813.08,0,0,0.270115,0.0134263,0,0,3,18,0.6
813.18,0,0,0.28757,0.00872656,0,0,3,18,0.6
813.28,0,0,0.256844,-0.00355213,0,0,3,18,0.6
813.38,0,0,0.153522,-0.0566538,0,0,3,18,0.6
813.48,0,0,0.0940233,-0.0229551,0,0,3,18,0.6
813.58,0,0,0.100558,0.00215634,0,0,3,18,0.6
813.68,0,0,0.104073,-0.0387148,0,0,3,18,0.6
813.78,0,0,0.103041,-0.0250526,0,0,3,18,0.6
813.88,0,0,0.104659,0.0213922,0,0,3,18,0.6
813.98,0,0,0.110276,0.0624104,0,0,3,18,0.6
814.08,0,0,0.102844,0.0784206,0,0,3,18,0.6
814.18,0,0,0.0757457,0.030507,0,0,3,18,0.6
814.28,0,0,0.0554911,-0.0279556,0,0,3,18,0.6
814.38,0,0,0.0455773,-0.0286942,0,0,3,18,0.6
814.48,0,0,0.0416914,-0.00255596,0,0,3,17,0.6
814.58,0,0,0.0468696,0.0621291,0,0,3,17,0.6
814.68,0,0,0.0539488,-0.0225401,0,0,3,17,0.6
814.78,0,0,0.0638875,-0.0961619,0,0,3,17,0.6
814.88,0,0,0.0682576,-0.0680203,0,0,3,17,0.6
814.98,0,0,0.0642527,-0.0135598,0,0,3,17,0.6
815.08,0,0,0.0526593,0.000573336,0,0,3,17,0.6
815.18,0,0,0.0296463,-0.00602026,0,0,3,17,0.6
815.28,0,0,0.0180515,-0.00869722,0,0,3,17,0.6
815.38,0,0,0.0236682,0.0021155,0,0,3,17,0.6
815.48,0,0,0.0296522,-0.0209007,0,0,3,17,0.6
815.58,0,0,0.0371328,-0.0375746,0,0,3,17,0.6
815.68,0,0,0.03793,-0.0385336,0,0,3,17,0.6
815.78,0,0,0.0286565,-0.0329602,0,0,3,17,0.6
815.88,0,0,0.0230346,-0.0293099,0,0,3,17,0.6
815.98,0,0,0.0229039,-0.0416871,0,0,3,17,0.6
816.08,0,0,0.0206975,-0.0422964,0,0,3,17,0.6
816.18,0,0,0.0153675,-0.0472618,0,0,3,17,0.6
816.28,0,0,0.0252016,-0.0399014,0,0,3,17,0.6
816.38,0,0,0.057853,-0.0296807,0,0,3,17,0.6
816.48,0,0,0.0646404,-0.0470482,0,0,3,17,0.6
816.58,0,0,0.0324891,-0.0371646,0,0,3,17,0.6
816.68,0,0,0.0177508,-0.0290959,0,0,3,17,0.6
816.78,0,0,0.0292861,-0.0554725,0,0,3,17,0.6
816.88,0,0,0.0566369,-0.0799191,0,0,3,17,0.6
816.98,0,0,0.107834,-0.121864,0,0,3,17,0.6
817.08,0,0,0.14435,-0.151789,0,0,3,18,0.6
817.18,0,0,0.15866,-0.155714,0,0,3,18,0.6
817.28,0,0,0.138108,-0.140572,0,0,3,18,0.6
817.38,0,0,0.0650062,-0.146933,0,0,3,18,0.6
817.48,0,0,0.0275377,-0.15841,0,0,3,18,0.6
817.58,0,0,0.0436723,-0.106272,0,0,3,18,0.6
817.68,0,0,0.0554517,-0.0300016,0,0,3,18,0.6
817.78,0,0,0.0606753,-0.000606421,0,0,3,18,0.6
817.88,0,0,0.0590228,-0.0200197,0,0,3,18,0.6
817.98,0,0,0.047033,-0.036662,0,0,3,18,0.6
818.08,0,0,0.0422237,-0.0280053,0,0,3,18,0.6
818.18,0,0,0.0482397,0.0128742,0,0,3,18,0.6
818.28,0,0,0.0454863,0.027945,0,0,3,18,0.6
818.38,0,0,0.0295217,0.0234375,0,0,3,18,0.6
818.48,0,0,0.0329002,0.0612962,0,0,3,17,0.6
818.58,0,0,0.0654305,0.100574,0,0,3,17,0.6
818.68,0,0,0.0849201,0.100434,0,0,3,17,0.6
818.78,0,0,0.0847196,0.0860933,0,0,3,17,0.6
