time_s,throttle_norm,rudder_norm,speed_mps,yaw_rate_rps,segment,mode_num,gps_status,nsats,hdop
0.079924,0,0,0.27556,-0.130421,0,0,3,17,0.62
0.179924,0,0,0.27983,-0.149289,0,0,3,17,0.62
0.279924,0,0,0.283401,-0.124435,0,0,3,17,0.62
0.379924,0,0,0.28591,-0.102815,0,0,3,17,0.62
0.479924,0,0,0.278283,-0.127978,0,0,3,17,0.62
0.579924,0,0,0.25538,-0.139416,0,0,3,17,0.62
0.679924,0,0,0.256787,-0.126,0,0,3,17,0.62
0.779924,0,0,0.294922,-0.11073,0,0,3,17,0.62
0.879924,0,0,0.30271,-0.12365,0,0,3,17,0.62
0.979924,0,0,0.264768,-0.130657,0,0,3,17,0.62
1.07992,0,0,0.241325,-0.0968823,0,0,3,17,0.62
1.17992,0,0,0.239771,-0.0823312,0,0,3,17,0.62
1.27992,0,0,0.242692,-0.113939,0,0,3,17,0.62
1.37992,0,0,0.252386,-0.126507,0,0,3,17,0.62
1.47992,0,0,0.247767,-0.123355,0,0,3,17,0.62
1.57992,0,0,0.221574,-0.116598,0,0,3,17,0.62
1.67992,0,0,0.213905,-0.111583,0,0,3,17,0.62
1.77992,0,0,0.23416,-0.110771,0,0,3,17,0.62
1.87992,0,0,0.244882,-0.107013,0,0,3,17,0.62
1.97992,0,0,0.241214,-0.116341,0,0,3,17,0.62
2.07992,0,0,0.234505,-0.130091,0,0,3,17,0.62
2.17992,0,0,0.223197,-0.112165,0,0,3,17,0.62
2.27992,0,0,0.227607,-0.087521,0,0,3,17,0.62
2.37992,0,0,0.255764,-0.101615,0,0,3,17,0.62
2.47992,0,0,0.256932,-0.138572,0,0,3,17,0.62
2.57992,0,0,0.240213,-0.129045,0,0,3,17,0.62
2.67992,0,0,0.226965,-0.0883605,0,0,3,17,0.62
2.77992,0,0,0.218961,-0.0841449,0,0,3,17,0.62
2.87992,0,0,0.216476,-0.133652,0,0,3,17,0.62
2.97992,0,0,0.222309,-0.130476,0,0,3,17,0.62
3.07992,0,0,0.227056,-0.079021,0,0,3,17,0.62
3.17992,0,0,0.230165,-0.0619967,0,0,3,17,0.62
3.27992,0,0,0.222439,-0.102763,0,0,3,17,0.62
3.37992,0,0,0.198382,-0.128026,0,0,3,17,0.62
3.47992,0,0,0.191945,-0.0831816,0,0,3,17,0.62
3.57992,0,0,0.212073,-0.0453125,0,0,3,17,0.62
3.67992,0,0,0.214537,-0.0731336,0,0,3,17,0.62
3.77992,0,0,0.190347,-0.119351,0,0,3,17,0.62
3.87992,0,0,0.194817,-0.105896,0,0,3,17,0.62
3.97992,0,0,0.218292,-0.0493948,0,0,3,17,0.62
4.07992,0,0,0.220154,-0.0423462,0,0,3,17,0.62
4.17992,0,0,0.189363,-0.0989067,0,0,3,17,0.62
4.27992,0,0,0.179135,-0.143241,0,0,3,17,0.62
4.37992,0,0,0.19997,-0.0935849,0,0,3,17,0.62
4.47992,0,0,0.207299,-0.0428922,0,0,3,17,0.62
4.57992,0,0,0.194281,-0.0587008,0,0,3,17,0.62
4.67992,0,0,0.197055,-0.104566,0,0,3,17,0.62
4.77992,0,0,0.223641,-0.101,0,0,3,17,0.62
4.87992,0,0,0.237893,-0.0833405,0,0,3,17,0.62
4.97992,0,0,0.201647,-0.0720539,0,0,3,17,0.62
5.07992,0,0,0.190705,-0.0586687,0,0,3,17,0.62
5.17992,0,0,0.217949,-0.0743424,0,0,3,17,0.62
5.27992,0,0,0.232777,-0.102374,0,0,3,17,0.62
5.37992,0,0,0.228867,-0.110151,0,0,3,17,0.62
5.47992,0,0,0.219575,-0.0709641,0,0,3,17,0.62
5.57992,0,0,0.202155,-0.0481905,0,0,3,17,0.62
5.67992,0,0,0.195323,-0.0729551,0,0,3,17,0.62
5.77992,0,0,0.204494,-0.10388,0,0,3,17,0.62
5.87992,0,0,0.21049,-0.104945,0,0,3,17,0.62
5.97992,0,0,0.21171,-0.0731941,0,0,3,17,0.62
6.07992,0,0,0.210663,-0.0507207,0,0,3,17,0.62
6.17992,0,0,0.20618,-0.0621225,0,0,3,17,0.62
6.27992,0,0,0.204413,-0.0851006,0,0,3,17,0.62
6.37992,0,0,0.206749,-0.0940146,0,0,3,17,0.62
6.47992,0,0,0.204468,-0.0648996,0,0,3,17,0.62
6.57992,0,0,0.195215,-0.0285545,0,0,3,17,0.62
6.67992,0,0,0.197327,-0.0286905,0,0,3,17,0.62
6.77992,0,0,0.216634,-0.062236,0,0,3,17,0.62
6.87992,0,0,0.217573,-0.0825051,0,0,3,17,0.62
6.97992,0,0,0.190679,-0.0571835,0,0,3,17,0.62
7.07992,0,0,0.172739,-0.0212093,0,0,3,17,0.62
7.17992,0,0,0.168349,-0.0199907,0,0,3,17,0.62
7.27992,0,0,0.179389,-0.0520261,0,0,3,17,0.62
7.37992,0,0,0.213811,-0.0803567,0,0,3,17,0.62
7.47992,0,0,0.222617,-0.0486667,0,0,3,17,0.62
7.57992,0,0,0.192634,0.00509531,0,0,3,17,0.62
7.67992,0,0,0.188595,0.00467251,0,0,3,17,0.62
7.77992,0,0,0.223919,-0.0246604,0,0,3,17,0.62
7.87992,0,0,0.233574,-0.0333106,0,0,3,17,0.62
7.97992,0,0,0.204435,-0.0334988,0,0,3,17,0.62
8.07992,0,0,0.182416,-0.0310449,0,0,3,17,0.62
8.17992,0,0,0.171151,-0.00525329,0,0,3,17,0.62
8.27992,0,0,0.160357,0.0238689,0,0,3,17,0.62
8.37992,0,0,0.150275,0.00737615,0,0,3,17,0.62
8.47992,0,0,0.15928,-0.0231925,0,0,3,17,0.62
8.57992,0,0,0.197204,-0.0180464,0,0,3,17,0.62
8.67992,0,0,0.223576,0.0192941,0,0,3,17,0.62
8.77992,0,0,0.232436,0.0318626,0,0,3,17,0.62
8.87992,0,0,0.230871,0.0081116,0,0,3,17,0.62
8.97992,0,0,0.2135,0.00358659,0,0,3,17,0.62
9.07992,0,0,0.196391,0.0162834,0,0,3,17,0.62
9.17992,0,0,0.179677,0.037501,0,0,3,17,0.62
9.27992,0,0,0.158685,0.0556226,0,0,3,17,0.62
9.37992,0,0,0.134848,0.0570713,0,0,3,17,0.62
9.47992,0,0,0.143269,0.038713,0,0,3,17,0.62
9.57992,0,0,0.200436,0.0199907,0,0,3,17,0.62
9.67992,0,0,0.224037,0.0391101,0,0,3,17,0.62
9.77992,0,0,0.196944,0.0782365,0,0,3,17,0.62
9.87992,0,0,0.186619,0.0792936,0,0,3,17,0.62
9.97992,0,0,0.201697,0.0481361,0,0,3,17,0.62
10.0799,0,0,0.209153,0.0370092,0,0,3,17,0.62
10.1799,0,0,0.205083,0.0504792,0,0,3,17,0.62
10.2799,0,0,0.197183,0.0669481,0,0,3,17,0.62
10.3799,0,0,0.183482,0.0673193,0,0,3,17,0.62
10.4799,0,0,0.171651,0.0624155,0,0,3,17,0.62
10.5799,0,0,0.162651,0.0774293,0,0,3,17,0.62
10.6799,0,0,0.160554,0.0788581,0,0,3,17,0.62
10.7799,0,0,0.163061,0.0557548,0,0,3,17,0.62
10.8799,0,0,0.165978,0.0568733,0,0,3,17,0.62
10.9799,0,0,0.17058,0.0959505,0,0,3,17,0.62
11.0799,0,0,0.178545,0.107497,0,0,3,17,0.62
11.1799,0,0,0.191596,0.0632294,0,0,3,17,0.62
11.2799,0,0,0.19284,0.0336831,0,0,3,17,0.62
11.3799,0,0,0.176244,0.0698129,0,0,3,17,0.62
11.4799,0,0,0.160368,0.117296,0,0,3,17,0.62
11.5799,0,0,0.145583,0.0973159,0,0,3,17,0.62
11.6799,0,0,0.171146,0.0537593,0,0,3,17,0.62
11.7799,0,0,0.257753,0.0445219,0,0,3,17,0.62
11.8799,0,0,0.271788,0.0677707,0,0,3,17,0.62
11.9799,0,0,0.175828,0.104723,0,0,3,17,0.62
12.0799,0,0,0.127781,0.11577,0,0,3,17,0.62
12.1799,0,0,0.152181,0.082249,0,0,3,17,0.62
12.2799,0,0,0.169922,0.0513491,0,0,3,17,0.62
12.3799,0,0,0.177567,0.0475959,0,0,3,17,0.62
12.4799,0,0,0.179567,0.0656486,0,0,3,17,0.62
12.5799,0,0,0.173037,0.08944,0,0,3,17,0.62
12.6799,0,0,0.173961,0.0797259,0,0,3,17,0.62
12.7799,0,0,0.186156,0.0497953,0,0,3,17,0.62
12.8799,0,0,0.182447,0.0300424,0,0,3,17,0.62
12.9799,0,0,0.15471,0.0445462,0,0,3,17,0.62
13.0799,0,0,0.13088,0.0894667,0,0,3,17,0.62
13.1799,0,0,0.112968,0.0996767,0,0,3,17,0.62
13.2799,0,0,0.124857,0.0623503,0,0,3,17,0.62
13.3799,0,0,0.181862,0.0277986,0,0,3,17,0.62
13.4799,0,0,0.204582,0.0394172,0,0,3,17,0.62
13.5799,0,0,0.175332,0.0887365,0,0,3,17,0.62
13.6799,0,0,0.145958,0.110439,0,0,3,17,0.62
13.7799,0,0,0.116396,0.0574948,0,0,3,17,0.62
13.8799,0,0,0.116829,0.00905763,0,0,3,17,0.62
13.9799,0,0,0.162631,0.0363653,0,0,3,17,0.62
14.0799,0,0,0.171849,0.110041,0,0,3,17,0.62
14.1799,0,0,0.125831,0.140372,0,0,3,17,0.62
14.2799,0,0,0.106806,0.0834392,0,0,3,17,0.62
14.3799,0,0,0.128613,0.0172801,0,0,3,17,0.62
14.4799,0,0,0.135308,0.0302754,0,0,3,17,0.62
14.5799,0,0,0.119151,0.0904211,0,0,3,17,0.62
14.6799,0,0,0.11573,0.118585,0,0,3,17,0.62
14.7799,0,0,0.131612,0.0897405,0,0,3,17,0.62
14.8799,0,0,0.148244,0.0420986,0,0,3,17,0.62
14.9799,0,0,0.166009,0.0307975,0,0,3,17,0.62
15.0799,0,0,0.158037,0.0617193,0,0,3,17,0.62
15.1799,0,0,0.111115,0.095929,0,0,3,17,0.62
15.2799,0,0,0.0938032,0.0999164,0,0,3,17,0.62
15.3799,0,0,0.121328,0.081118,0,0,3,17,0.62
15.4799,0,0,0.135555,0.0674355,0,0,3,17,0.62
15.5799,0,0,0.129712,0.0699746,0,0,3,17,0.62
15.6799,0,0,0.138727,0.0847399,0,0,3,17,0.62
15.7799,0,0,0.170225,0.0850324,0,0,3,17,0.62
15.8799,0,0,0.179904,0.070519,0,0,3,17,0.62
15.9799,0,0,0.156645,0.066009,0,0,3,17,0.62
16.0799,0,0,0.132846,0.0718105,0,0,3,17,0.62
16.1799,0,0,0.108689,0.078937,0,0,3,17,0.62
16.2799,0,0,0.0984126,0.0826823,0,0,3,17,0.62
16.3799,0,0,0.10918,0.0819609,0,0,3,17,0.62
16.4799,0,0,0.127055,0.0786637,0,0,3,17,0.62
16.5799,0,0,0.155681,0.0778361,0,0,3,17,0.62
16.6799,0,0,0.16641,0.0820511,0,0,3,17,0.62
16.7799,0,0,0.150002,0.0847947,0,0,3,17,0.62
16.8799,0,0,0.131205,0.0733478,0,0,3,17,0.62
16.9799,0,0,0.102652,0.0458221,0,0,3,17,0.62
17.0799,0,0,0.0951514,0.0347956,0,0,3,17,0.62
17.1799,0,0,0.119439,0.0552264,0,0,3,17,0.62
17.2799,0,0,0.130528,0.0705465,0,0,3,17,0.62
17.3799,0,0,0.121579,0.0650898,0,0,3,17,0.62
17.4799,0,0,0.118487,0.0450515,0,0,3,17,0.62
17.5799,0,0,0.119291,0.035814,0,0,3,17,0.62
17.6799,0,0,0.122814,0.0435878,0,0,3,17,0.62
17.7799,0,0,0.130463,0.0459711,0,0,3,17,0.62
17.8799,0,0,0.140779,0.0318395,0,0,3,17,0.62
17.9799,0,0,0.155138,0.0188331,0,0,3,17,0.62
18.0799,0,0,0.15469,0.0231811,0,0,3,17,0.62
18.1799,0,0,0.131836,0.0316738,0,0,3,17,0.62
18.2799,0,0,0.122325,0.0279452,0,0,3,17,0.62
18.3799,0,0,0.13302,0.0287934,0,0,3,17,0.62
18.4799,0,0,0.130772,0.0426846,0,0,3,17,0.62
18.5799,0,0,0.108931,0.0358371,0,0,3,17,0.62
18.6799,0,0,0.115084,0.0140797,0,0,3,17,0.62
18.7799,0,0,0.163675,0.0145283,0,0,3,17,0.62
18.8799,0,0,0.169376,0.0327938,0,0,3,17,0.62
18.9799,0,0,0.110215,0.033262,0,0,3,17,0.62
19.0799,0,0,0.0983721,0.00985728,0,0,3,17,0.62
19.1799,0,0,0.157937,0.000851668,0,0,3,17,0.62
19.2799,0,0,0.175973,0.0284084,0,0,3,17,0.62
19.3799,0,0,0.131043,0.059777,0,0,3,17,0.62
19.4799,0,0,0.112282,0.053977,0,0,3,17,0.62
19.5799,0,0,0.133085,0.0238435,0,0,3,17,0.62
19.6799,0,0,0.14799,0.00129026,0,0,3,17,0.62
19.7799,0,0,0.153954,-0.00136567,0,0,3,17,0.62
19.8799,0,0,0.136787,0.0150449,0,0,3,17,0.62
19.9799,0,0,0.0846332,0.0271684,0,0,3,17,0.62
20.0799,0,0,0.0759344,0.0147581,0,0,3,17,0.62
20.1799,0,0,0.133021,-0.0122237,0,0,3,17,0.62
20.2799,0,0,0.166231,-0.0274279,0,0,3,17,0.62
20.3799,0,0,0.163268,-0.0066843,0,0,3,17,0.62
20.4799,0,0,0.154959,0.0321698,0,0,3,17,0.62
20.5799,0,0,0.138559,0.034286,0,0,3,17,0.62
20.6799,0,0,0.130504,-0.0113165,0,0,3,17,0.62
20.7799,0,0,0.135049,-0.0445785,0,0,3,17,0.62
20.8799,0,0,0.132149,-0.0313013,0,0,3,17,0.62
20.9799,0,0,0.117976,0.00901518,0,0,3,17,0.62
21.0799,0,0,0.115606,0.0333854,0,0,3,17,0.62
21.1799,0,0,0.131087,0.00982276,0,0,3,17,0.62
21.2799,0,0,0.145164,-0.0323525,0,0,3,17,0.62
21.3799,0,0,0.157113,-0.0357467,0,0,3,17,0.62
21.4799,0,0,0.143167,0.00532203,0,0,3,17,0.62
21.5799,0,0,0.111962,0.0265778,0,0,3,17,0.62
21.6799,0,0,0.0989478,-0.00398879,0,0,3,17,0.62
21.7799,0,0,0.113466,-0.0493495,0,0,3,17,0.62
21.8799,0,0,0.123947,-0.0554875,0,0,3,17,0.62
21.9799,0,0,0.128331,-0.0241798,0,0,3,17,0.62
22.0799,0,0,0.124155,0.00908393,0,0,3,17,0.62
22.1799,0,0,0.107046,0.00688176,0,0,3,17,0.62
22.2799,0,0,0.115369,-0.0425238,0,0,3,17,0.62
22.3799,0,0,0.162154,-0.083529,0,0,3,17,0.62
22.4799,0,0,0.166257,-0.0647796,0,0,3,17,0.62
22.5799,0,0,0.105684,-0.0369121,0,0,3,17,0.62
22.6799,0,0,0.0808136,-0.0609582,0,0,3,17,0.62
22.7799,0,0,0.110006,-0.108071,0,0,3,17,0.62
22.8799,0,0,0.128686,-0.117556,0,0,3,17,0.62
22.9799,0,0,0.131463,-0.094071,0,0,3,17,0.62
23.0799,0,0,0.132117,-0.103132,0,0,3,17,0.62
23.1799,0,0,0.129557,-0.141983,0,0,3,17,0.62
23.2799,0,0,0.119953,-0.165415,0,0,3,17,0.62
23.3799,0,0,0.099675,-0.15461,0,0,3,17,0.62
23.4799,0,0,0.101217,-0.13372,0,0,3,17,0.62
23.5799,0,0,0.135788,-0.130079,0,0,3,17,0.62
23.6799,0,0,0.154207,-0.149156,0,0,3,17,0.62
23.7799,0,0,0.148227,-0.186342,0,0,3,17,0.62
23.8799,0,0,0.138096,-0.194992,0,0,3,17,0.62
23.9799,0,0,0.121685,-0.148779,0,0,3,17,0.62
24.0799,0,0,0.12554,-0.103164,0,0,3,17,0.62
24.1799,0,0,0.160066,-0.122958,0,0,3,17,0.62
24.2799,0,0,0.192174,-0.187452,0,0,3,17,0.62
24.3799,0,0,0.220621,-0.212677,0,0,3,17,0.62
24.4799,0,0,0.209258,-0.165028,0,0,3,17,0.62
24.5799,0,0,0.137554,-0.0996582,0,0,3,17,0.62
24.6799,0,0,0.10216,-0.0846986,0,0,3,17,0.62
24.7799,0,0,0.121757,-0.122075,0,0,3,17,0.62
24.8799,0,0,0.147455,-0.15849,0,0,3,17,0.62
24.9799,0,0,0.182364,-0.155876,0,0,3,17,0.62
25.0799,0,0,0.183206,-0.120142,0,0,3,17,0.62
25.1799,0,0,0.13249,-0.0760278,0,0,3,17,0.62
25.2799,0,0,0.116897,-0.0788774,0,0,3,17,0.62
25.3799,0,0,0.154399,-0.119803,0,0,3,17,0.62
25.4799,0,0,0.174594,-0.139536,0,0,3,17,0.62
25.5799,0,0,0.168596,-0.123133,0,0,3,17,0.62
25.6799,0,0,0.152279,-0.0838687,0,0,3,17,0.62
25.7799,0,0,0.120347,-0.0575183,0,0,3,17,0.62
25.8799,0,0,0.11437,-0.081559,0,0,3,17,0.62
25.9799,0,0,0.147651,-0.12536,0,0,3,17,0.62
26.0799,0,0,0.163996,-0.137753,0,0,3,17,0.62
26.1799,0,0,0.154663,-0.111786,0,0,3,17,0.62
26.2799,0,0,0.13403,-0.0699121,0,0,3,17,0.62
26.3799,0,0,0.0962646,-0.0590472,0,0,3,17,0.62
26.4799,0,0,0.101439,-0.0904691,0,0,3,17,0.62
26.5799,0,0,0.171449,-0.12479,0,0,3,17,0.62
26.6799,0,0,0.192294,-0.125749,0,0,3,17,0.62
26.7799,0,0,0.138791,-0.0935513,0,0,3,17,0.62
26.8799,0,0,0.11549,-0.0674677,0,0,3,17,0.62
26.9799,0,0,0.137784,-0.0774603,0,0,3,17,0.62
27.0799,0,0,0.156019,-0.10677,0,0,3,17,0.62
27.1799,0,0,0.168107,-0.120813,0,0,3,17,0.62
27.2799,0,0,0.162777,-0.107375,0,0,3,17,0.62
27.3799,0,0,0.13109,-0.0759148,0,0,3,17,0.62
27.4799,0,0,0.125843,-0.0628322,0,0,3,17,0.62
27.5799,0,0,0.160618,-0.0783532,0,0,3,17,0.62
27.6799,0,0,0.17262,-0.0997854,0,0,3,17,0.62
27.7799,0,0,0.150089,-0.103337,0,0,3,17,0.62
27.8799,0,0,0.150613,-0.0849353,0,0,3,17,0.62
27.9799,0,0,0.186061,-0.0606234,0,0,3,17,0.62
28.0799,0,0,0.186632,-0.0523532,0,0,3,17,0.62
28.1799,0,0,0.134541,-0.0724814,0,0,3,17,0.62
28.2799,0,0,0.130754,-0.0912577,0,0,3,17,0.62
28.3799,0,0,0.159075,-0.0836752,0,0,3,17,0.62
28.4799,0,0,0.179598,-0.059449,0,0,3,17,0.62
28.5799,0,0,0.188336,-0.0471645,0,0,3,17,0.62
28.6799,0,0,0.172884,-0.0505937,0,0,3,17,0.62
28.7799,0,0,0.120777,-0.0570394,0,0,3,17,0.62
28.8799,0,0,0.0850695,-0.0673342,0,0,3,17,0.62
28.9799,0,0,0.116714,-0.0708756,0,0,3,17,0.62
29.0799,0,0,0.134975,-0.0552898,0,0,3,17,0.62
29.1799,0,0,0.132973,-0.0385306,0,0,3,17,0.62
29.2799,0,0,0.131757,-0.0439227,0,0,3,17,0.62
29.3799,0,0,0.131738,-0.0607531,0,0,3,17,0.62
29.4799,0,0,0.143023,-0.0579255,0,0,3,17,0.62
29.5799,0,0,0.171431,-0.0332839,0,0,3,17,0.62
29.6799,0,0,0.16494,-0.0256447,0,0,3,17,0.62
29.7799,0,0,0.135226,-0.0503029,0,0,3,17,0.62
29.8799,0,0,0.135424,-0.0650214,0,0,3,17,0.62
29.9799,0,0,0.180873,-0.0425794,0,0,3,17,0.62
30.0799,0,0,0.178583,-0.00890487,0,0,3,17,0.62
30.1799,0,0,0.104199,-0.0226961,0,0,3,17,0.62
30.2799,0,0,0.0793613,-0.0619276,0,0,3,17,0.62
30.3799,0,0,0.129704,-0.0682313,0,0,3,17,0.62
30.4799,0,0,0.155946,-0.0438034,0,0,3,17,0.62
30.5799,0,0,0.145718,-0.0175144,0,0,3,17,0.62
30.6799,0,0,0.14429,-0.0134694,0,0,3,17,0.62
30.7799,0,0,0.156197,-0.0348296,0,0,3,17,0.62
30.8799,0,0,0.158986,-0.0556186,0,0,3,17,0.62
30.9799,0,0,0.147957,-0.0524402,0,0,3,17,0.62
31.0799,0,0,0.134164,-0.0261309,0,0,3,17,0.62
31.1799,0,0,0.1162,-0.00729732,0,0,3,17,0.62
31.2799,0,0,0.11918,-0.0207793,0,0,3,17,0.62
31.3799,0,0,0.153879,-0.0420235,0,0,3,17,0.62
31.4799,0,0,0.165258,-0.0468142,0,0,3,17,0.62
31.5799,0,0,0.141436,-0.0358555,0,0,3,17,0.62
31.6799,0,0,0.125734,-0.0248701,0,0,3,17,0.62
31.7799,0,0,0.122314,-0.0371924,0,0,3,17,0.62
31.8799,0,0,0.132828,-0.0370453,0,0,3,17,0.62
31.9799,0,0,0.164469,-0.0156112,0,0,3,17,0.62
32.0799,0,0,0.161753,-0.0254337,0,0,3,17,0.62
32.1799,0,0,0.107041,-0.0584492,0,0,3,17,0.62
32.2799,0,0,0.0809787,-0.0552407,0,0,3,17,0.62
32.3799,0,0,0.098284,-0.0106507,0,0,3,17,0.62
32.4799,0,0,0.115014,0.0104498,0,0,3,17,0.62
32.5799,0,0,0.130875,-0.0225485,0,0,3,17,0.62
32.6799,0,0,0.150621,-0.0610936,0,0,3,17,0.62
32.7799,0,0,0.176258,-0.0496534,0,0,3,17,0.62
32.8799,0,0,0.186892,-0.0163929,0,0,3,17,0.62
32.9799,0,0,0.174837,0.00947725,0,0,3,17,0.62
33.0799,0,0,0.161621,0.00164608,0,0,3,17,0.62
33.1799,0,0,0.14665,-0.0344574,0,0,3,17,0.62
33.2799,0,0,0.144655,-0.0549209,0,0,3,17,0.62
33.3799,0,0,0.16229,-0.038917,0,0,3,17,0.62
33.4799,0,0,0.162798,-0.00319762,0,0,3,17,0.62
33.5799,0,0,0.137407,0.0225721,0,0,3,17,0.62
33.6799,0,0,0.1256,0.00117098,0,0,3,17,0.62
33.7799,0,0,0.134351,-0.0435022,0,0,3,17,0.62
33.8799,0,0,0.128554,-0.0453549,0,0,3,17,0.62
33.9799,0,0,0.100767,-0.0108456,0,0,3,17,0.62
34.0799,0,0,0.0912463,0.0142885,0,0,3,17,0.62
34.1799,0,0,0.109419,0.00439498,0,0,3,17,0.62
34.2799,0,0,0.128558,-0.0229955,0,0,3,17,0.62
34.3799,0,0,0.149155,-0.0313871,0,0,3,17,0.62
34.4799,0,0,0.155631,-0.0223072,0,0,3,17,0.62
34.5799,0,0,0.140748,-0.00315733,0,0,3,17,0.62
34.6799,0,0,0.13676,0.00915656,0,0,3,17,0.62
34.7799,0,0,0.149219,-0.00279553,0,0,3,17,0.62
34.8799,0,0,0.15147,-0.0220496,0,0,3,17,0.62
34.9799,0,0,0.138261,-0.0217125,0,0,3,17,0.62
35.0799,0,0,0.13002,-0.00523601,0,0,3,17,0.62
35.1799,0,0,0.129316,0.00074817,0,0,3,17,0.62
35.2799,0,0,0.12654,-0.0063151,0,0,3,17,0.62
35.3799,0,0,0.120628,-0.0114862,0,0,3,17,0.62
35.4799,0,0,0.121094,-0.0069931,0,0,3,17,0.62
35.5799,0,0,0.131212,-0.00183233,0,0,3,17,0.62
35.6799,0,0,0.139914,-0.00480142,0,0,3,17,0.62
35.7799,0,0,0.146471,-0.00700465,0,0,3,17,0.62
35.8799,0,0,0.141857,-0.00475995,0,0,3,17,0.62
35.9799,0,0,0.120363,-0.00497959,0,0,3,17,0.62
36.0799,0,0,0.114114,-0.00809027,0,0,3,17,0.62
36.1799,0,0,0.130921,-0.00979103,0,0,3,17,0.62
36.2799,0,0,0.133092,-0.00649072,0,0,3,17,0.62
36.3799,0,0,0.113163,0.00151463,0,0,3,17,0.62
36.4799,0,0,0.106842,0.00583772,0,0,3,17,0.62
36.5799,0,0,0.10956,0.00104211,0,0,3,17,0.62
36.6799,0,0,0.125209,-0.00646029,0,0,3,17,0.62
36.7799,0,0,0.160483,-0.00403418,0,0,3,17,0.62
36.8799,0,0,0.16335,0.00304221,0,0,3,17,0.62
36.9799,0,0,0.117143,0.00014385,0,0,3,17,0.62
37.0799,0,0,0.103403,-0.0057388,0,0,3,17,0.62
37.1799,0,0,0.13885,0.00101026,0,0,3,17,0.62
37.2799,0,0,0.144983,0.00768478,0,0,3,17,0.62
37.3799,0,0,0.106689,-0.00275824,0,0,3,17,0.62
37.4799,0,0,0.0932756,-0.0114812,0,0,3,17,0.62
37.5799,0,0,0.117447,-0.000911614,0,0,3,17,0.62
37.6799,0,0,0.137539,0.0160046,0,0,3,17,0.62
37.7799,0,0,0.151456,0.0128037,0,0,3,17,0.62
37.8799,0,0,0.15766,-0.00414863,0,0,3,17,0.62
37.9799,0,0,0.152207,-0.00182652,0,0,3,17,0.62
38.0799,0,0,0.134867,0.0186931,0,0,3,17,0.62
38.1799,0,0,0.0995225,0.0219162,0,0,3,17,0.62
38.2799,0,0,0.0908529,0.0032404,0,0,3,17,0.62
38.3799,0,0,0.12257,-0.00553277,0,0,3,17,0.62
38.4799,0,0,0.130203,0.00131577,0,0,3,17,0.62
38.5799,0,0,0.101416,0.0174603,0,0,3,17,0.62
38.6799,0,0,0.0817739,0.0346766,0,0,3,17,0.62
38.7799,0,0,0.075982,0.0251716,0,0,3,17,0.62
38.8799,0,0,0.0786242,-0.00142224,0,0,3,17,0.62
38.9799,0,0,0.0939961,0.00298488,0,0,3,17,0.62
39.0799,0,0,0.112703,0.0317412,0,0,3,17,0.62
39.1799,0,0,0.13645,0.0426026,0,0,3,17,0.62
39.2799,0,0,0.148658,0.0279292,0,0,3,17,0.62
39.3799,0,0,0.143407,-0.002705,0,0,3,17,0.62
39.4799,0,0,0.134834,-0.0116686,0,0,3,17,0.62
39.5799,0,0,0.121243,0.0240288,0,0,3,17,0.62
39.6799,0,0,0.108712,0.0560976,0,0,3,17,0.62
39.7799,0,0,0.0977895,0.0272539,0,0,3,17,0.62
39.8799,0,0,0.10651,-0.0289208,0,0,3,17,0.62
39.9799,0,0,0.144942,-0.0299141,0,0,3,17,0.62
40.0799,0,0,0.158752,0.0174611,0,0,3,17,0.62
40.1799,0,0,0.135323,0.0407652,0,0,3,17,0.62
40.2799,0,0,0.120851,0.0121316,0,0,3,17,0.62
40.3799,0,0,0.119947,-0.0172816,0,0,3,17,0.62
40.4799,0,0,0.118072,-0.0136632,0,0,3,17,0.62
40.5799,0,0,0.114726,0.0078095,0,0,3,17,0.62
40.6799,0,0,0.114565,0.0252988,0,0,3,17,0.62
40.7799,0,0,0.119223,0.0212728,0,0,3,17,0.62
40.8799,0,0,0.126751,0.00390208,0,0,3,17,0.62
40.9799,0,0,0.14606,-0.00705528,0,0,3,17,0.62
41.0799,0,0,0.135475,-0.00300373,0,0,3,17,0.62
41.1799,0,0,0.0796492,0.0123474,0,0,3,17,0.62
41.2799,0,0,0.0613576,0.0199994,0,0,3,17,0.62
41.3799,0,0,0.0999715,0.0171066,0,0,3,17,0.62
41.4799,0,0,0.124597,0.0160664,0,0,3,17,0.62
41.5799,0,0,0.12804,0.00991505,0,0,3,17,0.62
41.6799,0,0,0.12799,0.00432867,0,0,3,17,0.62
41.7799,0,0,0.122642,0.00844768,0,0,3,17,0.62
41.8799,0,0,0.117917,0.0152891,0,0,3,17,0.62
41.9799,0,0,0.114139,0.0175115,0,0,3,17,0.62
42.0799,0,0,0.10607,0.0166479,0,0,3,17,0.62
42.1799,0,0,0.0915212,0.0120512,0,0,3,17,0.62
42.2799,0,0,0.0908526,0.0105155,0,0,3,17,0.62
42.3799,0,0,0.111167,0.0142064,0,0,3,17,0.62
42.4799,0,0,0.12245,0.0187802,0,0,3,17,0.62
42.5799,0,0,0.120044,0.0187074,0,0,3,17,0.62
42.6799,0,0,0.11143,0.0112755,0,0,3,17,0.62
42.7799,0,0,0.0934194,0.0149595,0,0,3,17,0.62
42.8799,0,0,0.081977,0.0216246,0,0,3,17,0.62
42.9799,0,0,0.0804969,0.00883446,0,0,3,17,0.62
43.0799,0,0,0.0975436,-0.000312475,0,0,3,17,0.62
43.1799,0,0,0.142662,0.0168823,0,0,3,17,0.62
43.2799,0,0,0.140949,0.0364046,0,0,3,17,0.62
43.3799,0,0,0.108037,0.0261379,0,0,3,17,0.62
43.4799,0,0,0.0941124,0.000957223,0,0,3,17,0.62
43.5799,0,0,0.108979,0.00280263,0,0,3,17,0.62
43.6799,0,0,0.113973,0.0241861,0,0,3,17,0.62
43.7799,0,0,0.104055,0.0264442,0,0,3,17,0.62
43.8799,0,0,0.0985524,0.010416,0,0,3,17,0.62
43.9799,0,0,0.0997364,0.00675343,0,0,3,17,0.62
44.0799,0,0,0.101648,0.0152903,0,0,3,17,0.62
44.1799,0,0,0.104658,0.0157977,0,0,3,17,0.62
44.2799,0,0,0.109376,0.0163179,0,0,3,17,0.62
44.3799,0,0,0.116683,0.0226936,0,0,3,17,0.62
44.4799,0,0,0.118838,0.0239544,0,0,3,17,0.62
44.5799,0,0,0.113196,0.0151475,0,0,3,17,0.62
44.6799,0,0,0.119319,0.00677917,0,0,3,17,0.62
44.7799,0,0,0.133273,0.0138111,0,0,3,17,0.62
44.8799,0,0,0.128972,0.0272453,0,0,3,17,0.62
44.9799,0,0,0.0970377,0.0360283,0,0,3,17,0.62
45.0799,0,0,0.0794744,0.0314601,0,0,3,17,0.62
45.1799,0,0,0.0836829,0.0201859,0,0,3,17,0.62
45.2799,0,0,0.106832,0.0204822,0,0,3,17,0.62
45.3799,0,0,0.158586,0.0236355,0,0,3,17,0.62
45.4799,0,0,0.1665,0.0253417,0,0,3,17,0.62
45.5799,0,0,0.108131,0.0281992,0,0,3,17,0.62
45.6799,0,0,0.079766,0.0240419,0,0,3,17,0.62
45.7799,0,0,0.0967384,0.01597,0,0,3,17,0.62
45.8799,0,0,0.106317,0.0174047,0,0,3,17,0.62
45.9799,0,0,0.104692,0.0262025,0,0,3,17,0.62
46.0799,0,0,0.0899665,0.0361351,0,0,3,17,0.62
46.1799,0,0,0.0665259,0.0368233,0,0,3,17,0.62
46.2799,0,0,0.0727956,0.0219207,0,0,3,17,0.62
46.3799,0,0,0.124103,0.0105318,0,0,3,17,0.62
46.4799,0,0,0.145964,0.0171116,0,0,3,17,0.62
46.5799,0,0,0.123298,0.0389962,0,0,3,17,0.62
46.6799,0,0,0.100106,0.0541909,0,0,3,17,0.62
46.7799,0,0,0.0761139,0.0422901,0,0,3,17,0.62
46.8799,0,0,0.0743003,0.0161484,0,0,3,17,0.62
46.9799,0,0,0.163468,0.00794704,0,0,3,17,0.62
47.0799,0,0,0.181386,0.026341,0,0,3,17,0.62
47.1799,0,0,0.0917173,0.0558394,0,0,3,17,0.62
47.2799,0,0,0.0609057,0.0575831,0,0,3,17,0.62
47.3799,0,0,0.119123,0.0174434,0,0,3,17,0.62
47.4799,0,0,0.141919,-0.004504,0,0,3,17,0.62
47.5799,0,0,0.11118,0.022424,0,0,3,17,0.62
47.6799,0,0,0.0983422,0.0599803,0,0,3,17,0.62
47.7799,0,0,0.112634,0.0569761,0,0,3,17,0.62
47.8799,0,0,0.126445,0.0165516,0,0,3,17,0.62
47.9799,0,0,0.13953,-0.00563006,0,0,3,17,0.62
48.0799,0,0,0.137506,0.0133161,0,0,3,17,0.62
48.1799,0,0,0.112601,0.0460047,0,0,3,17,0.62
48.2799,0,0,0.0975971,0.0563739,0,0,3,17,0.62
48.3799,0,0,0.0976125,0.0373626,0,0,3,17,0.62
48.4799,0,0,0.103757,0.0057074,0,0,3,17,0.62
48.5799,0,0,0.119166,-0.00876402,0,0,3,17,0.62
48.6799,0,0,0.112028,0.0156288,0,0,3,17,0.62
48.7799,0,0,0.0898976,0.0444035,0,0,3,17,0.62
48.8799,0,0,0.0926601,0.0403681,0,0,3,17,0.62
48.9799,0,0,0.133063,0.0152503,0,0,3,17,0.62
49.0799,0,0,0.14715,-0.0031561,0,0,3,17,0.62
49.1799,0,0,0.121438,0.0041855,0,0,3,17,0.62
49.2799,0,0,0.111927,0.0310463,0,0,3,17,0.62
49.3799,0,0,0.126963,0.0412297,0,0,3,17,0.62
49.4799,0,0,0.133061,0.0174843,0,0,3,17,0.62
49.5799,0,0,0.125639,-0.0048008,0,0,3,17,0.62
49.6799,0,0,0.123663,0.00631229,0,0,3,17,0.62
49.7799,0,0,0.129952,0.0333758,0,0,3,17,0.62
49.8799,0,0,0.137617,0.0400644,0,0,3,17,0.62
49.9799,0,0,0.147356,0.0223159,0,0,3,17,0.62
50.0799,0,0,0.146128,0.011908,0,0,3,17,0.62
50.1799,0,0,0.128313,0.0187261,0,0,3,17,0.62
50.2799,0,0,0.123068,0.0256739,0,0,3,17,0.62
50.3799,0,0,0.136817,0.0192862,0,0,3,17,0.62
50.4799,0,0,0.136362,0.013147,0,0,3,17,0.62
50.5799,0,0,0.114408,0.0240017,0,0,3,17,0.62
50.6799,0,0,0.104519,0.0322698,0,0,3,17,0.62
50.7799,0,0,0.112927,0.0229943,0,0,3,17,0.62
50.8799,0,0,0.134716,0.0160943,0,0,3,17,0.62
50.9799,0,0,0.176769,0.00964577,0,0,3,17,0.62
51.0799,0,0,0.176339,0.0109829,0,0,3,17,0.62
51.1799,0,0,0.111624,0.029927,0,0,3,17,0.62
51.2799,0,0,0.0869572,0.0440372,0,0,3,17,0.62
51.3799,0,0,0.123034,0.0277642,0,0,3,17,0.62
51.4799,0,0,0.135876,-0.0050078,0,0,3,17,0.62
51.5799,0,0,0.133276,-0.00140748,0,0,3,17,0.62
51.6799,0,0,0.128226,0.0388453,0,0,3,17,0.62
51.7799,0,0,0.11947,0.0559505,0,0,3,17,0.62
51.8799,0,0,0.113664,0.0302909,0,0,3,17,0.62
51.9799,0,0,0.112316,0.00422263,0,0,3,17,0.62
52.0799,0,0,0.113603,0.011331,0,0,3,17,0.62
52.1799,0,0,0.118883,0.0350456,0,0,3,17,0.62
52.2799,0,0,0.124506,0.0456084,0,0,3,17,0.62
52.3799,0,0,0.130649,0.0379166,0,0,3,17,0.62
52.4799,0,0,0.130902,0.0290781,0,0,3,17,0.62
52.5799,0,0,0.122227,0.0237675,0,0,3,17,0.62
52.6799,0,0,0.126612,0.0278711,0,0,3,17,0.62
52.7799,0,0,0.150758,0.0401542,0,0,3,17,0.62
52.8799,0,0,0.152556,0.0409814,0,0,3,17,0.62
52.9799,0,0,0.120498,0.0313103,0,0,3,17,0.62
53.0799,0,0,0.0991436,0.0340531,0,0,3,17,0.62
53.1799,0,0,0.0939508,0.0419667,0,0,3,17,0.62
53.2799,0,0,0.103224,0.0365177,0,0,3,17,0.62
53.3799,0,0,0.134393,0.0246725,0,0,3,17,0.62
53.4799,0,0,0.141698,0.0224497,0,0,3,17,0.62
53.5799,0,0,0.112921,0.0313102,0,0,3,17,0.62
53.6799,0,0,0.102006,0.0391586,0,0,3,17,0.62
53.7799,0,0,0.118145,0.0487244,0,0,3,17,0.62
53.8799,0,0,0.129116,0.0526905,0,0,3,17,0.62
53.9799,0,0,0.132266,0.0335354,0,0,3,17,0.62
54.0799,0,0,0.126286,0.0156542,0,0,3,16,0.62
54.1799,0,0,0.106472,0.0271884,0,0,3,16,0.62
54.2799,0,0,0.100928,0.0544003,0,0,3,16,0.62
54.3799,0,0,0.116981,0.0595359,0,0,3,16,0.62
54.4799,0,0,0.125454,0.0354686,0,0,3,16,0.62
54.5799,0,0,0.122425,0.0196492,0,0,3,16,0.62
54.6799,0,0,0.111279,0.0216985,0,0,3,16,0.62
54.7799,0,0,0.0878669,0.0380918,0,0,3,16,0.62
54.8799,0,0,0.0867837,0.0629763,0,0,3,16,0.62
54.9799,0,0,0.119411,0.0637256,0,0,3,16,0.62
55.0799,0,0,0.127974,0.0336901,0,0,3,16,0.62
55.1799,0,0,0.100131,0.010847,0,0,3,16,0.62
55.2799,0,0,0.0950512,0.0220338,0,0,3,16,0.62
55.3799,0,0,0.124477,0.0505313,0,0,3,16,0.62
55.4799,0,0,0.120048,0.061239,0,0,3,16,0.62
55.5799,0,0,0.0930885,0.0479993,0,0,3,16,0.62
55.6799,0,0,0.0784734,0.0259063,0,0,3,16,0.62
55.7799,0,0,0.0825729,0.0145499,0,0,3,16,0.62
55.8799,0,0,0.0920684,0.0359189,0,0,3,16,0.66
55.9799,0,0,0.109728,0.0629763,0,0,3,16,0.66
56.0799,0,0,0.119522,0.0621386,0,0,3,17,0.66
56.1799,0,0,0.117388,0.0498707,0,0,3,17,0.66
56.2799,0,0,0.120319,0.0320336,0,0,3,17,0.66
56.3799,0,0,0.130908,0.00642852,0,0,3,17,0.66
56.4799,0,0,0.13091,0.016897,0,0,3,17,0.66
56.5799,0,0,0.11493,0.0668415,0,0,3,17,0.66
56.6799,0,0,0.105552,0.0854268,0,0,3,17,0.66
56.7799,0,0,0.106161,0.0371744,0,0,3,17,0.66
56.8799,0,0,0.122708,-0.0239442,0,0,3,17,0.62
56.9799,0,0,0.149848,-0.017243,0,0,3,17,0.62
57.0799,0,0,0.139757,0.0381155,0,0,3,17,0.62
57.1799,0,0,0.0733011,0.0710334,0,0,3,17,0.62
57.2799,0,0,0.0551671,0.049631,0,0,3,17,0.62
57.3799,0,0,0.11016,-0.00139586,0,0,3,17,0.62
57.4799,0,0,0.140048,-0.0322472,0,0,3,17,0.62
57.5799,0,0,0.131924,-0.00550092,0,0,3,17,0.62
57.6799,0,0,0.111914,0.0415407,0,0,3,17,0.62
57.7799,0,0,0.0738807,0.0467482,0,0,3,17,0.62
57.8799,0,0,0.0698711,0.0172719,0,0,3,17,0.62
57.9799,0,0,0.117293,-0.0173892,0,0,3,17,0.62
58.0799,0,0,0.128007,-0.0236395,0,0,3,17,0.62
58.1799,0,0,0.0832235,0.00917575,0,0,3,17,0.62
58.2799,0,0,0.0650557,0.0291052,0,0,3,17,0.62
58.3799,0,0,0.0646495,0.02223,0,0,3,17,0.62
58.4799,0,0,0.0794684,-0.00197662,0,0,3,17,0.62
58.5799,0,0,0.117324,-0.0220605,0,0,3,17,0.62
58.6799,0,0,0.129741,-0.00329499,0,0,3,17,0.62
58.7799,0,0,0.103644,0.0311447,0,0,3,17,0.62
58.8799,0,0,0.0912229,0.0323549,0,0,3,17,0.62
58.9799,0,0,0.134897,0.00272878,0,0,3,17,0.62
59.0799,0,0,0.150824,-0.0159902,0,0,3,17,0.62
59.1799,0,0,0.124741,-0.00589886,0,0,3,17,0.62
59.2799,0,0,0.119525,0.0266647,0,0,3,17,0.62
59.3799,0,0,0.145976,0.03808,0,0,3,17,0.62
59.4799,0,0,0.147402,0.0148857,0,0,3,17,0.62
59.5799,0,0,0.111001,-0.00483069,0,0,3,17,0.62
59.6799,0,0,0.0923334,-9.21611e-06,0,0,3,17,0.62
59.7799,0,0,0.100465,0.0193165,0,0,3,17,0.62
59.8799,0,0,0.108879,0.0235348,0,0,3,17,0.62
59.9799,0,0,0.117721,0.0100601,0,0,3,17,0.62
60.0799,0,0,0.12192,0.0130317,0,0,3,17,0.62
60.1799,0,0,0.119093,0.0205907,0,0,3,17,0.62
60.2799,0,0,0.116265,0.012253,0,0,3,17,0.62
60.3799,0,0,0.113435,0.00865034,0,0,3,17,0.62
60.4799,0,0,0.11298,0.016221,0,0,3,17,0.62
60.5799,0,0,0.116115,0.0179186,0,0,3,17,0.62
60.6799,0,0,0.118981,0.0151296,0,0,3,17,0.62
60.7799,0,0,0.121439,0.0145959,0,0,3,17,0.62
60.8799,0,0,0.117321,0.0215716,0,0,3,17,0.62
60.9799,0,0,0.10326,0.0264468,0,0,3,17,0.62
61.0799,0,0,0.0983951,0.0126655,0,0,3,17,0.62
61.1799,0,0,0.107444,0.00517676,0,0,3,17,0.62
61.2799,0,0,0.107636,0.0172489,0,0,3,17,0.62
61.3799,0,0,0.0944146,0.0313802,0,0,3,17,0.62
61.4799,0,0,0.0876182,0.0319554,0,0,3,17,0.62
61.5799,0,0,0.0905494,0.0135633,0,0,3,17,0.62
61.6799,0,0,0.100794,0.00179051,0,0,3,17,0.62
61.7799,0,0,0.12211,0.0156196,0,0,3,17,0.62
61.8799,0,0,0.129387,0.029837,0,0,3,17,0.62
61.9799,0,0,0.115391,0.0226471,0,0,3,17,0.62
62.0799,0,0,0.0973494,0.00901538,0,0,3,17,0.62
62.1799,0,0,0.0731842,0.0142491,0,0,3,17,0.62
62.2799,0,0,0.0836191,0.0304017,0,0,3,17,0.62
62.3799,0,0,0.117138,0.0244687,0,0,3,17,0.62
62.4799,0,0,0.138087,0.00513872,0,0,3,17,0.62
62.5799,0,0,0.140046,0.00534513,0,0,3,17,0.62
62.6799,0,0,0.126547,0.0183886,0,0,3,17,0.62
62.7799,0,0,0.0896363,0.0254521,0,0,3,17,0.62
62.8799,0,0,0.0810525,0.0179314,0,0,3,18,0.6
62.9799,0,0,0.115313,0.0129832,0,0,3,18,0.6
63.0799,0,0,0.133334,0.0239704,0,0,3,17,0.6
63.1799,0,0,0.126761,0.022908,0,0,3,17,0.6
63.2799,0,0,0.126067,0.00324006,0,0,3,17,0.6
63.3799,0,0,0.134282,0.00543246,0,0,3,17,0.6
63.4799,0,0,0.125192,0.0299917,0,0,3,17,0.6
63.5799,0,0,0.0898894,0.0252012,0,0,3,17,0.6
63.6799,0,0,0.0981802,-0.0113951,0,0,3,17,0.6
63.7799,0,0,0.13553,-0.0221115,0,0,3,17,0.6
63.8799,0,0,0.136375,0.0092402,0,0,3,18,0.6
63.9799,0,0,0.0820739,0.0308789,0,0,3,18,0.6
64.0799,0,0,0.061473,0.0131258,0,0,3,18,0.6
64.1799,0,0,0.0917995,-0.0136604,0,0,3,18,0.6
64.2799,0,0,0.104169,-0.0153302,0,0,3,18,0.6
64.3799,0,0,0.089366,0.00497418,0,0,3,18,0.6
64.4799,0,0,0.0796782,0.0186275,0,0,3,18,0.6
64.5799,0,0,0.0777265,0.0045273,0,0,3,18,0.6
64.6799,0,0,0.0839217,-0.0181071,0,0,3,18,0.6
64.7799,0,0,0.102465,-0.0125254,0,0,3,18,0.6
64.8799,0,0,0.116547,0.00621534,0,0,3,18,0.6
64.9799,0,0,0.112293,0.00276067,0,0,3,18,0.6
65.0799,0,0,0.121142,-0.0119736,0,0,3,18,0.6
65.1799,0,0,0.149819,-0.0178163,0,0,3,18,0.6
65.2799,0,0,0.155297,-0.0161803,0,0,3,18,0.6
65.3799,0,0,0.125631,-0.00691327,0,0,3,18,0.6
65.4799,0,0,0.106356,0.00345854,0,0,3,18,0.6
65.5799,0,0,0.102765,0.00187136,0,0,3,18,0.6
65.6799,0,0,0.0983926,-0.0180922,0,0,3,18,0.6
65.7799,0,0,0.0928398,-0.0331824,0,0,3,18,0.6
65.8799,0,0,0.0916249,-0.00992922,0,0,3,18,0.6
65.9799,0,0,0.0969635,0.0185303,0,0,3,18,0.6
66.0799,0,0,0.1053,-0.000448659,0,0,3,18,0.6
66.1799,0,0,0.118178,-0.0500725,0,0,3,18,0.6
66.2799,0,0,0.112709,-0.0584214,0,0,3,18,0.6
66.3799,0,0,0.0794378,-0.0150529,0,0,3,18,0.6
66.4799,0,0,0.0819126,0.0205004,0,0,3,18,0.6
66.5799,0,0,0.138478,-0.0125895,0,0,3,18,0.6
66.6799,0,0,0.150407,-0.0693912,0,0,3,18,0.6
66.7799,0,0,0.0947733,-0.0690947,0,0,3,18,0.6
66.8799,0,0,0.0597727,-0.0294649,0,0,3,18,0.6
66.9799,0,0,0.056009,-0.010611,0,0,3,18,0.6
67.0799,0,0,0.0706103,-0.0299562,0,0,3,18,0.6
67.1799,0,0,0.113085,-0.0621233,0,0,3,18,0.6
67.2799,0,0,0.126327,-0.0650589,0,0,3,18,0.6
67.3799,0,0,0.0953396,-0.0504744,0,0,3,18,0.6
67.4799,0,0,0.0805894,-0.0432471,0,0,3,18,0.6
67.5799,0,0,0.0903692,-0.0394762,0,0,3,18,0.6
67.6799,0,0,0.0976158,-0.0396169,0,0,3,18,0.6
67.7799,0,0,0.101025,-0.043144,0,0,3,18,0.6
67.8799,0,0,0.105276,-0.0538302,0,0,3,18,0.6
67.9799,0,0,0.1108,-0.0530521,0,0,3,18,0.6
68.0799,0,0,0.112699,-0.0354209,0,0,3,18,0.6
68.1799,0,0,0.109107,-0.0354866,0,0,3,18,0.6
68.2799,0,0,0.100242,-0.0448409,0,0,3,18,0.6
68.3799,0,0,0.0833942,-0.0358368,0,0,3,18,0.6
68.4799,0,0,0.0829991,-0.0323065,0,0,3,18,0.6
68.5799,0,0,0.107524,-0.04269,0,0,3,18,0.6
68.6799,0,0,0.113459,-0.0449099,0,0,3,18,0.6
68.7799,0,0,0.0912834,-0.0289169,0,0,3,18,0.6
68.8799,0,0,0.0833537,-0.0102899,0,0,3,18,0.6
68.9799,0,0,0.096963,-0.0251277,0,0,3,18,0.6
69.0799,0,0,0.100545,-0.0505725,0,0,3,18,0.6
69.1799,0,0,0.0889756,-0.0354523,0,0,3,18,0.6
69.2799,0,0,0.0819247,-0.00710517,0,0,3,18,0.6
69.3799,0,0,0.0817199,-0.00180025,0,0,3,18,0.6
69.4799,0,0,0.0887574,-0.0155255,0,0,3,18,0.6
69.5799,0,0,0.106747,-0.0273988,0,0,3,18,0.6
69.6799,0,0,0.127559,-0.0207221,0,0,3,18,0.6
69.7799,0,0,0.152653,-0.00626546,0,0,3,18,0.6
69.8799,0,0,0.146162,-0.00368832,0,0,3,18,0.6
69.9799,0,0,0.0918587,-0.00700395,0,0,3,18,0.6
70.0799,0,0,0.0683043,-0.0112299,0,0,3,18,0.6
70.1799,0,0,0.0913765,-0.00653387,0,0,3,18,0.6
70.2799,0,0,0.114935,-0.00407405,0,0,3,18,0.6
70.3799,0,0,0.139228,-0.0169001,0,0,3,18,0.6
70.4799,0,0,0.13892,-0.0153547,0,0,3,18,0.6
70.5799,0,0,0.122275,0.00141198,0,0,3,18,0.6
70.6799,0,0,0.127333,0.00780683,0,0,3,18,0.6
70.7799,0,0,0.165223,-0.00468824,0,0,3,18,0.6
70.8799,0,0,0.180521,-0.0266408,0,0,3,18,0.6
70.9799,0,0,0.103153,-0.0252247,0,0,3,18,0.6
71.0799,0,0,0.0677738,0.00474249,0,0,3,17,0.6
71.1799,0,0,0.0958755,0.0162102,0,0,3,17,0.6
71.2799,0,0,0.121119,-0.0151918,0,0,3,17,0.6
71.3799,0,0,0.142031,-0.0368363,0,0,3,17,0.6
71.4799,0,0,0.132329,-0.0116316,0,0,3,17,0.6
71.5799,0,0,0.076276,0.0218607,0,0,3,17,0.6
71.6799,0,0,0.0759468,0.0173875,0,0,3,17,0.6
71.7799,0,0,0.159829,-0.0161756,0,0,3,17,0.6
71.8799,0,0,0.169572,-0.0335618,0,0,3,17,0.62
71.9799,0,0,0.130012,-0.0124834,0,0,3,17,0.62
72.0799,0,0,0.114799,0.0133927,0,0,3,17,0.62
72.1799,0,0,0.136336,0.0155276,0,0,3,17,0.62
72.2799,0,0,0.135402,-0.00772866,0,0,3,17,0.62
72.3799,0,0,0.100454,-0.0260354,0,0,3,17,0.62
72.4799,0,0,0.0842592,-0.00772006,0,0,3,17,0.62
72.5799,0,0,0.0964897,0.0115312,0,0,3,17,0.62
72.6799,0,0,0.10197,-0.0050865,0,0,3,17,0.62
72.7799,0,0,0.0972291,-0.0251367,0,0,3,17,0.62
72.8799,0,0,0.097128,-0.0203578,0,0,3,17,0.62
72.9799,0,0,0.104066,-0.00666833,0,0,3,17,0.62
73.0799,0,0,0.113444,-0.0053005,0,0,3,17,0.62
73.1799,0,0,0.126515,-0.0168499,0,0,3,17,0.62
73.2799,0,0,0.134903,-0.0233011,0,0,3,17,0.62
73.3799,0,0,0.136214,-0.0148775,0,0,3,17,0.62
73.4799,0,0,0.124248,-0.00495172,0,0,3,17,0.62
73.5799,0,0,0.0922002,-0.00615641,0,0,3,17,0.62
73.6799,0,0,0.0874002,-0.0252681,0,0,3,17,0.62
73.7799,0,0,0.123759,-0.039716,0,0,3,17,0.62
73.8799,0,0,0.12712,-0.0200924,0,0,3,17,0.62
73.9799,0,0,0.0804707,0.00171291,0,0,3,17,0.62
74.0799,0,0,0.0709134,-0.012581,0,0,3,17,0.62
74.1799,0,0,0.117436,-0.050463,0,0,3,17,0.62
74.2799,0,0,0.131688,-0.056462,0,0,3,17,0.62
74.3799,0,0,0.097078,-0.021194,0,0,3,17,0.62
74.4799,0,0,0.082242,0.00195361,0,0,3,17,0.62
74.5799,0,0,0.0973143,-0.0258733,0,0,3,17,0.62
74.6799,0,0,0.105288,-0.0666498,0,0,3,17,0.62
74.7799,0,0,0.102487,-0.0634082,0,0,3,17,0.62
74.8799,0,0,0.11012,-0.0197401,0,0,3,17,0.62
74.9799,0,0,0.133526,-0.000996578,0,0,3,17,0.62
75.0799,0,0,0.148728,-0.0224716,0,0,3,16,0.62
75.1799,0,0,0.151534,-0.0331963,0,0,3,16,0.62
75.2799,0,0,0.14649,-0.0235588,0,0,3,16,0.62
75.3799,0,0,0.129587,-0.0296754,0,0,3,16,0.62
75.4799,0,0,0.104917,-0.0321203,0,0,3,16,0.62
75.5799,0,0,0.0684746,-0.00309062,0,0,3,16,0.62
75.6799,0,0,0.0636057,0.00989746,0,0,3,16,0.62
75.7799,0,0,0.10653,-0.0256387,0,0,3,16,0.62
75.8799,0,0,0.12556,-0.0565909,0,0,3,16,0.66
75.9799,0,0,0.108408,-0.0285268,0,0,3,16,0.66
76.0799,0,0,0.0967262,0.0161842,0,0,3,16,0.66
76.1799,0,0,0.0933203,0.00820314,0,0,3,16,0.66
76.2799,0,0,0.104639,-0.0334434,0,0,3,16,0.66
76.3799,0,0,0.13826,-0.0456659,0,0,3,16,0.66
76.4799,0,0,0.136646,-0.0170882,0,0,3,16,0.66
76.5799,0,0,0.0817862,-3.72158e-05,0,0,3,16,0.66
76.6799,0,0,0.0657704,-0.0132722,0,0,3,16,0.66
76.7799,0,0,0.10849,-0.02241,0,0,3,16,0.66
76.8799,0,0,0.147642,-0.0191364,0,0,3,16,0.66
76.9799,0,0,0.172165,-0.0192871,0,0,3,16,0.66
77.0799,0,0,0.172127,-0.0200924,0,0,3,16,0.66
77.1799,0,0,0.134888,-0.0088891,0,0,3,16,0.66
77.2799,0,0,0.118922,4.33363e-05,0,0,3,16,0.66
77.3799,0,0,0.117125,-0.0127362,0,0,3,16,0.66
77.4799,0,0,0.12164,-0.0295181,0,0,3,16,0.66
77.5799,0,0,0.135719,-0.0295289,0,0,3,16,0.66
77.6799,0,0,0.132349,-0.0160704,0,0,3,16,0.66
77.7799,0,0,0.102533,-0.0073912,0,0,3,16,0.66
77.8799,0,0,0.0958427,-0.00919365,0,0,3,16,0.66
77.9799,0,0,0.124056,-0.00785203,0,0,3,16,0.66
78.0799,0,0,0.136664,-0.00636919,0,0,3,16,0.66
78.1799,0,0,0.125698,-0.0149042,0,0,3,16,0.66
78.2799,0,0,0.113235,-0.0213219,0,0,3,16,0.66
78.3799,0,0,0.0985071,-0.00439692,0,0,3,16,0.66
78.4799,0,0,0.100456,0.014846,0,0,3,16,0.66
78.5799,0,0,0.12761,-0.000826976,0,0,3,16,0.66
78.6799,0,0,0.131936,-0.0359307,0,0,3,16,0.66
78.7799,0,0,0.12109,-0.041817,0,0,3,16,0.66
78.8799,0,0,0.118483,-0.00956749,0,0,3,16,0.66
78.9799,0,0,0.128339,0.0106734,0,0,3,16,0.66
79.0799,0,0,0.135914,-0.0122944,0,0,3,16,0.66
79.1799,0,0,0.140039,-0.038315,0,0,3,16,0.66
79.2799,0,0,0.133376,-0.0362565,0,0,3,16,0.66
79.3799,0,0,0.110382,-0.0262889,0,0,3,16,0.66
79.4799,0,0,0.0960188,-0.0218315,0,0,3,16,0.66
79.5799,0,0,0.0947089,-0.0177465,0,0,3,16,0.66
79.6799,0,0,0.101259,-0.0211079,0,0,3,16,0.66
79.7799,0,0,0.119706,-0.0371495,0,0,3,16,0.66
79.8799,0,0,0.131852,-0.0447979,0,0,3,16,0.66
79.9799,0,0,0.13449,-0.0319447,0,0,3,16,0.66
80.0799,0,0,0.137563,-0.0208653,0,0,3,16,0.66
80.1799,0,0,0.141295,-0.0294723,0,0,3,16,0.66
80.2799,0,0,0.130186,-0.0357488,0,0,3,16,0.66
80.3799,0,0,0.0965664,-0.0338728,0,0,3,16,0.66
80.4799,0,0,0.0864037,-0.0407248,0,0,3,16,0.66
80.5799,0,0,0.111746,-0.0460981,0,0,3,16,0.66
80.6799,0,0,0.124545,-0.0396507,0,0,3,16,0.66
80.7799,0,0,0.11833,-0.0282866,0,0,3,16,0.66
80.8799,0,0,0.125095,-0.0297438,0,0,3,17,0.62
80.9799,0,0,0.151515,-0.0445825,0,0,3,17,0.62
81.0799,0,0,0.158602,-0.050003,0,0,3,17,0.62
81.1799,0,0,0.136492,-0.0400729,0,0,3,17,0.62
81.2799,0,0,0.124652,-0.0249844,0,0,3,17,0.62
81.3799,0,0,0.128368,-0.0229601,0,0,3,17,0.62
81.4799,0,0,0.132543,-0.0359209,0,0,3,17,0.62
81.5799,0,0,0.137414,-0.044775,0,0,3,17,0.62
81.6799,0,0,0.141052,-0.0447323,0,0,3,17,0.62
81.7799,0,0,0.142825,-0.0469591,0,0,3,17,0.62
81.8799,0,0,0.139195,-0.0432652,0,0,3,17,0.62
81.9799,0,0,0.127392,-0.0281265,0,0,3,17,0.62
82.0799,0,0,0.129974,-0.021019,0,0,3,17,0.62
82.1799,0,0,0.154346,-0.031984,0,0,3,17,0.62
82.2799,0,0,0.160446,-0.0454778,0,0,3,17,0.62
82.3799,0,0,0.138824,-0.0463524,0,0,3,17,0.62
82.4799,0,0,0.129211,-0.0349294,0,0,3,17,0.62
82.5799,0,0,0.137785,-0.0239722,0,0,3,17,0.62
82.6799,0,0,0.142654,-0.0245832,0,0,3,17,0.62
82.7799,0,0,0.145061,-0.0352632,0,0,3,17,0.62
82.8799,0,0,0.145646,-0.0402578,0,0,3,17,0.62
82.9799,0,0,0.143477,-0.0247122,0,0,3,17,0.62
83.0799,0,0,0.144005,-0.00544173,0,0,3,17,0.62
83.1799,0,0,0.148607,-0.00795785,0,0,3,17,0.62
83.2799,0,0,0.155726,-0.0175438,0,0,3,17,0.62
83.3799,0,0,0.166659,-0.0125696,0,0,3,17,0.62
83.4799,0,0,0.172325,0.00183844,0,0,3,17,0.62
83.5799,0,0,0.170019,0.0052751,0,0,3,17,0.62
83.6799,0,0,0.15413,-0.00220835,0,0,3,17,0.62
83.7799,0,0,0.117666,-0.0056343,0,0,3,17,0.62
83.8799,0,0,0.111857,0.000486556,0,0,3,17,0.62
83.9799,0,0,0.152399,0.0132605,0,0,3,17,0.62
84.0799,0,0,0.183136,0.0267055,0,0,3,17,0.62
84.1799,0,0,0.199022,0.0285128,0,0,3,17,0.62
84.2799,0,0,0.183295,0.0226043,0,0,3,17,0.62
84.3799,0,0,0.119806,0.0147805,0,0,3,17,0.62
84.4799,0,0,0.0952436,0.016799,0,0,3,17,0.62
84.5799,0,0,0.129636,0.0335372,0,0,3,17,0.62
84.6799,0,0,0.148184,0.0437143,0,0,3,17,0.62
84.7799,0,0,0.142777,0.0386857,0,0,3,17,0.62
84.8799,0,0,0.159428,0.0349378,0,0,3,17,0.62
84.9799,0,0,0.209479,0.0328766,0,0,3,17,0.62
85.0799,0,0,0.226674,0.0289127,0,0,3,17,0.62
85.1799,0,0,0.194196,0.02999,0,0,3,17,0.62
85.2799,0,0,0.16277,0.034474,0,0,3,16,0.62
85.3799,0,0,0.13294,0.0408887,0,0,3,16,0.62
85.4799,0,0,0.126901,0.0522046,0,0,3,16,0.62
85.5799,0,0,0.136705,0.0549079,0,0,3,16,0.62
85.6799,0,0,0.130602,0.0445923,0,0,3,16,0.62
85.7799,0,0,0.100391,0.0395625,0,0,3,16,0.62
85.8799,0,0,0.101065,0.0412362,0,0,3,16,0.66
85.9799,0,0,0.148354,0.0466981,0,0,3,16,0.66
86.0799,0,0,0.178084,0.0588103,0,0,3,16,0.66
86.1799,0,0,0.181241,0.0598465,0,0,3,16,0.66
86.2799,0,0,0.176942,0.0337145,0,0,3,16,0.66
86.3799,0,0,0.161366,0.0142082,0,0,3,16,0.66
86.4799,0,0,0.150505,0.0299428,0,0,3,16,0.66
86.5799,0,0,0.146793,0.069191,0,0,3,16,0.66
86.6799,0,0,0.153244,0.0774696,0,0,3,16,0.66
86.7799,0,0,0.175072,0.0380257,0,0,3,16,0.66
86.8799,0,0,0.183943,0.0141526,0,0,3,16,0.66
86.9799,0,0,0.173207,0.0269489,0,0,3,16,0.66
87.0799,0,0,0.162552,0.0627189,0,0,3,16,0.66
87.1799,0,0,0.152018,0.0778429,0,0,3,16,0.66
87.2799,0,0,0.140283,0.0587996,0,0,3,16,0.66
87.3799,0,0,0.126725,0.0346957,0,0,3,16,0.66
87.4799,0,0,0.122937,0.0201788,0,0,3,16,0.66
87.5799,0,0,0.133931,0.0347189,0,0,3,16,0.66
87.6799,0,0,0.139816,0.0750088,0,0,3,16,0.66
87.7799,0,0,0.137985,0.0842091,0,0,3,16,0.66
87.8799,0,0,0.135761,0.0523989,0,0,3,16,0.66
87.9799,0,0,0.132942,0.0268608,0,0,3,16,0.66
88.0799,0,0,0.130776,0.0341465,0,0,3,16,0.66
88.1799,0,0,0.1296,0.0600382,0,0,3,16,0.66
88.2799,0,0,0.124086,0.069574,0,0,3,16,0.66
88.3799,0,0,0.112009,0.0603751,0,0,3,16,0.66
88.4799,0,0,0.117064,0.0516725,0,0,3,16,0.66
88.5799,0,0,0.148047,0.0417326,0,0,3,16,0.66
88.6799,0,0,0.169933,0.0459105,0,0,3,17,0.66
88.7799,0,0,0.178035,0.0720217,0,0,3,17,0.66
88.8799,0,0,0.176902,0.0832784,0,0,3,17,0.62
88.9799,0,0,0.137652,0.0670198,0,0,3,17,0.62
89.0799,0,0,0.126518,0.0498882,0,0,3,17,0.62
89.1799,0,0,0.157919,0.0495431,0,0,3,17,0.62
89.2799,0,0,0.164781,0.0641132,0,0,3,17,0.62
89.3799,0,0,0.134557,0.0726527,0,0,3,17,0.62
89.4799,0,0,0.119696,0.0727447,0,0,3,17,0.62
89.5799,0,0,0.128076,0.0708813,0,0,3,17,0.62
89.6799,0,0,0.126742,0.0507362,0,0,3,17,0.62
89.7799,0,0,0.110686,0.0397907,0,0,3,17,0.62
89.8799,0,0,0.096734,0.0608267,0,0,3,17,0.62
89.9799,0,0,0.0859648,0.0805391,0,0,3,17,0.62
90.0799,0,0,0.0940722,0.0755384,0,0,3,17,0.62
90.1799,0,0,0.130756,0.0480013,0,0,3,17,0.62
90.2799,0,0,0.159168,0.0355805,0,0,3,17,0.62
90.3799,0,0,0.175026,0.052148,0,0,3,17,0.62
90.4799,0,0,0.169919,0.0645048,0,0,3,17,0.62
90.5799,0,0,0.133152,0.0656917,0,0,3,17,0.62
90.6799,0,0,0.107812,0.0583233,0,0,3,17,0.62
90.7799,0,0,0.099757,0.0460898,0,0,3,17,0.62
90.8799,0,0,0.100102,0.0447516,0,0,3,17,0.62
90.9799,0,0,0.106033,0.0555397,0,0,3,17,0.62
91.0799,0,0,0.116957,0.0636623,0,0,3,17,0.62
91.1799,0,0,0.13544,0.0582197,0,0,3,17,0.62
91.2799,0,0,0.144118,0.0501905,0,0,3,17,0.62
91.3799,0,0,0.137929,0.0532428,0,0,3,17,0.62
91.4799,0,0,0.130337,0.0610281,0,0,3,17,0.62
91.5799,0,0,0.120621,0.0582222,0,0,3,17,0.62
91.6799,0,0,0.116158,0.0528371,0,0,3,17,0.62
91.7799,0,0,0.11965,0.057218,0,0,3,17,0.62
91.8799,0,0,0.116716,0.0533454,0,0,3,17,0.62
91.9799,0,0,0.104048,0.0540857,0,0,3,17,0.62
92.0799,0,0,0.109785,0.0672427,0,0,3,17,0.62
92.1799,0,0,0.143325,0.0704112,0,0,3,17,0.62
92.2799,0,0,0.143129,0.058798,0,0,3,17,0.62
92.3799,0,0,0.120468,0.0520065,0,0,3,17,0.62
92.4799,0,0,0.108869,0.0604326,0,0,3,17,0.62
92.5799,0,0,0.113986,0.0678865,0,0,3,17,0.62
92.6799,0,0,0.115919,0.0640262,0,0,3,17,0.62
92.7799,0,0,0.113029,0.0592686,0,0,3,17,0.62
92.8799,0,0,0.110518,0.0641241,0,0,3,17,0.62
92.9799,0,0,0.108581,0.0779048,0,0,3,17,0.62
93.0799,0,0,0.116872,0.080049,0,0,3,17,0.62
93.1799,0,0,0.14065,0.0582726,0,0,3,17,0.62
93.2799,0,0,0.148267,0.0468158,0,0,3,17,0.62
93.3799,0,0,0.131342,0.0588722,0,0,3,17,0.62
93.4799,0,0,0.109164,0.0740681,0,0,3,17,0.62
93.5799,0,0,0.0790341,0.0618141,0,0,3,17,0.62
93.6799,0,0,0.0752431,0.0477681,0,0,3,17,0.62
93.7799,0,0,0.111261,0.0591433,0,0,3,17,0.62
93.8799,0,0,0.133427,0.0673708,0,0,3,17,0.62
93.9799,0,0,0.13464,0.0586081,0,0,3,17,0.62
94.0799,0,0,0.12707,0.0428135,0,0,3,17,0.62
94.1799,0,0,0.106234,0.0442629,0,0,3,17,0.62
94.2799,0,0,0.102529,0.0565471,0,0,3,17,0.62
94.3799,0,0,0.124792,0.0614831,0,0,3,17,0.62
94.4799,0,0,0.136305,0.0562073,0,0,3,17,0.62
94.5799,0,0,0.131553,0.0550129,0,0,3,17,0.62
94.6799,0,0,0.122379,0.0555265,0,0,3,17,0.62
94.7799,0,0,0.106503,0.0452807,0,0,3,17,0.62
94.8799,0,0,0.103751,0.0392501,0,0,3,17,0.62
94.9799,0,0,0.120886,0.0534794,0,0,3,17,0.62
95.0799,0,0,0.128952,0.0682543,0,0,3,17,0.62
95.1799,0,0,0.123272,0.0626909,0,0,3,17,0.62
95.2799,0,0,0.123327,0.0436506,0,0,3,17,0.62
95.3799,0,0,0.132048,0.0424889,0,0,3,17,0.62
95.4799,0,0,0.136731,0.0632401,0,0,3,17,0.62
95.5799,0,0,0.135315,0.0811719,0,0,3,17,0.62
95.6799,0,0,0.139714,0.0688233,0,0,3,17,0.62
95.7799,0,0,0.152912,0.0337855,0,0,3,17,0.62
95.8799,0,0,0.141459,0.0300353,0,0,3,17,0.62
95.9799,0,0,0.0926454,0.059912,0,0,3,17,0.62
96.0799,0,0,0.070157,0.0853596,0,0,3,17,0.62
96.1799,0,0,0.087535,0.0754242,0,0,3,17,0.62
96.2799,0,0,0.113571,0.0425449,0,0,3,17,0.62
96.3799,0,0,0.152728,0.021252,0,0,3,17,0.62
96.4799,0,0,0.150309,0.0263947,0,0,3,17,0.62
96.5799,0,0,0.0849436,0.0590895,0,0,3,17,0.62
96.6799,0,0,0.0649846,0.0786526,0,0,3,17,0.62
96.7799,0,0,0.113648,0.0579448,0,0,3,17,0.62
96.8799,0,0,0.152775,0.0224417,0,0,3,17,0.62
96.9799,0,0,0.152679,0.0107233,0,0,3,17,0.62
97.0799,0,0,0.142959,0.0300551,0,0,3,17,0.62
97.1799,0,0,0.118706,0.0565197,0,0,3,17,0.62
97.2799,0,0,0.110804,0.0629571,0,0,3,17,0.62
97.3799,0,0,0.127657,0.0359163,0,0,3,17,0.62
97.4799,0,0,0.134555,0.00781842,0,0,3,17,0.62
97.5799,0,0,0.126401,0.0133697,0,0,3,17,0.62
97.6799,0,0,0.105908,0.0396516,0,0,3,17,0.62
97.7799,0,0,0.0772154,0.0556421,0,0,3,17,0.62
97.8799,0,0,0.0775491,0.0461194,0,0,3,17,0.62
97.9799,0,0,0.121792,0.0253911,0,0,3,17,0.62
98.0799,0,0,0.142,0.0122713,0,0,3,17,0.62
98.1799,0,0,0.125776,0.0179295,0,0,3,17,0.62
98.2799,0,0,0.103583,0.0315605,0,0,3,17,0.62
98.3799,0,0,0.0723382,0.0376072,0,0,3,17,0.62
98.4799,0,0,0.0713313,0.0368035,0,0,3,17,0.62
98.5799,0,0,0.116023,0.0273333,0,0,3,17,0.62
98.6799,0,0,0.133947,0.0131226,0,0,3,17,0.62
98.7799,0,0,0.111307,0.0172812,0,0,3,17,0.62
98.8799,0,0,0.098932,0.0373705,0,0,3,17,0.62
98.9799,0,0,0.102097,0.0429667,0,0,3,17,0.62
99.0799,0,0,0.108255,0.0253512,0,0,3,17,0.62
99.1799,0,0,0.118954,0.0078462,0,0,3,17,0.62
99.2799,0,0,0.123249,0.00564575,0,0,3,17,0.62
99.3799,0,0,0.117841,0.0140336,0,0,3,17,0.62
99.4799,0,0,0.0970396,0.0271366,0,0,3,17,0.62
99.5799,0,0,0.0529625,0.0363463,0,0,3,17,0.62
99.6799,0,0,0.0476734,0.0188327,0,0,3,17,0.62
99.7799,0,0,0.101206,-0.0156757,0,0,3,17,0.62
99.8799,0,0,0.122094,-0.0158048,0,0,3,17,0.62
99.9799,0,0,0.0936648,0.0191724,0,0,3,17,0.62
100.08,0,0,0.0931222,0.0340164,0,0,3,17,0.62
100.18,0,0,0.134759,-0.00624457,0,0,3,17,0.62
100.28,0,0,0.148999,-0.0483117,0,0,3,17,0.62
100.38,0,0,0.121878,-0.0386498,0,0,3,17,0.62
100.48,0,0,0.100035,0.00939977,0,0,3,17,0.62
100.58,0,0,0.0861839,0.0257394,0,0,3,17,0.62
100.68,0,0,0.0951781,-0.0100002,0,0,3,17,0.62
100.78,0,0,0.138855,-0.0409918,0,0,3,17,0.62
100.88,0,0,0.163666,-0.0306744,0,0,3,17,0.62
100.98,0,0,0.111088,-0.00158854,0,0,3,17,0.62
101.08,0,0,0.0836448,0.0111627,0,0,3,17,0.62
101.18,0,0,0.09424,-0.00550134,0,0,3,17,0.62
101.28,0,0,0.105419,-0.0188389,0,0,3,17,0.62
101.38,0,0,0.117482,-0.0110965,0,0,3,17,0.62
101.48,0,0,0.11695,-0.00297393,0,0,3,17,0.62
101.58,0,0,0.0973924,-0.0070922,0,0,3,17,0.62
101.68,0,0,0.0934502,-0.0134409,0,0,3,17,0.62
101.78,0,0,0.113144,-0.00628085,0,0,3,17,0.62
101.88,0,0,0.121233,0.00191144,0,0,3,17,0.62
101.98,0,0,0.111767,-0.00399197,0,0,3,17,0.62
102.08,0,0,0.108541,-0.0187938,0,0,3,17,0.62
102.18,0,0,0.114764,-0.0282489,0,0,3,17,0.62
102.28,0,0,0.10352,-0.0152505,0,0,3,17,0.62
102.38,0,0,0.0658258,0.00895088,0,0,3,17,0.62
102.48,0,0,0.0701275,0.0155129,0,0,3,17,0.62
102.58,0,0,0.137912,-0.0267423,0,0,3,17,0.62
102.68,0,0,0.162823,-0.0653944,0,0,3,17,0.62
102.78,0,0,0.12282,-0.0429704,0,0,3,17,0.62
102.88,0,0,0.0900253,0.00598623,0,0,3,17,0.62
102.98,0,0,0.0681579,0.00803981,0,0,3,17,0.62
103.08,0,0,0.0743785,-0.0460858,0,0,3,17,0.62
103.18,0,0,0.123033,-0.0799309,0,0,3,17,0.62
103.28,0,0,0.134067,-0.0525628,0,0,3,17,0.62
103.38,0,0,0.0882807,-0.00212638,0,0,3,17,0.62
103.48,0,0,0.0746022,0.000253537,0,0,3,17,0.62
103.58,0,0,0.109438,-0.0467008,0,0,3,17,0.62
103.68,0,0,0.12701,-0.0679185,0,0,3,17,0.62
103.78,0,0,0.11844,-0.0381938,0,0,3,17,0.62
103.88,0,0,0.104147,-0.00269254,0,0,3,17,0.62
103.98,0,0,0.081184,0.00415382,0,0,3,17,0.62
104.08,0,0,0.0905772,-0.0258457,0,0,3,17,0.62
104.18,0,0,0.148874,-0.0593666,0,0,3,17,0.62
104.28,0,0,0.15879,-0.0501884,0,0,3,17,0.62
104.38,0,0,0.0954063,-0.0096488,0,0,3,17,0.62
104.48,0,0,0.0781922,0.0165979,0,0,3,17,0.62
104.58,0,0,0.0916337,-0.0140373,0,0,3,17,0.62
104.68,0,0,0.113728,-0.056482,0,0,3,17,0.62
104.78,0,0,0.148907,-0.0428901,0,0,3,17,0.62
104.88,0,0,0.151221,-0.000937904,0,0,3,17,0.62
104.98,0,0,0.103752,0.00838926,0,0,3,17,0.62
105.08,0,0,0.0811372,-0.0269509,0,0,3,17,0.62
105.18,0,0,0.096102,-0.046493,0,0,3,17,0.62
105.28,0,0,0.104087,-0.0277089,0,0,3,17,0.62
105.38,0,0,0.101489,-0.0146022,0,0,3,17,0.62
105.48,0,0,0.100571,-0.0136298,0,0,3,17,0.62
105.58,0,0,0.102196,-0.00771678,0,0,3,17,0.62
105.68,0,0,0.10982,-0.0146294,0,0,3,17,0.62
105.78,0,0,0.126542,-0.0391785,0,0,3,17,0.62
105.88,0,0,0.128128,-0.0415905,0,0,3,17,0.62
105.98,0,0,0.119637,-0.0137384,0,0,3,17,0.62
106.08,0,0,0.120127,0.00319732,0,0,3,17,0.62
106.18,0,0,0.134176,-0.00121342,0,0,3,17,0.62
106.28,0,0,0.141049,-0.0176308,0,0,3,17,0.62
106.38,0,0,0.13706,-0.0338075,0,0,3,17,0.62
106.48,0,0,0.117575,-0.0342742,0,0,3,17,0.62
106.58,0,0,0.0746663,-0.0135213,0,0,3,17,0.62
106.68,0,0,0.0569916,0.0152506,0,0,3,17,0.62
106.78,0,0,0.0775185,0.0122219,0,0,3,17,0.62
106.88,0,0,0.100522,-0.0226649,0,0,3,17,0.62
106.98,0,0,0.133681,-0.0430836,0,0,3,17,0.62
107.08,0,0,0.132889,-0.0151484,0,0,3,17,0.62
107.18,0,0,0.0806863,0.0285827,0,0,3,17,0.62
107.28,0,0,0.0695734,0.03274,0,0,3,17,0.62
107.38,0,0,0.12069,-0.000883056,0,0,3,17,0.62
107.48,0,0,0.153831,-0.0210516,0,0,3,17,0.62
107.58,0,0,0.159721,-0.00562068,0,0,3,17,0.62
107.68,0,0,0.152597,0.0196177,0,0,3,17,0.62
107.78,0,0,0.125794,0.0361033,0,0,3,17,0.62
107.88,0,0,0.113502,0.0361742,0,0,3,17,0.62
107.98,0,0,0.123159,0.0181175,0,0,3,17,0.62
108.08,0,0,0.142812,-0.00500228,0,0,3,17,0.62
108.18,0,0,0.177564,-0.0204306,0,0,3,17,0.62
108.28,0,0,0.164228,0.00155113,0,0,3,17,0.62
108.38,0,0,0.0780494,0.0379851,0,0,3,17,0.62
108.48,0,0,0.0499007,0.0410408,0,0,3,17,0.62
108.58,0,0,0.109515,0.00942402,0,0,3,17,0.62
108.68,0,0,0.143403,-0.0310132,0,0,3,17,0.62
108.78,0,0,0.138285,-0.0382098,0,0,3,17,0.62
108.88,0,0,0.124692,-0.000348527,0,0,3,17,0.62
108.98,0,0,0.0982764,0.0384809,0,0,3,17,0.62
109.08,0,0,0.0973685,0.0296906,0,0,3,17,0.62
109.18,0,0,0.135099,-0.028698,0,0,3,17,0.62
109.28,0,0,0.146778,-0.0628839,0,0,3,17,0.62
109.38,0,0,0.119103,-0.0337602,0,0,3,17,0.62
109.48,0,0,0.108101,0.00695539,0,0,3,17,0.62
109.58,0,0,0.122254,0.0093305,0,0,3,17,0.62
109.68,0,0,0.13019,-0.0197266,0,0,3,17,0.62
109.78,0,0,0.128699,-0.0349627,0,0,3,17,0.62
109.88,0,0,0.121331,-0.0329768,0,0,3,17,0.62
109.98,0,0,0.105066,-0.027125,0,0,3,17,0.62
110.08,0,0,0.0966463,-0.0125166,0,0,3,17,0.62
110.18,0,0,0.100097,-0.0107332,0,0,3,17,0.62
110.28,0,0,0.104428,-0.021081,0,0,3,17,0.62
110.38,0,0,0.110096,-0.025437,0,0,3,17,0.62
110.48,0,0,0.117927,-0.0217958,0,0,3,17,0.62
110.58,0,0,0.129031,-0.0190857,0,0,3,17,0.62
110.68,0,0,0.136038,-0.0226802,0,0,3,17,0.62
110.78,0,0,0.13683,-0.0121722,0,0,3,17,0.62
110.88,0,0,0.128562,0.0107415,0,0,3,17,0.62
110.98,0,0,0.106613,0.00918618,0,0,3,17,0.62
111.08,0,0,0.100744,-0.0215889,0,0,3,17,0.62
111.18,0,0,0.11916,-0.0399247,0,0,3,17,0.62
111.28,0,0,0.128056,-0.0098213,0,0,3,17,0.62
111.38,0,0,0.12254,0.0359961,0,0,3,17,0.62
111.48,0,0,0.118658,0.0406638,0,0,3,17,0.62
111.58,0,0,0.117249,-0.016024,0,0,3,17,0.62
111.68,0,0,0.12237,-0.0607208,0,0,3,17,0.62
111.78,0,0,0.137378,-0.0427383,0,0,3,17,0.62
111.88,0,0,0.146966,-0.00231166,0,0,3,17,0.62
111.98,0,0,0.148353,0.0190987,0,0,3,17,0.62
112.08,0,0,0.152907,0.0038691,0,0,3,17,0.62
112.18,0,0,0.162253,-0.0370504,0,0,3,17,0.62
112.28,0,0,0.162061,-0.0547568,0,0,3,17,0.62
112.38,0,0,0.147397,-0.0259222,0,0,3,17,0.62
112.48,0,0,0.136816,0.0118699,0,0,3,17,0.62
112.58,0,0,0.132408,0.0173047,0,0,3,17,0.62
112.68,0,0,0.131337,-0.0176313,0,0,3,17,0.62
112.78,0,0,0.132484,-0.0431842,0,0,3,17,0.62
112.88,0,0,0.132929,-0.0310387,0,0,3,17,0.62
112.98,0,0,0.130498,-0.01073,0,0,3,17,0.62
113.08,0,0,0.127402,-0.0119991,0,0,3,17,0.62
113.18,0,0,0.123301,-0.0217729,0,0,3,17,0.62
113.28,0,0,0.122288,-0.0241659,0,0,3,17,0.62
113.38,0,0,0.125954,-0.0218611,0,0,3,17,0.62
113.48,0,0,0.124653,-0.0262804,0,0,3,17,0.62
113.58,0,0,0.115843,-0.026802,0,0,3,17,0.62
113.68,0,0,0.116637,-0.0247121,0,0,3,17,0.62
113.78,0,0,0.131989,-0.0288094,0,0,3,17,0.62
113.88,0,0,0.131984,-0.0336141,0,0,3,17,0.62
113.98,0,0,0.108799,-0.0335416,0,0,3,17,0.62
114.08,0,0,0.110803,-0.0316613,0,0,3,17,0.62
114.18,0,0,0.150867,-0.0347496,0,0,3,17,0.62
114.28,0,0,0.150696,-0.0484329,0,0,3,17,0.62
114.38,0,0,0.0897222,-0.0603169,0,0,3,17,0.62
114.48,0,0,0.0665177,-0.0569021,0,0,3,17,0.62
114.58,0,0,0.100504,-0.0475333,0,0,3,17,0.62
114.68,0,0,0.120659,-0.0411823,0,0,3,17,0.62
114.78,0,0,0.119885,-0.0430606,0,0,3,17,0.62
114.88,0,0,0.12596,-0.0540251,0,0,3,17,0.62
114.98,0,0,0.142399,-0.0703458,0,0,3,17,0.62
115.08,0,0,0.145398,-0.0771861,0,0,3,17,0.62
115.18,0,0,0.128065,-0.0634396,0,0,3,17,0.62
115.28,0,0,0.123218,-0.0390284,0,0,3,17,0.62
115.38,0,0,0.137315,-0.0396636,0,0,3,17,0.62
115.48,0,0,0.138088,-0.069914,0,0,3,17,0.62
115.58,0,0,0.118726,-0.0828121,0,0,3,17,0.62
115.68,0,0,0.115517,-0.0615364,0,0,3,17,0.62
115.78,0,0,0.136744,-0.0351884,0,0,3,17,0.62
115.88,0,0,0.141839,-0.0334474,0,0,3,17,0.62
115.98,0,-0.00249735,0.122581,-0.0511003,0,0,3,17,0.62
116.08,0,-0.00499713,0.112256,-0.0659901,0,0,3,17,0.62
116.18,0,-0.024972,0.115459,-0.0636836,0,0,3,17,0.62
116.28,0,-0.025,0.119924,-0.0454364,0,0,3,17,0.62
116.38,0,-2.89849e-05,0.126298,-0.0315437,0,0,3,17,0.62
116.48,0,0,0.127349,-0.031228,0,0,3,17,0.62
116.58,0,0,0.120331,-0.0315049,0,0,3,17,0.62
116.68,0,0,0.116185,-0.0341218,0,0,3,17,0.62
116.78,0,0,0.116392,-0.0425436,0,0,3,17,0.62
116.88,0,0,0.120769,-0.038117,0,0,3,17,0.62
116.98,0,0,0.131466,-0.0166857,0,0,3,17,0.62
117.08,0,0,0.135404,-0.00890384,0,0,3,17,0.62
117.18,0,0,0.129135,-0.0195016,0,0,3,17,0.62
117.28,0,0,0.1191,-0.0277157,0,0,3,17,0.62
117.38,0,0,0.103382,-0.0263042,0,0,3,17,0.62
117.48,0,0,0.0973435,-0.0213106,0,0,3,17,0.62
117.58,0,0,0.105944,-0.0160471,0,0,3,17,0.62
117.68,0,0,0.115736,-0.00672944,0,0,3,17,0.62
117.78,0,0,0.127333,-0.00358438,0,0,3,17,0.62
117.88,0,0,0.138324,-0.00683963,0,0,3,17,0.62
117.98,0,0,0.148397,-0.00472371,0,0,3,17,0.62
118.08,0,0,0.158476,0.00294765,0,0,3,17,0.62
118.18,0,0,0.168566,0.0106992,0,0,3,17,0.62
118.28,0,0,0.172538,0.0182838,0,0,3,17,0.62
118.38,0,0,0.167245,0.0224896,0,0,3,17,0.62
118.48,0,0,0.169191,0.0198804,0,0,3,17,0.62
118.58,0,0,0.182126,0.0207066,0,0,3,17,0.62
118.68,0,0,0.18827,0.0313063,0,0,3,17,0.62
118.78,0,0,0.184159,0.0360117,0,0,3,17,0.62
118.88,0,0,0.174828,0.033236,0,0,3,17,0.62
118.98,0,0,0.144107,0.0357576,0,0,3,17,0.62
119.08,0,0,0.134594,0.0391415,0,0,3,17,0.62
119.18,0,0,0.157189,0.0449093,0,0,3,17,0.62
119.28,0,0,0.162018,0.0486747,0,0,3,17,0.62
119.38,0,0,0.139924,0.0480432,0,0,3,17,0.62
119.48,0,-0.0724413,0.136564,0.0435663,0,0,3,17,0.62
119.58,0,-0.117433,0.16155,0.0421091,0,0,3,17,0.62
119.68,0,-0.259792,0.171555,0.0572813,0,0,3,17,0.62
119.78,0,-0.524809,0.158855,0.0712721,0,0,3,17,0.62
119.88,0,-0.652332,0.152761,0.0664723,0,0,3,17,0.62
119.98,0,-0.917169,0.156662,0.0403704,0,0,3,17,0.62
120.08,0,-0.999963,0.163524,0.0231605,0,0,3,17,0.62
120.18,-0.139885,-1,0.174874,0.0491425,0,0,3,17,0.62
120.28,-0.162486,-1,0.180945,0.0739599,0,0,3,17,0.62
120.38,-0.209952,-1,0.179032,0.0489421,0,0,3,17,0.62
120.48,-0.24999,-1,0.170341,0.0209698,0,0,3,17,0.62
120.58,-0.297462,-1,0.151411,0.0346693,0,0,3,17,0.62
120.68,-0.322475,-1,0.138482,0.0354017,0,0,3,17,0.62
120.78,-0.369979,-1,0.13463,0.0192781,0,0,3,17,0.62
120.88,-0.409971,-1,0.142433,-0.00877439,0,0,3,17,0.62
120.98,-0.402507,-1,0.16789,-0.0462431,0,0,3,17,0.62
121.08,-0.4025,-1,0.171434,-0.0705991,0,0,3,17,0.62
121.18,-0.375033,-1,0.141815,-0.0767551,0,0,3,17,0.62
121.28,-0.327528,-0.772632,0.128746,-0.0757831,0,0,3,17,0.62
121.38,-0.27756,-0.163232,0.140767,-0.107076,0,0,3,17,0.62
121.48,-0.25502,-0.125034,0.152659,-0.134252,0,0,3,17,0.62
121.58,-0.207567,-0.000176162,0.164357,-0.145169,0,0,3,17,0.62
121.68,-0.167563,0,0.154854,-0.135283,0,0,3,17,0.62
121.78,-0.120026,0,0.113204,-0.126722,0,0,3,17,0.62
121.88,0.0872594,0,0.0920793,-0.110407,0,0,3,17,0.62
121.98,0.119985,0.469784,0.101965,-0.0980437,0,0,3,17,0.62
122.08,0.16248,0.609933,0.114565,-0.11263,0,0,3,17,0.62
122.18,0.202464,0.7224,0.131264,-0.135381,0,0,3,17,0.62
122.28,0.222495,0.787482,0.143832,-0.108435,0,0,3,17,0.62
122.38,0.257485,0.892454,0.150139,-0.0554712,0,0,3,17,0.62
122.48,0.297468,0.909986,0.190149,-0.0286713,0,0,3,17,0.62
122.58,0.339946,0.912497,0.281137,-0.0120928,0,0,3,17,0.62
122.68,0.342497,0.9125,0.401244,0.0258417,0,0,3,17,0.62
122.78,0.335007,0.9125,0.565442,0.0933058,0,0,3,17,0.62
122.88,0.322513,0.9125,0.747471,0.186361,0,0,3,17,0.62
122.98,0.295031,0.9125,0.956464,0.302184,0,0,3,17,0.62
123.08,0.28751,0.9125,1.08762,0.42627,0,0,3,17,0.62
123.18,0.277505,0.9125,1.1009,0.527576,0,0,3,17,0.62
123.28,0.275001,0.9125,1.11088,0.585489,0,0,3,17,0.62
123.38,0.267507,0.9125,1.1159,0.616574,0,0,3,17,0.62
123.48,0.260002,0.9125,1.13338,0.634602,0,0,3,17,0.62
123.58,0.26,0.9125,1.16972,0.682424,0,0,3,17,0.62
123.68,0.257502,0.9125,1.18323,0.694528,0,0,3,17,0.62
123.78,0.250005,0.9125,1.16228,0.630767,0,0,3,17,0.62
123.88,0.25,0.9125,1.1358,0.610256,0,0,3,17,0.62
123.98,0.242503,0.9125,1.10093,0.598911,0,0,3,17,0.62
124.08,0.247497,0.910002,1.07912,0.593655,0,0,3,17,0.62
124.18,0.2475,0.91,1.07705,0.606091,0,0,3,17,0.62
124.28,0.2475,0.91,1.0713,0.587942,0,0,3,17,0.62
124.38,0.2475,0.91,1.05997,0.600645,0,0,3,17,0.62
124.48,0.242503,0.91,1.0676,0.585694,0,0,3,17,0.62
124.58,0.2425,0.91,1.10387,0.575453,0,0,3,17,0.62
124.68,0.2425,0.91,1.12558,0.590943,0,0,3,17,0.62
124.78,0.2425,0.91,1.12523,0.590097,0,0,3,17,0.62
124.88,0.240002,0.91,1.11552,0.611857,0,0,3,17,0.62
124.98,0.24,0.91,1.09168,0.600169,0,0,3,17,0.62
125.08,0.24,0.91,1.08042,0.594289,0,0,3,17,0.62
125.18,0.24,0.91,1.08815,0.59248,0,0,3,17,0.62
125.28,0.24,0.91,1.09692,0.593654,0,0,3,17,0.62
125.38,0.237503,0.91,1.10727,0.584276,0,0,3,17,0.62
125.48,0.2375,0.91,1.10868,0.599887,0,0,3,17,0.62
125.58,0.22251,0.855036,1.09656,0.587875,0,0,3,17,0.62
125.68,0.190043,0.148433,1.0793,0.576038,0,0,3,17,0.62
125.78,0.147562,0.000216792,1.05427,0.472902,0,0,3,17,0.62
125.88,0.127514,0,1.01622,0.293662,0,0,3,17,0.62
125.98,0.0875276,0,0.958456,0.210629,0,0,3,17,0.62
126.08,7.43631e-05,0,0.884996,0.195712,0,0,3,17,0.62
126.18,0,0,0.787796,0.170029,0,0,3,17,0.62
126.28,0,0,0.735592,0.14768,0,0,3,17,0.62
126.38,0,0,0.751545,0.154862,0,0,3,17,0.62
126.48,0,0,0.740138,0.132161,0,0,3,17,0.62
126.58,0.0874195,0,0.687422,0.097008,0,0,3,17,0.62
126.68,0.0899971,0,0.648994,0.0508072,0,0,3,17,0.62
126.78,0.13247,0,0.632172,0.0183764,0,0,3,17,0.62
126.88,0.164978,0,0.613163,-0.00179653,0,0,3,17,0.62
126.98,0.204986,0,0.590848,-0.00674064,0,0,3,17,0.62
127.08,0.227495,0,0.605222,-0.010784,0,0,3,17,0.62
127.18,0.232495,0,0.675182,0.00902384,0,0,3,17,0.62
127.28,0.227504,0,0.76082,0.0186278,0,0,3,17,0.62
127.38,0.210024,0,0.870185,0.0411158,0,0,3,17,0.62
127.48,0.212499,0,0.95624,0.0427588,0,0,3,17,0.62
127.58,0.205007,0,1.00703,0.050727,0,0,3,17,0.62
127.68,0.205,0,1.03698,0.0481999,0,0,3,17,0.62
127.78,0.202503,0,1.03538,0.0615852,0,0,3,17,0.62
127.88,0.2025,0,1.038,0.062953,0,0,3,17,0.62
127.98,0.204998,0,1.04701,0.068049,0,0,3,17,0.62
128.08,0.209996,0,1.07729,0.0634378,0,0,3,17,0.62
128.18,0.21,0,1.13979,0.0694019,0,0,3,17,0.62
128.28,0.202504,0,1.17206,0.0509514,0,0,3,17,0.62
128.38,0.2025,0,1.15867,0.0452925,0,0,3,17,0.62
128.48,0.204999,0,1.15798,0.0341661,0,0,3,17,0.62
128.58,0.205,0,1.17649,0.0409033,0,0,3,17,0.62
128.68,0.205,0,1.19608,0.0268964,0,0,3,17,0.62
128.78,0.205,0,1.21727,0.028889,0,0,3,17,0.62
128.88,0.205,0,1.23942,0.00950619,0,0,3,17,0.62
128.98,0.205,0,1.26302,-0.000406671,0,0,3,17,0.62
129.08,0.205,0,1.26118,-0.000104904,0,0,3,17,0.62
129.18,0.205,0,1.22075,-0.00196441,0,0,3,17,0.62
129.28,0.205,0,1.22013,-0.00131894,0,0,3,17,0.62
129.38,0.205,0,1.27983,0.00409442,0,0,3,17,0.62
129.48,0.205,0,1.31993,0.0169733,0,0,3,17,0.62
129.58,0.205,0,1.33044,0.0116642,0,0,3,17,0.62
129.68,0.205,0,1.32624,0.010582,0,0,3,17,0.62
129.78,0.205,0,1.29977,0.00557657,0,0,3,17,0.62
129.88,0.202502,0,1.27793,0.00321315,0,0,3,17,0.62
129.98,0.2025,0,1.2631,-0.00290307,0,0,3,17,0.62
130.08,0.2025,0,1.25158,0.00842569,0,0,3,17,0.62
130.18,0.2025,0,1.24506,-0.00362752,0,0,3,17,0.62
130.28,0.2025,0,1.25126,0.0117036,0,0,3,17,0.62
130.38,0.2025,0,1.27674,0.00188525,0,0,3,17,0.62
130.48,0.2025,0,1.28831,0.0212862,0,0,3,17,0.62
130.58,0.204995,0,1.27885,0.0200899,0,0,3,17,0.62
130.68,0.205,0,1.28177,0.0274329,0,0,3,17,0.62
130.78,0.205,0,1.30352,0.0184895,0,0,3,17,0.62
130.88,0.205,0,1.3238,0.0341742,0,0,3,17,0.62
130.98,0.205,0,1.33806,0.0152488,0,0,3,17,0.62
131.08,0.205,0,1.3329,0.0330468,0,0,3,17,0.62
131.18,0.205,0,1.29838,0.0137932,0,0,3,17,0.62
131.28,0.205,0,1.28341,0.0379931,0,0,3,17,0.62
131.38,0.205,0,1.29804,0.0185603,0,0,3,17,0.62
131.48,0.205,0,1.302,0.040546,0,0,3,17,0.62
131.58,0.205,0,1.28986,0.022936,0,0,3,17,0.62
131.68,0.205,0,1.28146,0.0263731,0,0,3,17,0.62
131.78,0.205,0,1.27553,0.0162525,0,0,3,17,0.62
131.88,0.205,0,1.27317,0.0230978,0,0,3,17,0.62
131.98,0.205,0,1.27622,0.0200357,0,0,3,17,0.62
132.08,0.205,0,1.28599,0.0211608,0,0,3,17,0.62
132.18,0.205,0,1.30594,0.0261355,0,0,3,17,0.62
132.28,0.205,0,1.32756,0.00971211,0,0,3,17,0.62
132.38,0.205,0,1.35172,-0.00143629,0,0,3,17,0.62
132.48,0.205,0,1.35493,0.0184332,0,0,3,17,0.62
132.58,0.205,0,1.32644,0.0118366,0,0,3,17,0.62
132.68,0.205,0,1.31398,0.02754,0,0,3,17,0.62
132.78,0.205,0,1.32574,0.010853,0,0,3,17,0.62
132.88,0.205,0,1.32942,0.0108081,0,0,3,17,0.62
132.98,0.205,0,1.3209,0.0235899,0,0,3,17,0.62
133.08,0.205,0,1.31345,0.0152094,0,0,3,17,0.62
133.18,0.205,0,1.30761,0.0410804,0,0,3,17,0.62
133.28,0.205,0,1.30907,0.0181424,0,0,3,17,0.62
133.38,0.205,0,1.32159,0.0222544,0,0,3,17,0.62
133.48,0.205,0,1.33367,0.00928296,0,0,3,17,0.62
133.58,0.205,0,1.34507,0.010491,0,0,3,17,0.62
133.68,0.205,0,1.35235,0.0059045,0,0,3,17,0.62
133.78,0.205,0,1.35337,0.0207629,0,0,3,17,0.62
133.88,0.205,0,1.33835,0.0192732,0,0,3,17,0.62
133.98,0.205,0,1.29904,0.0229451,0,0,3,17,0.62
134.08,0.205,0,1.28924,0.0273471,0,0,3,17,0.62
134.18,0.205,0,1.32411,0.0137794,0,0,3,17,0.62
134.28,0.205,0,1.34199,0.022114,0,0,3,17,0.62
134.38,0.205,0,1.3342,0.0182693,0,0,3,17,0.62
134.48,0.205,0,1.31411,0.0377176,0,0,3,17,0.62
134.58,0.205,0,1.27544,0.0285452,0,0,3,17,0.62
134.68,0.205,0,1.24936,0.0348349,0,0,3,17,0.62
134.78,0.205,0,1.24233,0.0292323,0,0,3,17,0.62
134.88,0.205,0,1.25177,0.0373129,0,0,3,17,0.62
134.98,0.205,0,1.28618,0.0292997,0,0,3,17,0.62
135.08,0.205,0,1.29795,0.0211205,0,0,3,17,0.62
135.18,0.205,0,1.2755,0.0350609,0,0,3,17,0.62
135.28,0.205,0,1.25907,0.0245007,0,0,3,17,0.62
135.38,0.205,0,1.25178,0.0296684,0,0,3,17,0.62
135.48,0.205,0,1.25266,0.0370409,0,0,3,17,0.62
135.58,0.205,0,1.26591,0.0342964,0,0,3,17,0.62
135.68,0.205,0,1.27721,0.0462903,0,0,3,17,0.62
135.78,0.205,0,1.28555,0.036735,0,0,3,17,0.62
135.88,0.205,0,1.29357,0.0354057,0,0,3,17,0.62
135.98,0.205,0,1.30111,0.0417843,0,0,3,17,0.62
136.08,0.205,0,1.30485,0.0218589,0,0,3,17,0.62
136.18,0.205,0,1.30286,0.0404176,0,0,3,17,0.62
136.28,0.205,0,1.30154,0.0254717,0,0,3,17,0.62
136.38,0.205,0,1.30123,0.0313242,0,0,3,17,0.62
136.48,0.205,0,1.29793,0.0351916,0,0,3,17,0.62
136.58,0.202502,0,1.29011,0.0300326,0,0,3,17,0.62
136.68,0.2025,0,1.28,0.0432294,0,0,3,17,0.62
136.78,0.2025,0,1.26642,0.0287685,0,0,3,17,0.62
136.88,0.200003,0,1.25638,0.0222473,0,0,3,17,0.62
136.98,0.19506,0,1.26086,0.0415574,0,0,3,17,0.62
137.08,0.195,0,1.26162,0.0251906,0,0,3,17,0.62
137.18,0.199994,0,1.25677,0.0363059,0,0,3,17,0.62
137.28,0.2,0,1.25895,0.0246478,0,0,3,17,0.62
137.38,0.2,0,1.27176,0.0245485,0,0,3,17,0.62
137.48,0.2,0,1.27741,0.0239919,0,0,3,17,0.62
137.58,0.202498,0,1.27227,0.027631,0,0,3,17,0.62
137.68,0.2025,0,1.27542,0.0202241,0,0,3,17,0.62
137.78,0.2025,0,1.2911,0.0256581,0,0,3,17,0.62
137.88,0.2025,0,1.29615,0.0277169,0,0,3,17,0.62
137.98,0.2025,0,1.2851,0.0258724,0,0,3,17,0.62
138.08,0.204998,0,1.27185,0.0344162,0,0,3,17,0.62
138.18,0.192513,0,1.2553,0.0278454,0,0,3,17,0.62
138.28,0.212487,0,1.25406,0.0429,0,0,3,17,0.62
138.38,0.2125,0,1.27602,0.0381591,0,0,3,17,0.62
138.48,0.217497,0,1.28527,0.0336591,0,0,3,17,0.62
138.58,0.222494,0,1.27531,0.04381,0,0,3,17,0.62
138.68,0.227493,0,1.27965,0.0435573,0,0,3,17,0.62
138.78,0.232498,0,1.30566,0.0595013,0,0,3,17,0.62
138.88,0.230001,0,1.3389,0.0485377,0,0,3,17,0.62
138.98,0.23,0,1.38307,0.0485605,0,0,3,17,0.62
139.08,0.227501,0,1.41441,0.0457097,0,0,3,17,0.62
139.18,0.2275,0,1.42637,0.0447673,0,0,3,17,0.62
139.28,0.229998,0,1.42698,0.0496873,0,0,3,17,0.62
139.38,0.227503,0,1.41044,0.0585635,0,0,3,17,0.62
139.48,0.220003,0,1.41126,0.0572364,0,0,3,17,0.62
139.58,0.217501,0,1.43837,0.0608717,0,0,3,17,0.62
139.68,0.2175,0,1.43803,0.0534888,0,0,3,17,0.62
139.78,0.210007,0,1.39614,0.0733125,0,0,3,17,0.62
139.88,0.17504,0,1.36349,0.0552426,0,0,3,17,0.62
139.98,0.135044,0,1.34483,0.0582045,0,0,3,17,0.62
140.08,0.115017,0,1.30598,0.021622,0,0,3,17,0.62
140.18,0.00144791,0,1.1842,0.0237284,0,0,3,17,0.62
140.28,0,0,1.08216,-7.11354e-05,0,0,3,17,0.62
140.38,0,0,1.01005,-0.0174583,0,0,3,17,0.62
140.48,0,0,0.956487,-0.00564769,0,0,3,17,0.62
140.58,0,0,0.930929,-0.037132,0,0,3,17,0.62
140.68,0,0,0.890784,-0.04071,0,0,3,17,0.62
140.78,0,0,0.82856,-0.030092,0,0,3,17,0.62
140.88,0,0,0.79664,-0.044718,0,0,3,17,0.62
140.98,0,0,0.810473,-0.0654413,0,0,3,17,0.62
141.08,0,0,0.804996,-0.0386555,0,0,3,17,0.62
141.18,0,0,0.770273,-0.0309856,0,0,3,17,0.62
141.28,0,0,0.747991,-0.00941026,0,0,3,17,0.62
141.38,0,0,0.744545,0.00127991,0,0,3,17,0.62
141.48,0,0,0.741241,-0.00619634,0,0,3,17,0.62
141.58,0,0,0.738153,0.0079852,0,0,3,17,0.62
141.68,0,0,0.733061,0.00346503,0,0,3,17,0.62
141.78,0,0,0.724927,0.00819544,0,0,3,17,0.62
141.88,0,0,0.687087,0.0230977,0,0,3,17,0.62
141.98,0,0,0.604352,0.0182226,0,0,3,17,0.62
142.08,0,0,0.54842,0.0209376,0,0,3,17,0.62
142.18,0,0,0.532992,0.0258127,0,0,3,17,0.62
142.28,0,0,0.529344,0.0282412,0,0,3,17,0.62
142.38,0,0,0.543537,0.0177948,0,0,3,17,0.62
142.48,0,0,0.546683,0.0198541,0,0,3,17,0.62
142.58,0,0,0.533123,0.0266213,0,0,3,17,0.62
142.68,0,0,0.517219,0.0167478,0,0,3,17,0.62
142.78,0,0,0.497755,0.0193659,0,0,3,17,0.62
142.88,0,0,0.478255,0.0204908,0,0,3,17,0.62
142.98,0,0,0.458606,0.0101091,0,0,3,17,0.62
143.08,0,0,0.446603,0.0128747,0,0,3,17,0.62
143.18,0,0,0.446166,0.0143397,0,0,3,17,0.62
143.28,0,0,0.453121,0.0148484,0,0,3,17,0.62
143.38,0,0,0.471272,0.0165449,0,0,3,17,0.62
143.48,0,0,0.465214,0.0243851,0,0,3,17,0.62
143.58,0,0,0.422506,0.027883,0,0,3,17,0.62
143.68,0,0,0.394555,0.0237731,0,0,3,17,0.62
143.78,0,0,0.388941,0.0329655,0,0,3,17,0.62
143.88,0,0,0.394674,0.0398054,0,0,3,17,0.62
143.98,0,0,0.417536,0.031546,0,0,3,17,0.62
144.08,0,0,0.412847,0.0486672,0,0,3,17,0.62
144.18,0,0,0.366498,0.0557899,0,0,3,17,0.62
144.28,0,0,0.338548,0.0350376,0,0,3,17,0.62
144.38,0,0,0.338505,0.0512488,0,0,3,17,0.62
144.48,0,0,0.348658,0.0627802,0,0,3,17,0.62
144.58,0,0,0.374244,0.035726,0,0,3,17,0.62
144.68,0,0,0.371784,0.0207961,0,0,3,17,0.62
144.78,0,0,0.326897,0.0400776,0,0,3,17,0.62
144.88,0,0,0.299458,0.0483026,0,0,3,17,0.62
144.98,0,0,0.298431,0.0369955,0,0,3,17,0.62
145.08,0,0,0.290125,0.028675,0,0,3,17,0.62
145.18,0,0,0.270824,0.0400628,0,0,3,17,0.62
145.28,0,0,0.27682,0.0441593,0,0,3,17,0.62
145.38,0,0,0.321114,0.0367495,0,0,3,17,0.62
145.48,0,0,0.334651,0.0336898,0,0,3,17,0.62
145.58,0,0,0.30175,0.0495687,0,0,3,17,0.62
145.68,0,0,0.284219,0.0548461,0,0,3,17,0.62
145.78,0,0,0.289946,0.0326828,0,0,3,17,0.62
145.88,0,0,0.289416,0.0191721,0,0,3,17,0.62
145.98,0,0,0.27942,0.0314209,0,0,3,17,0.62
146.08,0,0,0.26451,0.0262888,0,0,3,17,0.62
146.18,0,0,0.242164,0.0255706,0,0,3,17,0.62
146.28,0,0,0.233431,0.0466766,0,0,3,17,0.62
146.38,0,0,0.245299,0.0530155,0,0,3,17,0.62
146.48,0,0,0.254696,0.0435943,0,0,3,17,0.62
146.58,0,0,0.26035,0.0454856,0,0,3,17,0.62
146.68,0,0,0.253541,0.0510514,0,0,3,17,0.62
146.78,0,0,0.227905,0.0461221,0,0,3,17,0.62
146.88,0,0,0.213439,0.0532624,0,0,3,17,0.62
146.98,0,0,0.215858,0.0498332,0,0,3,17,0.62
147.08,0,0,0.213272,0.0376728,0,0,3,17,0.62
147.18,0,0,0.203122,0.0407517,0,0,3,17,0.62
147.28,0,0,0.209102,0.0417893,0,0,3,17,0.62
147.38,0,0,0.239496,0.0464852,0,0,3,17,0.62
147.48,0,0,0.247602,0.0611236,0,0,3,17,0.62
147.58,0,0,0.221889,0.0654949,0,0,3,17,0.62
147.68,0,0,0.204511,0.060393,0,0,3,17,0.62
147.78,0,0,0.199761,0.0627046,0,0,3,17,0.62
147.88,0,0,0.196151,0.0637964,0,0,3,17,0.62
147.98,0,0,0.194267,0.0476272,0,0,3,17,0.62
148.08,0,0,0.1898,0.0361016,0,0,3,17,0.62
148.18,0,0,0.181419,0.0444669,0,0,3,17,0.62
148.28,0,0,0.177715,0.0434922,0,0,3,17,0.62
148.38,0,0,0.181073,0.042367,0,0,3,17,0.62
148.48,0,0,0.180229,0.0670504,0,0,3,17,0.62
148.58,0,0,0.173019,0.085061,0,0,3,17,0.62
148.68,0,0,0.174461,0.0656688,0,0,3,17,0.62
148.78,0,0,0.188982,0.0611206,0,0,3,17,0.62
148.88,0,0,0.199925,0.0749376,0,0,3,17,0.62
148.98,0,0,0.196159,0.0614114,0,0,3,17,0.62
149.08,0,0,0.188715,0.0435618,0,0,3,17,0.62
149.18,0,0,0.175705,0.0442871,0,0,3,17,0.62
149.28,0,0,0.175926,0.0393655,0,0,3,17,0.62
149.38,0,0,0.196187,0.0449565,0,0,3,17,0.62
149.48,0,0,0.195247,0.0623907,0,0,3,17,0.62
149.58,0,0,0.162208,0.0761109,0,0,3,17,0.62
149.68,0,0,0.14699,0.0834581,0,0,3,17,0.62
149.78,0,0,0.15878,0.0827138,0,0,3,17,0.62
149.88,0,0,0.16652,0.0599184,0,0,3,17,0.62
149.98,0,0,0.168142,0.0334532,0,0,3,17,0.62
150.08,0,0,0.164954,0.0430142,0,0,3,17,0.62
150.18,0,0,0.154488,0.0579771,0,0,3,17,0.62
150.28,0,0,0.144753,0.0418085,0,0,3,17,0.62
150.38,0,0,0.136123,0.0242154,0,0,3,17,0.62
150.48,0,0,0.129728,0.0587424,0,0,3,17,0.62
150.58,0,0,0.126719,0.0969904,0,0,3,17,0.62
150.68,0,0,0.127374,0.0871097,0,0,3,17,0.62
150.78,0,0,0.133572,0.0449224,0,0,3,17,0.62
150.88,0,0,0.130361,0.0347495,0,0,3,17,0.62
150.98,0,0,0.112884,0.0420603,0,0,3,17,0.62
151.08,0,0,0.116365,0.0251731,0,0,3,17,0.62
151.18,0,0,0.151594,0.0162802,0,0,3,17,0.62
151.28,0,0,0.154909,0.043476,0,0,3,17,0.62
151.38,0,0,0.109861,0.0572641,0,0,3,17,0.62
151.48,0,0,0.0938485,0.0572426,0,0,3,17,0.62
151.58,0,0,0.121662,0.0665511,0,0,3,17,0.62
151.68,0,0,0.139355,0.0632773,0,0,3,17,0.62
151.78,0,0,0.141742,0.0383974,0,0,3,17,0.62
151.88,0,0,0.133143,0.021919,0,0,3,17,0.62
151.98,0,0,0.107943,0.0187942,0,0,3,17,0.62
152.08,0,0,0.10413,0.0230375,0,0,3,17,0.62
152.18,0,0,0.13272,0.0340347,0,0,3,17,0.62
152.28,0,0,0.140062,0.048102,0,0,3,17,0.62
152.38,0,0,0.115239,0.0633648,0,0,3,17,0.62
152.48,0,0,0.109443,0.0645435,0,0,3,17,0.62
152.58,0,0,0.132478,0.0667255,0,0,3,17,0.62
152.68,0,0,0.135389,0.0693989,0,0,3,17,0.62
152.78,0,0,0.107839,0.0475896,0,0,3,17,0.62
152.88,0,0,0.0955588,0.0063447,0,0,3,17,0.62
152.98,0,0,0.106323,0.00190924,0,0,3,17,0.62
153.08,0,0,0.113138,0.0451618,0,0,3,17,0.62
153.18,0,0,0.113985,0.0752144,0,0,3,17,0.62
153.28,0,0,0.116896,0.0698771,0,0,3,17,0.62
153.38,0,0,0.122934,0.0669418,0,0,3,17,0.62
153.48,0,0,0.11351,0.0835682,0,0,3,17,0.62
153.58,0,0,0.080685,0.0702557,0,0,3,17,0.62
153.68,0,0,0.0728994,0.0393176,0,0,3,17,0.62
153.78,0,0,0.102978,0.0336403,0,0,3,17,0.62
153.88,0,0,0.115134,0.0348168,0,0,3,17,0.62
153.98,0,0,0.100207,0.036054,0,0,3,17,0.62
154.08,0,0,0.0933304,0.0522389,0,0,3,17,0.62
154.18,0,0,0.0986355,0.0800255,0,0,3,17,0.62
154.28,0,0,0.103411,0.0970892,0,0,3,17,0.62
154.38,0,0,0.107383,0.09319,0,0,3,17,0.62
154.48,0,0,0.105877,0.0748085,0,0,3,17,0.62
154.58,0,0,0.0960978,0.0543913,0,0,3,17,0.62
154.68,0,0,0.0949877,0.0399812,0,0,3,17,0.62
154.78,0,0,0.10699,0.0340896,0,0,3,17,0.62
154.88,0,0,0.11153,0.0375749,0,0,3,17,0.62
154.98,0,0,0.104784,0.0555483,0,0,3,17,0.62
155.08,0,0,0.0981786,0.0848576,0,0,3,17,0.62
155.18,0,0,0.0917849,0.10132,0,0,3,17,0.62
155.28,0,0,0.0941458,0.0868126,0,0,3,17,0.62
155.38,0,0,0.109784,0.0587785,0,0,3,17,0.62
155.48,0,0,0.112243,0.0525655,0,0,3,17,0.62
155.58,0,0,0.0947494,0.0636871,0,0,3,17,0.62
155.68,0,0,0.0904839,0.0566414,0,0,3,17,0.62
155.78,0,0,0.106247,0.0337364,0,0,3,17,0.62
155.88,0,0,0.105246,0.0499977,0,0,3,17,0.62
155.98,0,0,0.0788302,0.107054,0,0,3,17,0.62
156.08,0,0,0.077953,0.130061,0,0,3,17,0.62
156.18,0,0,0.115652,0.0946714,0,0,3,17,0.62
156.28,0,0,0.118008,0.0544917,0,0,3,17,0.62
156.38,0,0,0.0668781,0.0540373,0,0,3,17,0.62
156.48,0,0,0.0667423,0.0686425,0,0,3,17,0.62
156.58,0,0,0.14357,0.0583421,0,0,3,17,0.62
156.68,0,0,0.166957,0.0472479,0,0,3,17,0.62
156.78,0,0,0.10936,0.0584478,0,0,3,17,0.62
156.88,0,0,0.0872535,0.0987005,0,0,3,17,0.62
156.98,0,0,0.118883,0.113868,0,0,3,17,0.62
157.08,0,0,0.125897,0.0893226,0,0,3,17,0.62
157.18,0,0,0.0956421,0.0615276,0,0,3,17,0.62
157.28,0,0,0.0755708,0.0469018,0,0,3,17,0.62
157.38,0,0,0.0709193,0.0450066,0,0,3,17,0.62
157.48,0,0,0.0712917,0.0477485,0,0,3,17,0.62
157.58,0,0,0.0792737,0.0484158,0,0,3,17,0.62
157.68,0,0,0.0840927,0.0685143,0,0,3,17,0.62
157.78,0,0,0.0841314,0.105031,0,0,3,17,0.62
157.88,0,0,0.0833327,0.110867,0,0,3,17,0.62
157.98,0,0,0.0812678,0.0791183,0,0,3,17,0.62
158.08,0,0,0.0858568,0.0502875,0,0,3,17,0.62
158.18,0,0,0.100505,0.0507971,0,0,3,17,0.62
158.28,0,0,0.106039,0.0608565,0,0,3,17,0.62
158.38,0,0,0.0977614,0.0453586,0,0,3,17,0.62
158.48,0,0,0.0880991,0.0217884,0,0,3,17,0.62
158.58,0,0,0.0763434,0.0500135,0,0,3,17,0.62
158.68,0,0,0.0784082,0.0900685,0,0,3,17,0.62
158.78,0,0,0.101423,0.0794765,0,0,3,17,0.62
158.88,0,0,0.111282,0.0495337,0,0,3,17,0.62
158.98,0,0,0.101241,0.0260738,0,0,3,17,0.62
159.08,0,0,0.0901845,0.010653,0,0,3,17,0.62
159.18,0,0,0.077588,0.0189057,0,0,3,17,0.62
159.28,0,0,0.0785422,0.0595972,0,0,3,17,0.62
159.38,0,0,0.0999773,0.0831573,0,0,3,17,0.62
159.48,0,0,0.110477,0.0569561,0,0,3,17,0.62
159.58,0,0,0.104466,0.0409086,0,0,3,17,0.62
159.68,0,0,0.0997097,0.0864735,0,0,3,17,0.62
159.78,0,0,0.0968526,0.122492,0,0,3,17,0.62
159.88,0,0,0.102409,0.0740871,0,0,3,17,0.62
159.98,0,0,0.12071,0.0105461,0,0,3,17,0.62
160.08,0,0,0.12443,0.0299916,0,0,3,17,0.62
160.18,0,0,0.10606,0.105077,0,0,3,17,0.62
160.28,0,0,0.100989,0.142758,0,0,3,17,0.62
160.38,0,0,0.116037,0.118253,0,0,3,17,0.62
160.48,0,0,0.109207,0.0818783,0,0,3,17,0.62
160.58,0,0,0.0692525,0.0728859,0,0,3,17,0.62
160.68,0,0,0.066502,0.0916307,0,0,3,17,0.62
160.78,0,0,0.120157,0.109162,0,0,3,17,0.62
160.88,0,0,0.152912,0.102875,0,0,3,17,0.62
160.98,0,0,0.0996662,0.0808464,0,0,3,17,0.62
161.08,0,0,0.0734095,0.0825323,0,0,3,17,0.62
161.18,0,0,0.0880092,0.112012,0,0,3,17,0.62
161.28,0,0,0.0959313,0.120402,0,0,3,17,0.62
161.38,0,0,0.0937514,0.107503,0,0,3,17,0.62
161.48,0,0,0.0894301,0.0869127,0,0,3,17,0.62
161.58,0,0,0.0818702,0.0722724,0,0,3,17,0.62
161.68,0,0,0.0851673,0.073146,0,0,3,17,0.62
161.78,0,0,0.104901,0.0981192,0,0,3,17,0.62
161.88,0,0,0.100575,0.110854,0,0,3,17,0.62
161.98,0,0,0.059881,0.0962082,0,0,3,17,0.62
162.08,0,0,0.0488839,0.0959285,0,0,3,17,0.62
162.18,0,0,0.0829344,0.114368,0,0,3,17,0.62
162.28,0,0,0.109007,0.110696,0,0,3,17,0.62
162.38,0,0,0.102367,0.0825845,0,0,3,17,0.62
162.48,0,0,0.0973119,0.0640693,0,0,3,17,0.62
162.58,0,0,0.0946503,0.0793422,0,0,3,17,0.62
162.68,0,0,0.107882,0.102965,0,0,3,17,0.62
162.78,0,0,0.145141,0.104522,0,0,3,17,0.62
162.88,0,0,0.149955,0.0907284,0,0,3,17,0.62
162.98,0,0,0.105679,0.078006,0,0,3,17,0.62
163.08,0,0,0.0861453,0.0759007,0,0,3,17,0.62
163.18,0,0,0.104034,0.0837508,0,0,3,17,0.62
163.28,0,0,0.117409,0.0868108,0,0,3,17,0.62
163.38,0,0,0.123947,0.0826873,0,0,3,17,0.62
163.48,0,0,0.120158,0.0751033,0,0,3,17,0.62
163.58,0,0,0.100748,0.0618718,0,0,3,17,0.62
163.68,0,0,0.0936068,0.0673129,0,0,3,17,0.62
163.78,0,0,0.105073,0.0875875,0,0,3,17,0.62
163.88,0,0,0.112283,0.0869348,0,0,3,17,0.62
163.98,0,0,0.113061,0.063803,0,0,3,17,0.62
164.08,0,0,0.111201,0.0440026,0,0,3,17,0.62
164.18,0,0,0.105353,0.0506842,0,0,3,17,0.62
164.28,0,0,0.113488,0.0770425,0,0,3,17,0.62
164.38,0,0,0.142756,0.0838493,0,0,3,17,0.62
164.48,0,0,0.149744,0.0591924,0,0,3,17,0.62
164.58,0,0,0.123021,0.0422612,0,0,3,17,0.62
164.68,0,0,0.112876,0.0471265,0,0,3,17,0.62
164.78,0,0,0.127857,0.0535187,0,0,3,17,0.62
164.88,0,0,0.133571,0.0520629,0,0,3,17,0.62
164.98,0,0,0.125238,0.0465869,0,0,3,17,0.62
165.08,0,0,0.121626,0.039288,0,0,3,17,0.62
165.18,0,0,0.125156,0.057756,0,0,3,17,0.62
165.28,0,0,0.134035,0.0815016,0,0,3,17,0.62
165.38,0,0,0.151023,0.0462942,0,0,3,17,0.62
165.48,0,0,0.152954,0.00510071,0,0,3,17,0.62
165.58,0,0,0.132138,0.0372075,0,0,3,17,0.62
165.68,0,0,0.134156,0.0994149,0,0,3,17,0.62
165.78,0,0,0.170732,0.0854907,0,0,3,17,0.62
165.88,0,0,0.168094,0.0286067,0,0,3,17,0.62
165.98,0,0,0.10607,0.0143706,0,0,3,17,0.62
166.08,0,0,0.0859455,0.0542563,0,0,3,17,0.62
166.18,0,0,0.129289,0.0873643,0,0,3,17,0.62
166.28,0,0,0.144304,0.0745442,0,0,3,17,0.62
166.38,0,0,0.116412,0.0358032,0,0,3,17,0.62
166.48,0,0,0.111427,0.0166411,0,0,3,17,0.62
166.58,0,0,0.141071,0.0436492,0,0,3,17,0.62
166.68,0,0,0.152701,0.0739819,0,0,3,17,0.62
166.78,0,0,0.137042,0.0609443,0,0,3,17,0.62
166.88,0,0,0.128025,0.0237153,0,0,3,17,0.62
166.98,0,0,0.146218,0.00824118,0,0,3,17,0.62
167.08,0,0,0.15144,0.0279905,0,0,3,17,0.62
167.18,0,0,0.137064,0.0503175,0,0,3,17,0.62
167.28,0,0,0.131049,0.041376,0,0,3,17,0.62
167.38,0,0,0.137667,0.0155575,0,0,3,17,0.62
167.48,0,0,0.139831,-0.0011094,0,0,3,17,0.62
167.58,0,0,0.135258,0.00636144,0,0,3,17,0.62
167.68,0,0,0.132602,0.0243789,0,0,3,17,0.62
167.78,0,0,0.132853,0.0246206,0,0,3,17,0.62
167.88,0,0,0.136902,-0.000423889,0,0,3,17,0.62
167.98,0,0,0.146706,-0.017543,0,0,3,17,0.62
168.08,0,0,0.151169,-0.00211505,0,0,3,17,0.62
168.18,0,0,0.147545,0.016258,0,0,3,17,0.62
168.28,0,0,0.142495,0.000549597,0,0,3,17,0.62
168.38,0,0,0.135287,-0.0279473,0,0,3,17,0.62
168.48,0,0,0.133823,-0.0290108,0,0,3,17,0.62
168.58,0,0,0.141073,-0.00529067,0,0,3,17,0.62
168.68,0,0,0.139709,0.00947948,0,0,3,17,0.62
168.78,0,0,0.125314,-0.0144512,0,0,3,17,0.62
168.88,0,0,0.115384,-0.045578,0,0,3,17,0.62
168.98,0,0,0.123766,-0.0353806,0,0,3,17,0.62
169.08,0,0,0.138835,0.00448315,0,0,3,17,0.62
169.18,0,0,0.164011,0.00153465,0,0,3,17,0.62
169.28,0,0,0.173935,-0.0426686,0,0,3,17,0.62
169.38,0,0,0.160745,-0.0615764,0,0,3,17,0.62
169.48,0,0,0.159818,-0.0293698,0,0,3,17,0.62
169.58,0,0,0.177463,0.00485542,0,0,3,17,0.62
169.68,0,0,0.176192,-0.0109244,0,0,3,17,0.62
169.78,0,0,0.146236,-0.0476507,0,0,3,17,0.62
169.88,0,0,0.135896,-0.0414822,0,0,3,17,0.62
169.98,0,0,0.155274,0.00300056,0,0,3,17,0.62
170.08,0,0,0.166828,-0.00378283,0,0,3,17,0.62
170.18,0,0,0.166568,-0.0548998,0,0,3,17,0.62
170.28,0,0,0.171712,-0.0603678,0,0,3,17,0.62
170.38,0,0,0.185031,0.0016568,0,0,3,17,0.62
170.48,0,0,0.177343,0.0277416,0,0,3,17,0.62
170.58,0,0,0.137851,-0.0267703,0,0,3,17,0.62
170.68,0,0,0.124282,-0.0675919,0,0,3,17,0.62
170.78,0,0,0.149988,-0.035894,0,0,3,17,0.62
170.88,0,0,0.15898,0.0103011,0,0,3,17,0.62
170.98,0,0,0.142691,-0.00755504,0,0,3,17,0.62
171.08,0,0,0.131766,-0.0543431,0,0,3,17,0.62
171.18,0,0,0.128966,-0.0675516,0,0,3,17,0.62
171.28,0,0,0.13877,-0.0456885,0,0,3,17,0.62
171.38,0,0,0.167664,-0.0320367,0,0,3,17,0.62
171.48,0,0,0.173229,-0.0408152,0,0,3,17,0.62
171.58,0,0,0.143458,-0.0551241,0,0,3,17,0.62
171.68,0,0,0.134241,-0.0659786,0,0,3,17,0.62
171.78,0,0,0.156099,-0.0652506,0,0,3,17,0.62
171.88,0,0,0.176069,-0.0521772,0,0,3,17,0.62
171.98,0,0,0.193186,-0.0511331,0,0,3,17,0.62
172.08,0,0,0.201266,-0.0688041,0,0,3,17,0.62
172.18,0,0,0.195704,-0.0847321,0,0,3,17,0.62
172.28,0,0,0.181124,-0.0774497,0,0,3,17,0.62
172.38,0,0,0.152885,-0.055031,0,0,3,17,0.62
172.48,0,0,0.155933,-0.0553219,0,0,3,17,0.62
172.58,0,0,0.17979,-0.0768687,0,0,3,17,0.62
172.68,0,0,0.184692,-0.0896589,0,0,3,17,0.62
172.78,0,0,0.160858,-0.0811115,0,0,3,17,0.62
172.88,0,0,0.145205,-0.0609397,0,0,3,17,0.62
172.98,0,0,0.16313,-0.0546979,0,0,3,17,0.62
173.08,0,0,0.174275,-0.0759763,0,0,3,17,0.62
173.18,0,0,0.175155,-0.100312,0,0,3,17,0.62
173.28,0,0,0.170463,-0.0936038,0,0,3,17,0.62
173.38,0,0,0.157352,-0.0689356,0,0,3,17,0.62
173.48,0,0,0.154668,-0.0591943,0,0,3,17,0.62
173.58,0,0,0.167754,-0.076863,0,0,3,17,0.62
173.68,0,0,0.174092,-0.0976126,0,0,3,17,0.62
173.78,0,0,0.17019,-0.0968192,0,0,3,17,0.62
173.88,0,0,0.161243,-0.0730029,0,0,3,17,0.62
173.98,0,0,0.144649,-0.0466547,0,0,3,17,0.62
174.08,0,0,0.1407,-0.0529581,0,0,3,17,0.62
174.18,0,0,0.155878,-0.0870848,0,0,3,17,0.62
174.28,0,0,0.157154,-0.0939414,0,0,3,17,0.62
174.38,0,0,0.137332,-0.0571797,0,0,3,17,0.62
174.48,0,0,0.132216,-0.0311145,0,0,3,17,0.62
174.58,0,0,0.149341,-0.0483945,0,0,3,17,0.62
174.68,0,0,0.16447,-0.0784657,0,0,3,17,0.62
174.78,0,0,0.176568,-0.0676994,0,0,3,17,0.62
174.88,0,0,0.176636,-0.0349243,0,0,3,17,0.62
174.98,0,0,0.158528,-0.0311905,0,0,3,17,0.62
175.08,0,0,0.141961,-0.0445267,0,0,3,17,0.62
175.18,0,0,0.127724,-0.0482504,0,0,3,17,0.62
175.28,0,0,0.128111,-0.0372532,0,0,3,17,0.62
175.38,0,0,0.150631,-0.0173265,0,0,3,17,0.62
175.48,0,0,0.158613,-0.0135648,0,0,3,17,0.62
175.58,0,0,0.144579,-0.0339243,0,0,3,17,0.62
175.68,0,0,0.137397,-0.0416613,0,0,3,17,0.62
175.78,0,0,0.140596,-0.00911836,0,0,3,17,0.62
175.88,0,0,0.135892,0.0203096,0,0,3,17,0.62
175.98,0,0,0.119212,0.00734028,0,0,3,17,0.62
176.08,0,0,0.109045,-0.0101857,0,0,3,17,0.62
176.18,0,0,0.108741,-0.000157072,0,0,3,17,0.62
176.28,0,0,0.11697,0.0286241,0,0,3,17,0.62
176.38,0,0,0.138148,0.0517012,0,0,3,17,0.62
176.48,0,0,0.151224,0.0490482,0,0,3,17,0.62
176.58,0,0,0.152053,0.0316175,0,0,3,17,0.62
176.68,0,0,0.149327,0.0340872,0,0,3,17,0.62
176.78,0,0,0.141221,0.0573235,0,0,3,17,0.62
176.88,0,0,0.137778,0.0646301,0,0,3,17,0.62
176.98,0,0,0.141386,0.0573037,0,0,3,17,0.62
177.08,0,0,0.143415,0.0469934,0,0,3,17,0.62
177.18,0,0,0.143053,0.0407186,0,0,3,17,0.62
177.28,0,0,0.14635,0.0526364,0,0,3,17,0.62
177.38,0,0,0.155188,0.0681125,0,0,3,17,0.62
177.48,0,0,0.164976,0.0648749,0,0,3,17,0.62
177.58,0,0,0.176204,0.047473,0,0,3,17,0.62
177.68,0,0,0.176764,0.0407764,0,0,3,18,0.62
177.78,0,0,0.13346,0.0511249,0,0,3,18,0.62
177.88,0,0,0.117317,0.0626152,0,0,3,18,0.6
177.98,0,0,0.142163,0.064003,0,0,3,18,0.6
178.08,0,0,0.15472,0.0630094,0,0,3,18,0.6
178.18,0,0,0.148705,0.0717103,0,0,3,18,0.6
178.28,0,0,0.152349,0.079013,0,0,3,18,0.6
178.38,0,0,0.170586,0.0753885,0,0,3,18,0.6
178.48,0,0,0.171643,0.0735791,0,0,3,18,0.6
178.58,0,0,0.146676,0.0810095,0,0,3,18,0.6
178.68,0,0,0.137432,0.0926378,0,0,3,18,0.6
178.78,0,0,0.151982,0.0943079,0,0,3,18,0.6
178.88,0,0,0.161743,0.0840521,0,0,3,18,0.6
178.98,0,0,0.151814,0.0776096,0,0,3,18,0.6
179.08,0,0,0.137407,0.0918359,0,0,3,18,0.6
179.18,0,0,0.116226,0.104318,0,0,3,18,0.6
179.28,0,0,0.118042,0.0927711,0,0,3,18,0.6
179.38,0,0,0.154712,0.0842172,0,0,3,18,0.6
179.48,0,0,0.164678,0.0873779,0,0,3,18,0.6
179.58,0,0,0.134277,0.0922988,0,0,3,18,0.6
179.68,0,0,0.126353,0.0946081,0,0,3,18,0.6
179.78,0,0,0.152433,0.092867,0,0,3,18,0.6
179.88,0,0,0.16678,0.0905941,0,0,3,18,0.6
179.98,0,0,0.163413,0.0898896,0,0,3,18,0.6
180.08,0,0,0.155322,0.0968123,0,0,3,18,0.6
180.18,0,0,0.127814,0.109509,0,0,3,18,0.6
180.28,0,0,0.12795,0.114881,0,0,3,18,0.6
180.38,0,0,0.169917,0.11325,0,0,3,18,0.6
180.48,0,0,0.176587,0.117268,0,0,3,18,0.6
180.58,0,0,0.129741,0.133388,0,0,3,18,0.6
180.68,0,0,0.119082,0.141515,0,0,3,18,0.6
180.78,0,0,0.163189,0.128861,0,0,3,18,0.6
180.88,0,0,0.174175,0.117324,0,0,3,18,0.6
180.98,0,0,0.134958,0.125729,0,0,3,18,0.6
181.08,0,0,0.124676,0.143195,0,0,3,18,0.6
181.18,0,0,0.158112,0.146972,0,0,3,18,0.6
181.28,0,0,0.167848,0.131038,0,0,3,18,0.6
181.38,0,0,0.141745,0.110149,0,0,3,18,0.6
181.48,0,0,0.12588,0.1119,0,0,3,18,0.6
181.58,0,0,0.125488,0.131179,0,0,3,18,0.6
181.68,0,0,0.137644,0.13428,0,0,3,18,0.6
181.78,0,0,0.168814,0.114906,0,0,3,18,0.6
181.88,0,0,0.162323,0.097393,0,0,3,18,0.6
181.98,0,0,0.0988549,0.103766,0,0,3,18,0.6
182.08,0,0,0.0889093,0.123187,0,0,3,18,0.6
182.18,0,0,0.160143,0.122367,0,0,3,18,0.6
182.28,0,0,0.185336,0.0998537,0,0,3,18,0.6
182.38,0,0,0.140835,0.0849206,0,0,3,18,0.6
182.48,0,0,0.12103,0.100317,0,0,3,18,0.6
182.58,0,0,0.138662,0.124116,0,0,3,18,0.6
182.68,0,0,0.155169,0.122684,0,0,3,18,0.6
182.78,0,0,0.169977,0.0988508,0,0,3,18,0.6
182.88,0,0,0.157898,0.0858877,0,0,3,18,0.6
182.98,0,0,0.10516,0.104871,0,0,3,18,0.6
183.08,0,0,0.106321,0.121596,0,0,3,18,0.6
183.18,0,0,0.189019,0.106092,0,0,3,18,0.6
183.28,0,0,0.212152,0.0800008,0,0,3,18,0.6
183.38,0,0,0.145048,0.0797492,0,0,3,18,0.6
183.48,0,0,0.121492,0.0994133,0,0,3,18,0.6
183.58,0,0,0.163784,0.110662,0,0,3,18,0.6
183.68,0,0,0.180237,0.106102,0,0,3,18,0.6
183.78,0,0,0.157579,0.0892768,0,0,3,18,0.6
183.88,0,0,0.134006,0.0776368,0,0,3,18,0.6
183.98,0,0,0.109048,0.0913666,0,0,3,18,0.6
184.08,0,0,0.10859,0.107315,0,0,3,18,0.6
184.18,0,0,0.145202,0.0950119,0,0,3,18,0.6
184.28,0,0,0.160815,0.0796615,0,0,3,18,0.6
184.38,0,0,0.144665,0.0842953,0,0,3,18,0.6
184.48,0,0,0.136691,0.0944173,0,0,3,18,0.6
184.58,0,0,0.141053,0.090682,0,0,3,18,0.6
184.68,0,0,0.14241,0.0795135,0,0,3,18,0.6
184.78,0,0,0.139219,0.079533,0,0,3,18,0.6
184.88,0,0,0.135571,0.0937085,0,0,3,18,0.6
184.98,0,0,0.130054,0.105148,0,0,3,18,0.6
185.08,0,0,0.135703,0.101668,0,0,3,18,0.6
185.18,0,0,0.158244,0.0878053,0,0,3,18,0.6
185.28,0,0,0.17428,0.0752325,0,0,3,18,0.6
185.38,0,0,0.18045,0.0772295,0,0,3,18,0.6
185.48,0,0,0.177896,0.0921419,0,0,3,18,0.6
185.58,0,0,0.162138,0.0968012,0,0,3,18,0.6
185.68,0,0,0.160861,0.082231,0,0,3,18,0.6
185.78,0,0,0.181535,0.0715435,0,0,3,18,0.6
185.88,0,0,0.183842,0.0791335,0,0,3,18,0.6
185.98,0,0,0.158362,0.0921353,0,0,3,18,0.6
186.08,0,0,0.144615,0.0949088,0,0,3,18,0.6
186.18,0,0,0.148591,0.0876116,0,0,3,18,0.6
186.28,0,0,0.149377,0.0785377,0,0,3,18,0.6
186.38,0,0,0.145327,0.0778209,0,0,3,18,0.6
186.48,0,0,0.151165,0.0856673,0,0,3,18,0.6
186.58,0,0,0.171965,0.0914888,0,0,3,18,0.6
186.68,0,0,0.17511,0.0865795,0,0,3,18,0.6
186.78,0,0,0.151523,0.0854831,0,0,3,18,0.6
186.88,0,0,0.145609,0.0966218,0,0,3,18,0.6
186.98,0,0,0.16644,0.0971516,0,0,3,18,0.6
187.08,0,0,0.181781,0.0814376,0,0,3,18,0.6
187.18,0,0,0.188808,0.0682586,0,0,3,18,0.6
187.28,0,0,0.187744,0.0706411,0,0,3,18,0.6
187.38,0,0,0.17444,0.0859973,0,0,3,18,0.6
187.48,0,0,0.166429,0.0935649,0,0,3,18,0.6
187.58,0,0,0.166418,0.085312,0,0,3,18,0.6
187.68,0,0,0.168319,0.0750016,0,0,3,18,0.6
187.78,0,0,0.173107,0.0702763,0,0,3,18,0.6
187.88,0,0,0.178695,0.0675334,0,0,3,18,0.6
187.98,0,0,0.187561,0.065788,0,0,3,18,0.6
188.08,0,0,0.188963,0.0646172,0,0,3,18,0.6
188.18,0,0,0.179076,0.0565623,0,0,3,18,0.6
188.28,0,0,0.17572,0.0445276,0,0,3,18,0.6
188.38,0,0,0.182266,0.0434088,0,0,3,18,0.6
188.48,0,0,0.183607,0.0452134,0,0,3,18,0.6
188.58,0,0,0.177076,0.0374026,0,0,3,18,0.6
188.68,0,0,0.172369,0.0281494,0,0,3,18,0.6
188.78,0,0,0.170426,0.0249104,0,0,3,18,0.6
188.88,0,0,0.180512,0.0201411,0,0,3,18,0.6
188.98,0,0,0.208779,0.0149555,0,0,3,18,0.6
189.08,0,0,0.22304,0.0121068,0,0,3,18,0.6
189.18,0,0,0.216114,0.00851753,0,0,3,18,0.6
189.28,0,0,0.211057,0.00599014,0,0,3,18,0.6
189.38,0,0,0.21367,0.006775,0,0,3,18,0.6
189.48,0,0,0.211393,0.00483282,0,0,3,18,0.6
189.58,0,0,0.201711,-0.00245578,0,0,3,18,0.6
189.68,0,0,0.192859,-0.0061968,0,0,3,18,0.6
189.78,0,0,0.185265,-0.00705873,0,0,3,18,0.6
189.88,0,0,0.189014,-0.010966,0,0,3,18,0.6
189.98,0,0,0.209918,-0.0154011,0,0,3,18,0.6
190.08,0,0,0.206382,-0.0178944,0,0,3,18,0.6
190.18,0,0,0.165863,-0.0228287,0,0,3,18,0.6
190.28,0,0,0.155127,-0.0293587,0,0,3,18,0.6
190.38,0,0,0.189534,-0.0412261,0,0,3,18,0.6
190.48,0,0,0.207583,-0.050299,0,0,3,18,0.6
190.58,0,0,0.200916,-0.0452627,0,0,3,18,0.6
190.68,0,0,0.202944,-0.0425271,0,0,3,18,0.6
190.78,0,0,0.218137,-0.0572919,0,0,3,18,0.6
190.88,0,0,0.223271,-0.0743803,0,0,3,18,0.6
190.98,0,0,0.187039,-0.0738379,0,0,3,18,0.6
191.08,0,0,0.170799,-0.0553303,0,0,3,18,0.6
191.18,0,0,0.184875,-0.0507992,0,0,3,18,0.6
191.28,0,0,0.19593,-0.0693356,0,0,3,18,0.6
191.38,0,0,0.202416,-0.083492,0,0,3,18,0.6
191.48,0,0,0.199054,-0.0810932,0,0,3,18,0.6
191.58,0,0,0.180772,-0.066082,0,0,3,18,0.6
191.68,0,0,0.180349,-0.0534138,0,0,3,18,0.6
191.78,0,0,0.206988,-0.0560899,0,0,3,18,0.6
191.88,0,0,0.215662,-0.0735763,0,0,3,18,0.6
191.98,0,0,0.197201,-0.0901566,0,0,3,18,0.6
192.08,0,0,0.183286,-0.086044,0,0,3,18,0.6
192.18,0,0,0.176263,-0.0641909,0,0,3,18,0.6
192.28,0,0,0.176139,-0.0609255,0,0,3,18,0.6
192.38,0,0,0.186432,-0.0796084,0,0,3,18,0.6
192.48,0,0,0.185984,-0.0871701,0,0,3,18,0.6
192.58,0,0,0.169302,-0.0804947,0,0,3,18,0.6
192.68,0,0,0.166576,-0.0764384,0,0,3,18,0.6
192.78,0,0,0.185018,-0.0799816,0,0,3,18,0.6
192.88,0,0,0.198364,-0.0823256,0,0,3,18,0.6
192.98,0,0,0.203993,-0.0777112,0,0,3,18,0.6
193.08,0,0,0.196828,-0.0798882,0,0,3,18,0.6
193.18,0,0,0.170257,-0.0877946,0,0,3,18,0.6
193.28,0,0,0.163156,-0.0827499,0,0,3,18,0.6
193.38,0,0,0.185542,-0.0753229,0,0,3,18,0.6
193.48,0,0,0.197829,-0.0760124,0,0,3,18,0.6
193.58,0,0,0.194866,-0.0817399,0,0,3,18,0.6
193.68,0,0,0.187598,-0.088099,0,0,3,18,0.6
193.78,0,0,0.173813,-0.0833381,0,0,3,18,0.6
193.88,0,0,0.169939,-0.0741431,0,0,3,18,0.6
193.98,0,0,0.18104,-0.0758507,0,0,3,18,0.6
194.08,0,0,0.187864,-0.0820714,0,0,3,18,0.6
194.18,0,0,0.188217,-0.0837569,0,0,3,18,0.6
194.28,0,0,0.183542,-0.0776975,0,0,3,18,0.6
194.38,0,0,0.171242,-0.0680638,0,0,3,18,0.6
194.48,0,0,0.160815,-0.0674754,0,0,3,18,0.6
194.58,0,0,0.153222,-0.0745175,0,0,3,18,0.6
194.68,0,0,0.157503,-0.0777249,0,0,3,18,0.6
194.78,0,0,0.179786,-0.0795339,0,0,3,18,0.6
194.88,0,0,0.184957,-0.0821046,0,0,3,18,0.6
194.98,0,0,0.164202,-0.0829653,0,0,3,18,0.6
195.08,0,0,0.165392,-0.0800488,0,0,3,18,0.6
195.18,0,0,0.19971,-0.0718428,0,0,3,18,0.6
195.28,0,0,0.211036,-0.0678719,0,0,3,18,0.6
195.38,0,0,0.187592,-0.0807558,0,0,3,18,0.6
195.48,0,0,0.171089,-0.0915503,0,0,3,18,0.6
195.58,0,0,0.165072,-0.0830704,0,0,3,18,0.6
195.68,0,0,0.16211,-0.069122,0,0,3,18,0.6
195.78,0,0,0.16378,-0.0720164,0,0,3,18,0.6
195.88,0,0,0.163992,-0.0887344,0,0,3,18,0.6
195.98,0,0,0.162,-0.0952961,0,0,3,18,0.6
196.08,0,0,0.164292,-0.0905832,0,0,3,17,0.6
196.18,0,0,0.173068,-0.0892995,0,0,3,17,0.6
196.28,0,0,0.183812,-0.0825014,0,0,3,17,0.6
196.38,0,0,0.197535,-0.0723285,0,0,3,17,0.6
196.48,0,0,0.193136,-0.0811455,0,0,3,17,0.6
196.58,0,0,0.161291,-0.0895746,0,0,3,17,0.6
196.68,0,0,0.160033,-0.0883831,0,0,3,17,0.6
196.78,0,0,0.204999,-0.0831182,0,0,3,17,0.6
196.88,0,0,0.234205,-0.0612178,0,0,3,17,0.62
196.98,0,0,0.198873,-0.0448617,0,0,3,17,0.62
197.08,0,0,0.165169,-0.0608732,0,0,3,17,0.62
197.18,0,0,0.133925,-0.0820472,0,0,3,17,0.62
197.28,0,0,0.126261,-0.0734515,0,0,3,17,0.62
197.38,0,0,0.15432,-0.0466988,0,0,3,17,0.62
197.48,0,0,0.16288,-0.0423973,0,0,3,17,0.62
197.58,0,0,0.141939,-0.05943,0,0,3,17,0.62
197.68,0,0,0.139809,-0.0674295,0,0,3,17,0.62
197.78,0,0,0.166195,-0.0601335,0,0,3,17,0.62
197.88,0,0,0.183106,-0.0478317,0,0,3,17,0.62
197.98,0,0,0.185643,-0.0417262,0,0,3,17,0.62
198.08,0,0,0.181551,-0.0425124,0,0,3,17,0.62
198.18,0,0,0.167412,-0.0467533,0,0,3,17,0.62
198.28,0,0,0.164041,-0.0561409,0,0,3,17,0.62
198.38,0,0,0.176947,-0.0562268,0,0,3,17,0.62
198.48,0,0,0.167554,-0.0370997,0,0,3,17,0.62
198.58,0,0,0.124437,-0.0229053,0,0,3,17,0.62
198.68,0,0,0.113493,-0.0391149,0,0,3,17,0.62
198.78,0,0,0.151221,-0.0660564,0,0,3,17,0.62
198.88,0,0,0.178863,-0.0586908,0,0,3,17,0.62
198.98,0,0,0.191212,-0.0281152,0,0,3,17,0.62
199.08,0,0,0.192053,-0.0241965,0,0,3,17,0.62
199.18,0,0,0.175481,-0.0410111,0,0,3,17,0.62
199.28,0,0,0.1595,-0.0413919,0,0,3,17,0.62
199.38,0,0,0.144416,-0.0336654,0,0,3,17,0.62
199.48,0,0,0.13387,-0.038511,0,0,3,17,0.62
199.58,0,0,0.130209,-0.044291,0,0,3,17,0.62
199.68,0,0,0.13571,-0.0359935,0,0,3,17,0.62
199.78,0,0,0.155078,-0.0194545,0,0,3,17,0.62
199.88,0,0,0.166437,-0.0187015,0,0,3,17,0.62
199.98,0,0,0.165676,-0.0420136,0,0,3,17,0.62
200.08,0,0,0.150999,-0.0460085,0,0,3,17,0.62
200.18,0,0,0.115305,-0.0239019,0,0,3,17,0.62
200.28,0,0,0.107217,-0.00939308,0,0,3,17,0.62
200.38,0,0,0.140903,-0.0125879,0,0,3,17,0.62
200.48,0,0,0.156205,-0.0253147,0,0,3,17,0.62
200.58,0,0,0.143642,-0.0295935,0,0,3,17,0.62
200.68,0,0,0.136504,-0.0233574,0,0,3,17,0.62
200.78,0,0,0.137576,-0.019558,0,0,3,17,0.62
200.88,0,0,0.139572,-0.0178368,0,0,3,17,0.62
200.98,0,0,0.142968,-0.0160238,0,0,3,17,0.62
201.08,0,0,0.141526,-0.01646,0,0,3,17,0.62
201.18,0,0,0.132755,-0.0206257,0,0,3,17,0.62
201.28,0,0,0.131976,-0.0260169,0,0,3,18,0.62
201.38,0,0,0.14328,-0.0274702,0,0,3,18,0.62
201.48,0,0,0.154076,-0.0240761,0,0,3,18,0.62
201.58,0,0,0.164103,-0.0226541,0,0,3,18,0.62
201.68,0,0,0.152019,-0.02416,0,0,3,18,0.62
201.78,0,0,0.106544,-0.0211507,0,0,3,18,0.62
201.88,0,0,0.0980523,-0.0188052,0,0,3,18,0.62
201.98,0,0,0.145549,-0.022242,0,0,3,18,0.62
202.08,0,0,0.163342,-0.0253815,0,0,3,18,0.62
202.18,0,0,0.13621,-0.0242213,0,0,3,18,0.62
202.28,0,0,0.126014,-0.0219344,0,0,3,18,0.62
202.38,0,0,0.141476,-0.0273206,0,0,3,18,0.62
202.48,0,0,0.151736,-0.031372,0,0,3,18,0.62
202.58,0,0,0.154128,-0.0259105,0,0,3,18,0.62
202.68,0,0,0.14804,-0.0170475,0,0,3,18,0.62
202.78,0,0,0.129086,-0.0198535,0,0,3,18,0.62
202.88,0,0,0.117734,-0.043294,0,0,3,18,0.6
202.98,0,0,0.137572,-0.0477957,0,0,3,18,0.6
203.08,0,0,0.148435,-0.00813557,0,0,3,18,0.6
203.18,0,0,0.145729,0.0139282,0,0,3,18,0.6
203.28,0,0,0.140339,-0.0188117,0,0,3,18,0.6
203.38,0,0,0.130894,-0.0501119,0,0,3,18,0.6
203.48,0,0,0.132006,-0.0400946,0,0,3,18,0.6
203.58,0,0,0.149091,-0.0130155,0,0,3,18,0.6
203.68,0,0,0.148849,-0.00725305,0,0,3,18,0.6
203.78,0,0,0.122311,-0.0274899,0,0,3,18,0.6
203.88,0,0,0.105072,-0.0459162,0,0,3,18,0.6
203.98,0,0,0.101909,-0.0444309,0,0,3,18,0.6
204.08,0,0,0.119441,-0.027323,0,0,3,18,0.6
204.18,0,0,0.168285,-0.0172438,0,0,3,18,0.6
204.28,0,0,0.187079,-0.0297812,0,0,3,18,0.6
204.38,0,0,0.160342,-0.0510075,0,0,3,18,0.6
204.48,0,0,0.147687,-0.0692652,0,0,3,18,0.6
204.58,0,0,0.156297,-0.077044,0,0,3,18,0.6
204.68,0,0,0.164807,-0.0636947,0,0,3,18,0.6
204.78,0,0,0.173166,-0.0462468,0,0,3,18,0.6
204.88,0,0,0.174059,-0.0480801,0,0,3,18,0.6
204.98,0,0,0.163681,-0.0680646,0,0,3,18,0.6
205.08,0,0,0.157202,-0.0862782,0,0,3,18,0.6
205.18,0,0,0.15663,-0.0870161,0,0,3,18,0.6
205.28,0,0,0.16654,-0.0829718,0,0,3,18,0.6
205.38,0,0,0.19235,-0.0833117,0,0,3,18,0.6
205.48,0,0,0.201194,-0.0858645,0,0,3,18,0.6
205.58,0,0,0.18435,-0.0935145,0,0,3,18,0.6
205.68,0,0,0.185738,-0.102736,0,0,3,18,0.6
205.78,0,0,0.214763,-0.101809,0,0,3,18,0.6
205.88,0,0,0.218546,-0.0761996,0,0,3,18,0.6
205.98,0,0,0.184097,-0.0520526,0,0,3,18,0.6
206.08,0,0,0.176381,-0.0757195,0,0,3,18,0.6
206.18,0,0,0.209043,-0.115623,0,0,3,18,0.6
206.28,0,0,0.212576,-0.10843,0,0,3,18,0.6
206.38,0,0,0.172014,-0.0698519,0,0,3,18,0.6
206.48,0,0,0.154614,-0.0428702,0,0,3,18,0.6
206.58,0,0,0.172193,-0.05256,0,0,3,18,0.6
206.68,0,0,0.185808,-0.0885681,0,0,3,18,0.6
206.78,0,0,0.193415,-0.103191,0,0,3,18,0.6
206.88,0,0,0.192796,-0.0750909,0,0,3,18,0.6
206.98,0,0,0.179733,-0.0416811,0,0,3,18,0.6
207.08,0,0,0.177588,-0.0511467,0,0,3,18,0.6
207.18,0,0,0.191988,-0.0875943,0,0,3,18,0.6
207.28,0,0,0.201572,-0.0913283,0,0,3,18,0.6
207.38,0,0,0.203864,-0.0608669,0,0,3,18,0.6
207.48,0,0,0.191293,-0.0403586,0,0,3,18,0.6
207.58,0,0,0.156206,-0.0406708,0,0,3,18,0.6
207.68,0,0,0.154782,-0.0544119,0,0,3,18,0.6
207.78,0,0,0.204217,-0.0663612,0,0,3,18,0.6
207.88,0,0,0.221049,-0.0534924,0,0,3,18,0.6
207.98,0,0,0.188673,-0.0353603,0,0,3,18,0.6
208.08,0,0,0.161608,-0.0311409,0,0,3,18,0.6
208.18,0,0,0.156373,-0.0427342,0,0,3,18,0.6
208.28,0,0,0.17314,-0.0553585,0,0,3,18,0.6
208.38,0,0,0.223277,-0.0429417,0,0,3,18,0.6
208.48,0,0,0.235651,-0.0239278,0,0,3,18,0.6
208.58,0,0,0.190887,-0.0216872,0,0,3,18,0.6
208.68,0,0,0.163685,-0.032122,0,0,3,18,0.6
208.78,0,0,0.163101,-0.0361891,0,0,3,18,0.6
208.88,0,0,0.16839,-0.0276156,0,0,3,18,0.6
208.98,0,0,0.197819,-0.0133111,0,0,3,18,0.6
209.08,0,0,0.19105,-0.00957012,0,0,3,18,0.6
209.18,0,0,0.129628,-0.0116331,0,0,3,18,0.6
209.28,0,0,0.10974,-0.0171201,0,0,3,18,0.6
209.38,0,0,0.15266,-0.0212421,0,0,3,18,0.6
209.48,0,0,0.186146,-0.0116746,0,0,3,18,0.6
209.58,0,0,0.205349,0.00148931,0,0,3,18,0.6
209.68,0,0,0.200927,0.00767133,0,0,3,18,0.6
209.78,0,0,0.160763,0.00214427,0,0,3,18,0.6
209.88,0,0,0.146532,-0.0145455,0,0,3,18,0.6
209.98,0,0,0.171621,-0.0168433,0,0,3,18,0.6
210.08,0,0,0.17816,0.0030114,0,0,3,18,0.6
210.18,0,0,0.156642,0.0146452,0,0,3,18,0.6
210.28,0,0,0.145826,-0.00219018,0,0,3,18,0.6
210.38,0,0,0.151213,-0.0271881,0,0,3,18,0.6
210.48,0,0,0.16243,-0.0160865,0,0,3,18,0.6
210.58,0,0,0.182483,0.0134236,0,0,3,18,0.6
210.68,0,0,0.18298,0.0105848,0,0,3,18,0.6
210.78,0,0,0.15387,-0.0140675,0,0,3,18,0.6
210.88,0,0,0.147407,-0.0159175,0,0,3,18,0.6
210.98,0,0,0.17515,0.0116469,0,0,3,18,0.6
211.08,0,0,0.199433,0.0490764,0,0,3,18,0.6
211.18,0,0,0.218486,0.0634585,0,0,3,18,0.6
211.28,0,0,0.202332,0.0444097,0,0,3,18,0.6
211.38,0,0,0.132873,0.0241445,0,0,3,18,0.6
211.48,0,0,0.129829,0.0334738,0,0,3,18,0.6
211.58,0,0,0.227565,0.0713834,0,0,3,18,0.6
211.68,0,0,0.258738,0.0982127,0,0,3,18,0.6
211.78,0,0,0.189156,0.088325,0,0,3,18,0.6
211.88,0,0,0.147463,0.0586784,0,0,3,18,0.6
211.98,0,0,0.147935,0.0477429,0,0,3,18,0.6
212.08,0,0,0.16115,0.0770211,0,0,3,18,0.6
212.18,0,0,0.193708,0.106493,0,0,3,18,0.6
212.28,0,0,0.190995,0.0993693,0,0,3,18,0.6
212.38,0,0,0.134986,0.0708256,0,0,3,18,0.6
212.48,0,0,0.113286,0.0602148,0,0,3,18,0.6
212.58,0,0,0.143525,0.081517,0,0,3,18,0.6
212.68,0,0,0.168017,0.104901,0,0,3,18,0.6
212.78,0,0,0.183828,0.0949296,0,0,3,18,0.6
212.88,0,0,0.174247,0.0588781,0,0,3,18,0.6
212.98,0,0,0.126225,0.0452055,0,0,3,18,0.6
213.08,0,0,0.125912,0.0658496,0,0,3,18,0.6
213.18,0,0,0.19781,0.0848939,0,0,3,18,0.6
213.28,0,0,0.216161,0.0825349,0,0,3,18,0.6
213.38,0,0,0.153397,0.060752,0,0,3,18,0.6
213.48,0,0,0.111625,0.0443619,0,0,3,18,0.6
213.58,0,0,0.101627,0.0530989,0,0,3,18,0.6
213.68,0,0,0.120489,0.0691958,0,0,3,18,0.6
213.78,0,0,0.183085,0.0699723,0,0,3,18,0.6
213.88,0,0,0.198391,0.0554024,0,0,3,18,0.6
213.98,0,0,0.142313,0.0398094,0,0,3,18,0.6
214.08,0,0,0.113532,0.0348461,0,0,3,18,0.6
214.18,0,0,0.126025,0.0361612,0,0,3,18,0.6
214.28,0,0,0.152617,0.0388589,0,0,3,18,0.6
214.38,0,0,0.200517,0.0347245,0,0,3,18,0.6
214.48,0,0,0.207108,0.0320258,0,0,3,18,0.6
214.58,0,0,0.151127,0.04,0,0,3,18,0.6
214.68,0,0,0.126472,0.0395108,0,0,3,18,0.6
214.78,0,0,0.122674,0.0298309,0,0,3,18,0.6
214.88,0,0,0.124081,0.0297005,0,0,3,18,0.6
214.98,0,0,0.146848,0.0345607,0,0,3,18,0.6
215.08,0,0,0.146803,0.0324395,0,0,3,18,0.6
215.18,0,0,0.112261,0.0275389,0,0,3,18,0.6
215.28,0,0,0.0975404,0.0287542,0,0,3,18,0.6
215.38,0,0,0.112903,0.0295066,0,0,3,18,0.6
215.48,0,0,0.140068,0.028469,0,0,3,18,0.6
215.58,0,0,0.185063,0.0331299,0,0,3,18,0.6
215.68,0,0,0.190673,0.0374079,0,0,3,18,0.6
215.78,0,0,0.136783,0.0281117,0,0,3,18,0.6
215.88,0,0,0.116584,0.0165978,0,0,3,18,0.6
215.98,0,0,0.14731,0.0242614,0,0,3,18,0.6
216.08,0,0,0.162161,0.04453,0,0,3,18,0.6
216.18,0,0,0.15302,0.0545599,0,0,3,18,0.6
216.28,0,0,0.141022,0.0475181,0,0,3,18,0.6
216.38,0,0,0.124694,0.032307,0,0,3,18,0.6
216.48,0,0,0.127352,0.0216099,0,0,3,18,0.6
216.58,0,0,0.158784,0.0289987,0,0,3,18,0.6
216.68,0,0,0.171053,0.0441088,0,0,3,18,0.6
216.78,0,0,0.154276,0.0488794,0,0,3,18,0.6
216.88,0,0,0.139558,0.0476613,0,0,3,18,0.6
216.98,0,0,0.127952,0.0457739,0,0,3,18,0.6
217.08,0,0,0.129023,0.0353154,0,0,3,18,0.6
217.18,0,0,0.149256,0.0228077,0,0,3,18,0.6
217.28,0,0,0.15251,0.0253232,0,0,3,18,0.6
217.38,0,0,0.130031,0.0417672,0,0,3,18,0.6
217.48,0,0,0.133055,0.0505659,0,0,3,18,0.6
217.58,0,0,0.17465,0.0400671,0,0,3,18,0.6
217.68,0,0,0.185223,0.0206931,0,0,3,18,0.6
217.78,0,0,0.14883,0.013044,0,0,3,18,0.6
217.88,0,0,0.132303,0.0241438,0,0,3,18,0.6
217.98,0,0,0.145879,0.042753,0,0,3,18,0.6
218.08,0,0,0.154305,0.0480458,0,0,3,18,0.6
218.18,0,0,0.154939,0.0270377,0,0,3,18,0.6
218.28,0,0,0.14136,0.00189239,0,0,3,18,0.6
218.38,0,0,0.106193,0.00213451,0,0,3,18,0.6
218.48,0,0,0.110663,0.0235018,0,0,3,18,0.6
218.58,0,0,0.174957,0.040025,0,0,3,18,0.6
218.68,0,0,0.198046,0.0341919,0,0,3,18,0.6
218.78,0,0,0.158842,0.0104881,0,0,3,18,0.6
218.88,0,0,0.145328,-0.00058258,0,0,3,18,0.6
218.98,0,0,0.170644,0.014415,0,0,3,18,0.6
219.08,0,0,0.176201,0.0215244,0,0,3,18,0.6
219.18,0,0,0.15187,0.00654415,0,0,3,18,0.6
219.28,0,0,0.135746,-0.00523973,0,0,3,18,0.6
219.38,0,0,0.132066,-0.00401661,0,0,3,18,0.6
219.48,0,0,0.136409,-0.0012512,0,0,3,18,0.6
219.58,0,0,0.152898,0.00263819,0,0,3,18,0.6
219.68,0,0,0.153648,0.00635856,0,0,3,18,0.6
219.78,0,0,0.130566,-0.0019251,0,0,3,18,0.6
219.88,0,0,0.127877,-0.0207071,0,0,3,18,0.6
219.98,0,0,0.156082,-0.026474,0,0,3,18,0.6
220.08,0,0,0.173326,-0.0124305,0,0,3,18,0.6
220.18,0,0,0.174028,-0.00708413,0,0,3,18,0.6
220.28,0,0,0.168451,-0.0209692,0,0,3,18,0.6
220.38,0,0,0.153377,-0.0318162,0,0,3,18,0.6
220.48,0,0,0.155602,-0.0324197,0,0,3,18,0.6
220.58,0,0,0.183948,-0.0241139,0,0,3,18,0.6
220.68,0,0,0.196348,-0.0155635,0,0,3,18,0.6
220.78,0,0,0.18459,-0.0242265,0,0,3,18,0.6
220.88,0,0,0.170722,-0.0359364,0,0,3,18,0.6
220.98,0,0,0.148193,-0.0343899,0,0,3,18,0.6
221.08,0,0,0.150978,-0.0209392,0,0,3,18,0.6
221.18,0,0,0.192143,-0.0169779,0,0,3,18,0.6
221.28,0,0,0.188699,-0.0355897,0,0,3,18,0.6
221.38,0,0,0.117723,-0.0502691,0,0,3,18,0.6
221.48,0,0,0.100554,-0.0381298,0,0,3,18,0.6
221.58,0,0,0.16491,-0.0140675,0,0,3,18,0.6
221.68,0,0,0.18961,-0.00962873,0,0,3,18,0.6
221.78,0,0,0.154328,-0.028492,0,0,3,18,0.6
221.88,0,0,0.134639,-0.0468247,0,0,3,18,0.6
221.98,0,0,0.138521,-0.0438265,0,0,3,18,0.6
222.08,0,0,0.145262,-0.0257773,0,0,3,18,0.6
222.18,0,0,0.156333,-0.00847157,0,0,3,18,0.6
222.28,0,0,0.155849,-0.00393606,0,0,3,18,0.6
222.38,0,0,0.137853,-0.0200386,0,0,3,18,0.6
222.48,0,0,0.145513,-0.0398,0,0,3,18,0.6
222.58,0,0,0.192015,-0.0402354,0,0,3,18,0.6
222.68,0,0,0.200772,-0.0203873,0,0,3,18,0.6
222.78,0,0,0.152334,-0.00250582,0,0,3,18,0.6
222.88,0,0,0.129746,-0.00866483,0,0,3,18,0.6
222.98,0,0,0.146255,-0.0307256,0,0,3,18,0.6
223.08,0,0,0.153002,-0.0428836,0,0,3,18,0.6
223.18,0,0,0.14494,-0.0326977,0,0,3,18,0.6
223.28,0,0,0.148132,-0.0217075,0,0,3,18,0.6
223.38,0,0,0.168325,-0.0207958,0,0,3,18,0.6
223.48,0,0,0.167944,-0.0243092,0,0,3,18,0.6
223.58,0,0,0.136447,-0.0242175,0,0,3,18,0.6
223.68,0,0,0.120421,-0.0292696,0,0,3,18,0.6
223.78,0,0,0.127823,-0.0416709,0,0,3,18,0.6
223.88,0,0,0.133975,-0.04802,0,0,3,18,0.6
223.98,0,0,0.138235,-0.0384771,0,0,3,18,0.6
224.08,0,0,0.144635,-0.0221948,0,0,3,18,0.6
224.18,0,0,0.154275,-0.0250562,0,0,3,18,0.6
224.28,0,0,0.16272,-0.0450608,0,0,3,18,0.6
224.38,0,0,0.169359,-0.0535325,0,0,3,18,0.6
224.48,0,0,0.154551,-0.0402388,0,0,3,18,0.6
224.58,0,0,0.107265,-0.0230876,0,0,3,18,0.6
224.68,0,0,0.108824,-0.0220222,0,0,3,18,0.6
224.78,0,0,0.184438,-0.0360611,0,0,3,18,0.6
224.88,0,0,0.210759,-0.0471963,0,0,3,18,0.6
224.98,0,0,0.162588,-0.0423337,0,0,3,18,0.6
225.08,0,0,0.137259,-0.0277851,0,0,3,18,0.6
225.18,0,0,0.146448,-0.0260033,0,0,3,18,0.6
225.28,0,0,0.161844,-0.0354857,0,0,3,18,0.6
225.38,0,0,0.186634,-0.0390793,0,0,3,18,0.6
225.48,0,0,0.190596,-0.0353918,0,0,3,18,0.6
225.58,0,0,0.16306,-0.021284,0,0,3,18,0.6
225.68,0,0,0.155237,-0.00868443,0,0,3,18,0.6
225.78,0,0,0.177253,-0.0223395,0,0,3,18,0.6
225.88,0,0,0.178191,-0.0486681,0,0,3,18,0.6
225.98,0,0,0.147244,-0.0547186,0,0,3,18,0.6
226.08,0,0,0.126411,-0.0359017,0,0,3,18,0.6
226.18,0,0,0.120905,-0.0159363,0,0,3,18,0.6
226.28,0,0,0.1231,-0.00680941,0,0,3,18,0.6
226.38,0,0,0.136927,-0.0130555,0,0,3,18,0.6
226.48,0,0,0.148991,-0.0340869,0,0,3,18,0.6
226.58,0,0,0.158391,-0.0502814,0,0,3,18,0.6
226.68,0,0,0.168227,-0.0359685,0,0,3,18,0.6
226.78,0,0,0.178721,-0.00496018,0,0,3,18,0.6
226.88,0,0,0.182626,0.0055885,0,0,3,18,0.6
226.98,0,0,0.176546,-0.0109738,0,0,3,18,0.6
227.08,0,0,0.165391,-0.0285544,0,0,3,18,0.6
227.18,0,0,0.146555,-0.0257176,0,0,3,18,0.6
227.28,0,0,0.143817,-0.00731923,0,0,3,18,0.6
227.38,0,0,0.165472,-0.000159832,0,0,3,18,0.6
227.48,0,0,0.17046,-0.00871483,0,0,3,18,0.6
227.58,0,0,0.150243,-0.0154285,0,0,3,18,0.6
227.68,0,0,0.137223,-0.0126979,0,0,3,18,0.6
227.78,0,0,0.135113,-0.00680425,0,0,3,18,0.6
227.88,0,0,0.144006,-0.0067401,0,0,3,18,0.6
227.98,0,0,0.169521,-0.0112024,0,0,3,18,0.6
228.08,0,0,0.176543,-0.0087089,0,0,3,18,0.6
228.18,0,0,0.155603,-0.000343629,0,0,3,18,0.6
228.28,0,0,0.150175,0.00175986,0,0,3,18,0.6
228.38,0,0,0.16818,-0.00484018,0,0,3,18,0.6
228.48,0,0,0.171307,0.00122035,0,0,3,18,0.6
228.58,0,0,0.151896,0.0199251,0,0,3,18,0.6
228.68,0,0,0.134084,0.0257848,0,0,3,18,0.6
228.78,0,0,0.118692,0.0117574,0,0,3,18,0.6
228.88,0,0,0.124341,-0.00539993,0,0,3,18,0.6
228.98,0,0,0.161896,-0.00107144,0,0,3,18,0.6
229.08,0,0,0.181308,0.0227314,0,0,3,18,0.6
229.18,0,0,0.173274,0.0346744,0,0,3,18,0.6
229.28,0,0,0.159266,0.0277233,0,0,3,18,0.6
229.38,0,0,0.136198,0.0106657,0,0,3,18,0.6
229.48,0,0,0.133017,0.0125285,0,0,3,18,0.6
229.58,0,0,0.211409,0.0350106,0,0,3,18,0.6
229.68,0,0,0.217306,0.041117,0,0,3,18,0.6
229.78,0,0,0.11355,0.0285756,0,0,3,18,0.6
229.88,0,0,0.0856694,0.00777204,0,0,3,18,0.6
229.98,0,0,0.172605,0.00407759,0,0,3,18,0.6
230.08,0,0,0.202306,0.0244857,0,0,3,18,0.6
230.18,0,0,0.145336,0.0336445,0,0,3,18,0.6
230.28,0,0,0.108691,0.0197518,0,0,3,18,0.6
230.38,0,0,0.102797,0.00413018,0,0,3,18,0.6
230.48,0,0,0.128604,0.00544185,0,0,3,18,0.6
230.58,0,0,0.202444,0.0170575,0,0,3,18,0.6
230.68,0,0,0.209633,0.0204382,0,0,3,18,0.6
230.78,0,0,0.115965,0.0121871,0,0,3,18,0.6
230.88,0,0,0.0828652,0.00419969,0,0,3,18,0.6
230.98,0,0,0.141496,0.0017635,0,0,3,18,0.6
231.08,0,0,0.181285,0.00948195,0,0,3,18,0.6
231.18,0,0,0.192594,0.0126468,0,0,3,18,0.6
231.28,0,0,0.175695,-0.00110987,0,0,3,18,0.6
231.38,0,0,0.11613,-0.00602685,0,0,3,18,0.6
231.48,0,0,0.106246,0.0147624,0,0,3,18,0.6
231.58,0,0,0.171461,0.0345829,0,0,3,18,0.6
231.68,0,0,0.198772,0.0238929,0,0,3,18,0.6
231.78,0,0,0.168605,-0.00892578,0,0,3,18,0.6
231.88,0,0,0.145253,-0.0153505,0,0,3,18,0.6
231.98,0,0,0.132208,0.0155756,0,0,3,18,0.6
232.08,0,0,0.146636,0.0401976,0,0,3,18,0.6
232.18,0,0,0.20263,0.0299552,0,0,3,18,0.6
232.28,0,0,0.221856,-0.00177539,0,0,3,18,0.6
232.38,0,0,0.185385,-0.0210002,0,0,3,18,0.6
232.48,0,0,0.151825,-0.00732337,0,0,3,18,0.6
232.58,0,0,0.122673,0.0248587,0,0,3,18,0.6
232.68,0,0,0.124541,0.0393382,0,0,3,18,0.6
232.78,0,0,0.173359,0.0194506,0,0,3,18,0.6
232.88,0,0,0.199216,-0.0135879,0,0,3,18,0.6
232.98,0,0,0.130956,-0.0236467,0,0,3,18,0.6
233.08,0,0,0.104033,0.00528574,0,0,3,18,0.6
233.18,0,0,0.139603,0.0287606,0,0,3,18,0.6
233.28,0,0,0.170403,0.0133155,0,0,3,18,0.6
233.38,0,0,0.193989,-0.0156348,0,0,3,18,0.6
233.48,0,0,0.1824,-0.0183402,0,0,3,18,0.6
233.58,0,0,0.117546,0.00397779,0,0,3,18,0.6
233.68,0,0,0.104348,0.0111143,0,0,3,18,0.6
233.78,0,0,0.169343,-0.000794053,0,0,3,18,0.6
233.88,0,0,0.193537,-0.00554349,0,0,3,18,0.6
233.98,0,0,0.155928,0.00532748,0,0,3,18,0.6
234.08,0,0,0.123261,0.0160198,0,0,3,18,0.6
234.18,0,0,0.0980556,0.0085587,0,0,3,18,0.6
234.28,0,0,0.108625,-0.00808717,0,0,3,18,0.6
234.38,0,0,0.173328,-0.00524437,0,0,3,18,0.6
234.48,0,0,0.187379,0.00668462,0,0,3,18,0.6
234.58,0,0,0.124961,0.00978561,0,0,3,18,0.6
234.68,0,0,0.102004,0.0129614,0,0,3,18,0.6
234.78,0,0,0.138992,0.0128268,0,0,3,18,0.6
234.88,0,0,0.154267,0.000145661,0,0,3,18,0.6
234.98,0,0,0.136636,-0.00987435,0,0,3,18,0.6
235.08,0,0,0.1253,0.00162346,0,0,3,18,0.6
235.18,0,0,0.123499,0.0265546,0,0,3,18,0.6
235.28,0,0,0.143893,0.0400897,0,0,3,18,0.6
235.38,0,0,0.197961,0.0211847,0,0,3,18,0.6
235.48,0,0,0.200345,-0.00722533,0,0,3,18,0.6
235.58,0,0,0.124484,-0.0113585,0,0,3,18,0.6
235.68,0,0,0.0871688,0.0151539,0,0,3,18,0.6
235.78,0,0,0.108298,0.0458646,0,0,3,18,0.6
235.88,0,0,0.127336,0.0500895,0,0,3,18,0.6
235.98,0,0,0.143212,0.0286316,0,0,3,18,0.6
236.08,0,0,0.14664,0.00537716,0,0,3,18,0.6
236.18,0,0,0.13128,0.00463337,0,0,3,18,0.6
236.28,0,0,0.130078,0.0283865,0,0,3,18,0.6
236.38,0,0,0.150339,0.0441665,0,0,3,18,0.6
236.48,0,0,0.159463,0.031108,0,0,3,18,0.6
236.58,0,0,0.151752,0.0156512,0,0,3,18,0.6
236.68,0,0,0.138811,0.0164895,0,0,3,18,0.6
236.78,0,0,0.117944,0.0280485,0,0,3,18,0.6
236.88,0,0,0.111065,0.0360796,0,0,3,18,0.6
236.98,0,0,0.125353,0.0299822,0,0,3,18,0.6
237.08,0,0,0.131982,0.0276367,0,0,3,18,0.6
237.18,0,0,0.127009,0.0352727,0,0,3,18,0.6
237.28,0,0,0.112161,0.0322307,0,0,3,18,0.6
237.38,0,0,0.0823939,0.0193249,0,0,3,18,0.6
237.48,0,0,0.0869264,0.0190364,0,0,3,18,0.6
237.58,0,0,0.143333,0.037889,0,0,3,18,0.6
237.68,0,0,0.164715,0.0508637,0,0,3,18,0.6
237.78,0,0,0.133161,0.0418074,0,0,3,18,0.6
237.88,0,0,0.120101,0.0327368,0,0,3,18,0.6
237.98,0,0,0.135028,0.0404543,0,0,3,18,0.6
238.08,0,0,0.136348,0.0433871,0,0,3,18,0.6
238.18,0,0,0.117086,0.038411,0,0,3,18,0.6
238.28,0,0,0.106949,0.0463835,0,0,3,18,0.6
238.38,0,0,0.110659,0.0505682,0,0,3,18,0.6
238.48,0,0,0.118821,0.0436174,0,0,3,18,0.6
238.58,0,0,0.133726,0.0438725,0,0,3,18,0.6
238.68,0,0,0.1423,0.0412172,0,0,3,18,0.6
238.78,0,0,0.14128,0.0298148,0,0,3,18,0.6
238.88,0,0,0.142213,0.0381469,0,0,3,18,0.6
238.98,0,0,0.151159,0.059274,0,0,3,18,0.6
239.08,0,0,0.144246,0.0544011,0,0,3,18,0.6
239.18,0,0,0.113389,0.0252354,0,0,3,18,0.6
239.28,0,0,0.0993829,0.0125219,0,0,3,18,0.6
239.38,0,0,0.110874,0.0324526,0,0,3,18,0.6
239.48,0,0,0.117136,0.0525205,0,0,3,18,0.6
239.58,0,0,0.115477,0.0461511,0,0,3,18,0.6
239.68,0,0,0.121216,0.0289608,0,0,3,18,0.6
239.78,0,0,0.138152,0.017686,0,0,3,18,0.6
239.88,0,0,0.141648,0.0186973,0,0,3,18,0.6
239.98,0,0,0.124781,0.0281232,0,0,3,18,0.6
240.08,0,0,0.122909,0.0408484,0,0,3,18,0.6
240.18,0,0,0.143748,0.0409528,0,0,3,18,0.6
240.28,0,0,0.15493,0.0264468,0,0,3,18,0.6
240.38,0,0,0.15153,0.0212058,0,0,3,18,0.6
240.48,0,0,0.136338,0.0209387,0,0,3,18,0.6
240.58,0,0,0.1033,0.0215803,0,0,3,18,0.6
240.68,0,0,0.0931171,0.0295294,0,0,3,18,0.6
240.78,0,0,0.117513,0.0233757,0,0,3,18,0.6
240.88,0,0,0.144898,0.0117817,0,0,3,18,0.6
240.98,0,0,0.176804,0.0197008,0,0,3,18,0.6
241.08,0,0,0.168881,0.0259745,0,0,3,18,0.6
241.18,0,0,0.100621,0.0232421,0,0,3,18,0.6
241.28,0,0,0.0851701,0.0227337,0,0,3,18,0.6
241.38,0,0,0.149704,0.0281142,0,0,3,18,0.6
241.48,0,0,0.164817,0.0223041,0,0,3,18,0.6
241.58,0,0,0.104952,0.00291356,0,0,3,18,0.6
241.68,0,0,0.0838928,0.00560784,0,0,3,18,0.6
241.78,0,0,0.121649,0.0288082,0,0,3,18,0.6
241.88,0,0,0.154886,0.0430794,0,0,3,18,0.6
241.98,0,0,0.181301,0.0293756,0,0,3,18,0.6
242.08,0,0,0.175769,0.00336135,0,0,3,18,0.6
242.18,0,0,0.121913,0.00643717,0,0,3,18,0.6
242.28,0,0,0.109188,0.031107,0,0,3,18,0.6
242.38,0,0,0.158643,0.0392415,0,0,3,18,0.6
242.48,0,0,0.171989,0.0242773,0,0,3,18,0.6
242.58,0,0,0.130649,0.009845,0,0,3,18,0.6
242.68,0,0,0.11166,0.0108741,0,0,3,18,0.6
242.78,0,0,0.126489,0.0222415,0,0,3,18,0.6
242.88,0,0,0.132437,0.0259414,0,0,3,18,0.6
242.98,0,0,0.124945,0.0167836,0,0,3,18,0.6
243.08,0,0,0.133839,0.010835,0,0,3,18,0.6
243.18,0,0,0.167552,0.0102587,0,0,3,18,0.6
243.28,0,0,0.173127,0.0137192,0,0,3,18,0.6
243.38,0,0,0.136052,0.0254995,0,0,3,18,0.6
243.48,0,0,0.122909,0.0334147,0,0,3,18,0.6
243.58,0,0,0.145932,0.024863,0,0,3,18,0.6
243.68,0,0,0.153699,0.00314989,0,0,3,18,0.6
243.78,0,0,0.138396,-0.00490642,0,0,3,18,0.6
243.88,0,0,0.120532,0.0185692,0,0,3,18,0.6
243.98,0,0,0.0987996,0.036377,0,0,3,18,0.6
244.08,0,0,0.0965517,0.0267245,0,0,3,18,0.6
244.18,0,0,0.123853,0.0119048,0,0,3,18,0.6
244.28,0,0,0.140921,0.00659308,0,0,3,18,0.6
244.38,0,0,0.142499,0.0111273,0,0,3,18,0.6
244.48,0,0,0.132935,0.0215528,0,0,3,18,0.6
244.58,0,0,0.106485,0.0328701,0,0,3,18,0.6
244.68,0,0,0.101161,0.0363601,0,0,3,18,0.6
244.78,0,0,0.12783,0.0204271,0,0,3,18,0.6
244.88,0,0,0.146968,-0.00429882,0,0,3,18,0.6
244.98,0,0,0.135268,-0.00722714,0,0,3,18,0.6
245.08,0,0,0.117967,0.0179082,0,0,3,18,0.6
245.18,0,0,0.0922021,0.0358542,0,0,3,18,0.6
245.28,0,0,0.100349,0.0275656,0,0,3,18,0.6
245.38,0,0,0.159769,-0.000881006,0,0,3,18,0.6
245.48,0,0,0.180551,-0.0218244,0,0,3,18,0.6
245.58,0,0,0.142918,-0.00772305,0,0,3,18,0.6
245.68,0,0,0.128565,0.0209609,0,0,3,18,0.6
245.78,0,0,0.149507,0.0297887,0,0,3,18,0.6
245.88,0,0,0.156682,0.00358532,0,0,3,18,0.6
245.98,0,0,0.143032,-0.0214325,0,0,3,18,0.6
246.08,0,0,0.138153,-0.0123169,0,0,3,18,0.6
246.18,0,0,0.146572,0.0119424,0,0,3,18,0.6
246.28,0,0,0.14696,0.020066,0,0,3,18,0.6
246.38,0,0,0.135179,0.00215023,0,0,3,18,0.6
246.48,0,0,0.128055,-0.0198893,0,0,3,18,0.6
246.58,0,0,0.127986,-0.0216562,0,0,3,18,0.6
246.68,0,0,0.130679,-0.0045997,0,0,3,18,0.6
246.78,0,0,0.137544,0.00984591,0,0,3,18,0.6
246.88,0,0,0.140188,0.00519871,0,0,3,18,0.6
246.98,0,0,0.136451,-0.0126628,0,0,3,18,0.6
247.08,0,0,0.126985,-0.0236082,0,0,3,18,0.6
247.18,0,0,0.108856,-0.0100891,0,0,3,18,0.6
247.28,0,0,0.114474,0.00831515,0,0,3,18,0.6
247.38,0,0,0.135915,-0.000923056,0,0,3,18,0.6
247.48,0,0,0.144543,-0.025629,0,0,3,18,0.6
247.58,0,0,0.133791,-0.0386152,0,0,3,18,0.6
247.68,0,0,0.1207,-0.0299795,0,0,3,18,0.6
247.78,0,0,0.104064,-0.0124089,0,0,3,18,0.6
247.88,0,0,0.106039,-0.000176697,0,0,3,18,0.6
247.98,0,0,0.136171,0.00199871,0,0,3,18,0.6
248.08,0,0,0.144468,-0.014263,0,0,3,18,0.6
248.18,0,0,0.119766,-0.0358357,0,0,3,18,0.6
248.28,0,0,0.111717,-0.0380356,0,0,3,18,0.6
248.38,0,0,0.128877,-0.0164634,0,0,3,18,0.6
248.48,0,0,0.14665,-0.0015153,0,0,3,18,0.6
248.58,0,0,0.165346,-0.012323,0,0,3,18,0.6
248.68,0,0,0.160287,-0.0314575,0,0,3,18,0.6
248.78,0,0,0.119278,-0.0379918,0,0,3,18,0.6
248.88,0,0,0.113075,-0.0320834,0,0,3,18,0.6
248.98,0,0,0.159588,-0.0191016,0,0,3,18,0.6
249.08,0,0,0.181768,-0.00250035,0,0,3,18,0.6
249.18,0,0,0.167173,-0.00257769,0,0,3,18,0.6
249.28,0,0,0.148673,-0.0300987,0,0,3,18,0.6
249.38,0,0,0.124258,-0.055701,0,0,3,18,0.6
249.48,0,0,0.110428,-0.0393754,0,0,3,18,0.6
249.58,0,0,0.112627,0.0025379,0,0,3,18,0.6
249.68,0,0,0.119833,0.00491314,0,0,3,18,0.6
249.78,0,0,0.134634,-0.030111,0,0,3,18,0.6
249.88,0,0,0.139904,-0.0411585,0,0,3,18,0.6
249.98,0,0,0.130758,-0.0174239,0,0,3,18,0.6
250.08,0,0,0.126603,0.00212795,0,0,3,18,0.6
250.18,0,0,0.129983,-0.00694153,0,0,3,18,0.6
250.28,0,0,0.130671,-0.0219451,0,0,3,18,0.6
250.38,0,0,0.12728,-0.0242014,0,0,3,18,0.6
250.48,0,0,0.127597,-0.025022,0,0,3,18,0.6
250.58,0,0,0.133518,-0.0152772,0,0,3,18,0.6
250.68,0,0,0.14225,-0.000742524,0,0,3,17,0.6
250.78,0,0,0.155238,-0.00868739,0,0,3,17,0.6
250.88,0,0,0.15728,-0.0309497,0,0,3,17,0.62
250.98,0,0,0.114432,-0.0378016,0,0,3,17,0.62
251.08,0,0,0.100889,-0.017006,0,0,3,17,0.62
251.18,0,0,0.13176,0.00204421,0,0,3,17,0.62
251.28,0,0,0.155463,-0.0103797,0,0,3,17,0.62
251.38,0,0,0.168334,-0.0375349,0,0,3,17,0.62
251.48,0,0,0.158936,-0.0424541,0,0,3,17,0.62
251.58,0,0,0.11586,-0.0244706,0,0,3,17,0.62
251.68,0,0,0.104166,-0.00555916,0,0,3,17,0.62
251.78,0,0,0.139866,-0.00360795,0,0,3,17,0.62
251.88,0,0,0.159522,-0.017307,0,0,3,17,0.62
251.98,0,0,0.15486,-0.0266337,0,0,3,17,0.62
252.08,0,0,0.139245,-0.0305238,0,0,3,17,0.62
252.18,0,0,0.107051,-0.0323256,0,0,3,17,0.62
252.28,0,0,0.104059,-0.022147,0,0,3,17,0.62
252.38,0,0,0.145306,-0.00540143,0,0,3,17,0.62
252.48,0,0,0.162343,-0.00543866,0,0,3,17,0.62
252.58,0,0,0.142767,-0.0318403,0,0,3,17,0.62
252.68,0,0,0.123312,-0.0467326,0,0,3,17,0.62
252.78,0,0,0.10404,-0.0216049,0,0,3,17,0.62
252.88,0,0,0.114783,0.0140385,0,0,3,17,0.62
252.98,0,0,0.170915,0.00742762,0,0,3,17,0.62
253.08,0,0,0.183892,-0.034146,0,0,3,18,0.62
253.18,0,0,0.131592,-0.0489437,0,0,3,18,0.62
253.28,0,0,0.107836,-0.0193057,0,0,3,18,0.62
253.38,0,0,0.127195,0.0102528,0,0,3,18,0.62
253.48,0,0,0.133208,0.00488169,0,0,3,18,0.62
253.58,0,0,0.11902,-0.0195894,0,0,3,18,0.62
253.68,0,0,0.106542,-0.0323591,0,0,3,18,0.62
253.78,0,0,0.096653,-0.025981,0,0,3,18,0.62
253.88,0,0,0.100993,-0.00522916,0,0,3,18,0.6
253.98,0,0,0.126879,0.00725215,0,0,3,18,0.6
254.08,0,0,0.147493,-0.00199442,0,0,3,18,0.6
254.18,0,0,0.160125,-0.0232889,0,0,3,18,0.6
254.28,0,0,0.151419,-0.0339048,0,0,3,18,0.6
254.38,0,0,0.110344,-0.0145586,0,0,3,18,0.6
254.48,0,0,0.101503,0.0118275,0,0,3,18,0.6
254.58,0,0,0.141336,0.00303469,0,0,3,18,0.6
254.68,0,0,0.152817,-0.0268966,0,0,3,18,0.6
254.78,0,0,0.121376,-0.0288401,0,0,3,18,0.6
254.88,0,0,0.109051,-0.00757361,0,0,3,17,0.62
254.98,0,0,0.125596,0.00447647,0,0,3,17,0.62
255.08,0,0,0.128723,0.00202434,0,0,3,17,0.62
255.18,0,0,0.111508,-0.00797042,0,0,3,17,0.62
255.28,0,0,0.107115,-0.0132797,0,0,3,18,0.62
255.38,0,0,0.122143,-0.0113378,0,0,3,18,0.62
255.48,0,0,0.132673,-0.0015591,0,0,3,18,0.62
255.58,0,0,0.136405,0.0142448,0,0,3,18,0.62
255.68,0,0,0.137073,0.0222168,0,0,3,18,0.62
255.78,0,0,0.133095,0.0160723,0,0,3,18,0.62
255.88,0,0,0.127251,-0.00400593,0,0,3,18,0.6
255.98,0,0,0.11858,-0.0181352,0,0,3,18,0.6
256.08,0,0,0.11349,0.0072667,0,0,3,18,0.6
256.18,0,0,0.113822,0.0404137,0,0,3,18,0.6
256.28,0,0,0.122875,0.0310655,0,0,3,18,0.6
256.38,0,0,0.1451,-0.00750342,0,0,3,18,0.6
256.48,0,0,0.148073,-0.0214792,0,0,3,18,0.6
256.58,0,0,0.121954,0.00475443,0,0,3,18,0.6
256.68,0,0,0.115726,0.0327436,0,0,3,18,0.6
256.78,0,0,0.139674,0.0279272,0,0,3,18,0.6
256.88,0,0,0.153333,0.00154684,0,0,3,18,0.6
256.98,0,0,0.124692,-0.00753203,0,0,3,18,0.6
257.08,0,0,0.112683,-0.0022759,0,0,3,18,0.6
257.18,0,0,0.125839,0.00155685,0,0,3,18,0.6
257.28,0,0,0.135834,0.00935025,0,0,3,18,0.6
257.38,0,0,0.141039,0.0142095,0,0,3,18,0.6
257.48,0,0,0.145064,0.00293629,0,0,3,18,0.6
257.58,0,0,0.147309,-0.00939302,0,0,3,18,0.6
257.68,0,0,0.150594,-0.00415281,0,0,3,18,0.6
257.78,0,0,0.155455,0.00500739,0,0,3,18,0.6
257.88,0,0,0.148956,-0.00230732,0,0,3,18,0.6
257.98,0,0,0.125254,-0.0171591,0,0,3,18,0.6
258.08,0,0,0.114412,-0.0138553,0,0,3,18,0.6
258.18,0,0,0.123033,0.000749419,0,0,3,18,0.6
258.28,0,0,0.13217,0.00587983,0,0,3,18,0.6
258.38,0,0,0.142089,-0.0059108,0,0,3,18,0.6
258.48,0,0,0.137951,-0.0275611,0,0,3,18,0.6
258.58,0,0,0.112544,-0.0279167,0,0,3,18,0.6
258.68,0,0,0.104085,-0.00237624,0,0,3,18,0.6
258.78,0,0,0.12127,0.0150552,0,0,3,18,0.6
258.88,0,0,0.135015,0.00226053,0,0,3,18,0.6
258.98,0,0,0.134716,-0.0256173,0,0,3,18,0.6
259.08,0,0,0.131916,-0.0425278,0,0,3,18,0.6
259.18,0,0,0.125339,-0.034309,0,0,3,18,0.6
259.28,0,0,0.130695,-0.00807317,0,0,3,18,0.6
259.38,0,0,0.1541,0.0157832,0,0,3,18,0.6
259.48,0,0,0.151557,0.00810559,0,0,3,18,0.6
259.58,0,0,0.109827,-0.0238117,0,0,3,18,0.6
259.68,0,0,0.101923,-0.0423125,0,0,3,18,0.6
259.78,0,0,0.145242,-0.0230809,0,0,3,18,0.6
259.88,0,0,0.157264,0.0107354,0,0,3,18,0.6
259.98,0,0,0.121913,0.0171221,0,0,3,18,0.6
260.08,0,0,0.0997085,0.00106399,0,0,3,18,0.6
260.18,0,0,0.131565,-0.0106213,0,0,3,18,0.6
260.28,0,0,0.147409,-0.00576677,0,0,3,18,0.6
260.38,0,0,0.139015,0.00526978,0,0,3,18,0.6
260.48,0,0,0.129136,0.00246194,0,0,3,18,0.6
260.58,0,0,0.117009,-0.00511221,0,0,3,18,0.6
260.68,0,0,0.113684,-0.00403764,0,0,3,18,0.6
260.78,0,0,0.123651,0.00220083,0,0,3,18,0.6
260.88,0,0,0.140027,0.00148228,0,0,3,18,0.6
260.98,0,0,0.166105,-0.00458114,0,0,3,18,0.6
261.08,0,0,0.157451,-0.0164932,0,0,3,18,0.6
261.18,0,0,0.0963472,-0.0264665,0,0,3,18,0.6
261.28,0,0,0.0832916,-0.0176545,0,0,3,18,0.6
261.38,0,0,0.143025,-0.000752877,0,0,3,18,0.6
261.48,0,0,0.164524,-0.000769726,0,0,3,18,0.6
261.58,0,0,0.128138,-0.0196913,0,0,3,18,0.6
261.68,0,0,0.11326,-0.0278917,0,0,3,18,0.6
261.78,0,0,0.130993,-0.0166315,0,0,3,18,0.6
261.88,0,0,0.152607,-0.0114223,0,0,3,18,0.6
261.98,0,0,0.180097,-0.0195782,0,0,3,18,0.6
262.08,0,0,0.172672,-0.023576,0,0,3,18,0.6
262.18,0,0,0.112344,-0.012431,0,0,3,18,0.6
262.28,0,0,0.108195,-0.00865147,0,0,3,18,0.6
262.38,0,0,0.141433,-0.0222416,0,0,3,18,0.6
262.48,0,0,0.150711,-0.0298758,0,0,3,18,0.6
262.58,0,0,0.12373,-0.0167038,0,0,3,18,0.6
262.68,0,0,0.111429,-0.000246699,0,0,3,18,0.6
262.78,0,0,0.121326,-0.000963176,0,0,3,18,0.6
262.88,0,0,0.136199,-0.0156232,0,0,3,18,0.6
262.98,0,0,0.171476,-0.025673,0,0,3,18,0.6
263.08,0,0,0.155996,-0.0229046,0,0,3,18,0.6
263.18,0,0,0.0636798,-0.00589346,0,0,3,18,0.6
263.28,0,0,0.0461194,0.00204217,0,0,3,18,0.6
263.38,0,0,0.141854,-0.0111717,0,0,3,18,0.6
263.48,0,0,0.190889,-0.0125819,0,0,3,18,0.6
263.58,0,0,0.169155,-0.000831334,0,0,3,18,0.6
263.68,0,0,0.154315,0.00470971,0,0,3,18,0.6
263.78,0,0,0.149918,0.00389297,0,0,3,18,0.6
263.88,0,0,0.147273,-0.00629665,0,0,3,18,0.6
263.98,0,0,0.147274,-0.0220723,0,0,3,18,0.6
264.08,0,0,0.137992,-0.0152128,0,0,3,18,0.6
264.18,0,0,0.114682,0.0147908,0,0,3,18,0.6
264.28,0,0,0.107251,0.0269791,0,0,3,18,0.6
264.38,0,0,0.123845,-0.00993747,0,0,3,18,0.6
264.48,0,0,0.131623,-0.0436054,0,0,3,18,0.6
264.58,0,0,0.126038,-0.0181244,0,0,3,18,0.6
264.68,0,0,0.127291,0.0334276,0,0,3,18,0.6
264.78,0,0,0.138899,0.038339,0,0,3,18,0.6
264.88,0,0,0.143725,-0.0131174,0,0,3,18,0.6
264.98,0,0,0.13828,-0.0488669,0,0,3,18,0.6
265.08,0,0,0.126011,-0.034193,0,0,3,18,0.6
265.18,0,0,0.103409,-0.00542539,0,0,3,18,0.6
265.28,0,0,0.115748,0.000528223,0,0,3,18,0.6
265.38,0,0,0.180863,-0.00244021,0,0,3,18,0.6
265.48,0,0,0.189089,-0.00904831,0,0,3,18,0.6
265.58,0,0,0.111295,-0.0295295,0,0,3,18,0.6
265.68,0,0,0.0746984,-0.0408553,0,0,3,18,0.6
265.78,0,0,0.100479,-0.0200839,0,0,3,18,0.6
265.88,0,0,0.119466,0.00936068,0,0,3,18,0.6
265.98,0,0,0.128174,0.0050881,0,0,3,18,0.6
266.08,0,0,0.145272,-0.0214377,0,0,3,18,0.6
266.18,0,0,0.175062,-0.0180133,0,0,3,18,0.6
266.28,0,0,0.169936,-0.000787909,0,0,3,18,0.6
266.38,0,0,0.111945,-0.00887453,0,0,3,18,0.6
266.48,0,0,0.0877645,-0.0209172,0,0,3,18,0.6
266.58,0,0,0.114828,-0.00917921,0,0,3,18,0.6
266.68,0,0,0.130155,0.00965101,0,0,3,18,0.6
266.78,0,0,0.127682,0.00903766,0,0,3,18,0.6
266.88,0,0,0.128358,-0.00553971,0,0,3,18,0.6
266.98,0,0,0.133789,-0.00645539,0,0,3,18,0.6
267.08,0,0,0.139368,-0.00167788,0,0,3,18,0.6
267.18,0,0,0.145169,-0.00801505,0,0,3,18,0.6
267.28,0,0,0.140777,0.00129509,0,0,3,18,0.6
267.38,0,0,0.120971,0.0268654,0,0,3,18,0.6
267.48,0,0,0.106317,0.0304179,0,0,3,18,0.6
267.58,0,0,0.0994664,0.00627815,0,0,3,18,0.6
267.68,0,0,0.098984,-0.0156008,0,0,3,18,0.6
267.78,0,0,0.10817,-0.00533514,0,0,3,18,0.6
267.88,0,0,0.11879,0.0333639,0,0,3,18,0.6
267.98,0,0,0.131582,0.051045,0,0,3,18,0.6
268.08,0,0,0.14569,0.0214353,0,0,3,18,0.6
268.18,0,0,0.161791,-0.0104253,0,0,3,18,0.6
268.28,0,0,0.157144,-0.00324116,0,0,3,18,0.6
268.38,0,0,0.121037,0.0304188,0,0,3,18,0.6
268.48,0,0,0.105028,0.0581666,0,0,3,18,0.6
268.58,0,0,0.119358,0.0470521,0,0,3,18,0.6
268.68,0,0,0.134499,0.00838647,0,0,3,18,0.6
268.78,0,0,0.150866,-0.0138758,0,0,3,18,0.6
268.88,0,0,0.153636,0.00467647,0,0,3,18,0.6
268.98,0,0,0.100582,0.050388,0,0,3,18,0.6
269.08,0,0,0.0809664,0.0720065,0,0,3,18,0.6
269.18,0,0,0.112013,0.0494242,0,0,3,18,0.6
269.28,0,0,0.131801,0.00635459,0,0,3,18,0.6
269.38,0,0,0.134499,-0.0131801,0,0,3,18,0.6
269.48,0,0,0.133686,0.025413,0,0,3,18,0.6
269.58,0,0,0.127553,0.0782311,0,0,3,18,0.6
269.68,0,0,0.111033,0.0714163,0,0,3,18,0.6
269.78,0,0,0.078788,0.0235182,0,0,3,18,0.6
269.88,0,0,0.0860716,0.0116039,0,0,3,18,0.6
269.98,0,0,0.153247,0.0392373,0,0,3,18,0.6
270.08,0,0,0.164431,0.0627617,0,0,3,18,0.6
270.18,0,0,0.0910555,0.067512,0,0,3,18,0.6
270.28,0,0,0.0639958,0.0546704,0,0,3,18,0.6
270.38,0,0,0.107036,0.0363906,0,0,3,18,0.6
270.48,0,0,0.13591,0.0314873,0,0,3,18,0.6
270.58,0,0,0.143362,0.0426046,0,0,3,18,0.6
270.68,0,0,0.137438,0.0591086,0,0,3,18,0.6
270.78,0,0,0.111251,0.0657693,0,0,3,18,0.6
270.88,0,0,0.109355,0.0529531,0,0,3,18,0.6
270.98,0,0,0.14422,0.0350531,0,0,3,18,0.6
271.08,0,0,0.149629,0.0300682,0,0,3,18,0.6
271.18,0,0,0.110432,0.0413509,0,0,3,18,0.6
271.28,0,0,0.0842561,0.0524962,0,0,3,18,0.6
271.38,0,0,0.0777804,0.0523804,0,0,3,18,0.6
271.48,0,0,0.0900474,0.0492505,0,0,3,18,0.6
271.58,0,0,0.130732,0.0377658,0,0,3,18,0.6
271.68,0,0,0.144558,0.018325,0,0,3,18,0.6
271.78,0,0,0.117781,0.026563,0,0,3,18,0.6
271.88,0,0,0.100258,0.0506825,0,0,3,18,0.6
271.98,0,0,0.0967119,0.0604641,0,0,3,18,0.6
272.08,0,0,0.110241,0.0403322,0,0,3,18,0.6
272.18,0,0,0.149564,0.0128814,0,0,3,18,0.6
272.28,0,0,0.157292,-0.00173162,0,0,3,18,0.6
272.38,0,0,0.11714,0.00816971,0,0,3,18,0.6
272.48,0,0,0.0962786,0.0435789,0,0,3,18,0.6
272.58,0,0,0.104631,0.0665045,0,0,3,18,0.6
272.68,0,0,0.125727,0.0375004,0,0,3,18,0.6
272.78,0,0,0.166098,-0.0146588,0,0,3,18,0.6
272.88,0,0,0.157622,-0.0298233,0,0,3,18,0.6
272.98,0,0,0.075173,0.00774116,0,0,3,18,0.6
273.08,0,0,0.0489073,0.0466562,0,0,3,18,0.6
273.18,0,0,0.10781,0.0424044,0,0,3,18,0.6
273.28,0,0,0.14264,0.00870294,0,0,3,18,0.6
273.38,0,0,0.141068,-0.011641,0,0,3,18,0.6
273.48,0,0,0.140055,-0.0106495,0,0,3,18,0.6
273.58,0,0,0.139887,0.00121865,0,0,3,18,0.6
273.68,0,0,0.133859,0.0236901,0,0,3,18,0.6
273.78,0,0,0.118968,0.0391315,0,0,3,18,0.6
273.88,0,0,0.109532,0.025832,0,0,3,18,0.6
273.98,0,0,0.108356,-0.000429848,0,0,3,18,0.6
274.08,0,0,0.108177,-0.0134683,0,0,3,18,0.6
274.18,0,0,0.109508,0.00568736,0,0,3,18,0.6
274.28,0,0,0.127464,0.0392217,0,0,3,18,0.6
274.38,0,0,0.170567,0.0514192,0,0,3,18,0.6
274.48,0,0,0.181,0.0388682,0,0,3,18,0.6
274.58,0,0,0.141883,0.0221061,0,0,3,18,0.6
274.68,0,0,0.120716,0.0114742,0,0,3,18,0.6
274.78,0,0,0.126675,0.017116,0,0,3,18,0.6
274.88,0,0,0.130014,0.0395687,0,0,3,18,0.6
274.98,0,0,0.12258,0.0657508,0,0,3,18,0.6
275.08,0,0,0.116852,0.0605054,0,0,3,18,0.6
275.18,0,0,0.113701,0.0226917,0,0,3,18,0.6
275.28,0,0,0.121942,0.00467408,0,0,3,18,0.6
275.38,0,0,0.147429,0.0234759,0,0,3,18,0.6
275.48,0,0,0.147775,0.0527503,0,0,3,18,0.6
275.58,0,0,0.109992,0.0624561,0,0,3,18,0.6
275.68,0,0,0.0989471,0.0442109,0,0,3,18,0.6
275.78,0,0,0.128395,0.0184175,0,0,3,18,0.6
275.88,0,0,0.130822,0.00987795,0,0,3,18,0.6
275.98,0,0,0.0923756,0.0255048,0,0,3,18,0.6
276.08,0,0,0.0861106,0.0502646,0,0,3,18,0.6
276.18,0,0,0.128671,0.0502285,0,0,3,18,0.6
276.28,0,0,0.14264,0.0271404,0,0,3,18,0.6
276.38,0,0,0.11338,0.0208271,0,0,3,18,0.6
276.48,0,0,0.10363,0.0338422,0,0,3,18,0.6
276.58,0,0,0.12337,0.0365666,0,0,3,18,0.6
276.68,0,0,0.121862,0.0261962,0,0,3,18,0.6
276.78,0,0,0.0882525,0.0194364,0,0,3,18,0.6
276.88,0,0,0.0783396,0.030858,0,0,3,18,0.6
276.98,0,0,0.104324,0.0417651,0,0,3,18,0.6
277.08,0,0,0.121301,0.0269834,0,0,3,18,0.6
277.18,0,0,0.124643,0.0102234,0,0,3,18,0.6
277.28,0,0,0.118526,0.0152742,0,0,3,18,0.6
277.38,0,0,0.0980701,0.0272778,0,0,3,18,0.6
277.48,0,0,0.0889884,0.0286399,0,0,3,18,0.6
277.58,0,0,0.0971116,0.0208164,0,0,3,18,0.6
277.68,0,0,0.107572,0.0162183,0,0,3,18,0.6
277.78,0,0,0.121575,0.017705,0,0,3,18,0.6
277.88,0,0,0.123395,0.0118683,0,0,3,18,0.6
277.98,0,0,0.106811,0.00208669,0,0,3,18,0.6
278.08,0,0,0.113925,0.00460654,0,0,3,18,0.6
278.18,0,0,0.156868,0.015098,0,0,3,18,0.6
278.28,0,0,0.170869,0.011564,0,0,3,18,0.6
278.38,0,0,0.141063,-0.00606522,0,0,3,18,0.6
278.48,0,0,0.122652,-0.0127528,0,0,3,18,0.6
278.58,0,0,0.121499,0.00299713,0,0,3,18,0.6
278.68,0,0,0.119492,0.0151625,0,0,3,18,0.6
278.78,0,0,0.116191,0.0100537,0,0,3,18,0.6
278.88,0,0,0.110785,-0.000289331,0,0,3,18,0.6
278.98,0,0,0.102189,-0.00945021,0,0,3,18,0.6
279.08,0,0,0.105074,-0.0048103,0,0,3,18,0.6
279.18,0,0,0.155202,0.0112977,0,0,3,18,0.6
279.28,0,0,0.164344,0.0207881,0,0,3,18,0.6
279.38,0,0,0.111218,0.0167915,0,0,3,18,0.6
279.48,0,0,0.0910301,0.00564896,0,0,3,17,0.6
279.58,0,0,0.120623,0.000465166,0,0,3,17,0.6
279.68,0,0,0.13654,0.00827896,0,0,3,17,0.6
279.78,0,0,0.131814,0.0164761,0,0,3,17,0.6
279.88,0,0,0.121702,0.0210466,0,0,3,17,0.62
279.98,0,0,0.103445,0.0230706,0,0,3,17,0.62
280.08,0,0,0.0974492,0.0164689,0,0,3,17,0.62
280.18,0,0,0.141997,0.0108228,0,0,3,17,0.62
280.28,0,0,0.15193,0.0168595,0,0,3,17,0.62
280.38,0,0,0.109413,0.0270683,0,0,3,17,0.62
280.48,0,0,0.095988,0.0375076,0,0,3,17,0.62
280.58,0,0,0.126577,0.0339961,0,0,3,17,0.62
280.68,0,0,0.138297,0.0203588,0,0,3,17,0.62
280.78,0,0,0.121445,0.0197618,0,0,3,17,0.62
280.88,0,0,0.107634,0.0270104,0,0,3,17,0.62
280.98,0,0,0.106286,0.0335879,0,0,3,17,0.62
281.08,0,0,0.106101,0.0413894,0,0,3,18,0.62
281.18,0,0,0.107672,0.0399347,0,0,3,18,0.62
281.28,0,0,0.109701,0.0265524,0,0,3,18,0.62
281.38,0,0,0.112036,0.0117661,0,0,3,18,0.62
281.48,0,0,0.104172,0.0133912,0,0,3,18,0.62
281.58,0,0,0.0808817,0.0345964,0,0,3,18,0.62
281.68,0,0,0.0926625,0.0496733,0,0,3,18,0.62
281.78,0,0,0.157588,0.0396347,0,0,3,18,0.62
281.88,0,0,0.180649,0.0215611,0,0,3,18,0.6
281.98,0,0,0.140266,0.00859708,0,0,3,18,0.6
282.08,0,0,0.132158,0.00796241,0,0,3,18,0.6
282.18,0,0,0.172885,0.0281353,0,0,3,18,0.6
282.28,0,0,0.174234,0.0452025,0,0,3,18,0.6
282.38,0,0,0.115879,0.0303991,0,0,3,18,0.6
282.48,0,0,0.0860986,0.000154473,0,0,3,18,0.6
282.58,0,0,0.0994521,-0.00319766,0,0,3,18,0.6
282.68,0,0,0.118231,0.0209274,0,0,3,18,0.6
282.78,0,0,0.145211,0.0370867,0,0,3,18,0.6
282.88,0,0,0.145073,0.0338187,0,0,3,18,0.6
282.98,0,0,0.103963,0.0220663,0,0,3,18,0.6
283.08,0,0,0.0931499,0.0124042,0,0,3,18,0.6
283.18,0,0,0.12819,0.0061075,0,0,3,18,0.6
283.28,0,0,0.15099,0.0114532,0,0,3,18,0.6
283.38,0,0,0.155282,0.0305545,0,0,3,18,0.6
283.48,0,0,0.150307,0.0377516,0,0,3,18,0.6
283.58,0,0,0.1313,0.0211299,0,0,3,18,0.6
283.68,0,0,0.130906,0.00527496,0,0,3,18,0.6
283.78,0,0,0.15869,0.00764242,0,0,3,18,0.6
283.88,0,0,0.161693,0.0201132,0,0,3,18,0.6
283.98,0,0,0.127174,0.0237042,0,0,3,18,0.6
284.08,0,0,0.10236,0.0186212,0,0,3,18,0.6
284.18,0,0,0.092205,0.0137546,0,0,3,18,0.6
284.28,0,0,0.104374,0.0140993,0,0,3,18,0.6
284.38,0,0,0.150293,0.014394,0,0,3,18,0.6
284.48,0,0,0.163407,0.011764,0,0,3,18,0.6
284.58,0,0,0.126954,0.0135441,0,0,3,18,0.6
284.68,0,0,0.113365,0.016916,0,0,3,18,0.6
284.78,0,0,0.134416,0.0181215,0,0,3,18,0.6
284.88,0,0,0.149782,0.0121206,0,0,3,18,0.6
284.98,0,0,0.156556,0.00138939,0,0,3,18,0.6
285.08,0,0,0.153271,-0.00197753,0,0,3,18,0.6
285.18,0,0,0.134724,0.00516487,0,0,3,18,0.6
285.28,0,0,0.122643,0.0157282,0,0,3,18,0.6
285.38,0,0,0.120349,0.0167649,0,0,3,18,0.6
285.48,0,0,0.123935,0.00632374,0,0,3,18,0.6
285.58,0,0,0.136432,-0.0056103,0,0,3,18,0.6
285.68,0,0,0.139515,-0.0109443,0,0,3,18,0.6
285.78,0,0,0.128376,-0.00681548,0,0,3,18,0.6
285.88,0,0,0.126919,-0.00264052,0,0,3,18,0.6
285.98,0,0,0.140099,-0.000973271,0,0,3,18,0.6
286.08,0,0,0.144998,0.00120371,0,0,3,18,0.6
286.18,0,0,0.13737,-0.00320612,0,0,3,18,0.6
286.28,0,0,0.137057,-0.010386,0,0,3,18,0.6
286.38,0,0,0.147827,-0.0137874,0,0,3,18,0.6
286.48,0,0,0.152989,-0.0162545,0,0,3,18,0.6
286.58,0,0,0.149667,-0.0207222,0,0,3,18,0.6
286.68,0,0,0.147474,-0.0223644,0,0,3,18,0.6
286.78,0,0,0.146992,-0.0133237,0,0,3,18,0.6
286.88,0,0,0.145965,-0.00505297,0,0,3,18,0.6
286.98,0,0,0.142689,-0.0110293,0,0,3,18,0.6
287.08,0,0,0.148334,-0.0281997,0,0,3,18,0.6
287.18,0,0,0.167494,-0.0382162,0,0,3,18,0.6
287.28,0,0,0.170938,-0.0262979,0,0,3,18,0.6
287.38,0,0,0.150628,-0.00737274,0,0,3,18,0.6
287.48,0,0,0.132315,-0.0120747,0,0,3,18,0.6
287.58,0,0,0.117016,-0.0409584,0,0,3,18,0.6
287.68,0,0,0.113583,-0.0550133,0,0,3,18,0.6
287.78,0,0,0.128125,-0.0351194,0,0,3,18,0.6
287.88,0,0,0.130626,-0.011693,0,0,3,18,0.6
287.98,0,0,0.114892,-0.00619343,0,0,3,18,0.6
288.08,0,0,0.120437,-0.0203821,0,0,3,18,0.6
288.18,0,0,0.158181,-0.0386975,0,0,3,18,0.6
288.28,0,0,0.171254,-0.0425277,0,0,3,18,0.6
288.38,0,0,0.14693,-0.0315053,0,0,3,18,0.6
288.48,0,0,0.131548,-0.0149945,0,0,3,18,0.6
288.58,0,0,0.129709,-0.00272662,0,0,3,18,0.6
288.68,0,0,0.130358,-0.0129593,0,0,3,18,0.6
288.78,0,0,0.13478,-0.0378937,0,0,3,18,0.6
288.88,0,0,0.128454,-0.0429894,0,0,3,18,0.6
288.98,0,0,0.105888,-0.0222569,0,0,3,18,0.6
289.08,0,0,0.109535,-0.00441126,0,0,3,18,0.6
289.18,0,0,0.152785,-0.00789657,0,0,3,18,0.6
289.28,0,0,0.161301,-0.0165356,0,0,3,18,0.6
289.38,0,0,0.117221,-0.0146831,0,0,3,18,0.6
289.48,0,0,0.105458,-0.0198508,0,0,3,18,0.6
289.58,0,0,0.115168,-0.0303957,0,0,3,18,0.6
289.68,0,0,0.118009,-0.0198575,0,0,3,18,0.6
289.78,0,0,0.110445,0.000699978,0,0,3,18,0.6
289.88,0,0,0.107957,0.00848136,0,0,3,18,0.6
289.98,0,0,0.113148,-0.00490974,0,0,3,18,0.6
290.08,0,0,0.116257,-0.0256445,0,0,3,18,0.6
290.18,0,0,0.116209,-0.0315603,0,0,3,18,0.6
290.28,0,0,0.113238,-0.0177889,0,0,3,18,0.6
290.38,0,0,0.105848,0.00497588,0,0,3,18,0.6
290.48,0,0,0.101876,0.010223,0,0,3,18,0.6
290.58,0,0,0.10307,-0.0141247,0,0,3,18,0.6
290.68,0,0,0.0956,-0.0375629,0,0,3,18,0.6
290.78,0,0,0.075038,-0.024208,0,0,3,18,0.6
290.88,0,0,0.0798566,0.00449903,0,0,3,18,0.6
290.98,0,0,0.123142,0.00648523,0,0,3,18,0.6
291.08,0,0,0.139744,-0.0175858,0,0,3,18,0.6
291.18,0,0,0.11598,-0.0355248,0,0,3,18,0.6
291.28,0,0,0.109653,-0.0264905,0,0,3,18,0.6
291.38,0,0,0.129716,-0.00798416,0,0,3,18,0.6
291.48,0,0,0.137507,-0.00392762,0,0,3,18,0.6
291.58,0,0,0.126741,-0.00844894,0,0,3,18,0.6
291.68,0,0,0.126228,-0.018424,0,0,3,18,0.6
291.78,0,0,0.141258,-0.031585,0,0,3,18,0.6
291.88,0,0,0.146141,-0.0276433,0,0,3,18,0.6
291.98,0,0,0.135675,-0.00605858,0,0,3,18,0.6
292.08,0,0,0.124802,0.00821182,0,0,3,18,0.6
292.18,0,0,0.113313,-0.00434118,0,0,3,18,0.6
292.28,0,0,0.112952,-0.0345163,0,0,3,18,0.6
292.38,0,0,0.129401,-0.0431723,0,0,3,18,0.6
292.48,0,0,0.139679,-0.0216052,0,0,3,18,0.6
292.58,0,0,0.140601,-0.00513036,0,0,3,18,0.6
292.68,0,0,0.134811,-0.0222242,0,0,3,18,0.6
292.78,0,0,0.118863,-0.0451158,0,0,3,18,0.6
292.88,0,0,0.109606,-0.0351794,0,0,3,18,0.6
292.98,0,0,0.127773,-0.0178875,0,0,3,18,0.6
293.08,0,0,0.13949,-0.0249841,0,0,3,18,0.6
293.18,0,0,0.141453,-0.0357786,0,0,3,18,0.6
293.28,0,0,0.131918,-0.0282392,0,0,3,18,0.6
293.38,0,0,0.104948,-0.0209786,0,0,3,18,0.6
293.48,0,0,0.127434,-0.0316662,0,0,3,18,0.6
293.58,0,0,0.182813,-0.0379968,0,0,3,18,0.6
293.68,0,0,0.184733,-0.0278669,0,0,3,18,0.6
293.78,0,0,0.10581,-0.0246191,0,0,3,18,0.6
293.88,0,0,0.0740891,-0.0369601,0,0,3,18,0.6
293.98,0,0,0.113722,-0.0399343,0,0,3,18,0.6
294.08,0,0,0.136561,-0.0187895,0,0,3,18,0.6
294.18,0,0,0.133964,0.00124168,0,0,3,18,0.6
294.28,0,0,0.126432,-0.00535418,0,0,3,18,0.6
294.38,0,0,0.111432,-0.0359626,0,0,3,18,0.6
294.48,0,0,0.101539,-0.0496791,0,0,3,18,0.6
294.58,0,0,0.0993843,-0.0159501,0,0,3,18,0.6
294.68,0,0,0.11757,0.0147169,0,0,3,18,0.6
294.78,0,0,0.166535,-0.00578182,0,0,3,18,0.6
294.88,0,0,0.155897,-0.0382092,0,0,3,18,0.6
294.98,0,0,0.105532,-0.030629,0,0,3,18,0.6
295.08,0,0,0.0957797,-0.00886923,0,0,3,18,0.6
295.18,0,0,0.147319,-0.00777846,0,0,3,18,0.6
295.28,0,0,0.16158,-0.0116901,0,0,3,18,0.6
295.38,0,0,0.11942,-0.0109668,0,0,3,18,0.6
295.48,0,0,0.0959864,-0.012327,0,0,3,18,0.6
295.58,0,0,0.100855,-0.0133143,0,0,3,18,0.6
295.68,0,0,0.105875,-0.00499738,0,0,3,18,0.6
295.78,0,0,0.111125,0.00317311,0,0,3,18,0.6
295.88,0,0,0.109172,-0.00847624,0,0,3,18,0.6
295.98,0,0,0.0963297,-0.0291197,0,0,3,18,0.6
296.08,0,0,0.105989,-0.0198301,0,0,3,18,0.6
296.18,0,0,0.149663,0.0124507,0,0,3,18,0.6
296.28,0,0,0.134208,0.0162332,0,0,3,18,0.6
296.38,0,0,0.0793018,-0.0137498,0,0,3,18,0.6
296.48,0,0,0.0609168,-0.0249432,0,0,3,18,0.6
296.58,0,0,0.0978595,0.0010774,0,0,3,18,0.6
296.68,0,0,0.119164,0.018211,0,0,3,18,0.6
296.78,0,0,0.116802,0.00524891,0,0,3,18,0.6
296.88,0,0,0.110007,-0.00503188,0,0,3,18,0.6
296.98,0,0,0.0965237,0.000580197,0,0,3,18,0.6
297.08,0,0,0.0968038,0.00466121,0,0,3,18,0.6
297.18,0,0,0.117892,0.00494421,0,0,3,18,0.6
297.28,0,0,0.120011,0.0100482,0,0,3,18,0.6
297.38,0,0,0.0933709,0.0125857,0,0,3,18,0.6
297.48,0,0,0.0920606,0.00444657,0,0,3,18,0.6
297.58,0,0,0.129043,-0.00476379,0,0,3,18,0.6
297.68,0,0,0.135597,0.00621295,0,0,3,18,0.6
297.78,0,0,0.0960171,0.015303,0,0,3,18,0.6
297.88,0,0,0.073051,0.00488044,0,0,3,18,0.6
297.98,0,0,0.07524,0.000653549,0,0,3,18,0.6
298.08,0,0,0.0895501,0.0196418,0,0,3,18,0.6
298.18,0,0,0.122172,0.0327085,0,0,3,18,0.6
298.28,0,0,0.131223,0.014087,0,0,3,18,0.6
298.38,0,0,0.10456,-0.00321083,0,0,3,18,0.6
298.48,0,0,0.0961914,0.0149876,0,0,3,18,0.6
298.58,0,0,0.115491,0.0432356,0,0,3,18,0.6
298.68,0,0,0.114833,0.0361637,0,0,3,18,0.6
298.78,0,0,0.0839033,0.00616338,0,0,3,18,0.6
298.88,0,0,0.0630644,-7.28344e-05,0,0,3,18,0.6
298.98,0,0,0.0836344,0.0314172,0,0,3,18,0.6
299.08,0,0,0.0933245,0.0526198,0,0,3,18,0.6
299.18,0,0,0.0865471,0.0361379,0,0,3,18,0.6
299.28,0,0,0.0877891,0.0226279,0,0,3,18,0.6
299.38,0,0,0.101198,0.0286624,0,0,3,18,0.6
299.48,0,0,0.112293,0.0333162,0,0,3,18,0.6
299.58,0,0,0.119885,0.0383425,0,0,3,18,0.6
299.68,0,0,0.118894,0.0454534,0,0,3,18,0.6
299.78,0,0,0.104922,0.0418421,0,0,3,18,0.6
299.88,0,0,0.1067,0.0322095,0,0,3,18,0.6
299.98,0,0,0.132313,0.0272448,0,0,3,18,0.6
300.08,0,0,0.134671,0.0336995,0,0,3,18,0.6
300.18,0,0,0.101929,0.0449176,0,0,3,18,0.6
300.28,0,0,0.108047,0.0483436,0,0,3,18,0.6
300.38,0,0,0.140056,0.0392862,0,0,3,18,0.6
300.48,0,0,0.143352,0.0271988,0,0,3,18,0.6
300.58,0,0,0.103213,0.0369937,0,0,3,18,0.6
300.68,0,0,0.082813,0.0551312,0,0,3,18,0.6
300.78,0,0,0.0923439,0.0498519,0,0,3,18,0.6
300.88,0,0,0.0974433,0.0232455,0,0,3,18,0.6
300.98,0,0,0.0958395,0.0108165,0,0,3,18,0.6
301.08,0,0,0.0899331,0.0343282,0,0,3,18,0.6
301.18,0,0,0.0775125,0.0633401,0,0,3,18,0.6
301.28,0,0,0.0831173,0.0594857,0,0,3,18,0.6
301.38,0,0,0.116048,0.02781,0,0,3,18,0.6
301.48,0,0,0.123907,0.0124153,0,0,3,18,0.6
301.58,0,0,0.0938507,0.0318092,0,0,3,18,0.6
301.68,0,0,0.0860086,0.051858,0,0,3,18,0.6
301.78,0,0,0.092949,0.0560533,0,0,3,18,0.6
301.88,0,0,0.0909746,0.0390488,0,0,3,18,0.6
301.98,0,0,0.0755022,0.0148007,0,0,3,18,0.6
302.08,0,0,0.0684445,0.0188826,0,0,3,18,0.6
302.18,0,0,0.0741099,0.0450234,0,0,3,18,0.6
302.28,0,0,0.0823098,0.0500438,0,0,3,18,0.6
302.38,0,0,0.0943537,0.0324486,0,0,3,18,0.6
302.48,0,0,0.0987856,0.0207004,0,0,3,18,0.6
302.58,0,0,0.0916921,0.0293463,0,0,3,18,0.6
302.68,0,0,0.0896199,0.0414234,0,0,3,18,0.6
302.78,0,0,0.0951571,0.0373695,0,0,3,18,0.6
302.88,0,0,0.105061,0.0257597,0,0,3,18,0.6
302.98,0,0,0.121559,0.0197835,0,0,3,18,0.6
303.08,0,0,0.112109,0.0293858,0,0,3,18,0.6
303.18,0,0,0.0854187,0.0402236,0,0,3,18,0.6
303.28,0,0,0.0838785,0.0256546,0,0,3,18,0.6
303.38,0,0,0.120362,0.0107192,0,0,3,18,0.6
303.48,0,0,0.130171,0.0173032,0,0,3,18,0.6
303.58,0,0,0.0995575,0.0295391,0,0,3,18,0.6
303.68,0,0,0.0773383,0.0351993,0,0,3,18,0.6
303.78,0,0,0.0678244,0.0315004,0,0,3,18,0.6
303.88,0,0,0.0729866,0.0251629,0,0,3,18,0.6
303.98,0,0,0.100351,0.0209004,0,0,3,18,0.6
304.08,0,0,0.104653,0.0212318,0,0,3,18,0.6
304.18,0,0,0.0740454,0.0287461,0,0,3,18,0.6
304.28,0,0,0.0566698,0.0377685,0,0,3,18,0.6
304.38,0,0,0.0593463,0.0378531,0,0,3,18,0.6
304.48,0,0,0.0849623,0.0291452,0,0,3,18,0.6
304.58,0,0,0.125832,0.0159623,0,0,3,18,0.6
304.68,0,0,0.133534,0.0151199,0,0,3,18,0.6
304.78,0,0,0.0911174,0.0270184,0,0,3,18,0.6
304.88,0,0,0.0629538,0.0318426,0,0,3,18,0.6
304.98,0,0,0.0933075,0.0267769,0,0,3,18,0.6
305.08,0,0,0.105608,0.0276639,0,0,3,18,0.6
305.18,0,0,0.0905056,0.0313594,0,0,3,18,0.6
305.28,0,0,0.0770552,0.0269178,0,0,3,18,0.6
305.38,0,0,0.0661051,0.0211088,0,0,3,18,0.6
305.48,0,0,0.0769735,0.0214797,0,0,3,18,0.6
305.58,0,0,0.12093,0.0246079,0,0,3,18,0.6
305.68,0,0,0.13816,0.0209547,0,0,3,18,0.6
305.78,0,0,0.114892,0.018062,0,0,3,18,0.6
305.88,0,0,0.111339,0.027863,0,0,3,18,0.6
305.98,0,0,0.137546,0.0305559,0,0,3,18,0.6
306.08,0,0,0.135483,0.0178093,0,0,3,18,0.6
306.18,0,0,0.0906514,0.0111723,0,0,3,18,0.6
306.28,0,0,0.0797763,0.0198368,0,0,3,18,0.6
306.38,0,0,0.120299,0.027359,0,0,3,18,0.6
306.48,0,0,0.130117,0.0168704,0,0,3,18,0.6
306.58,0,0,0.0934947,-0.000705675,0,0,3,18,0.6
306.68,0,0,0.0800412,0.00172285,0,0,3,18,0.6
306.78,0,0,0.101627,0.0236181,0,0,3,18,0.6
306.88,0,0,0.113837,0.0264258,0,0,3,18,0.6
306.98,0,0,0.111866,0.000217212,0,0,3,18,0.6
307.08,0,0,0.101478,-0.010425,0,0,3,18,0.6
307.18,0,0,0.0783438,0.0104243,0,0,3,18,0.6
307.28,0,0,0.077519,0.0272399,0,0,3,18,0.6
307.38,0,0,0.110512,0.0152812,0,0,3,18,0.6
307.48,0,0,0.127573,-0.00418254,0,0,3,18,0.6
307.58,0,0,0.120574,-0.00537389,0,0,3,18,0.6
307.68,0,0,0.123178,-0.000673378,0,0,3,18,0.6
307.78,0,0,0.140299,-0.000219189,0,0,3,18,0.6
307.88,0,0,0.131225,0.00616891,0,0,3,18,0.6
307.98,0,0,0.082571,0.0157052,0,0,3,18,0.6
308.08,0,0,0.0589968,0.00966483,0,0,3,18,0.6
308.18,0,0,0.0734151,-0.0106915,0,0,3,18,0.6
308.28,0,0,0.0772518,-0.0130176,0,0,3,18,0.6
308.38,0,0,0.0650712,0.0125454,0,0,3,18,0.6
308.48,0,0,0.0778767,0.0302543,0,0,3,18,0.6
308.58,0,0,0.107288,0.0143747,0,0,3,18,0.6
308.68,0,0,0.11697,-0.0187969,0,0,3,18,0.6
308.78,0,0,0.0967857,-0.0235501,0,0,3,18,0.6
308.88,0,0,0.0872195,0.00460867,0,0,3,18,0.6
308.98,0,0,0.0937339,0.0219212,0,0,3,18,0.6
309.08,0,0,0.090605,0.0123293,0,0,3,18,0.6
309.18,0,0,0.0729192,-0.00561562,0,0,3,18,0.6
309.28,0,0,0.0820465,-0.0137588,0,0,3,18,0.6
309.38,0,0,0.131795,-0.0094862,0,0,3,18,0.6
309.48,0,0,0.142284,0.000136958,0,0,3,18,0.6
309.58,0,0,0.0935129,0.00390812,0,0,3,18,0.6
309.68,0,0,0.076483,0.00623141,0,0,3,17,0.6
309.78,0,0,0.107514,0.0118631,0,0,3,17,0.6
309.88,0,0,0.122277,0.00265693,0,0,3,17,0.62
309.98,0,0,0.112436,-0.0184163,0,0,3,17,0.62
310.08,0,0,0.0982691,-0.0193582,0,0,3,17,0.62
310.18,0,0,0.0775492,0.000895035,0,0,3,17,0.62
310.28,0,0,0.0796289,0.0147656,0,0,3,17,0.62
310.38,0,0,0.116347,0.00222886,0,0,3,17,0.62
310.48,0,0,0.122219,-0.0142596,0,0,3,17,0.62
310.58,0,0,0.0815098,-0.0105227,0,0,3,17,0.62
310.68,0,0,0.0608461,-0.00990545,0,0,3,17,0.62
310.78,0,0,0.070484,-0.0155665,0,0,3,17,0.62
310.88,0,0,0.0810752,-0.00652883,0,0,3,17,0.62
310.98,0,0,0.0955702,0.00791523,0,0,3,17,0.62
311.08,0,0,0.111155,0.00975397,0,0,3,17,0.62
311.18,0,0,0.128387,0.000562153,0,0,3,17,0.62
311.28,0,0,0.122315,-0.00423121,0,0,3,17,0.62
311.38,0,0,0.0808858,-0.00619399,0,0,3,17,0.62
311.48,0,0,0.0718573,-0.0139621,0,0,3,17,0.62
311.58,0,0,0.111832,-0.00272715,0,0,3,17,0.62
311.68,0,0,0.130736,0.0198144,0,0,3,17,0.62
311.78,0,0,0.117706,0.019636,0,0,3,17,0.62
311.88,0,0,0.101968,-0.00407806,0,0,3,17,0.62
311.98,0,0,0.0821279,-0.0166626,0,0,3,17,0.62
312.08,0,0,0.07971,-0.000647834,0,0,3,17,0.62
312.18,0,0,0.103676,0.0151378,0,0,3,17,0.62
312.28,0,0,0.117405,0.00284334,0,0,3,17,0.62
312.38,0,0,0.115645,-0.0159957,0,0,3,17,0.62
312.48,0,0,0.113349,-0.0147031,0,0,3,17,0.62
312.58,0,0,0.110244,0.00657734,0,0,3,17,0.62
312.68,0,0,0.105731,0.0188115,0,0,3,17,0.62
312.78,0,0,0.0990836,0.00398623,0,0,3,17,0.62
312.88,0,0,0.0953818,-0.0131373,0,0,3,17,0.62
312.98,0,0,0.0961437,-0.0119056,0,0,3,17,0.62
313.08,0,0,0.0936057,-0.00776733,0,0,3,17,0.62
313.18,0,0,0.0860776,-0.00784492,0,0,3,17,0.62
313.28,0,0,0.0840976,-0.000290953,0,0,3,17,0.62
313.38,0,0,0.0905294,0.00455667,0,0,3,17,0.62
313.48,0,0,0.10183,-0.00432279,0,0,3,17,0.62
313.58,0,0,0.120503,-0.0212368,0,0,3,17,0.62
313.68,0,0,0.130578,-0.0237591,0,0,3,17,0.62
313.78,0,0,0.127641,-0.0042507,0,0,3,17,0.62
313.88,0,0,0.122097,0.005864,0,0,3,17,0.62
313.98,0,0,0.112601,-0.00299969,0,0,3,17,0.62
314.08,0,0,0.101718,-0.0116457,0,0,3,17,0.62
314.18,0,0,0.0887373,-0.0135451,0,0,3,17,0.62
314.28,0,0,0.0780796,-0.00864292,0,0,3,17,0.62
314.38,0,0,0.0709388,-0.00161693,0,0,3,17,0.62
314.48,0,0,0.0750335,-0.000270318,0,0,3,17,0.62
314.58,0,0,0.0961154,-0.00426531,0,0,3,17,0.62
314.68,0,0,0.107671,-0.015374,0,0,3,17,0.62
314.78,0,0,0.104804,-0.0240944,0,0,3,17,0.62
314.88,0,0,0.100317,-0.00778999,0,0,3,17,0.62
314.98,0,0,0.0933802,0.0119369,0,0,3,17,0.62
315.08,0,0,0.0980475,0.00268999,0,0,3,17,0.62
315.18,0,0,0.120291,-0.0234467,0,0,3,17,0.62
315.28,0,0,0.112918,-0.0297366,0,0,3,17,0.62
315.38,0,0,0.0857513,-0.0100727,0,0,3,17,0.62
315.48,0,0,0.0693009,0.0111829,0,0,3,17,0.62
315.58,0,0,0.0690406,0.00871215,0,0,3,17,0.62
315.68,0,0,0.0755676,-0.0142839,0,0,3,17,0.62
315.78,0,0,0.0923462,-0.0303386,0,0,3,17,0.62
315.88,0,0,0.0957521,-0.0231716,0,0,3,17,0.62
315.98,0,0,0.0789156,0.00238747,0,0,3,17,0.62
316.08,0,0,0.0903617,0.0138287,0,0,3,17,0.62
316.18,0,0,0.144718,-0.0061017,0,0,3,17,0.62
316.28,0,0,0.149744,-0.035718,0,0,3,17,0.62
316.38,0,0,0.0800398,-0.0397213,0,0,3,17,0.62
316.48,0,0,0.0523516,-0.0133815,0,0,3,17,0.62
316.58,0,0,0.0882119,0.0128347,0,0,3,17,0.62
316.68,0,0,0.103606,0.00686091,0,0,3,17,0.62
316.78,0,0,0.105363,-0.0286379,0,0,3,17,0.62
316.88,0,0,0.102124,-0.0535882,0,0,3,17,0.62
316.98,0,0,0.0783738,-0.0348633,0,0,3,17,0.62
317.08,0,0,0.0737891,0.00675582,0,0,3,17,0.62
317.18,0,0,0.0982237,0.0124001,0,0,3,17,0.62
317.28,0,0,0.11349,-0.0246679,0,0,3,17,0.62
317.38,0,0,0.114898,-0.0481776,0,0,3,17,0.62
317.48,0,0,0.113456,-0.032979,0,0,3,17,0.62
317.58,0,0,0.107701,-0.0116161,0,0,3,17,0.62
317.68,0,0,0.102919,-0.00961603,0,0,3,17,0.62
317.78,0,0,0.0996096,-0.016771,0,0,3,17,0.62
317.88,0,0,0.0992446,-0.0183365,0,0,3,17,0.62
317.98,0,0,0.103337,-0.0273001,0,0,3,17,0.62
318.08,0,0,0.10349,-0.0423963,0,0,3,17,0.62
318.18,0,0,0.0976775,-0.033621,0,0,3,17,0.62
318.28,0,0,0.0918142,-0.00408666,0,0,3,17,0.62
318.38,0,0,0.0858731,0.00303678,0,0,3,17,0.62
318.48,0,0,0.0907617,-0.0148152,0,0,3,17,0.62
318.58,0,0,0.112012,-0.0289395,0,0,3,17,0.62
318.68,0,0,0.12321,-0.0342091,0,0,3,17,0.62
318.78,0,0,0.119194,-0.0262951,0,0,3,17,0.62
318.88,0,0,0.108715,-0.00667409,0,0,3,17,0.62
318.98,0,0,0.0884722,0.00965078,0,0,3,17,0.62
319.08,0,0,0.0798793,0.00749172,0,0,3,17,0.62
319.18,0,0,0.0889448,-0.0163232,0,0,3,17,0.62
319.28,0,0,0.0935549,-0.029822,0,0,3,17,0.62
319.38,0,0,0.0914223,-0.0153252,0,0,3,17,0.62
319.48,0,0,0.0919063,0.00712152,0,0,3,17,0.62
319.58,0,0,0.0963458,0.0183142,0,0,3,17,0.62
319.68,0,0,0.0952848,0.00622574,0,0,3,17,0.62
319.78,0,0,0.0858891,-0.0163437,0,0,3,17,0.62
319.88,0,0,0.0848078,-0.0221547,0,0,3,17,0.62
319.98,0,0,0.0963135,-0.00551606,0,0,3,17,0.62
320.08,0,0,0.102863,0.0129166,0,0,3,17,0.62
320.18,0,0,0.101922,0.00763848,0,0,3,17,0.62
320.28,0,0,0.0999259,-0.0140288,0,0,3,17,0.62
320.38,0,0,0.096336,-0.0182429,0,0,3,17,0.62
320.48,0,0,0.095828,-0.00900889,0,0,3,17,0.62
320.58,0,0,0.0999791,-0.00982607,0,0,3,17,0.62
320.68,0,0,0.0961569,-0.00729346,0,0,3,17,0.62
320.78,0,0,0.0870345,-0.00145568,0,0,3,17,0.62
320.88,0,0,0.0945126,-0.00609063,0,0,3,17,0.62
320.98,0,0,0.127116,-0.0193352,0,0,3,17,0.62
321.08,0,0,0.135935,-0.0170728,0,0,3,17,0.62
321.18,0,0,0.108789,-0.00224904,0,0,3,17,0.62
321.28,0,0,0.0994738,-0.0053297,0,0,3,17,0.62
321.38,0,0,0.11716,-0.0155935,0,0,3,17,0.62
321.48,0,0,0.119365,-0.0119742,0,0,3,17,0.62
321.58,0,0,0.0981909,-0.00778189,0,0,3,17,0.62
321.68,0,0,0.0885654,-0.0193675,0,0,3,17,0.62
321.78,0,0,0.0964017,-0.0268987,0,0,3,17,0.62
321.88,0,0,0.103878,-0.010881,0,0,3,17,0.62
321.98,0,0,0.11081,0.00924535,0,0,3,17,0.62
322.08,0,0,0.116128,0.00576985,0,0,3,17,0.62
322.18,0,0,0.119006,-0.0180832,0,0,3,17,0.62
322.28,0,0,0.118559,-0.0318119,0,0,3,17,0.62
322.38,0,0,0.113075,-0.0266658,0,0,3,17,0.62
322.48,0,0,0.101927,-0.0178551,0,0,3,17,0.62
322.58,0,0,0.0822037,-0.0139837,0,0,3,17,0.62
322.68,0,0,0.0797009,-0.00899632,0,0,3,17,0.62
322.78,0,0,0.103259,-0.0139379,0,0,3,17,0.62
322.88,0,0,0.121147,-0.03159,0,0,3,17,0.62
322.98,0,0,0.115872,-0.0357663,0,0,3,17,0.62
323.08,0,0,0.106213,-0.0262213,0,0,3,17,0.62
323.18,0,0,0.0899334,-0.0228821,0,0,3,17,0.62
323.28,0,0,0.0941869,-0.0219098,0,0,3,17,0.62
323.38,0,0,0.129513,-0.0158349,0,0,3,17,0.62
323.48,0,0,0.131394,-0.0216814,0,0,3,17,0.62
323.58,0,0,0.111046,-0.0439681,0,0,3,17,0.62
323.68,0,0,0.101341,-0.0465824,0,0,3,17,0.62
323.78,0,0,0.107746,-0.0220996,0,0,3,17,0.62
323.88,0,0,0.103387,-0.0107694,0,0,3,17,0.62
323.98,0,0,0.0826975,-0.0211608,0,0,3,17,0.62
324.08,0,0,0.0758746,-0.0340222,0,0,3,17,0.62
324.18,0,0,0.0900563,-0.043539,0,0,3,17,0.62
324.28,0,0,0.105289,-0.0450823,0,0,3,17,0.62
324.38,0,0,0.122113,-0.0398531,0,0,3,17,0.62
324.48,0,0,0.129996,-0.0317927,0,0,3,17,0.62
324.58,0,0,0.124338,-0.0253885,0,0,3,17,0.62
324.68,0,0,0.118285,-0.0328494,0,0,3,17,0.62
324.78,0,0,0.111633,-0.0520683,0,0,3,17,0.62
324.88,0,0,0.107611,-0.0599023,0,0,3,17,0.62
324.98,0,0,0.107567,-0.0428953,0,0,3,17,0.62
325.08,0,0,0.114903,-0.0175922,0,0,3,17,0.62
325.18,0,0,0.133386,-0.0198702,0,0,3,17,0.62
325.28,0,0,0.134723,-0.0549795,0,0,3,17,0.62
325.38,0,0,0.110106,-0.0696937,0,0,3,17,0.62
325.48,0,0,0.0993198,-0.0453271,0,0,3,17,0.62
325.58,0,0,0.109519,-0.0195768,0,0,3,17,0.62
325.68,0,0,0.126548,-0.0230371,0,0,3,17,0.62
325.78,0,0,0.153928,-0.0432201,0,0,3,17,0.62
325.88,0,0,0.147274,-0.0524341,0,0,3,17,0.62
325.98,0,0,0.089116,-0.0418438,0,0,3,17,0.62
326.08,0,0,0.073522,-0.0240451,0,0,3,17,0.62
326.18,0,0,0.122408,-0.0156042,0,0,3,17,0.62
326.28,0,0,0.143325,-0.0177778,0,0,3,17,0.62
326.38,0,0,0.122004,-0.0275651,0,0,3,17,0.62
326.48,0,0,0.107192,-0.0422106,0,0,3,17,0.62
326.58,0,0,0.102233,-0.0401428,0,0,3,17,0.62
326.68,0,0,0.101817,-0.019954,0,0,3,17,0.62
326.78,0,0,0.108272,-0.00990706,0,0,3,17,0.62
326.88,0,0,0.115174,-0.019055,0,0,3,17,0.62
326.98,0,0,0.12275,-0.0259821,0,0,3,17,0.62
327.08,0,0,0.126174,-0.0258396,0,0,3,17,0.62
327.18,0,0,0.123318,-0.0236994,0,0,3,17,0.62
327.28,0,0,0.110762,-0.0197059,0,0,3,17,0.62
327.38,0,0,0.0834983,-0.0141998,0,0,3,17,0.62
327.48,0,0,0.0857314,-0.00590993,0,0,3,17,0.62
327.58,0,0,0.132604,0.00142188,0,0,3,17,0.62
327.68,0,0,0.152824,-0.00910451,0,0,3,17,0.62
327.78,0,0,0.13259,-0.0244068,0,0,3,17,0.62
327.88,0,0,0.123268,-0.0281654,0,0,3,17,0.62
327.98,0,0,0.130427,-0.00958198,0,0,3,17,0.62
328.08,0,0,0.131391,0.0196687,0,0,3,17,0.62
328.18,0,0,0.122986,0.0188014,0,0,3,17,0.62
328.28,0,0,0.117415,-0.0198306,0,0,3,17,0.62
328.38,0,0,0.116135,-0.0402009,0,0,3,17,0.62
328.48,0,0,0.107012,-0.0111647,0,0,3,17,0.62
328.58,0,0,0.0860115,0.0251345,0,0,3,17,0.62
328.68,0,0,0.0796957,0.0207867,0,0,3,17,0.62
328.78,0,0,0.0956837,-0.00872012,0,0,3,17,0.62
328.88,0,0,0.109262,-0.0109575,0,0,3,17,0.62
328.98,0,0,0.119194,0.0149792,0,0,3,17,0.62
329.08,0,0,0.132282,0.018856,0,0,3,17,0.62
329.18,0,0,0.150146,-0.00223,0,0,3,17,0.62
329.28,0,0,0.149024,-0.00359434,0,0,3,17,0.62
329.38,0,0,0.119118,0.0158971,0,0,3,17,0.62
329.48,0,0,0.105314,0.0303467,0,0,3,17,0.62
329.58,0,0,0.115851,0.018267,0,0,3,17,0.62
329.68,0,0,0.124078,-0.00459055,0,0,3,17,0.62
329.78,0,0,0.128807,-0.0016348,0,0,3,17,0.62
329.88,0,0,0.128342,0.0157735,0,0,3,17,0.62
329.98,0,0,0.120017,0.031588,0,0,3,17,0.62
330.08,0,0,0.116202,0.0353499,0,0,3,17,0.62
330.18,0,0,0.119213,0.00857475,0,0,3,17,0.62
330.28,0,0,0.117143,-0.0211244,0,0,3,17,0.62
330.38,0,0,0.111691,-0.00873036,0,0,3,17,0.62
330.48,0,0,0.111138,0.0233116,0,0,3,17,0.62
330.58,0,0,0.118008,0.0337823,0,0,3,17,0.62
330.68,0,0,0.129159,0.0153843,0,0,3,17,0.62
330.78,0,0,0.146805,-0.00193479,0,0,3,17,0.62
330.88,0,0,0.151721,-0.0096991,0,0,3,17,0.62
330.98,0,0,0.137417,-0.0138676,0,0,3,17,0.62
331.08,0,0,0.121094,0.00427294,0,0,3,17,0.62
331.18,0,0,0.10172,0.0319935,0,0,3,17,0.62
331.28,0,0,0.106909,0.0321716,0,0,3,17,0.62
331.38,0,0,0.149304,0.000880894,0,0,3,17,0.62
331.48,0,0,0.167312,-0.027599,0,0,3,17,0.62
331.58,0,0,0.148395,-0.0238223,0,0,3,17,0.62
331.68,0,0,0.141959,-0.00185013,0,0,3,17,0.62
331.78,0,0,0.154412,0.00293209,0,0,3,17,0.62
331.88,0,0,0.148255,0.000856365,0,0,3,17,0.62
331.98,0,0,0.11391,-0.00571042,0,0,3,17,0.62
332.08,0,0,0.106651,-0.0305929,0,0,3,17,0.62
332.18,0,0,0.140377,-0.0443855,0,0,3,17,0.62
332.28,0,0,0.158314,-0.0346457,0,0,3,17,0.62
332.38,0,0,0.152306,-0.021892,0,0,3,17,0.62
332.48,0,0,0.147463,-0.0202636,0,0,3,17,0.62
332.58,0,0,0.14438,-0.0307855,0,0,3,17,0.62
332.68,0,0,0.143863,-0.0420228,0,0,3,17,0.62
332.78,0,0,0.147227,-0.0462094,0,0,3,17,0.62
332.88,0,0,0.146174,-0.0501095,0,0,3,17,0.62
332.98,0,0,0.138448,-0.0459929,0,0,3,17,0.62
333.08,0,0,0.138743,-0.0276073,0,0,3,17,0.62
333.18,0,0,0.151186,-0.0249802,0,0,3,17,0.62
333.28,0,0,0.153873,-0.0375832,0,0,3,17,0.62
333.38,0,0,0.141759,-0.0401792,0,0,3,17,0.62
333.48,0,0,0.143964,-0.0383109,0,0,3,17,0.62
333.58,0,0,0.167864,-0.0409586,0,0,3,17,0.62
333.68,0,0,0.16425,-0.0481054,0,0,3,17,0.62
333.78,0,0,0.118978,-0.0450858,0,0,3,17,0.62
333.88,0,0,0.108977,-0.0208454,0,0,3,17,0.62
333.98,0,0,0.152414,-0.00610658,0,0,3,17,0.62
334.08,0,0,0.18171,-0.0192405,0,0,3,17,0.62
334.18,0,0,0.189644,-0.0481371,0,0,3,17,0.62
334.28,0,0,0.168561,-0.0585857,0,0,3,17,0.62
334.38,0,0,0.128148,-0.0303842,0,0,3,17,0.62
334.48,0,0,0.11424,0.00646782,0,0,3,17,0.62
334.58,0,0,0.140431,0.000276954,0,0,3,17,0.62
334.68,0,0,0.160142,-0.0424956,0,0,3,17,0.62
334.78,0,0,0.170036,-0.0687113,0,0,3,17,0.62
334.88,0,0,0.173558,-0.0586007,0,0,3,17,0.62
334.98,0,0,0.150926,-0.0230167,0,0,3,17,0.62
335.08,0,0,0.138133,0.00461004,0,0,3,17,0.62
335.18,0,0,0.140241,-0.00748499,0,0,3,17,0.62
335.28,0,0,0.154782,-0.0471697,0,0,3,17,0.62
335.38,0,0,0.18815,-0.0606148,0,0,3,17,0.62
335.48,0,0,0.199129,-0.0387342,0,0,3,17,0.62
335.58,0,0,0.176171,-0.0179611,0,0,3,17,0.62
335.68,0,0,0.162688,-0.0197193,0,0,3,17,0.62
335.78,0,0,0.155538,-0.0316421,0,0,3,17,0.62
335.88,0,0,0.158907,-0.0334416,0,0,3,17,0.62
335.98,0,0,0.17815,-0.02859,0,0,3,17,0.62
336.08,0,0,0.182453,-0.0326655,0,0,3,17,0.62
336.18,0,0,0.164146,-0.0381526,0,0,3,17,0.62
336.28,0,0,0.157582,-0.0324236,0,0,3,17,0.62
336.38,0,0,0.168812,-0.0278472,0,0,3,17,0.62
336.48,0,0,0.175409,-0.0336056,0,0,3,17,0.62
336.58,0,0,0.174997,-0.0318575,0,0,3,17,0.62
336.68,0,0,0.172762,-0.0271765,0,0,3,17,0.62
336.78,0,0,0.167766,-0.0385142,0,0,3,17,0.62
336.88,0,0,0.161894,-0.0501555,0,0,3,17,0.62
336.98,0,0,0.154693,-0.0480888,0,0,3,17,0.62
337.08,0,0,0.165739,-0.0360238,0,0,3,17,0.62
337.18,0,0,0.188908,-0.0239197,0,0,3,17,0.62
337.28,0,0,0.189663,-0.0274214,0,0,3,17,0.62
337.38,0,0,0.156537,-0.0360793,0,0,3,17,0.62
337.48,0,0,0.150658,-0.0381245,0,0,3,17,0.62
337.58,0,0,0.185937,-0.0453688,0,0,3,17,0.62
337.68,0,0,0.196401,-0.0497794,0,0,3,17,0.62
337.78,0,0,0.169295,-0.0319406,0,0,3,17,0.62
337.88,0,0,0.16295,-0.0093887,0,0,3,17,0.62
337.98,0,0,0.188007,-0.0159157,0,0,3,17,0.62
338.08,0,0,0.185009,-0.0451301,0,0,3,17,0.62
338.18,0,0,0.139543,-0.0604868,0,0,3,17,0.62
338.28,0,0,0.116948,-0.0407788,0,0,3,17,0.62
338.38,0,0,0.128985,-0.00963477,0,0,3,17,0.62
338.48,0,0,0.143069,-0.00507722,0,0,3,17,0.62
338.58,0,0,0.160254,-0.0235806,0,0,3,17,0.62
338.68,0,0,0.160742,-0.0413223,0,0,3,17,0.62
338.78,0,0,0.135958,-0.0390964,0,0,3,17,0.62
338.88,0,0,0.129385,-0.021566,0,0,3,17,0.62
338.98,0,0,0.150362,-0.00815849,0,0,3,17,0.62
339.08,0,0,0.155504,-0.00981445,0,0,3,17,0.62
339.18,0,0,0.136718,-0.0200876,0,0,3,17,0.62
339.28,0,0,0.138344,-0.0182264,0,0,3,17,0.62
339.38,0,0,0.170911,-0.00787215,0,0,3,17,0.62
339.48,0,0,0.170956,-0.0106543,0,0,3,17,0.62
339.58,0,0,0.1218,-0.0155083,0,0,3,17,0.62
339.68,0,0,0.110508,0.00161546,0,0,3,17,0.62
339.78,0,0,0.15655,0.016899,0,0,3,17,0.62
339.88,0,0,0.174909,-0.0050806,0,0,3,17,0.62
339.98,0,0,0.151422,-0.038426,0,0,3,17,0.62
340.08,0,0,0.138449,-0.0317374,0,0,3,17,0.62
340.18,0,0,0.141395,0.00991678,0,0,3,17,0.62
340.28,0,0,0.138853,0.0299823,0,0,3,17,0.62
340.38,0,0,0.127978,0.00277855,0,0,3,17,0.62
340.48,0,0,0.11922,-0.0322841,0,0,3,17,0.62
340.58,0,0,0.113663,-0.0454091,0,0,3,17,0.62
340.68,0,0,0.113876,-0.0211864,0,0,3,17,0.62
340.78,0,0,0.122813,0.0181886,0,0,3,17,0.62
340.88,0,0,0.140581,0.0240619,0,0,3,17,0.62
340.98,0,0,0.194626,-0.00632185,0,0,3,17,0.62
341.08,0,0,0.18777,-0.0408896,0,0,3,17,0.62
341.18,0,0,0.140369,-0.0468817,0,0,3,17,0.62
341.28,0,0,0.121214,-0.0183517,0,0,3,17,0.62
341.38,0,0,0.144897,0.0122174,0,0,3,17,0.62
341.48,0,0,0.167241,0.0186651,0,0,3,17,0.62
341.58,0,0,0.187563,0.00422693,0,0,3,17,0.62
341.68,0,0,0.181274,-0.0186469,0,0,3,17,0.62
341.78,0,0,0.134663,-0.0341759,0,0,3,17,0.62
341.88,0,0,0.131969,-0.0191641,0,0,3,17,0.62
341.98,0,0,0.195597,0.0201845,0,0,3,17,0.62
342.08,0,0,0.22716,0.0450417,0,0,3,17,0.62
342.18,0,0,0.210247,0.0331582,0,0,3,17,0.62
342.28,0,0,0.185995,0.00865114,0,0,3,17,0.62
342.38,0,0,0.150638,-0.00416929,0,0,3,17,0.62
342.48,0,0,0.141613,-0.00054497,0,0,3,17,0.62
342.58,0,0,0.150098,0.0071818,0,0,3,17,0.62
342.68,0,0,0.171346,0.0196406,0,0,3,17,0.62
342.78,0,0,0.211915,0.0301481,0,0,3,17,0.62
342.88,0,0,0.215862,0.0121697,0,0,3,17,0.62
342.98,0,0,0.1643,-0.0216982,0,0,3,17,0.62
343.08,0,0,0.132458,-0.0243204,0,0,3,17,0.62
343.18,0,0,0.130455,0.0015377,0,0,3,17,0.62
343.28,0,0,0.160269,0.0127458,0,0,3,17,0.62
343.38,0,0,0.238393,-0.000585065,0,0,3,17,0.62
343.48,0,0,0.249673,-0.0174719,0,0,3,17,0.62
343.58,0,0,0.160004,-0.0277902,0,0,3,17,0.62
343.68,0,0,0.124302,-0.0200529,0,0,3,17,0.62
343.78,0,0,0.170246,-0.0104033,0,0,3,17,0.62
343.88,0,0,0.19675,-0.0116494,0,0,3,17,0.62
343.98,0,0,0.210323,-0.00858372,0,0,3,17,0.62
344.08,0,0,0.207875,-0.00697609,0,0,3,17,0.62
344.18,0,0,0.181165,-0.0251169,0,0,3,17,0.62
344.28,0,0,0.168713,-0.0358807,0,0,3,17,0.62
344.38,0,0,0.177861,-0.0122783,0,0,3,17,0.62
344.48,0,0,0.193123,0.0123473,0,0,3,17,0.62
344.58,0,0,0.21765,-0.000771496,0,0,3,17,0.62
344.68,0,0,0.223195,-0.0275567,0,0,3,17,0.62
344.78,0,0,0.199996,-0.024638,0,0,3,17,0.62
344.88,0,0,0.188028,-0.00137826,0,0,3,17,0.62
344.98,0,0,0.193106,0.00261496,0,0,3,17,0.62
345.08,0,0,0.203546,-0.0135955,0,0,3,17,0.62
345.18,0,0,0.222097,-0.0186878,0,0,3,17,0.62
345.28,0,0,0.217986,-0.00560047,0,0,3,17,0.62
345.38,0,0,0.179651,-0.0014024,0,0,3,17,0.62
345.48,0,0,0.153004,-0.0127644,0,0,3,17,0.62
345.58,0,0,0.144026,-0.0142685,0,0,3,17,0.62
345.68,0,0,0.155489,0.00224201,0,0,3,17,0.62
345.78,0,0,0.197868,0.00935767,0,0,3,17,0.62
345.88,0,0,0.22018,-0.00086571,0,0,3,17,0.62
345.98,0,0,0.21207,-0.00932981,0,0,3,17,0.62
346.08,0,0,0.194549,-0.0120567,0,0,3,17,0.62
346.18,0,0,0.162755,-0.0178591,0,0,3,17,0.62
346.28,0,0,0.151131,-0.0175807,0,0,3,17,0.62
346.38,0,0,0.170076,-0.00736508,0,0,3,17,0.62
346.48,0,0,0.184089,-0.00548805,0,0,3,17,0.62
346.58,0,0,0.190658,-0.0133864,0,0,3,17,0.62
346.68,0,0,0.191864,-0.011508,0,0,3,17,0.62
346.78,0,0,0.184959,-0.00374594,0,0,3,17,0.62
346.88,0,0,0.177581,-0.007511,0,0,3,17,0.62
346.98,0,0,0.168257,-0.0218416,0,0,3,17,0.62
347.08,0,0,0.166589,-0.0262521,0,0,3,17,0.62
347.18,0,0,0.176514,-0.0137644,0,0,3,17,0.62
347.28,0,0,0.161018,-0.0114959,0,0,3,17,0.62
347.38,0,0,0.106961,-0.0229583,0,0,3,17,0.62
347.48,0,0,0.0983818,-0.0193156,0,0,3,17,0.62
347.58,0,0,0.158629,-0.0101749,0,0,3,17,0.62
347.68,0,0,0.194332,-0.017751,0,0,3,17,0.62
347.78,0,0,0.192891,-0.0260149,0,0,3,17,0.62
347.88,0,0,0.179806,-0.0118715,0,0,3,17,0.62
347.98,0,0,0.158959,0.00542311,0,0,3,17,0.62
348.08,0,0,0.151355,0.000923823,0,0,3,17,0.62
348.18,0,0,0.163763,-0.0184067,0,0,3,17,0.62
348.28,0,0,0.173758,-0.024274,0,0,3,17,0.62
348.38,0,0,0.180102,-0.0112379,0,0,3,17,0.62
348.48,0,0,0.171309,0.00470357,0,0,3,17,0.62
348.58,0,0,0.139666,0.016721,0,0,3,17,0.62
348.68,0,0,0.128264,0.013201,0,0,3,17,0.62
348.78,0,0,0.147535,0.005797,0,0,3,17,0.62
348.88,0,0,0.160084,0.00705939,0,0,3,17,0.62
348.98,0,0,0.162461,0.0165735,0,0,3,17,0.62
349.08,0,0,0.173481,0.0262326,0,0,3,17,0.62
349.18,0,0,0.197606,0.0252106,0,0,3,17,0.62
349.28,0,0,0.191735,0.0195486,0,0,3,17,0.62
349.38,0,0,0.165818,0.0141827,0,0,3,17,0.62
349.48,0,0,0.154231,0.0091472,0,0,3,17,0.62
349.58,0,0,0.164352,0.0121406,0,0,3,17,0.62
349.68,0,0,0.164299,0.0246286,0,0,3,17,0.62
349.78,0,0,0.148829,0.0325353,0,0,3,17,0.62
349.88,0,0,0.146582,0.0140675,0,0,3,17,0.62
349.98,0,0,0.164329,-0.00812619,0,0,3,17,0.62
350.08,0,0,0.166887,0.00974537,0,0,3,17,0.62
350.18,0,0,0.146478,0.0450284,0,0,3,17,0.62
350.28,0,0,0.127908,0.0464588,0,0,3,17,0.62
350.38,0,0,0.112127,0.0153836,0,0,3,17,0.62
350.48,0,0,0.117915,-0.0154279,0,0,3,17,0.62
350.58,0,0,0.156335,-0.00792288,0,0,3,17,0.62
350.68,0,0,0.179215,0.0293392,0,0,3,17,0.62
350.78,0,0,0.178513,0.0427492,0,0,3,17,0.62
350.88,0,0,0.164358,0.0176534,0,0,3,17,0.62
350.98,0,0,0.129836,-0.00566299,0,0,3,17,0.62
351.08,0,0,0.107935,0.00759936,0,0,3,17,0.62
351.18,0,0,0.105154,0.0314674,0,0,3,17,0.62
351.28,0,0,0.107836,0.0183058,0,0,3,17,0.62
351.38,0,0,0.118777,-0.0108838,0,0,3,17,0.62
351.48,0,0,0.133981,-0.0024434,0,0,3,17,0.62
351.58,0,0,0.155632,0.0387872,0,0,3,17,0.62
351.68,0,0,0.162448,0.0477203,0,0,3,17,0.62
351.78,0,0,0.146803,0.00691536,0,0,3,17,0.62
351.88,0,0,0.136778,-0.014651,0,0,3,17,0.62
351.98,0,0,0.135267,0.00795796,0,0,3,17,0.62
352.08,0,0,0.134231,0.030729,0,0,3,17,0.62
352.18,0,0,0.133912,0.0281447,0,0,3,17,0.62
352.28,0,0,0.124867,0.0134944,0,0,3,17,0.62
352.38,0,0,0.102598,0.000856122,0,0,3,17,0.62
352.48,0,0,0.106798,0.00599034,0,0,3,17,0.62
352.58,0,0,0.151083,0.0176957,0,0,3,17,0.62
352.68,0,0,0.156367,0.0175924,0,0,3,17,0.62
352.78,0,0,0.102775,0.00998986,0,0,3,17,0.62
352.88,0,0,0.0697415,0.00969697,0,0,3,17,0.62
352.98,0,0,0.121089,0.0178586,0,0,3,17,0.62
353.08,0,0,0.140397,0.0220924,0,0,3,17,0.62
353.18,0,0,0.111323,0.0192645,0,0,3,17,0.62
353.28,0,0,0.0972278,0.0114993,0,0,3,17,0.62
353.38,0,0,0.105811,0.00819832,0,0,3,17,0.62
353.48,0,0,0.12749,0.0152905,0,0,3,17,0.62
353.58,0,0,0.169011,0.0203476,0,0,3,17,0.62
353.68,0,0,0.173682,0.0115011,0,0,3,17,0.62
353.78,0,0,0.122594,0.00026451,0,0,3,17,0.62
353.88,0,0,0.101675,0.00351957,0,0,3,17,0.62
353.98,0,0,0.126497,0.0149302,0,0,3,17,0.62
354.08,0,0,0.136444,0.0113995,0,0,3,17,0.62
354.18,0,0,0.123855,-0.000436149,0,0,3,17,0.62
354.28,0,0,0.120575,-0.00148331,0,0,3,17,0.62
354.38,0,0,0.13138,0.00370961,0,0,3,17,0.62
354.48,0,0,0.144946,0.00546931,0,0,3,17,0.62
354.58,0,0,0.162689,0.00383669,0,0,3,17,0.62
354.68,0,0,0.154712,0.00594464,0,0,3,17,0.62
354.78,0,0,0.129617,0.00401388,0,0,3,17,0.62
354.88,0,0,0.124096,-0.0135796,0,0,3,17,0.62
354.98,0,0,0.148257,-0.0313909,0,0,3,17,0.62
355.08,0,0,0.15592,-0.0242358,0,0,3,17,0.62
355.18,0,0,0.138636,-0.000765245,0,0,3,17,0.62
355.28,0,0,0.137049,0.00261285,0,0,3,17,0.62
355.38,0,0,0.159232,-0.0201354,0,0,3,17,0.62
355.48,0,0,0.175136,-0.03286,0,0,3,17,0.62
355.58,0,0,0.181541,-0.0250799,0,0,3,17,0.62
355.68,0,0,0.175621,-0.0149153,0,0,3,17,0.62
355.78,0,0,0.151028,-0.0178533,0,0,3,17,0.62
355.88,0,0,0.130802,-0.0279409,0,0,3,17,0.62
355.98,0,0,0.117197,-0.0320423,0,0,3,17,0.62
356.08,0,0,0.125285,-0.0279463,0,0,3,17,0.62
356.18,0,0,0.14782,-0.0288881,0,0,3,17,0.62
356.28,0,0,0.166247,-0.0300833,0,0,3,17,0.62
356.38,0,0,0.178474,-0.0245322,0,0,3,17,0.62
356.48,0,0,0.175939,-0.0157206,0,0,3,17,0.62
356.58,0,0,0.151029,-0.0144877,0,0,3,17,0.62
356.68,0,0,0.136637,-0.019888,0,0,3,17,0.62
356.78,0,0,0.138166,-0.0285179,0,0,3,17,0.62
356.88,0,0,0.136634,-0.0353307,0,0,3,17,0.62
356.98,0,0,0.130465,-0.0390195,0,0,3,17,0.62
357.08,0,0,0.129985,-0.0325399,0,0,3,17,0.62
357.18,0,0,0.138108,-0.00966684,0,0,3,17,0.62
357.28,0,0,0.149547,0.00192324,0,0,3,17,0.62
357.38,0,0,0.166018,-0.0217151,0,0,3,17,0.62
357.48,0,0,0.163154,-0.044024,0,0,3,17,0.62
357.58,0,0,0.147437,-0.023336,0,0,3,17,0.62
357.68,0,0,0.140976,0.00964615,0,0,3,17,0.62
357.78,0,0,0.148518,0.00542438,0,0,3,17,0.62
357.88,0,0,0.148175,-0.0232727,0,0,3,17,0.62
357.98,0,0,0.135927,-0.0278429,0,0,3,17,0.62
358.08,0,0,0.13277,-0.00868286,0,0,3,17,0.62
358.18,0,0,0.143383,0.00105364,0,0,3,17,0.62
358.28,0,0,0.137821,-0.0111207,0,0,3,17,0.62
358.38,0,0,0.107777,-0.0213184,0,0,3,17,0.62
358.48,0,0,0.0889182,-0.0162564,0,0,3,17,0.62
358.58,0,0,0.0869696,-0.00784501,0,0,3,17,0.62
358.68,0,0,0.116279,-0.00767931,0,0,3,17,0.62
358.78,0,0,0.192898,-0.0112337,0,0,3,17,0.62
358.88,0,0,0.204488,-0.0237162,0,0,3,17,0.62
358.98,0,0,0.117524,-0.0348082,0,0,3,17,0.62
359.08,0,0,0.0898438,-0.0217778,0,0,3,17,0.62
359.18,0,0,0.151648,-0.00174018,0,0,3,17,0.62
359.28,0,0,0.185345,-0.00182698,0,0,3,17,0.62
359.38,0,0,0.176594,-0.0255439,0,0,3,17,0.62
359.48,0,0,0.14941,-0.041346,0,0,3,17,0.62
359.58,0,0,0.0943863,-0.0143155,0,0,3,17,0.62
359.68,0,0,0.0903819,0.0104431,0,0,3,17,0.62
359.78,0,0,0.163789,-0.00405212,0,0,3,17,0.62
359.88,0,0,0.192185,-0.0324179,0,0,3,17,0.62
359.98,0,0,0.152552,-0.041591,0,0,3,17,0.62
360.08,0,0,0.127849,-0.0175274,0,0,3,17,0.62
360.18,0,0,0.125728,0.00701303,0,0,3,17,0.62
360.28,0,0,0.125239,0.00191724,0,0,3,17,0.62
360.38,0,0,0.127221,-0.0183263,0,0,3,17,0.62
360.48,0,0,0.128258,-0.0351569,0,0,3,17,0.62
360.58,0,0,0.127867,-0.03311,0,0,3,17,0.62
360.68,0,0,0.133145,-0.00721409,0,0,3,17,0.62
360.78,0,0,0.147003,0.0194332,0,0,3,17,0.62
360.88,0,0,0.153992,0.0209776,0,0,3,17,0.62
360.98,0,0,0.132839,0.00183021,0,0,3,17,0.62
361.08,0,0,0.127061,-0.0133754,0,0,3,17,0.62
361.18,0,0,0.144544,-0.0217781,0,0,3,17,0.62
361.28,0,0,0.141892,-0.0253468,0,0,3,17,0.62
361.38,0,0,0.108697,-0.00542176,0,0,3,17,0.62
361.48,0,0,0.108421,0.032814,0,0,3,17,0.62
361.58,0,0,0.130074,0.0378106,0,0,3,17,0.62
361.68,0,0,0.139755,-6.48133e-05,0,0,3,17,0.62
361.78,0,0,0.131282,-0.0243282,0,0,3,17,0.62
361.88,0,0,0.118219,-0.0172038,0,0,3,17,0.62
361.98,0,0,0.0982053,0.0231504,0,0,3,17,0.62
362.08,0,0,0.0944147,0.0588289,0,0,3,17,0.62
362.18,0,0,0.115135,0.0412567,0,0,3,17,0.62
362.28,0,0,0.124473,0.00286609,0,0,3,17,0.62
362.38,0,0,0.116579,-0.0147222,0,0,3,17,0.62
362.48,0,0,0.109077,0.00739002,0,0,3,17,0.62
362.58,0,0,0.102166,0.0450227,0,0,3,17,0.62
362.68,0,0,0.109722,0.0495829,0,0,3,17,0.62
362.78,0,0,0.139175,0.0158908,0,0,3,17,0.62
362.88,0,0,0.142048,-0.0119469,0,0,3,17,0.62
362.98,0,0,0.127231,0.00347871,0,0,3,17,0.62
363.08,0,0,0.12504,0.0364569,0,0,3,17,0.62
363.18,0,0,0.141962,0.044753,0,0,3,17,0.62
363.28,0,0,0.154407,0.0221344,0,0,3,17,0.62
363.38,0,0,0.16006,0.00538764,0,0,3,17,0.62
363.48,0,0,0.149106,0.0125754,0,0,3,17,0.62
363.58,0,0,0.112979,0.017924,0,0,3,17,0.62
363.68,0,0,0.105709,0.0216759,0,0,3,17,0.62
363.78,0,0,0.142033,0.0290414,0,0,3,17,0.62
363.88,0,0,0.141416,0.0335409,0,0,3,17,0.62
363.98,0,0,0.084963,0.0242015,0,0,3,17,0.62
364.08,0,0,0.0635133,0.00218299,0,0,3,17,0.62
364.18,0,0,0.0949239,2.4948e-05,0,0,3,17,0.62
364.28,0,0,0.119073,0.034328,0,0,3,17,0.62
364.38,0,0,0.138385,0.0585,0,0,3,17,0.62
364.48,0,0,0.129458,0.0389629,0,0,3,17,0.62
364.58,0,0,0.0777986,0.0069772,0,0,3,17,0.62
364.68,0,0,0.0633973,0.000845176,0,0,3,17,0.62
364.78,0,0,0.105393,0.0236835,0,0,3,17,0.62
364.88,0,0,0.134787,0.0577014,0,0,3,17,0.62
364.98,0,0,0.14511,0.0646291,0,0,3,17,0.62
365.08,0,0,0.13633,0.0369449,0,0,3,17,0.62
365.18,0,0,0.0986179,0.00371656,0,0,3,17,0.62
365.28,0,0,0.0965732,-0.00421509,0,0,3,17,0.62
365.38,0,0,0.148405,0.0222076,0,0,3,17,0.62
365.48,0,0,0.165508,0.0433594,0,0,3,17,0.62
365.58,0,0,0.130094,0.0491597,0,0,3,17,0.62
365.68,0,0,0.108554,0.0388351,0,0,3,17,0.62
365.78,0,0,0.107977,0.0113863,0,0,3,17,0.62
365.88,0,0,0.120628,-0.00828724,0,0,3,17,0.62
365.98,0,0,0.153315,0.00133223,0,0,3,17,0.62
366.08,0,0,0.160847,0.0257478,0,0,3,17,0.62
366.18,0,0,0.130283,0.0435205,0,0,3,17,0.62
366.28,0,0,0.120555,0.0313242,0,0,3,17,0.62
366.38,0,0,0.142419,0.0100052,0,0,3,17,0.62
366.48,0,0,0.144092,-0.00556028,0,0,3,17,0.62
366.58,0,0,0.115177,-0.0108157,0,0,3,17,0.62
366.68,0,0,0.110803,0.00268333,0,0,3,17,0.62
366.78,0,0,0.143629,0.018673,0,0,3,17,0.62
366.88,0,0,0.16207,0.019119,0,0,3,17,0.62
366.98,0,0,0.158791,0.0126029,0,0,3,17,0.62
367.08,0,0,0.134095,0.00341828,0,0,3,17,0.62
367.18,0,0,0.0770616,-0.00415242,0,0,3,17,0.62
367.28,0,0,0.0787998,0.00249887,0,0,3,17,0.62
367.38,0,0,0.169482,0.0180459,0,0,3,17,0.62
367.48,0,0,0.197791,0.0249176,0,0,3,17,0.62
367.58,0,0,0.131559,0.0118158,0,0,3,17,0.62
367.68,0,0,0.100754,-0.000922271,0,0,3,17,0.62
367.78,0,0,0.123565,0.00700632,0,0,3,17,0.62
367.88,0,0,0.14623,0.0222324,0,0,3,17,0.62
367.98,0,0,0.168678,0.0290666,0,0,3,17,0.62
368.08,0,0,0.16889,0.0265475,0,0,3,17,0.62
368.18,0,0,0.135414,0.00337732,0,0,3,17,0.62
368.28,0,0,0.116409,-0.00768756,0,0,3,17,0.62
368.38,0,0,0.107049,0.0114008,0,0,3,17,0.62
368.48,0,0,0.123154,0.0242527,0,0,3,17,0.62
368.58,0,0,0.17778,0.0244607,0,0,3,17,0.62
368.68,0,0,0.195744,0.0148882,0,0,3,17,0.62
368.78,0,0,0.158191,0.00343232,0,0,3,17,0.62
368.88,0,-0.254837,0.139076,0.00808795,0,0,3,17,0.62
368.98,0.10987,-0.317426,0.147828,0.0177885,0,0,3,17,0.62
369.08,0.132501,-0.317501,0.146484,0.0209497,0,0,3,17,0.62
369.18,0.152482,-0.337482,0.129833,0.0202029,0,0,3,17,0.62
369.28,0.157495,-0.362473,0.129886,0.00966076,0,0,3,17,0.62
369.38,0.1575,-0.389966,0.15521,0.0129027,0,0,3,17,0.62
369.48,0.162497,-0.392499,0.169631,0.0310557,0,0,3,17,0.62
369.58,0.164996,-0.399988,0.167521,0.0544048,0,0,3,17,0.62
369.68,0.179981,-0.409987,0.18557,0.0636038,0,0,3,17,0.62
369.78,0.202474,-0.47992,0.217069,0.0492757,0,0,3,17,0.62
369.88,0.219988,-0.519973,0.276671,0.0315127,0,0,3,17,0.62
369.98,0.23998,-0.579939,0.378703,0.0229885,0,0,3,17,0.62
370.08,0.24,-0.584996,0.493795,0.0165242,0,0,3,17,0.62
370.18,0.24,-0.580005,0.628628,-0.00388399,0,0,3,17,0.62
370.28,0.232503,-0.557509,0.749594,-0.0363497,0,0,3,17,0.62
370.38,0.230002,-0.552504,0.849609,-0.0624133,0,0,3,17,0.62
370.48,0.23,-0.55,0.950653,-0.0961002,0,0,3,17,0.62
370.58,0.23,-0.55,1.05325,-0.132053,0,0,3,17,0.62
370.68,0.227502,-0.552498,1.14024,-0.16639,0,0,3,17,0.62
370.78,0.2275,-0.572483,1.20362,-0.238704,0,0,3,17,0.62
370.88,0.2275,-0.574997,1.2251,-0.290562,0,0,3,17,0.62
370.98,0.2275,-0.575,1.18319,-0.299795,0,0,3,17,0.62
371.08,0.2275,-0.575,1.189,-0.308407,0,0,3,17,0.62
371.18,0.2275,-0.575,1.22655,-0.31458,0,0,3,17,0.62
371.28,0.2275,-0.575,1.28434,-0.316938,0,0,3,17,0.62
371.38,0.2275,-0.575,1.37281,-0.304415,0,0,3,17,0.62
371.48,0.2275,-0.579998,1.40557,-0.333859,0,0,3,17,0.62
371.58,0.2275,-0.58,1.35427,-0.335969,0,0,3,17,0.62
371.68,0.2275,-0.58,1.33364,-0.315622,0,0,3,17,0.62
371.78,0.2275,-0.58,1.35938,-0.327653,0,0,3,17,0.62
371.88,0.2275,-0.58,1.35552,-0.35296,0,0,3,17,0.62
371.98,0.2275,-0.58,1.33197,-0.39692,0,0,3,17,0.62
372.08,0.2275,-0.58,1.33097,-0.403036,0,0,3,17,0.62
372.18,0.2275,-0.58,1.36411,-0.364663,0,0,3,17,0.62
372.28,0.2275,-0.58,1.38252,-0.319621,0,0,3,17,0.62
372.38,0.2275,-0.58,1.37857,-0.347271,0,0,3,17,0.62
372.48,0.222506,-0.58,1.37097,-0.356156,0,0,3,17,0.62
372.58,0.2225,-0.58,1.36095,-0.342973,0,0,3,17,0.62
372.68,0.2225,-0.58,1.3514,-0.312989,0,0,3,17,0.62
372.78,0.2225,-0.58,1.34256,-0.294796,0,0,3,17,0.62
372.88,0.2225,-0.58,1.34498,-0.323087,0,0,3,17,0.62
372.98,0.2225,-0.58,1.36445,-0.369525,0,0,3,17,0.62
373.08,0.220001,-0.58,1.3596,-0.349397,0,0,3,17,0.62
373.18,0.22,-0.577502,1.31806,-0.330371,0,0,3,17,0.62
373.28,0.22,-0.5775,1.32984,-0.360949,0,0,3,17,0.62
373.38,0.22,-0.5775,1.42244,-0.357445,0,0,3,17,0.62
373.48,0.22,-0.5775,1.43728,-0.370337,0,0,3,17,0.62
373.58,0.22,-0.5775,1.33474,-0.356551,0,0,3,17,0.62
373.68,0.22,-0.5775,1.29145,-0.332344,0,0,3,17,0.62
373.78,0.22,-0.579999,1.33786,-0.357375,0,0,3,17,0.62
373.88,0.22,-0.58,1.37163,-0.328539,0,0,3,17,0.62
373.98,0.22,-0.58,1.38623,-0.372553,0,0,3,17,0.62
374.08,0.22,-0.58,1.39035,-0.345669,0,0,3,17,0.62
374.18,0.22,-0.599977,1.37859,-0.364005,0,0,3,17,0.62
374.28,0.22,-0.602498,1.37857,-0.383733,0,0,3,17,0.62
374.38,0.22,-0.6025,1.39637,-0.356979,0,0,3,17,0.62
374.48,0.22,-0.6025,1.38157,-0.375009,0,0,3,17,0.62
374.58,0.22,-0.6025,1.31756,-0.364533,0,0,3,17,0.62
374.68,0.22,-0.6025,1.29883,-0.367649,0,0,3,17,0.62
374.78,0.22,-0.604997,1.34846,-0.379596,0,0,3,17,0.62
374.88,0.22,-0.605,1.37022,-0.365534,0,0,3,17,0.62
374.98,0.22,-0.605,1.34978,-0.348275,0,0,3,17,0.62
375.08,0.22,-0.605,1.33207,-0.351914,0,0,3,17,0.62
375.18,0.217502,-0.56004,1.31619,-0.357526,0,0,3,17,0.62
375.28,0.2175,-0.552501,1.3057,-0.369734,0,0,3,17,0.62
375.38,0.2175,-0.5525,1.30336,-0.370791,0,0,3,17,0.62
375.48,0.2175,-0.554998,1.29771,-0.363613,0,0,3,17,0.62
375.58,0.2175,-0.390206,1.28703,-0.326593,0,0,3,17,0.62
375.68,0.2175,-0.180304,1.26128,-0.28857,0,0,3,17,0.62
375.78,0.2175,-0.10009,1.21268,-0.194654,0,0,3,17,0.62
375.88,0.2175,-9.70155e-05,1.19023,-0.109809,0,0,3,17,0.62
375.98,0.2175,0,1.20734,-0.0351074,0,0,3,17,0.62
376.08,0.2175,0,1.24804,0.0128159,0,0,3,17,0.62
376.18,0.2175,0,1.32429,0.031374,0,0,3,17,0.62
376.28,0.2175,0,1.33511,0.0406234,0,0,3,17,0.62
376.38,0.2175,0,1.30233,0.0632113,0,0,3,17,0.62
376.48,0.2175,0,1.29512,0.0543503,0,0,3,17,0.62
376.58,0.2175,0,1.30491,0.0770005,0,0,3,17,0.62
376.68,0.2175,0,1.31193,0.0749576,0,0,3,16,0.62
376.78,0.2175,0,1.31711,0.0834851,0,0,3,16,0.62
376.88,0.2175,-0.0099963,1.32572,0.0670111,0,0,3,16,0.62
376.98,0.2175,-0.359734,1.33953,0.0521178,0,0,3,16,0.62
377.08,0.2175,-0.612263,1.35085,-0.0672104,0,0,3,16,0.62
377.18,0.2175,-0.669926,1.35842,-0.239557,0,0,3,16,0.62
377.28,0.2175,-0.679992,1.35378,-0.38077,0,0,3,17,0.62
377.38,0.2175,-0.657525,1.33066,-0.446349,0,0,3,17,0.62
377.48,0.2175,-0.642515,1.33936,-0.467743,0,0,3,17,0.62
377.58,0.2175,-0.612511,1.39623,-0.476642,0,0,3,17,0.62
377.68,0.212508,-0.572567,1.41066,-0.440255,0,0,3,17,0.62
377.78,0.217497,-0.410093,1.36101,-0.416706,0,0,3,17,0.62
377.88,0.212501,-0.242547,1.32448,-0.356003,0,0,3,17,0.62
377.98,0.2125,-8.48691e-05,1.29667,-0.240251,0,0,3,17,0.62
378.08,0.2125,0,1.2612,-0.100798,0,0,3,17,0.62
378.18,0.2125,0,1.21419,-0.0185286,0,0,3,17,0.62
378.28,0.2125,0,1.19064,0.0269432,0,0,3,17,0.62
378.38,0.2125,0,1.2026,0.0326727,0,0,3,17,0.62
378.48,0.210001,0,1.21455,0.0360885,0,0,3,17,0.62
378.58,0.21,0,1.22648,0.0372785,0,0,3,17,0.62
378.68,0.180051,0,1.2501,0.0366935,0,0,3,17,0.62
378.78,0.137537,0,1.29141,0.0291671,0,0,3,17,0.62
378.88,0.1375,0,1.27462,0.0174978,0,0,3,17,0.62
378.98,0.1375,0,1.16997,0.0176172,0,0,3,17,0.62
379.08,0.135003,0,1.06969,-0.000968022,0,0,3,17,0.62
379.18,0.137497,0,0.976034,0.00747574,0,0,3,17,0.62
379.28,0.1375,0,0.920761,-0.00286398,0,0,3,17,0.62
379.38,0.144994,0,0.891123,-0.0219121,0,0,3,17,0.62
379.48,0.135002,0,0.880765,-0.0268634,0,0,3,17,0.62
379.58,0.132502,0,0.899538,-0.0376865,0,0,3,17,0.62
379.68,0.127505,0,0.86583,-0.0281248,0,0,3,17,0.62
379.78,0.11501,0,0.752771,-0.0208373,0,0,3,17,0.62
379.88,0.0900165,0,0.710286,-0.0321178,0,0,3,17,0.62
379.98,4.32078e-05,0,0.774627,-0.0251891,0,0,3,17,0.62
380.08,0,0,0.804725,-0.0146896,0,0,3,17,0.62
380.18,0,0,0.782865,-0.00283232,0,0,3,17,0.62
380.28,0,0,0.754472,-0.00162515,0,0,3,17,0.62
380.38,0,0,0.716183,-0.00560855,0,0,3,17,0.62
380.48,0,0,0.68639,-0.00991902,0,0,3,17,0.62
380.58,0,0,0.669449,-0.013809,0,0,3,17,0.62
380.68,0,0,0.642625,-0.0128258,0,0,3,17,0.62
380.78,0,0,0.609218,-0.0104486,0,0,3,17,0.62
380.88,0,0,0.579058,-0.0120899,0,0,3,17,0.62
380.98,0,0,0.553799,-0.0199034,0,0,3,17,0.62
381.08,0,0,0.536313,-0.00814111,0,0,3,17,0.62
381.18,0,0,0.530587,-0.00148801,0,0,3,17,0.62
381.28,0,0,0.52747,-0.0130993,0,0,3,17,0.62
381.38,0,0,0.528297,-0.00825457,0,0,3,17,0.62
381.48,0,0,0.51938,-0.00497316,0,0,3,17,0.62
381.58,0,0,0.495709,-0.0259882,0,0,3,17,0.62
381.68,0,0,0.46139,-0.0259107,0,0,3,17,0.62
381.78,0,0,0.410946,-0.0101687,0,0,3,17,0.62
381.88,0,0,0.392952,-0.00910044,0,0,3,17,0.62
381.98,0,0,0.396559,-0.0158922,0,0,3,17,0.62
382.08,0,0,0.422371,-0.013499,0,0,3,17,0.62
382.18,0,0,0.481789,-0.0136022,0,0,3,17,0.62
382.28,0,0,0.503193,-0.022111,0,0,3,17,0.62
382.38,0,0,0.466999,-0.0147787,0,0,3,17,0.62
382.48,0,0,0.430822,-0.0201737,0,0,3,17,0.62
382.58,0,0,0.394673,-0.0337264,0,0,3,17,0.62
382.68,0,0,0.376806,-0.0376347,0,0,3,17,0.62
382.78,0,0,0.386604,-0.0294546,0,0,3,17,0.62
382.88,0,0,0.380573,-0.0191066,0,0,3,17,0.62
382.98,0,0,0.350597,-0.0153012,0,0,3,17,0.62
383.08,0,0,0.341719,-0.0167202,0,0,3,17,0.62
383.18,0,0,0.364789,-0.0182686,0,0,3,17,0.62
383.28,0,0,0.379315,-0.00220004,0,0,3,17,0.62
383.38,0,0,0.388151,-0.0128771,0,0,3,17,0.62
383.48,0,0,0.373099,-0.026803,0,0,3,17,0.62
383.58,0,0,0.321948,-0.00705752,0,0,3,17,0.62
383.68,0,0,0.286163,9.06576e-06,0,0,3,16,0.62
383.78,0,0,0.260614,-0.0188583,0,0,3,16,0.62
383.88,0,0,0.287141,-0.00813643,0,0,3,16,0.64
383.98,0,0,0.3483,-0.00196195,0,0,3,16,0.64
384.08,0,0,0.357946,-0.00352604,0,0,3,17,0.64
384.18,0,0,0.28978,-0.000588175,0,0,3,17,0.64
384.28,0,0,0.256109,-0.000343097,0,0,3,17,0.64
384.38,0,0,0.27454,0.00213743,0,0,3,17,0.64
384.48,0,0,0.277438,0.0183211,0,0,3,17,0.64
384.58,0,0,0.256865,0.0257488,0,0,3,17,0.64
384.68,0,0,0.219553,0.0249551,0,0,3,17,0.64
384.78,0,0,0.171117,0.0278937,0,0,3,17,0.64
384.88,0,0,0.155611,0.0212441,0,0,3,17,0.64
384.98,0,0,0.189962,0.0121394,0,0,3,17,0.64
385.08,0,0,0.22449,0.0154508,0,0,3,17,0.64
385.18,0,0,0.259283,0.0147384,0,0,3,17,0.64
385.28,0,0,0.262238,0.0219523,0,0,3,17,0.64
385.38,0,0,0.216952,0.0422212,0,0,3,17,0.64
385.48,0,0,0.196816,0.0524883,0,0,3,17,0.64
385.58,0,0,0.214659,0.0457251,0,0,3,17,0.64
385.68,0,0,0.218357,0.0493428,0,0,3,17,0.64
385.78,0,0,0.200677,0.0616427,0,0,3,17,0.64
385.88,0,0,0.184265,0.0563812,0,0,3,17,0.62
385.98,0,0,0.169774,0.0519764,0,0,3,17,0.62
386.08,0,0,0.156511,0.0571041,0,0,3,17,0.62
386.18,0,0,0.144066,0.056225,0,0,3,17,0.62
386.28,0,0,0.152055,0.0545525,0,0,3,17,0.62
386.38,0,0,0.173672,0.0554257,0,0,3,17,0.62
386.48,0,0,0.189703,0.0595607,0,0,3,17,0.62
386.58,0,0,0.197263,0.073177,0,0,3,17,0.62
386.68,0,0,0.197737,0.0740008,0,0,3,17,0.62
386.78,0,0,0.187494,0.0652757,0,0,3,17,0.62
386.88,0,0,0.178091,0.045976,0,0,3,17,0.62
386.98,0,0,0.169964,0.0516136,0,0,3,17,0.62
387.08,0,0,0.1624,0.0731313,0,0,3,17,0.62
387.18,0,0,0.155685,0.0776931,0,0,3,17,0.62
387.28,0,0,0.143282,0.0558507,0,0,3,17,0.62
387.38,0,0,0.127089,0.0455308,0,0,3,17,0.62
387.48,0,0,0.112373,0.0535138,0,0,3,17,0.62
387.58,0,0,0.0998877,0.0613236,0,0,3,17,0.62
387.68,0,0,0.098442,0.0554018,0,0,3,17,0.62
387.78,0,0,0.104354,0.0561391,0,0,3,17,0.62
387.88,0,0,0.117089,0.0502748,0,0,3,17,0.62
387.98,0,0,0.140144,0.0362356,0,0,3,17,0.62
388.08,0,0,0.153232,0.03588,0,0,3,17,0.62
388.18,0,0,0.151228,0.0511933,0,0,3,17,0.62
388.28,0,0,0.148821,0.0534231,0,0,3,17,0.62
388.38,0,0,0.146145,0.0338995,0,0,3,17,0.62
388.48,0,0,0.138332,0.0215616,0,0,3,17,0.62
388.58,0,0,0.122731,0.0102845,0,0,3,17,0.62
388.68,0,0,0.116209,-0.00876248,0,0,3,17,0.62
388.78,0,0,0.115725,-0.0197554,0,0,3,17,0.62
388.88,0,0,0.109977,-0.023546,0,0,3,17,0.62
388.98,0,0,0.0962697,-0.0383596,0,0,3,17,0.62
389.08,0,0,0.0911467,-0.0571395,0,0,3,17,0.62
389.18,0,0,0.0989888,-0.0722853,0,0,3,17,0.62
389.28,0,0,0.106382,-0.0739654,0,0,3,17,0.62
389.38,0,0,0.113094,-0.0768005,0,0,3,17,0.62
389.48,0,0,0.104264,-0.0894955,0,0,3,17,0.62
389.58,0,0,0.071899,-0.0865371,0,0,3,17,0.62
389.68,0,0,0.0599901,-0.0927007,0,0,3,17,0.62
389.78,0,0,0.0791126,-0.11856,0,0,3,17,0.62
389.88,0,0,0.0875467,-0.140635,0,0,3,16,0.64
389.98,0,0,0.0798289,-0.141341,0,0,3,16,0.64
390.08,0,0,0.0896091,-0.149524,0,0,3,16,0.64
390.18,0,0,0.125899,-0.181563,0,0,3,16,0.64
390.28,0,0,0.12915,-0.192458,0,0,3,16,0.64
390.38,0,0,0.0825025,-0.185792,0,0,3,16,0.64
390.48,0,0,0.0630575,-0.200532,0,0,3,16,0.64
390.58,0,0,0.0847447,-0.232802,0,0,3,16,0.64
390.68,0,0,0.0952961,-0.253298,0,0,3,16,0.64
390.78,0,0,0.0890023,-0.256057,0,0,3,16,0.64
390.88,0,0,0.0836339,-0.268017,0,0,3,17,0.62
390.98,0,0,0.0796669,-0.296772,0,0,3,17,0.62
391.08,0,0,0.0812348,-0.307702,0,0,3,17,0.62
391.18,0,0,0.0911754,-0.308673,0,0,3,17,0.62
391.28,0,0,0.102968,-0.314308,0,0,3,17,0.62
391.38,0,0,0.117569,-0.327949,0,0,3,17,0.62
391.48,0,0,0.130856,-0.337758,0,0,3,17,0.62
391.58,0,0,0.143268,-0.334372,0,0,3,17,0.62
391.68,0,0,0.13738,-0.315524,0,0,3,17,0.62
391.78,0,0,0.103732,-0.307763,0,0,3,17,0.62
391.88,0,0,0.0893963,-0.315074,0,0,3,17,0.62
391.98,0,0,0.104233,-0.313697,0,0,3,17,0.62
392.08,0,0,0.114423,-0.293428,0,0,3,17,0.62
392.18,0,0,0.117596,-0.270389,0,0,3,17,0.62
392.28,0,0,0.110809,-0.27321,0,0,3,17,0.62
392.38,0,0,0.0889403,-0.296073,0,0,3,17,0.62
392.48,0,0,0.0830811,-0.305485,0,0,3,17,0.62
392.58,0,0,0.101465,-0.277807,0,0,3,17,0.62
392.68,0,0,0.118931,-0.24988,0,0,3,17,0.62
392.78,0,0,0.135006,-0.234379,0,0,3,17,0.62
392.88,0,0,0.128569,-0.259962,0,0,3,17,0.62
392.98,0,0,0.107155,-0.295711,0,0,3,17,0.62
393.08,0,0,0.112976,-0.258763,0,0,3,17,0.62
393.18,0,0,0.160019,-0.195862,0,0,3,17,0.62
393.28,0,0,0.172605,-0.178188,0,0,3,17,0.62
393.38,0,0,0.132944,-0.225419,0,0,3,17,0.62
393.48,0,0,0.114615,-0.252267,0,0,3,17,0.62
393.58,0,0,0.128517,-0.231644,0,0,3,17,0.62
393.68,0,0,0.139228,-0.191316,0,0,3,17,0.62
393.78,0,0,0.145116,-0.161204,0,0,3,17,0.62
393.88,0,0,0.138775,-0.17382,0,0,3,17,0.62
393.98,0,0,0.113932,-0.186144,0,0,3,17,0.62
394.08,0,0,0.112139,-0.200405,0,0,3,17,0.62
394.18,0,0,0.145195,-0.194953,0,0,3,17,0.62
394.28,0,0,0.156781,-0.154925,0,0,3,17,0.62
394.38,0,0,0.135881,-0.127555,0,0,3,17,0.62
394.48,0,0,0.119318,-0.137551,0,0,3,17,0.62
394.58,0,0,0.10564,-0.172425,0,0,3,17,0.62
394.68,0,0,0.121124,-0.186547,0,0,3,17,0.62
394.78,0,0,0.156044,-0.148989,0,0,3,17,0.62
394.88,0,0,0.173621,-0.102897,0,0,3,17,0.62
394.98,0,0,0.165031,-0.0966133,0,0,3,17,0.62
395.08,0,0,0.158567,-0.1343,0,0,3,17,0.62
395.18,0,0,0.155313,-0.138669,0,0,3,17,0.62
395.28,0,0,0.153208,-0.0934679,0,0,3,17,0.62
395.38,0,0,0.151867,-0.0791541,0,0,3,17,0.62
395.48,0,0,0.152494,-0.109794,0,0,3,17,0.62
395.58,0,0,0.154432,-0.106158,0,0,3,17,0.62
395.68,0,0,0.146088,-0.0622747,0,0,3,17,0.62
395.78,0,0,0.130896,-0.0513429,0,0,3,17,0.62
395.88,0,0,0.1306,-0.0763619,0,0,3,17,0.62
395.98,0,0,0.140222,-0.104028,0,0,3,17,0.62
396.08,0,0,0.142995,-0.102749,0,0,3,17,0.62
396.18,0,0,0.135412,-0.070344,0,0,3,17,0.62
396.28,0,0,0.145503,-0.0506135,0,0,3,17,0.62
396.38,0,0,0.167382,-0.0558075,0,0,3,17,0.62
396.48,0,0,0.176856,-0.0981812,0,0,3,17,0.62
396.58,0,0,0.178082,-0.133414,0,0,3,17,0.62
396.68,0,0,0.188738,-0.096018,0,0,3,17,0.62
396.78,0,0,0.205683,-0.0241949,0,0,3,17,0.62
396.88,0,0,0.195093,-0.0278097,0,0,3,17,0.62
396.98,0,0,0.166175,-0.0939952,0,0,3,17,0.62
397.08,0,0,0.163695,-0.13571,0,0,3,16,0.62
397.18,0,0,0.201234,-0.114577,0,0,3,16,0.62
397.28,0,0,0.184099,-0.0425769,0,0,3,16,0.62
397.38,0,0,0.130586,-0.00632306,0,0,3,16,0.62
397.48,0,0,0.139003,-0.0584172,0,0,3,16,0.62
397.58,0,0,0.188566,-0.130012,0,0,3,16,0.62
397.68,0,0,0.198015,-0.145284,0,0,3,16,0.62
397.78,0,0,0.18071,-0.078659,0,0,3,16,0.62
397.88,0,0,0.158443,-0.00715121,0,0,3,16,0.64
397.98,0,0,0.132867,-0.0273459,0,0,3,16,0.64
398.08,0,0,0.156664,-0.0881343,0,0,3,16,0.64
398.18,0,0,0.213284,-0.121057,0,0,3,16,0.64
398.28,0,0,0.208874,-0.0983607,0,0,3,16,0.64
398.38,0,0,0.163814,-0.0294611,0,0,3,16,0.64
398.48,0,0,0.139425,-0.00891223,0,0,3,16,0.64
398.58,0,0,0.146286,-0.0482487,0,0,3,16,0.64
398.68,0,0,0.17224,-0.0716629,0,0,3,16,0.64
398.78,0,0,0.210925,-0.0701217,0,0,3,16,0.64
398.88,0,0,0.197082,-0.0486445,0,0,3,16,0.64
398.98,0,0,0.148274,-0.0207004,0,0,3,16,0.64
399.08,0,0,0.135111,-0.0201841,0,0,3,16,0.64
399.18,0,0,0.175965,-0.0449154,0,0,3,16,0.64
399.28,0,0,0.171364,-0.0564431,0,0,3,16,0.64
399.38,0,0,0.136379,-0.0422365,0,0,3,16,0.64
399.48,0,0,0.140299,-0.0175873,0,0,3,16,0.64
399.58,0,0,0.170181,-0.00336458,0,0,3,16,0.64
399.68,0,0,0.174455,0.000585327,0,0,3,16,0.64
399.78,0,0,0.161655,0.00309794,0,0,3,16,0.64
399.88,0,0,0.140311,-0.00508383,0,0,3,16,0.64
399.98,0,0,0.113288,-0.0204756,0,0,3,16,0.64
400.08,0,0,0.110389,-0.0147345,0,0,3,16,0.64
400.18,0,0,0.143976,0.0231902,0,0,3,16,0.64
400.28,0,0,0.151791,0.0506504,0,0,3,16,0.64
400.38,0,0,0.120553,0.0246418,0,0,3,16,0.64
400.48,0,0,0.130974,-0.015486,0,0,3,16,0.64
400.58,0,0,0.16911,-0.0062663,0,0,3,16,0.64
400.68,0,0,0.155828,0.0440162,0,0,3,16,0.64
400.78,0,0,0.10831,0.0726023,0,0,3,16,0.64
400.88,0,0,0.102271,0.0422313,0,0,3,16,0.64
400.98,0,0,0.158998,-0.00277273,0,0,3,16,0.64
401.08,0,0,0.182224,-0.000484901,0,0,3,16,0.64
401.18,0,0,0.154624,0.0407467,0,0,3,16,0.64
401.28,0,0,0.137617,0.0674151,0,0,3,16,0.64
401.38,0,0,0.136644,0.0572722,0,0,3,16,0.64
401.48,0,0,0.148315,0.0312165,0,0,3,16,0.64
401.58,0,0,0.179073,0.0186619,0,0,3,16,0.64
401.68,0,0,0.176372,0.0307987,0,0,3,16,0.64
401.78,0,0,0.123052,0.0578785,0,0,3,16,0.64
401.88,0,0,0.0990093,0.0708002,0,0,3,16,0.64
401.98,0,0,0.119242,0.0560981,0,0,3,16,0.64
402.08,0,0,0.133623,0.0307611,0,0,3,16,0.64
402.18,0,0,0.144118,0.0198676,0,0,3,16,0.64
402.28,0,0,0.139775,0.0368113,0,0,3,16,0.64
402.38,0,0,0.125547,0.061047,0,0,3,16,0.64
402.48,0,0,0.108354,0.0718119,0,0,3,16,0.64
402.58,0,0,0.0891826,0.0667413,0,0,3,16,0.64
402.68,0,0,0.0878412,0.0403309,0,0,3,16,0.64
402.78,0,0,0.113438,0.0174893,0,0,3,16,0.64
402.88,0,0,0.128531,0.0270234,0,0,3,16,0.64
402.98,0,0,0.136635,0.0556941,0,0,3,16,0.64
403.08,0,0,0.130865,0.0804649,0,0,3,16,0.64
403.18,0,0,0.104148,0.0726939,0,0,3,16,0.64
403.28,0,0,0.104779,0.0293967,0,0,3,16,0.64
403.38,0,0,0.146861,0.00850232,0,0,3,16,0.64
403.48,0,0,0.164859,0.0324124,0,0,3,16,0.64
403.58,0,0,0.146439,0.0645661,0,0,3,16,0.64
403.68,0,0,0.112426,0.0844662,0,0,3,16,0.64
403.78,0,0,0.0680531,0.0783261,0,0,3,16,0.64
403.88,0,0,0.0578489,0.0333036,0,0,3,16,0.64
403.98,0,0,0.0993295,-0.00637666,0,0,3,16,0.64
404.08,0,0,0.119923,0.00159172,0,0,3,16,0.64
404.18,0,0,0.126645,0.060322,0,0,3,16,0.64
404.28,0,0,0.12662,0.117036,0,0,3,16,0.64
404.38,0,0,0.116348,0.0811209,0,0,3,16,0.64
404.48,0,0,0.148578,-0.0110171,0,0,3,16,0.64
404.58,0,0,0.245012,-0.0423077,0,0,3,16,0.64
404.68,0,0,0.223345,0.0105516,0,0,3,16,0.64
404.78,0,0,0.123111,0.0987839,0,0,3,16,0.64
404.88,0,0,0.118981,0.107141,0,0,3,16,0.64
404.98,0,0,0.178711,0.022545,0,0,3,16,0.64
405.08,0,0,0.204574,-0.0342106,0,0,3,16,0.64
405.18,0,0,0.207819,-0.0175318,0,0,3,16,0.64
405.28,0,0,0.180901,0.0382251,0,0,3,16,0.64
405.38,0,0,0.133877,0.0767569,0,0,3,16,0.64
405.48,0,0,0.121272,0.0586019,0,0,3,16,0.64
405.58,0,0,0.160697,0.0291573,0,0,3,16,0.64
405.68,0,0,0.184311,0.00828746,0,0,3,16,0.64
405.78,0,0,0.197385,-0.00582059,0,0,3,16,0.64
405.88,0,0,0.165817,0.0072634,0,0,3,16,0.64
405.98,0,0,0.104579,0.0509543,0,0,3,16,0.64
406.08,0,0,0.0765121,0.0731915,0,0,3,16,0.64
406.18,0,0,0.0985959,0.0482043,0,0,3,16,0.64
406.28,0,0,0.139365,0.00860086,0,0,3,16,0.64
406.38,0,0,0.192578,-4.43441e-05,0,0,3,16,0.64
406.48,0,0,0.196437,0.0231573,0,0,3,16,0.64
406.58,0,0,0.167486,0.0475589,0,0,3,16,0.64
406.68,0,0,0.14601,0.0607169,0,0,3,16,0.64
406.78,0,0,0.129512,0.0519619,0,0,3,16,0.64
406.88,0,0,0.131626,0.0203108,0,0,3,16,0.64
406.98,0,0,0.161961,0.00646593,0,0,3,16,0.64
407.08,0,0,0.165145,0.0307663,0,0,3,16,0.64
407.18,0,0,0.127234,0.0585775,0,0,3,16,0.64
407.28,0,0,0.106607,0.0545946,0,0,3,16,0.64
407.38,0,0,0.0975001,0.0242587,0,0,3,16,0.64
407.48,0,0,0.111184,0.012882,0,0,3,16,0.64
407.58,0,0,0.140032,0.0334961,0,0,3,16,0.64
407.68,0,0,0.146846,0.0535177,0,0,3,16,0.64
407.78,0,0,0.138976,0.0431492,0,0,3,16,0.64
407.88,0,0,0.135702,0.0150852,0,0,3,16,0.64
407.98,0,0,0.135488,-0.00161013,0,0,3,16,0.64
408.08,0,0,0.128625,0.0259045,0,0,3,16,0.64
408.18,0,0,0.111692,0.0628084,0,0,3,16,0.64
408.28,0,0,0.114193,0.0637018,0,0,3,16,0.64
408.38,0,0,0.129635,0.0279332,0,0,3,16,0.64
408.48,0,0,0.145726,-0.00689126,0,0,3,16,0.64
408.58,0,0,0.16225,-0.00787022,0,0,3,16,0.64
408.68,0,0,0.165748,0.0327092,0,0,3,16,0.64
408.78,0,0,0.160559,0.0661406,0,0,3,16,0.64
408.88,0,0,0.148001,0.0401631,0,0,3,16,0.64
408.98,0,0,0.130528,0.00383421,0,0,3,16,0.64
409.08,0,0,0.126788,-0.00849889,0,0,3,16,0.64
409.18,0,0,0.132186,0.0110015,0,0,3,16,0.64
409.28,0,0,0.132653,0.0236878,0,0,3,16,0.64
409.38,0,0,0.12983,0.00322087,0,0,3,16,0.64
409.48,0,0,0.146176,0.0045458,0,0,3,16,0.64
409.58,0,0,0.175285,0.0196641,0,0,3,16,0.64
409.68,0,0,0.173892,0.0339724,0,0,3,16,0.64
409.78,0,0,0.126262,0.0306947,0,0,3,16,0.64
409.88,0,0,0.111808,-0.00537204,0,0,3,16,0.64
409.98,0,0,0.147526,-0.0231095,0,0,3,16,0.64
410.08,0,0,0.176282,-0.00546316,0,0,3,16,0.64
410.18,0,0,0.194473,0.0353944,0,0,3,16,0.64
410.28,0,0,0.173035,0.0512276,0,0,3,16,0.64
410.38,0,0,0.12513,0.00871789,0,0,3,16,0.64
410.48,0,0,0.130578,-0.0368642,0,0,3,16,0.64
410.58,0,0,0.171481,-0.0364236,0,0,3,16,0.64
410.68,0,0,0.172173,0.00208785,0,0,3,16,0.64
410.78,0,0,0.146091,0.0483435,0,0,3,16,0.64
410.88,0,0,0.149471,0.0439573,0,0,3,16,0.64
410.98,0,0,0.172471,-0.0158577,0,0,3,16,0.64
411.08,0,0,0.164947,-0.063107,0,0,3,16,0.64
411.18,0,0,0.137098,-0.0510056,0,0,3,16,0.64
411.28,0,0,0.120241,0.0132221,0,0,3,16,0.64
411.38,0,0,0.12001,0.0587703,0,0,3,16,0.64
411.48,0,0,0.129921,0.0175108,0,0,3,16,0.64
411.58,0,0,0.15515,-0.0605652,0,0,3,16,0.64
411.68,0,0,0.173741,-0.0783723,0,0,3,16,0.64
411.78,0,0,0.182282,-0.0281502,0,0,3,16,0.64
411.88,0,0,0.155599,0.0290671,0,0,3,16,0.64
411.98,0,0,0.105426,0.0264141,0,0,3,16,0.64
412.08,0,0,0.0915293,-0.0185668,0,0,3,16,0.64
412.18,0,0,0.132423,-0.0489924,0,0,3,16,0.64
412.28,0,0,0.153628,-0.0344707,0,0,3,16,0.64
412.38,0,0,0.14507,-0.00173559,0,0,3,16,0.64
412.48,0,0,0.159193,-0.00184722,0,0,3,16,0.64
412.58,0,0,0.188406,-0.0254648,0,0,3,16,0.64
412.68,0,0,0.181235,-0.0403776,0,0,3,16,0.64
412.78,0,0,0.149831,-0.0422861,0,0,3,16,0.64
412.88,0,0,0.135457,-0.0249052,0,0,3,16,0.64
412.98,0,0,0.146849,-0.00474863,0,0,3,16,0.64
413.08,0,0,0.148716,0.00154586,0,0,3,16,0.64
413.18,0,0,0.144255,-0.0100687,0,0,3,16,0.64
413.28,0,0,0.13917,-0.038543,0,0,3,16,0.64
413.38,0,0,0.133669,-0.0420907,0,0,3,16,0.64
413.48,0,0,0.117596,-0.00790369,0,0,3,16,0.64
413.58,0,0,0.0944726,0.0226679,0,0,3,16,0.64
413.68,0,0,0.118882,0.0208815,0,0,3,15,0.64
413.78,0,0,0.174913,-0.0157755,0,0,3,15,0.64
413.88,0,0,0.184584,-0.0438424,0,0,3,15,0.68
413.98,0,0,0.124287,-0.0180172,0,0,3,15,0.68
414.08,0,0,0.115615,0.0282115,0,0,3,15,0.68
414.18,0,0,0.14132,0.0416755,0,0,3,15,0.68
414.28,0,0,0.165237,0.00514163,0,0,3,15,0.68
414.38,0,0,0.18796,-0.037554,0,0,3,15,0.68
414.48,0,0,0.170256,-0.0309411,0,0,3,15,0.68
414.58,0,0,0.125645,0.0239774,0,0,3,15,0.68
414.68,0,0,0.100246,0.0624651,0,0,3,15,0.68
414.78,0,0,0.103981,0.0361282,0,0,3,15,0.68
414.88,0,0,0.136428,-0.026741,0,0,3,15,0.68
414.98,0,0,0.188029,-0.0502379,0,0,3,15,0.68
415.08,0,0,0.20108,-0.00316614,0,0,3,15,0.68
415.18,0,0,0.155753,0.0534323,0,0,3,15,0.68
415.28,0,0,0.132799,0.0578698,0,0,3,15,0.68
415.38,0,0,0.124734,0.0122559,0,0,3,15,0.68
415.48,0,0,0.135859,-0.0317074,0,0,3,15,0.68
415.58,0,0,0.159754,-0.0370904,0,0,3,15,0.68
415.68,0,0,0.16405,-0.00460533,0,0,3,15,0.68
415.78,0,0,0.138695,0.0431557,0,0,3,15,0.68
415.88,0,0,0.126619,0.0513417,0,0,3,15,0.68
415.98,0,0,0.123361,0.00306979,0,0,3,15,0.68
416.08,0,0,0.137173,-0.0541699,0,0,3,15,0.68
416.18,0,0,0.176792,-0.0565409,0,0,3,15,0.68
416.28,0,0,0.167277,-0.000484419,0,0,3,15,0.68
416.38,0,0,0.12505,0.0407921,0,0,3,15,0.68
416.48,0,0,0.114287,0.0123387,0,0,3,15,0.68
416.58,0,0,0.151139,-0.053554,0,0,3,15,0.68
416.68,0,0,0.167666,-0.0768379,0,0,3,15,0.68
416.78,0,0,0.17069,-0.030592,0,0,3,15,0.68
416.88,0,0,0.14576,0.018918,0,0,3,15,0.68
416.98,0,0,0.10222,0.0116509,0,0,3,15,0.68
417.08,0,0,0.110335,-0.0449193,0,0,3,15,0.68
417.18,0,0,0.196449,-0.103851,0,0,3,15,0.68
417.28,0,0,0.197021,-0.101982,0,0,3,15,0.68
417.38,0,0,0.140639,-0.0277536,0,0,3,15,0.68
417.48,0,0,0.115195,0.0339758,0,0,3,15,0.68
417.58,0,0,0.136615,-0.0152458,0,0,3,15,0.68
417.68,0,0,0.156354,-0.127621,0,0,3,15,0.68
417.78,0,0,0.173548,-0.189305,0,0,3,15,0.68
417.88,0,0,0.163183,-0.124091,0,0,3,15,0.68
417.98,0,0,0.134499,0.00183948,0,0,3,15,0.68
418.08,0,0,0.137048,0.00670517,0,0,3,15,0.68
418.18,0,0,0.160446,-0.085689,0,0,3,15,0.68
418.28,0,0,0.17101,-0.17012,0,0,3,15,0.68
418.38,0,0,0.173009,-0.185551,0,0,3,15,0.68
418.48,0,0,0.145629,-0.114603,0,0,3,15,0.68
418.58,0,0,0.0986886,-0.0325669,0,0,3,15,0.68
418.68,0,0,0.0931359,-0.0249997,0,0,3,15,0.68
418.78,0,0,0.11519,-0.086722,0,0,3,15,0.68
418.88,0,0,0.137258,-0.151993,0,0,3,15,0.68
418.98,0,0,0.159347,-0.166644,0,0,3,15,0.68
419.08,0,0,0.159838,-0.100429,0,0,3,15,0.68
419.18,0,0,0.127607,-0.0249185,0,0,3,15,0.68
419.28,0,0,0.121295,-0.0179912,0,0,3,15,0.68
419.38,0,0,0.132238,-0.0613344,0,0,3,15,0.68
419.48,0,0,0.149438,-0.108948,0,0,3,15,0.68
419.58,0,0,0.176104,-0.111044,0,0,3,15,0.68
419.68,0,0,0.165494,-0.0729266,0,0,3,15,0.68
419.78,0,0,0.130013,-0.0200673,0,0,3,15,0.68
419.88,0,0,0.128811,0.00354237,0,0,3,15,0.68
419.98,0,0,0.150386,-0.02945,0,0,3,15,0.68
420.08,0,0,0.159494,-0.0827296,0,0,3,15,0.68
420.18,0,0,0.149758,-0.0825955,0,0,3,15,0.68
420.28,0,0,0.137857,-0.0306839,0,0,3,15,0.68
420.38,0,0,0.124517,0.0243941,0,0,3,15,0.68
420.48,0,0,0.121221,0.0384283,0,0,3,15,0.68
420.58,0,0,0.133138,-0.0069889,0,0,3,15,0.68
420.68,0,0,0.150302,-0.0552572,0,0,3,15,0.68
420.78,0,0,0.170963,-0.0497307,0,0,3,15,0.68
420.88,0,0,0.179532,-0.00677953,0,0,3,15,0.68
420.98,0,0,0.180065,0.0347905,0,0,3,15,0.68
421.08,0,0,0.165058,0.0399088,0,0,3,15,0.68
421.18,0,0,0.139709,0.0010934,0,0,3,15,0.68
421.28,0,0,0.149853,-0.0421029,0,0,3,15,0.68
421.38,0,0,0.183705,-0.0529913,0,0,3,15,0.68
421.48,0,0,0.193092,-0.0153552,0,0,3,15,0.68
421.58,0,0,0.165535,0.0358989,0,0,3,15,0.68
421.68,0,0,0.152548,0.0499953,0,0,3,15,0.68
421.78,0,0,0.161642,0.0169294,0,0,3,15,0.68
421.88,0,0,0.166429,-0.0240708,0,0,3,15,0.68
421.98,0,0,0.168351,-0.0349221,0,0,3,15,0.68
422.08,0,0,0.150388,0.00330836,0,0,3,15,0.68
422.18,0,0,0.11921,0.0549593,0,0,3,15,0.68
422.28,0,0,0.120828,0.0593221,0,0,3,15,0.68
422.38,0,0,0.144313,0.0190688,0,0,3,15,0.68
422.48,0,0,0.164961,-0.0192558,0,0,3,15,0.68
422.58,0,0,0.183726,-0.0136363,0,0,3,15,0.68
422.68,0,0,0.171543,0.022983,0,0,3,15,0.68
422.78,0,0,0.138735,0.0538183,0,0,3,15,0.68
422.88,0,0,0.149592,0.0570603,0,0,3,15,0.68
422.98,0,0,0.189638,0.0346758,0,0,3,15,0.68
423.08,0,0,0.199389,0.00392589,0,0,3,15,0.68
423.18,0,0,0.188972,0.00206066,0,0,3,15,0.68
423.28,0,0,0.171362,0.0404348,0,0,3,15,0.68
423.38,0,0,0.148957,0.0863713,0,0,3,15,0.68
423.48,0,0,0.149793,0.0748895,0,0,3,15,0.68
423.58,0,0,0.166099,0.0130716,0,0,3,15,0.68
423.68,0,0,0.16685,-0.0188309,0,0,3,15,0.68
423.78,0,0,0.157261,0.0151852,0,0,3,15,0.68
423.88,0,0,0.141895,0.0716405,0,0,3,15,0.68
423.98,0,0,0.11779,0.0764669,0,0,3,15,0.68
424.08,0,0,0.120548,0.0438746,0,0,3,15,0.68
424.18,0,0,0.141157,0.0233207,0,0,3,15,0.68
424.28,0,0,0.155336,0.0319873,0,0,3,15,0.68
424.38,0,0,0.165228,0.0529138,0,0,3,15,0.68
424.48,0,0,0.160843,0.0555452,0,0,3,15,0.68
424.58,0,0,0.146921,0.0513646,0,0,3,15,0.68
424.68,0,0,0.141849,0.0618357,0,0,3,15,0.68
424.78,0,0,0.142675,0.0674988,0,0,3,15,0.68
424.88,0,0,0.15267,0.0460991,0,0,3,15,0.68
424.98,0,0,0.176512,0.0261226,0,0,3,15,0.68
425.08,0,0,0.176359,0.0340521,0,0,3,15,0.68
425.18,0,0,0.160246,0.0658061,0,0,3,15,0.68
425.28,0,0,0.159216,0.0952091,0,0,3,15,0.68
425.38,0,0,0.168222,0.0855029,0,0,3,15,0.68
425.48,0,0,0.18489,0.0285268,0,0,3,15,0.68
425.58,0,0,0.206672,-0.0132618,0,0,3,15,0.68
425.68,0,0,0.205235,0.0265755,0,0,3,15,0.68
425.78,0,0,0.188356,0.0928507,0,0,3,15,0.68
425.88,0,0,0.190032,0.115146,0,0,3,15,0.68
425.98,0,0,0.20408,0.0835598,0,0,3,15,0.68
426.08,0,0,0.208171,0.0300051,0,0,3,15,0.68
426.18,0,0,0.205641,0.0081142,0,0,3,15,0.68
426.28,0,0,0.19937,0.04334,0,0,3,15,0.68
426.38,0,0,0.190607,0.0945693,0,0,3,15,0.68
426.48,0,0,0.182236,0.115859,0,0,3,15,0.68
426.58,0,0,0.174125,0.0852407,0,0,3,15,0.68
426.68,0,0,0.19654,0.0146936,0,0,3,15,0.68
426.78,0,0,0.239281,-0.0248845,0,0,3,15,0.68
426.88,0,0,0.236,0.00678629,0,0,3,15,0.68
426.98,0,0,0.20208,0.0679618,0,0,3,15,0.68
427.08,0,0,0.182292,0.0932115,0,0,3,15,0.68
427.18,0,0,0.171915,0.0656885,0,0,3,15,0.68
427.28,0,0,0.191931,0.00753051,0,0,3,15,0.68
427.38,0,0,0.232204,-0.0550261,0,0,3,15,0.68
427.48,0,0,0.22077,-0.0608147,0,0,3,15,0.68
427.58,0,0,0.174853,-0.00129722,0,0,3,15,0.68
427.68,0,0,0.147981,0.0543722,0,0,3,15,0.68
427.78,0,0,0.149863,0.0496374,0,0,3,15,0.68
427.88,0,0,0.194543,-0.0107881,0,0,3,15,0.68
427.98,0,0,0.267707,-0.0708547,0,0,3,15,0.68
428.08,0,0,0.265288,-0.0755915,0,0,3,15,0.68
428.18,0,0,0.212628,-0.0210682,0,0,3,15,0.68
428.28,0,0,0.184317,0.0381958,0,0,3,15,0.68
428.38,0,0,0.172237,0.0470915,0,0,3,15,0.68
428.48,0,0,0.186412,0.00161363,0,0,3,15,0.68
428.58,0,0,0.218061,-0.04896,0,0,3,15,0.68
428.68,0,0,0.206629,-0.0585932,0,0,3,15,0.68
428.78,0,0,0.166468,-0.0233802,0,0,3,15,0.68
428.88,0,0,0.156157,0.0204158,0,0,3,15,0.68
428.98,0,0,0.16572,0.0314371,0,0,3,15,0.68
429.08,0,0,0.177805,0.0113705,0,0,3,15,0.68
429.18,0,0,0.19371,-0.0197268,0,0,3,15,0.68
429.28,0,0,0.196645,-0.0240367,0,0,3,15,0.68
429.38,0,0,0.190954,0.00986096,0,0,3,15,0.68
429.48,0,0,0.192977,0.0312553,0,0,3,15,0.68
429.58,0,0,0.200136,0.0156389,0,0,3,15,0.68
429.68,0,0,0.190359,-0.00428463,0,0,3,15,0.68
429.78,0,0,0.169287,-0.00399505,0,0,3,15,0.68
429.88,0,0,0.169139,0.0114237,0,0,3,15,0.68
429.98,0,0,0.182927,0.0258499,0,0,3,15,0.68
430.08,0,0,0.184587,0.0316668,0,0,3,15,0.68
430.18,0,0,0.167884,0.0166181,0,0,3,15,0.68
430.28,0,0,0.168119,-0.0150118,0,0,3,15,0.68
430.38,0,0,0.179658,-0.0255053,0,0,3,15,0.68
430.48,0,0,0.186893,0.00848599,0,0,3,15,0.68
430.58,0,0,0.19126,0.0380566,0,0,3,15,0.68
430.68,0,0,0.184457,0.027907,0,0,3,15,0.68
430.78,0,0,0.16072,0.000237566,0,0,3,15,0.68
430.88,0,0,0.149828,-0.0157394,0,0,3,15,0.68
430.98,0,0,0.158328,-0.0121601,0,0,3,15,0.68
431.08,0,0,0.15052,0.000566059,0,0,3,16,0.68
431.18,0,0,0.131873,0.0112577,0,0,3,16,0.68
431.28,0,0,0.145489,0.0123094,0,0,3,16,0.68
431.38,0,0,0.180668,0.00674205,0,0,3,16,0.68
431.48,0,0,0.190406,-0.00324479,0,0,3,16,0.68
431.58,0,0,0.183197,-0.00902063,0,0,3,16,0.68
431.68,0,0,0.178396,-0.0141499,0,0,3,16,0.68
431.78,0,0,0.175202,-0.019089,0,0,3,16,0.68
431.88,0,0,0.158986,-0.0090223,0,0,3,16,0.68
431.98,0,0,0.123049,0.00842417,0,0,3,16,0.68
432.08,0,0,0.124866,0.00260888,0,0,3,16,0.68
432.18,0,0,0.151854,-0.0279192,0,0,3,16,0.68
432.28,0,0,0.161773,-0.0476935,0,0,3,16,0.68
432.38,0,0,0.160296,-0.02927,0,0,3,16,0.68
432.48,0,0,0.144655,0.00885668,0,0,3,16,0.68
432.58,0,0,0.119589,0.018441,0,0,3,16,0.68
432.68,0,0,0.144132,-0.0134612,0,0,3,16,0.68
432.78,0,0,0.201721,-0.055888,0,0,3,16,0.68
432.88,0,0,0.197452,-0.073352,0,0,3,16,0.64
432.98,0,0,0.151988,-0.0388039,0,0,3,16,0.64
433.08,0,0,0.130162,0.0208682,0,0,3,16,0.64
433.18,0,0,0.124063,0.0282649,0,0,3,16,0.64
433.28,0,0,0.15097,-0.0234098,0,0,3,16,0.64
433.38,0,0,0.199897,-0.0728017,0,0,3,16,0.64
433.48,0,0,0.18835,-0.065395,0,0,3,16,0.64
433.58,0,0,0.136581,-0.025742,0,0,3,16,0.64
433.68,0,0,0.139665,-0.00386147,0,0,3,16,0.64
433.78,0,0,0.179326,-0.0045073,0,0,3,16,0.64
433.88,0,0,0.186188,-0.0151879,0,0,3,16,0.64
433.98,0,0,0.171204,-0.0362523,0,0,3,16,0.64
434.08,0,0,0.161389,-0.0501102,0,0,3,16,0.64
434.18,0,0,0.155013,-0.0396321,0,0,3,16,0.64
434.28,0,0,0.130269,-0.0105841,0,0,3,16,0.64
434.38,0,0,0.0932861,0.00271286,0,0,3,16,0.64
434.48,0,0,0.103323,-0.0134686,0,0,3,16,0.64
434.58,0,0,0.144711,-0.0297034,0,0,3,16,0.64
434.68,0,0,0.164712,-0.0296014,0,0,3,16,0.64
434.78,0,0,0.170487,-0.0287608,0,0,3,16,0.64
434.88,0,0,0.160489,-0.0247445,0,0,3,16,0.64
434.98,0,0,0.139991,-0.014074,0,0,3,16,0.64
435.08,0,0,0.145461,-0.00658997,0,0,3,16,0.64
435.18,0,0,0.168228,-0.0109863,0,0,3,16,0.64
435.28,0,0,0.147557,-0.0235117,0,0,3,16,0.64
435.38,0,0,0.097894,-0.0327166,0,0,3,16,0.64
435.48,0,0,0.109868,-0.0278497,0,0,3,16,0.64
435.58,0,0,0.16301,-0.017682,0,0,3,16,0.64
435.68,0,0,0.165578,-0.0174627,0,0,3,16,0.64
435.78,0,0,0.134467,-0.0193597,0,0,3,16,0.64
435.88,0,0,0.14253,-0.0210119,0,0,3,16,0.64
435.98,0,0,0.17666,-0.0216177,0,0,3,16,0.64
436.08,0,0,0.176283,-0.027489,0,0,3,16,0.64
436.18,0,0,0.152913,-0.0470694,0,0,3,16,0.64
436.28,0,0,0.148399,-0.0565018,0,0,3,16,0.64
436.38,0,0,0.156471,-0.0358753,0,0,3,16,0.64
436.48,0,0,0.144501,-0.0223308,0,0,3,16,0.64
436.58,0,0,0.119168,-0.0377687,0,0,3,16,0.64
436.68,0,0,0.11737,-0.0660902,0,0,3,16,0.64
436.78,0,0,0.131244,-0.0906975,0,0,3,16,0.64
436.88,0,0,0.138627,-0.0895816,0,0,3,16,0.64
436.98,0,0,0.136173,-0.0742695,0,0,3,16,0.64
437.08,0,0,0.142814,-0.0600357,0,0,3,16,0.64
437.18,0,0,0.155507,-0.056569,0,0,3,16,0.64
437.28,0,0,0.169056,-0.0848524,0,0,3,16,0.64
437.38,0,0,0.183176,-0.127631,0,0,3,16,0.64
437.48,0,0,0.175379,-0.137754,0,0,3,16,0.64
437.58,0,0,0.152985,-0.109461,0,0,3,16,0.64
437.68,0,0,0.161958,-0.0623602,0,0,3,16,0.64
437.78,0,0,0.191827,-0.0377623,0,0,3,16,0.64
437.88,0,0,0.205445,-0.0629564,0,0,3,16,0.64
437.98,0,0,0.194403,-0.107318,0,0,3,16,0.64
438.08,0,0,0.206216,-0.131476,0,0,3,16,0.64
438.18,0,0,0.233217,-0.10546,0,0,3,16,0.64
438.28,0,0,0.208869,-0.0564223,0,0,3,16,0.64
438.38,0,0,0.150279,-0.0279621,0,0,3,16,0.64
438.48,0,0,0.155374,-0.0449565,0,0,3,16,0.64
438.58,0,0,0.202989,-0.0863333,0,0,3,16,0.64
438.68,0,0,0.208179,-0.122112,0,0,3,16,0.64
438.78,0,0,0.185101,-0.125074,0,0,3,16,0.64
438.88,0,0,0.178374,-0.0967946,0,0,3,16,0.64
438.98,0,0,0.196382,-0.0504971,0,0,3,16,0.64
439.08,0,0,0.173005,-0.029914,0,0,3,16,0.64
439.18,0,0,0.122085,-0.0642331,0,0,3,16,0.64
439.28,0,0,0.130109,-0.0965156,0,0,3,16,0.64
439.38,0,0,0.177449,-0.0934965,0,0,3,16,0.64
439.48,0,0,0.191746,-0.0829644,0,0,3,16,0.64
439.58,0,0,0.184044,-0.0794105,0,0,3,16,0.64
439.68,0,0,0.168038,-0.0697419,0,0,3,16,0.64
439.78,0,0,0.146508,-0.0623195,0,0,3,16,0.64
439.88,0,0,0.141601,-0.0712796,0,0,3,16,0.64
439.98,0,0,0.147763,-0.102588,0,0,3,16,0.64
440.08,0,0,0.166927,-0.117628,0,0,3,16,0.64
440.18,0,0,0.205801,-0.0968606,0,0,3,16,0.64
440.28,0,0,0.198257,-0.0707587,0,0,3,16,0.64
440.38,0,0,0.159672,-0.0699385,0,0,3,16,0.64
440.48,0,0,0.156187,-0.0874231,0,0,3,16,0.64
440.58,0,0,0.176027,-0.0936247,0,0,3,16,0.64
440.68,0,0,0.1773,-0.0977265,0,0,3,17,0.64
440.78,0,0,0.150493,-0.0993971,0,0,3,17,0.64
440.88,0,0,0.144748,-0.0756671,0,0,3,17,0.62
440.98,0,0,0.153011,-0.0607134,0,0,3,17,0.62
441.08,0,0,0.161929,-0.0885163,0,0,3,17,0.62
441.18,0,0,0.171281,-0.110627,0,0,3,17,0.62
441.28,0,0,0.167287,-0.0862796,0,0,3,17,0.62
441.38,0,0,0.15438,-0.0563555,0,0,3,17,0.62
441.48,0,0,0.143661,-0.0590897,0,0,3,17,0.62
441.58,0,0,0.134401,-0.0778075,0,0,3,17,0.62
441.68,0,0,0.150587,-0.0852159,0,0,3,17,0.62
441.78,0,0,0.183728,-0.0796643,0,0,3,17,0.62
441.88,0,0,0.189083,-0.0597136,0,0,3,17,0.62
441.98,0,0,0.152476,-0.0342192,0,0,3,17,0.62
442.08,0,0,0.148268,-0.0248174,0,0,3,17,0.62
442.18,0,0,0.165553,-0.0380103,0,0,3,17,0.62
442.28,0,0,0.173436,-0.0589785,0,0,3,17,0.62
442.38,0,0,0.175051,-0.0622224,0,0,3,17,0.62
442.48,0,0,0.172803,-0.0446089,0,0,3,17,0.62
442.58,0,0,0.167988,-0.0332083,0,0,3,17,0.62
442.68,0,0,0.16418,-0.0339757,0,0,3,17,0.62
442.78,0,0,0.161042,-0.0308868,0,0,3,17,0.62
442.88,0,0,0.154763,-0.0319841,0,0,3,17,0.62
442.98,0,0,0.143741,-0.0485668,0,0,3,17,0.62
443.08,0,0,0.142487,-0.063896,0,0,3,17,0.62
443.18,0,0,0.147714,-0.03758,0,0,3,17,0.62
443.28,0,0,0.136292,0.00173378,0,0,3,17,0.62
443.38,0,0,0.113788,0.000797335,0,0,3,17,0.62
443.48,0,0,0.148032,-0.0337632,0,0,3,16,0.62
443.58,0,0,0.219948,-0.0557911,0,0,3,16,0.62
443.68,0,0,0.203932,-0.0366549,0,0,3,17,0.62
443.78,0,0,0.129507,0.00407465,0,0,3,17,0.62
443.88,0,0,0.116195,0.0193159,0,0,3,16,0.64
443.98,0,0,0.143561,0.00245856,0,0,3,16,0.64
444.08,0,0,0.160923,-0.0177509,0,0,3,16,0.64
444.18,0,0,0.163161,-0.0258381,0,0,3,16,0.64
444.28,0,0,0.157103,-0.0279861,0,0,3,16,0.64
444.38,0,0,0.145531,-0.0106208,0,0,3,16,0.64
444.48,0,0,0.142127,0.0289112,0,0,3,16,0.64
444.58,0,0,0.144151,0.0374752,0,0,3,16,0.64
444.68,0,0,0.164626,0.00495714,0,0,3,16,0.64
444.78,0,0,0.197351,-0.0164931,0,0,3,16,0.64
444.88,0,0,0.19054,-0.00391326,0,0,3,16,0.64
444.98,0,0,0.157447,0.0102835,0,0,3,16,0.64
445.08,0,0,0.14821,0.0153694,0,0,3,16,0.64
445.18,0,0,0.17491,0.0327525,0,0,3,16,0.64
445.28,0,0,0.164638,0.0425577,0,0,3,16,0.64
445.38,0,0,0.129797,0.018514,0,0,3,16,0.64
445.48,0,0,0.119306,-0.00605014,0,0,3,16,0.64
445.58,0,0,0.145532,0.0117132,0,0,3,16,0.64
445.68,0,0,0.149238,0.0420219,0,0,3,16,0.64
445.78,0,0,0.118885,0.0478118,0,0,3,16,0.64
445.88,0,0,0.121825,0.0311388,0,0,3,16,0.64
445.98,0,0,0.146864,0.0143065,0,0,3,16,0.64
446.08,0,0,0.160048,0.0136872,0,0,3,16,0.64
446.18,0,0,0.155328,0.0251309,0,0,3,16,0.64
446.28,0,0,0.140975,0.0374591,0,0,3,16,0.64
446.38,0,0,0.120227,0.037216,0,0,3,16,0.64
446.48,0,0,0.129656,0.0275201,0,0,3,16,0.64
446.58,0,0,0.159128,0.0192251,0,0,3,16,0.64
446.68,0,0,0.153793,0.011537,0,0,3,16,0.64
446.78,0,0,0.125335,0.0207628,0,0,3,16,0.64
446.88,0,0,0.123822,0.0395258,0,0,3,16,0.64
446.98,0,0,0.162926,0.0322313,0,0,3,16,0.64
447.08,0,0,0.170245,0.0105448,0,0,3,16,0.64
447.18,0,0,0.129554,-0.000565001,0,0,3,16,0.64
447.28,0,0,0.138885,-0.000679777,0,0,3,16,0.64
447.38,0,0,0.181425,0.00506356,0,0,3,16,0.64
447.48,0,0,0.1875,0.0151556,0,0,3,16,0.64
447.58,0,0,0.1385,0.0304035,0,0,3,16,0.64
447.68,0,0,0.119324,0.0256427,0,0,3,16,0.64
447.78,0,0,0.145106,-0.00534412,0,0,3,16,0.64
447.88,0,0,0.159525,-0.0274971,0,0,3,16,0.64
447.98,0,0,0.156723,-0.00560091,0,0,3,16,0.64
448.08,0,0,0.144877,0.0269936,0,0,3,16,0.64
448.18,0,0,0.119394,0.030828,0,0,3,16,0.64
448.28,0,0,0.135575,-0.00476202,0,0,3,16,0.64
448.38,0,0,0.179423,-0.038645,0,0,3,16,0.64
448.48,0,0,0.180152,-0.0280988,0,0,3,16,0.64
448.58,0,0,0.152199,0.0040047,0,0,3,16,0.64
448.68,0,0,0.115413,0.0109784,0,0,3,16,0.64
448.78,0,0,0.0727531,-0.0010446,0,0,3,16,0.64
448.88,0,0,0.0558591,-0.0141148,0,0,3,16,0.64
448.98,0,0,0.144198,-0.0267297,0,0,3,16,0.64
449.08,0,0,0.189262,-0.0190577,0,0,3,16,0.64
449.18,0,0,0.168974,0.0018221,0,0,3,16,0.64
449.28,0,0,0.152898,0.00162076,0,0,3,16,0.64
449.38,0,0,0.139627,-0.0142259,0,0,3,16,0.64
449.48,0,0,0.12719,-0.0258836,0,0,3,16,0.64
449.58,0,0,0.116013,-0.0203365,0,0,3,16,0.64
449.68,0,0,0.110776,-0.0145196,0,0,3,16,0.64
449.78,0,0,0.11451,-0.00382674,0,0,3,16,0.64
449.88,0,0,0.116198,0.000785698,0,0,3,16,0.64
449.98,0,0,0.116528,-0.00763004,0,0,3,16,0.64
450.08,0,0,0.125584,-0.012903,0,0,3,16,0.64
450.18,0,0,0.147787,-0.0128475,0,0,3,16,0.64
450.28,0,0,0.150908,-0.00466655,0,0,3,16,0.64
450.38,0,0,0.12519,0.00413799,0,0,3,16,0.64
450.48,0,0,0.105484,9.67435e-06,0,0,3,16,0.64
450.58,0,0,0.089765,-0.0152767,0,0,3,16,0.64
450.68,0,0,0.098745,-0.0169248,0,0,3,16,0.64
450.78,0,0,0.124151,0.00509231,0,0,3,16,0.64
450.88,0,0,0.126935,0.0165811,0,0,3,16,0.64
450.98,0,0,0.095505,0.00146057,0,0,3,16,0.64
451.08,0,0,0.0899064,-0.0114882,0,0,3,16,0.64
451.18,0,0,0.123248,0.00532848,0,0,3,16,0.64
451.28,0,0,0.113601,0.0252527,0,0,3,16,0.64
451.38,0,0,0.0753778,0.0179215,0,0,3,16,0.64
451.48,0,0,0.0812941,0.000202121,0,0,3,16,0.64
451.58,0,0,0.15379,-0.00369941,0,0,3,16,0.64
451.68,0,0,0.195057,0.00933154,0,0,3,16,0.64
451.78,0,0,0.189106,0.0298387,0,0,3,16,0.64
451.88,0,0,0.161684,0.0380313,0,0,3,16,0.64
451.98,0,0,0.101846,0.0221606,0,0,3,16,0.64
452.08,0,0,0.0682768,0.00150048,0,0,3,16,0.64
452.18,0,0,0.074351,-3.17753e-05,0,0,3,16,0.64
452.28,0,0,0.0952835,0.0162174,0,0,3,16,0.64
452.38,0,0,0.138671,0.0272702,0,0,3,16,0.64
452.48,0,0,0.145025,0.0269955,0,0,3,16,0.64
452.58,0,0,0.0955378,0.0314393,0,0,3,16,0.64
452.68,0,0,0.0939548,0.0300974,0,0,3,16,0.64
452.78,0,0,0.124149,-0.000238599,0,0,3,16,0.64
452.88,0,0,0.145956,-0.0208947,0,0,3,16,0.64
452.98,0,0,0.162185,0.0071973,0,0,3,16,0.64
453.08,0,0,0.154668,0.0487505,0,0,3,16,0.64
453.18,0,0,0.111327,0.0506635,0,0,3,16,0.64
453.28,0,0,0.0831753,0.00719657,0,0,3,16,0.64
453.38,0,0,0.0780003,-0.0218973,0,0,3,16,0.64
453.48,0,0,0.0885984,-0.00736963,0,0,3,16,0.64
453.58,0,0,0.123022,0.0267094,0,0,3,16,0.64
453.68,0,0,0.139694,0.0443164,0,0,3,16,0.64
453.78,0,0,0.129476,0.0331174,0,0,3,16,0.64
453.88,0,0,0.126439,0.0106117,0,0,3,16,0.64
453.98,0,0,0.134248,0.00119628,0,0,3,16,0.64
454.08,0,0,0.124334,0.00650743,0,0,3,16,0.64
454.18,0,0,0.10267,0.0179662,0,0,3,16,0.64
454.28,0,0,0.0960842,0.0268911,0,0,3,16,0.64
454.38,0,0,0.112238,0.0256241,0,0,3,16,0.64
454.48,0,0,0.121057,0.0195271,0,0,3,16,0.64
454.58,0,0,0.125011,0.0182134,0,0,3,16,0.64
454.68,0,0,0.128568,0.0183148,0,0,3,16,0.64
454.78,0,0,0.131862,0.0146764,0,0,3,16,0.64
454.88,0,0,0.127203,0.0154083,0,0,3,16,0.64
454.98,0,0,0.110533,0.0309266,0,0,3,16,0.64
455.08,0,0,0.103996,0.0387158,0,0,3,16,0.64
455.18,0,0,0.11278,0.0173047,0,0,3,16,0.64
455.28,0,0,0.112434,-0.00426232,0,0,3,16,0.64
455.38,0,0,0.106029,0.00636899,0,0,3,16,0.64
455.48,0,0,0.102623,0.0334897,0,0,3,16,0.64
455.58,0,0,0.101211,0.0421604,0,0,3,16,0.64
455.68,0,0,0.118643,0.0178208,0,0,3,16,0.64
455.78,0,0,0.14859,-0.0214321,0,0,3,16,0.64
455.88,0,0,0.138008,-0.0328194,0,0,3,16,0.64
455.98,0,0,0.100469,0.00117606,0,0,3,16,0.64
456.08,0,0,0.0895943,0.0389106,0,0,3,16,0.64
456.18,0,0,0.11893,0.0306436,0,0,3,16,0.64
456.28,0,0,0.130968,-0.00422078,0,0,3,16,0.64
456.38,0,0,0.1315,-0.0194598,0,0,3,16,0.64
456.48,0,0,0.107067,0.000746663,0,0,3,16,0.64
456.58,0,0,0.0660466,0.022534,0,0,3,16,0.64
456.68,0,0,0.0788866,0.0124668,0,0,3,16,0.64
456.78,0,0,0.127486,0.00352153,0,0,3,16,0.64
456.88,0,0,0.142788,0.0118748,0,0,3,15,0.68
456.98,0,0,0.107813,0.0185616,0,0,3,15,0.68
457.08,0,0,0.0877163,0.0164488,0,0,3,15,0.68
457.18,0,0,0.0901079,0.0077044,0,0,3,15,0.68
457.28,0,0,0.0993993,0.00803662,0,0,3,15,0.68
457.38,0,0,0.119129,0.0213972,0,0,3,15,0.68
457.48,0,0,0.128084,0.0297441,0,0,3,15,0.68
457.58,0,0,0.129881,0.0246405,0,0,3,15,0.68
457.68,0,0,0.126415,0.0114981,0,0,3,15,0.68
457.78,0,0,0.119452,0.00289898,0,0,3,15,0.68
457.88,0,0,0.103039,0.00679512,0,0,3,15,0.68
457.98,0,0,0.0803538,0.020362,0,0,3,15,0.68
458.08,0,0,0.0862981,0.0256135,0,0,3,15,0.68
458.18,0,0,0.13546,0.017808,0,0,3,15,0.68
458.28,0,0,0.12898,0.0130039,0,0,3,15,0.68
458.38,0,0,0.0855455,0.0192726,0,0,3,15,0.68
458.48,0,0,0.0808769,0.0206283,0,0,3,15,0.68
458.58,0,0,0.134754,0.0123141,0,0,3,15,0.68
458.68,0,0,0.144816,0.0207474,0,0,3,15,0.68
458.78,0,0,0.125741,0.0404517,0,0,3,15,0.68
458.88,0,0,0.113721,0.0479303,0,0,3,15,0.68
458.98,0,0,0.106388,0.0338674,0,0,3,15,0.68
459.08,0,0,0.101907,0.0209054,0,0,3,15,0.68
459.18,0,0,0.101724,0.0284231,0,0,3,15,0.68
459.28,0,0,0.121126,0.044413,0,0,3,15,0.68
459.38,0,0,0.153535,0.0406286,0,0,3,15,0.68
459.48,0,0,0.157572,0.0336792,0,0,3,15,0.68
459.58,0,0,0.142736,0.0415385,0,0,3,15,0.68
459.68,0,0,0.126897,0.041673,0,0,3,15,0.68
459.78,0,0,0.109542,0.0342681,0,0,3,15,0.68
459.88,0,0,0.12709,0.028671,0,0,3,15,0.68
459.98,0,0,0.167766,0.0188372,0,0,3,15,0.68
460.08,0,0,0.178144,0.0209211,0,0,3,15,0.68
460.18,0,0,0.168376,0.0364394,0,0,3,15,0.68
460.28,0,0,0.140173,0.0475052,0,0,3,15,0.68
460.38,0,0,0.0996778,0.0594173,0,0,3,15,0.68
460.48,0,0,0.103617,0.0457396,0,0,3,15,0.68
460.58,0,0,0.137049,0.0274693,0,0,3,15,0.68
460.68,0,0,0.143555,0.0293129,0,0,3,15,0.68
460.78,0,0,0.132123,0.0397795,0,0,3,15,0.68
460.88,0,0,0.133626,0.0615035,0,0,3,15,0.68
460.98,0,0,0.154592,0.0747454,0,0,3,15,0.68
461.08,0,0,0.157908,0.0623336,0,0,3,15,0.68
461.18,0,0,0.134516,0.0372789,0,0,3,15,0.68
461.28,0,0,0.130052,0.00606461,0,0,3,15,0.68
461.38,0,0,0.154181,0.00796177,0,0,3,15,0.68
461.48,0,0,0.169071,0.0503067,0,0,3,15,0.68
461.58,0,0,0.177829,0.0726694,0,0,3,15,0.68
461.68,0,0,0.166767,0.0529414,0,0,3,15,0.68
461.78,0,0,0.125768,0.022414,0,0,3,15,0.68
461.88,0,0,0.112094,0.0132304,0,0,3,15,0.68
461.98,0,0,0.139615,0.0288823,0,0,3,15,0.68
462.08,0,0,0.139353,0.0338608,0,0,3,15,0.68
462.18,0,0,0.120675,0.0351249,0,0,3,15,0.68
462.28,0,0,0.118741,0.0361045,0,0,3,15,0.68
462.38,0,0,0.127937,0.0238987,0,0,3,15,0.68
462.48,0,0,0.122242,0.0208019,0,0,3,15,0.68
462.58,0,0,0.106648,0.0321519,0,0,3,15,0.68
462.68,0,0,0.107419,0.0316755,0,0,3,15,0.68
462.78,0,0,0.119061,0.0172388,0,0,3,15,0.68
