time_s,throttle_norm,rudder_norm,speed_mps,yaw_rate_rps,segment,mode_num,gps_status,nsats,hdop
0.07991,0,0,0.158263,-0.0643986,0,0,3,18,0.6
0.17991,0,0,0.162403,-0.0776588,0,0,3,18,0.6
0.27991,0,0,0.164511,-0.0802919,0,0,3,18,0.6
0.37991,0,0,0.158548,-0.060591,0,0,3,18,0.6
0.47991,0,0,0.150615,-0.0359439,0,0,3,18,0.6
0.57991,0,0,0.134645,-0.0459086,0,0,3,18,0.6
0.67991,0,0,0.128917,-0.0730559,0,0,3,18,0.6
0.77991,0,0,0.164823,-0.0785064,0,0,3,18,0.6
0.87991,0,0,0.187584,-0.0735946,0,0,3,18,0.6
0.97991,0,0,0.156868,-0.0618022,0,0,3,18,0.6
1.07991,0,0,0.132918,-0.0494639,0,0,3,18,0.6
1.17991,0,0,0.136581,-0.05004,0,0,3,18,0.6
1.27991,0,0,0.139586,-0.0575333,0,0,3,18,0.6
1.37991,0,0,0.139919,-0.0727637,0,0,3,18,0.6
1.47991,0,0,0.145287,-0.0761547,0,0,3,18,0.6
1.57991,0,0.00989892,0.17121,-0.0613524,0,1,3,18,0.6
1.67991,0,0.00999998,0.182982,-0.0536295,0,1,3,18,0.6
1.77991,0,0.00752581,0.137101,-0.0564189,0,1,3,18,0.6
1.87991,0,0.00999836,0.109704,-0.0588605,0,1,3,18,0.6
1.97991,0,0.0124703,0.157791,-0.0659367,0,1,3,18,0.6
2.07991,0,0.015,0.191584,-0.0776034,0,1,3,18,0.6
2.17991,0,0.015,0.166996,-0.0733157,0,1,3,18,0.6
2.27991,0,0.0100036,0.142616,-0.0534675,0,1,3,18,0.6
2.37991,0,0.00505713,0.11908,-0.0436806,0,1,3,18,0.6
2.47991,0,0.00999591,0.107748,-0.0554966,0,1,3,18,0.6
2.57991,0,0.0124748,0.146307,-0.0533493,0,1,3,18,0.6
2.67991,0,0.0100013,0.167816,-0.0405283,0,1,3,18,0.6
2.77991,0,0.00752513,0.120069,-0.0519464,0,1,3,18,0.6
2.87991,0,0.0075,0.0866989,-0.0667051,0,1,3,18,0.6
2.97991,0,0.0124451,0.111815,-0.0502575,0,1,3,18,0.6
3.07991,0,0.00750197,0.131547,-0.0182604,0,1,3,18,0.6
3.17991,0,0.00502633,0.129217,-0.0146258,0,1,3,18,0.6
3.27991,0,0.00250035,0.122467,-0.0372146,0,1,3,18,0.6
3.37991,0,0.00744877,0.0977173,-0.0535159,0,1,3,18,0.6
3.47991,0,0.00999919,0.0812599,-0.0495226,0,1,3,18,0.6
3.57991,0,0.00752601,0.0987447,-0.0278593,0,1,3,18,0.6
3.67991,0,0.00249955,0.109588,-0.00892638,0,1,3,18,0.6
3.77991,0,2.49745e-07,0.110374,-0.0204673,0,1,3,18,0.6
3.87991,0,0.00499515,0.114857,-0.0423745,0,1,3,18,0.6
3.97991,0,0.00747082,0.13439,-0.0364872,0,1,3,18,0.6
4.07991,0,0.00500243,0.143573,-0.017282,0,1,3,18,0.6
4.17991,0,0.00252781,0.110445,-0.0278993,0,1,3,18,0.6
4.27991,0,0.00749636,0.0880295,-0.0452855,0,1,3,18,0.6
4.37991,0,0.0075,0.109113,-0.0216903,0,1,3,18,0.6
4.47991,0,0.00250015,0.122613,0.00049159,0,1,3,18,0.6
4.57991,0.0965021,0.0025,0.105122,-0.0272014,0,1,3,18,0.6
4.67991,0.117493,0.00499909,0.0948836,-0.0541197,0,1,3,18,0.6
4.77991,0.157075,0.00747345,0.11415,-0.0329618,0,1,3,18,0.6
4.87991,0.199988,0.00250141,0.131914,0.00343435,0,1,3,18,0.6
4.97991,0.219768,2.89442e-05,0.143562,0.0278524,0,1,3,18,0.6
5.07991,0.259992,-0.00499894,0.179894,0.025626,0,1,3,18,0.6
5.17991,0.302497,-0.005,0.253531,0.0236032,0,1,3,18,0.6
5.27991,0.322512,-0.00250092,0.382073,0.0351516,0,1,3,18,0.6
5.37991,0.354994,-0.00499958,0.593656,0.0630741,0,1,3,18,0.6
5.47991,0.402475,-0.0149947,0.804218,0.100724,0,1,3,18,0.6
5.57991,0.382504,-0.0249981,1.01324,0.133283,0,1,3,18,0.6
5.67991,0.362504,-0.0225005,1.20316,0.101223,0,1,3,18,0.6
5.77991,0.322504,-0.0150008,1.36423,0.0904972,0,1,3,18,0.6
5.87991,0.279998,-0.0175003,1.46905,0.110604,0,1,3,18,0.6
5.97991,0.260025,-0.0199969,1.4889,0.109879,0,1,3,18,0.6
6.07991,0.220045,-0.057458,1.51094,0.0958567,0,1,3,18,0.6
6.17991,0.180027,-0.0550017,1.53632,0.077495,0,1,3,18,0.6
6.27991,0.157514,-0.055,1.50545,0.0681437,0,1,3,18,0.6
6.37991,0.150002,-0.094992,1.38917,0.0757394,0,1,3,18,0.6
6.47991,0.189987,-0.182471,1.29689,0.0464828,0,1,3,18,0.6
6.57991,0.227476,-0.237465,1.24097,0.00610335,0,1,3,18,0.6
6.67991,0.247489,-0.257489,1.21323,-0.0159161,0,1,3,18,0.6
6.77991,0.242504,-0.262496,1.22823,-0.034726,0,1,3,18,0.6
6.87991,0.225008,-0.279992,1.24437,-0.0426125,0,1,3,18,0.6
6.97991,0.205029,-0.302467,1.26223,-0.0764743,0,1,3,18,0.6
7.07991,0.187521,-0.319979,1.27262,-0.135607,0,1,3,18,0.6
7.17991,0.192495,-0.349971,1.27166,-0.179673,0,1,3,18,0.6
7.27991,0.202488,-0.419915,1.27716,-0.183683,0,1,3,18,0.6
7.37991,0.207442,-0.424942,1.30914,-0.208383,0,1,3,18,0.6
7.47991,0.2075,-0.422503,1.33368,-0.211566,0,1,3,18,0.6
7.57991,0.2075,-0.313706,1.3278,-0.21215,0,1,3,18,0.6
7.67991,0.205003,-0.0703281,1.32564,-0.177821,0,1,3,18,0.6
7.77991,0.20747,-0.0329504,1.33866,-0.113846,0,1,3,18,0.6
7.87991,0.2075,-0.0225045,1.34563,-0.0445106,0,1,3,18,0.6
7.97991,0.205003,-0.132385,1.34346,-0.0239876,0,1,3,18,0.6
8.07991,0.207496,-0.169937,1.33237,-0.0368039,0,1,3,18,0.6
8.17991,0.2075,-0.21447,1.28464,-0.0462903,0,1,3,18,0.6
8.27991,0.205002,-0.329901,1.25459,-0.0440667,0,1,3,18,0.6
8.37991,0.205,-0.39428,1.29707,-0.0659415,0,1,3,18,0.6
8.47991,0.205,-0.399998,1.32757,-0.121003,0,1,3,18,0.6
8.57991,0.200004,-0.434972,1.3399,-0.15712,0,1,3,18,0.6
8.67991,0.190013,-0.474948,1.35343,-0.194959,0,1,3,18,0.6
8.77991,0.197409,-0.504637,1.37183,-0.252617,0,1,3,18,0.6
8.87991,0.202496,-0.587427,1.37512,-0.270843,0,1,3,18,0.6
8.97991,0.209907,-0.609722,1.31643,-0.304149,0,1,3,18,0.6
9.07991,0.21,-0.607503,1.28894,-0.367486,0,1,3,18,0.6
9.17991,0.21,-0.600007,1.30885,-0.3824,0,1,3,18,0.6
9.27991,0.21,-0.60749,1.33298,-0.353401,0,1,3,18,0.6
9.37991,0.214944,-0.614915,1.37439,-0.37854,0,1,3,18,0.6
9.47991,0.217498,-0.632486,1.39828,-0.383971,0,1,3,18,0.6
9.57991,0.212557,-0.676984,1.35035,-0.399306,0,1,3,18,0.6
9.67991,0.207507,-0.684989,1.31621,-0.400918,0,1,3,18,0.6
9.77991,0.212441,-0.694882,1.3385,-0.376762,0,1,3,18,0.6
9.87991,0.219994,-0.702494,1.35747,-0.382933,0,1,3,18,0.6
9.97991,0.22,-0.709909,1.36291,-0.395299,0,1,3,18,0.6
10.0799,0.22,-0.714992,1.36076,-0.416549,0,1,3,18,0.6
10.1799,0.22247,-0.72241,1.32756,-0.424144,0,1,3,18,0.6
10.2799,0.224998,-0.737487,1.31089,-0.445275,0,1,3,18,0.6
10.3799,0.225,-0.739999,1.31925,-0.437925,0,1,3,18,0.6
10.4799,0.227498,-0.744996,1.32593,-0.42556,0,1,3,18,0.6
10.5799,0.225002,-0.737507,1.33003,-0.414613,0,1,3,18,0.6
10.6799,0.225,-0.735004,1.33581,-0.446441,0,1,3,18,0.6
10.7799,0.225,-0.735,1.34843,-0.460029,0,1,3,18,0.6
10.8799,0.225,-0.769983,1.34376,-0.489125,0,1,3,18,0.6
10.9799,0.212515,-0.797467,1.3129,-0.485872,0,1,3,18,0.6
11.0799,0.215,-0.807498,1.30311,-0.456402,0,1,3,18,0.6
11.1799,0.219998,-0.809999,1.32519,-0.474653,0,1,3,18,0.6
11.2799,0.227495,-0.82499,1.34396,-0.412064,0,1,3,18,0.6
11.3799,0.2275,-0.829943,1.34913,-0.463945,0,1,3,18,0.6
11.4799,0.212504,-0.83,1.33702,-0.484907,0,1,3,18,0.6
11.5799,0.219996,-0.844993,1.29863,-0.502233,0,1,3,18,0.6
11.6799,0.222498,-0.845,1.27961,-0.49666,0,1,3,18,0.6
11.7799,0.2225,-0.849996,1.28993,-0.492688,0,1,3,18,0.6
11.8799,0.205008,-0.897477,1.29491,-0.487695,0,1,3,17,0.6
11.9799,0.209993,-0.909981,1.2918,-0.53447,0,1,3,17,0.6
12.0799,0.214994,-0.932472,1.28364,-0.487499,0,1,3,18,0.6
12.1799,0.200181,-0.942379,1.25474,-0.528167,0,1,3,18,0.6
12.2799,0.197501,-0.900011,1.24781,-0.515468,0,1,3,18,0.6
12.3799,0.177505,-0.865009,1.27416,-0.531624,0,1,3,18,0.6
12.4799,0.167505,-0.860003,1.25477,-0.52038,0,1,3,18,0.6
12.5799,0.160006,-0.86,1.16629,-0.50913,0,1,3,18,0.6
12.6799,0.112529,-0.587669,1.0832,-0.501887,0,1,3,18,0.6
12.7799,0.0927273,-0.313154,1.02215,-0.482484,0,1,3,18,0.6
12.8799,-0.12734,0.0747198,0.95281,-0.428164,0,1,3,18,0.6
12.9799,-0.184268,0.0725318,0.849602,-0.349799,0,1,3,18,0.6
13.0799,-0.199996,0.0675012,0.773694,-0.270382,0,1,3,18,0.6
13.1799,-0.247472,0.052509,0.739276,-0.270435,0,1,3,18,0.6
13.2799,-0.297459,0.0525,0.696274,-0.247773,0,1,3,18,0.6
13.3799,-0.319982,0.042508,0.640255,-0.206893,0,1,3,18,0.6
13.4799,-0.317503,0.0400027,0.611626,-0.190967,0,1,3,18,0.6
13.5799,-0.310008,0.0375025,0.624497,-0.144914,0,1,3,18,0.6
13.6799,-0.297509,0.0250091,0.608856,-0.128597,0,1,3,18,0.6
13.7799,-0.29,0.0275,0.550057,-0.133348,0,1,3,18,0.6
13.8799,-0.285007,0.0250035,0.512555,-0.131823,0,1,3,18,0.6
13.9799,-0.277514,0.0274955,0.507323,-0.12669,0,1,3,18,0.6
14.0799,-0.267509,0.0225044,0.482523,-0.104656,0,1,3,18,0.6
14.1799,-0.2675,0.0225,0.42802,-0.12672,0,1,3,18,0.6
14.2799,-0.262501,0.0274986,0.397141,-0.130377,0,1,3,18,0.6
14.3799,-0.257502,0.0225019,0.402014,-0.121489,0,1,3,18,0.6
14.4799,-0.255002,0.0225,0.388719,-0.136734,0,1,3,18,0.6
14.5799,-0.252502,0.027497,0.347892,-0.150309,0,1,3,18,0.6
14.6799,-0.250003,0.0299975,0.306094,-0.148643,0,1,3,18,0.6
14.7799,-0.245058,0.0275289,0.260328,-0.13089,0,1,3,18,0.6
14.8799,-0.240005,0.0250026,0.2398,-0.120295,0,1,3,18,0.6
14.9799,-0.227515,0.025,0.257478,-0.128584,0,1,3,18,0.6
15.0799,-0.220005,0.025,0.261991,-0.125302,0,1,3,18,0.6
15.1799,-0.215004,0.0225019,0.24655,-0.109454,0,1,3,18,0.6
15.2799,-0.207506,0.0225,0.237233,-0.119303,0,1,3,18,0.6
15.3799,-0.200006,0.024998,0.237203,-0.128797,0,1,3,18,0.6
15.4799,-0.197504,0.025,0.217444,-0.137293,0,1,3,18,0.6
15.5799,-0.170012,0.0274989,0.167794,-0.152461,0,1,3,18,0.6
15.6799,-0.115029,0.0275,0.138569,-0.142252,0,1,3,18,0.6
15.7799,-7.58894e-05,0.0225033,0.140237,-0.110627,0,1,3,18,0.6
15.8799,0,0.0200009,0.143502,-0.0844091,0,1,3,18,0.6
15.9799,0,0.0150048,0.149187,-0.0667371,0,1,3,18,0.6
16.0799,0,0.012501,0.161227,-0.0455135,0,1,3,18,0.6
16.1799,0,0.0100002,0.182886,-0.0659338,0,1,3,18,0.6
16.2799,0,0.014998,0.187003,-0.10082,0,1,3,18,0.6
16.3799,0,0.019996,0.164501,-0.11727,0,1,3,18,0.6
16.4799,0,0.02,0.150415,-0.116935,0,1,3,18,0.6
16.5799,0,0.0224978,0.149071,-0.128228,0,1,3,18,0.6
16.6799,0,0.0249969,0.144007,-0.12979,0,1,3,18,0.6
16.7799,0,0.0225301,0.123726,-0.099229,0,1,3,18,0.6
16.8799,0,0.0175043,0.123617,-0.0610345,0,1,3,18,0.6
16.9799,0,0.0125067,0.154074,-0.070327,0,1,3,18,0.6
17.0799,0,0.0199973,0.157283,-0.105687,0,1,3,18,0.6
17.1799,0,0.0224991,0.119163,-0.130436,0,1,3,18,0.6
17.2799,0,0.0249988,0.101064,-0.130876,0,1,3,18,0.6
17.3799,0,0.025,0.113252,-0.133957,0,1,3,18,0.6
17.4799,0,0.025,0.118477,-0.129785,0,1,3,18,0.6
17.5799,0,0.0225291,0.0952359,-0.118835,0,1,3,18,0.6
17.6799,0,0.0225,0.0785475,-0.124439,0,1,3,18,0.6
17.7799,0,0.0274438,0.0887347,-0.132839,0,1,3,18,0.6
17.8799,0,0.0299985,0.0856521,-0.137035,0,1,3,18,0.6
17.9799,0,0.0275024,0.0624469,-0.12552,0,1,3,18,0.6
18.0799,0,0.0200062,0.0641147,-0.115059,0,1,3,18,0.6
18.1799,0,0.02,0.103478,-0.115175,0,1,3,18,0.6
18.2799,0.124891,0.02,0.120414,-0.113385,0,1,3,16,0.6
18.3799,0.164955,0.0224972,0.103362,-0.129864,0,1,3,16,0.6
18.4799,0.184982,0.0274954,0.109972,-0.16217,0,1,3,16,0.6
18.5799,0.219993,0.0349986,0.152465,-0.140419,0,1,3,16,0.6
18.6799,0.267471,0.0200093,0.180249,-0.0802945,0,1,3,16,0.64
18.7799,0.302474,0.00501095,0.185828,-0.0132127,0,1,3,16,0.64
18.8799,0.322495,1.15058e-06,0.286437,0.00755179,0,1,3,16,0.64
18.9799,0.362462,0,0.530811,-0.0314005,0,1,3,16,0.64
19.0799,0.389982,0.00749512,0.756995,-0.0400027,0,1,3,16,0.64
19.1799,0.370008,0.00500103,0.955593,0.00372561,0,1,3,16,0.64
19.2799,0.327511,0.00250065,1.14742,-0.00336769,0,1,3,16,0.64
19.3799,0.287524,1.52447e-06,1.32899,-0.0112449,0,1,3,16,0.64
19.4799,0.267512,-0.00249855,1.44046,-0.0211546,0,1,3,16,0.64
19.5799,0.232534,-2.39909e-06,1.44565,-0.00305224,0,1,3,16,0.64
19.6799,0.192553,0.00249668,1.43865,-0.00407054,0,1,3,16,0.64
19.7799,0.152525,-0.00249685,1.41321,0.043893,0,1,3,16,0.64
19.8799,0.137517,-0.00499723,1.37254,0.0184879,0,1,3,17,0.64
19.9799,0.172065,-0.005,1.26959,0.0187587,0,1,3,17,0.64
20.0799,0.212461,-4.90687e-06,1.17898,0.0104623,0,1,3,17,0.64
20.1799,0.2125,-0.00749737,1.10716,0.0470294,0,1,3,17,0.64
20.2799,0.210001,-0.00999913,1.08226,0.0452109,0,1,3,17,0.64
20.3799,0.207501,-0.01,1.12837,0.0524707,0,1,3,17,0.64
20.4799,0.197503,-0.0124993,1.157,0.0507894,0,1,3,17,0.64
20.5799,0.190003,-0.00750175,1.15916,0.0245843,0,1,3,17,0.64
20.6799,0.19,-0.0075,1.15689,0.0438064,0,1,3,17,0.62
20.7799,0.19247,-0.0124401,1.13647,0.0170631,0,1,3,17,0.62
20.8799,0.194999,-0.0100008,1.13809,0.0590962,0,1,3,17,0.62
20.9799,0.192503,-0.012497,1.1731,0.0255403,0,1,3,17,0.62
21.0799,0.199994,-0.00750415,1.1883,-0.000374328,0,1,3,16,0.62
21.1799,0.207493,-0.00999783,1.17343,0.0379006,0,1,3,16,0.62
21.2799,0.195016,-0.0124967,1.16645,0.0333435,0,1,3,16,0.62
21.3799,0.185007,-0.0100017,1.17142,0.0345496,0,1,3,16,0.62
21.4799,0.182503,-0.01,1.17587,0.0239244,0,1,3,16,0.62
21.5799,0.187494,-0.0174916,1.17952,0.0214667,0,1,3,16,0.62
21.6799,0.192493,-0.0150035,1.17926,0.0383957,0,1,3,16,0.64
21.7799,0.197498,-0.019998,1.17308,0.0374646,0,1,3,16,0.64
21.8799,0.1975,-0.0100035,1.17209,0.00420504,0,1,3,16,0.64
21.9799,0.195002,-0.0149956,1.17898,0.0123651,0,1,3,16,0.64
22.0799,0.192501,-0.0125008,1.20002,-0.00489457,0,1,3,16,0.64
22.1799,0.1925,-0.0125,1.24253,0.00911546,0,1,3,16,0.64
22.2799,0.194998,-0.0125,1.26646,0.000447584,0,1,3,16,0.64
22.3799,0.195,-0.0125001,1.26231,0.0331581,0,1,3,16,0.64
22.4799,0.192501,-0.014999,1.25891,0.0143637,0,1,3,15,0.64
22.5799,0.1925,-0.0125034,1.25665,0.0110464,0,1,3,15,0.64
22.6799,0.194998,-0.0149977,1.26214,0.00964934,0,1,3,16,0.64
22.7799,0.185008,-0.015,1.27936,0.00776863,0,1,3,16,0.64
22.8799,0.185,-0.0125015,1.26814,-0.0033359,0,1,3,16,0.64
22.9799,0.19499,-0.0149975,1.21385,0.0116102,0,1,3,16,0.64
23.0799,0.195,-0.015,1.19843,0.000959991,0,1,3,17,0.64
23.1799,0.192502,-0.012502,1.24209,0.0015495,0,1,3,17,0.64
23.2799,0.190001,-0.0125,1.26369,0.00657804,0,1,3,16,0.64
23.3799,0.197496,-0.0149988,1.25186,0.00664562,0,1,3,16,0.64
23.4799,0.190006,-0.0100039,1.2464,-0.0222178,0,1,3,17,0.64
23.5799,0.194997,-0.0149966,1.25058,0.00721017,0,1,3,17,0.64
23.6799,0.192501,-0.0125012,1.25156,-0.032102,0,1,3,17,0.64
23.7799,0.194999,-0.00750275,1.24768,0.0140279,0,1,3,17,0.64
23.8799,0.195,-0.0149965,1.25374,0.00609454,0,1,3,17,0.64
23.9799,0.190004,-0.012502,1.27482,-0.01033,0,1,3,17,0.64
24.0799,0.187501,-0.0125,1.27117,0.00685076,0,1,3,17,0.64
24.1799,0.189998,-0.0149975,1.23,-0.0176414,0,1,3,17,0.64
24.2799,0.192498,-0.010005,1.20683,-0.0244349,0,1,3,17,0.64
24.3799,0.194998,-0.0124978,1.21089,0.0111126,0,1,3,17,0.64
24.4799,0.192502,-0.0125,1.2082,-0.0166667,0,1,3,17,0.64
24.5799,0.187506,-0.0075063,1.19525,-0.00328752,0,1,3,17,0.64
24.6799,0.185002,-0.0149929,1.1945,-0.00790909,0,1,3,17,0.62
24.7799,0.19,-0.015,1.21228,0.0190465,0,1,3,17,0.62
24.8799,0.187501,-0.0174991,1.2157,0.0255416,0,1,3,17,0.62
24.9799,0.1875,-0.0175,1.19733,0.0323182,0,1,3,17,0.62
25.0799,0.185002,-0.0175,1.19407,0.0167964,0,1,3,17,0.62
25.1799,0.189996,-0.019998,1.21365,0.0432158,0,1,3,17,0.62
25.2799,0.194998,-0.02,1.2107,0.0154658,0,1,3,17,0.62
25.3799,0.192501,-0.0175011,1.17368,0.0449398,0,1,3,17,0.62
25.4799,0.190002,-0.024993,1.16729,0.0276809,0,1,3,17,0.62
25.5799,0.1875,-0.0200006,1.20735,0.0236973,0,1,3,17,0.62
25.6799,0.185001,-0.0224985,1.24067,0.0285982,0,1,3,17,0.62
25.7799,0.180004,-0.0225,1.26377,0.0199584,0,1,3,17,0.62
25.8799,0.182498,-0.0200024,1.25138,0.0132318,0,1,3,17,0.62
25.9799,0.187493,-0.02,1.1852,0.00320523,0,1,3,17,0.62
26.0799,0.1875,-0.02,1.15626,0.0384356,0,1,3,17,0.62
26.1799,0.1875,-0.027493,1.18381,0.0268534,0,1,3,17,0.62
26.2799,0.197491,-0.0225046,1.19779,0.0166165,0,1,3,17,0.62
26.3799,0.192501,-0.0249995,1.19122,0.0414676,0,1,3,17,0.62
26.4799,0.1925,-0.0274959,1.19029,0.030085,0,1,3,17,0.62
26.5799,0.1925,-0.0250012,1.19791,0.0504669,0,1,3,17,0.62
26.6799,0.194998,-0.0324943,1.20263,0.0613017,0,1,3,17,0.62
26.7799,0.192529,-0.0325,1.19552,0.0437581,0,1,3,17,0.62
26.8799,0.190001,-0.0300014,1.19212,0.0445825,0,1,3,18,0.62
26.9799,0.194996,-0.0349962,1.19435,0.0572107,0,1,3,18,0.62
27.0799,0.199995,-0.0325025,1.19303,0.0420899,0,1,3,18,0.62
27.1799,0.197501,-0.0325,1.18631,0.0473739,0,1,3,18,0.62
27.2799,0.1975,-0.0325,1.19078,0.0243233,0,1,3,18,0.62
27.3799,0.1975,-0.034998,1.21219,0.0495714,0,1,3,18,0.62
27.4799,0.192506,-0.0325032,1.23085,0.00340871,0,1,3,18,0.62
27.5799,0.1925,-0.0300014,1.24535,0.0261757,0,1,3,18,0.62
27.6799,0.194998,-0.0324978,1.25965,0.0170027,0,1,3,17,0.62
27.7799,0.197497,-0.0325,1.27364,0.017095,0,1,3,17,0.62
27.8799,0.1975,-0.0325001,1.27527,0.0332266,0,1,3,16,0.62
27.9799,0.1975,-0.0374952,1.25812,0.0275916,0,1,3,16,0.62
28.0799,0.195004,-0.0300129,1.25459,-0.000951678,0,1,3,16,0.62
28.1799,0.197499,-0.032499,1.27175,0.0445569,0,1,3,16,0.62
28.2799,0.195,-0.0374995,1.26951,0.0138804,0,1,3,17,0.62
28.3799,0.192501,-0.0350014,1.23794,0.0316636,0,1,3,17,0.62
28.4799,0.194998,-0.0374982,1.22805,0.017102,0,1,3,18,0.62
28.5799,0.192502,-0.0350016,1.25097,0.0208998,0,1,3,18,0.62
28.6799,0.194999,-0.035,1.2579,0.00921169,0,1,3,18,0.6
28.7799,0.197499,-0.035,1.24061,0.0202002,0,1,3,18,0.6
28.8799,0.192503,-0.035,1.23322,0.0158348,0,1,3,17,0.6
28.9799,0.194996,-0.035,1.24083,0.0118112,0,1,3,17,0.6
29.0799,0.197497,-0.035,1.23768,0.00225958,0,1,3,17,0.6
29.1799,0.199999,-0.0374988,1.2182,0.0142437,0,1,3,17,0.6
29.2799,0.197502,-0.0375,1.20193,0.0211973,0,1,3,17,0.6
29.3799,0.1975,-0.0375,1.19052,0.0213261,0,1,3,17,0.6
29.4799,0.202494,-0.0449905,1.18038,0.0498503,0,1,3,17,0.6
29.5799,0.197503,-0.0425013,1.17217,0.0418923,0,1,3,17,0.6
29.6799,0.1975,-0.0425,1.18033,0.0613971,0,1,3,17,0.62
29.7799,0.190003,-0.0449989,1.21321,0.0327428,0,1,3,17,0.62
29.8799,0.1925,-0.045,1.22255,0.0448778,0,1,3,17,0.62
29.9799,0.1925,-0.0474969,1.19624,0.0450148,0,1,3,17,0.62
30.0799,0.194998,-0.0475,1.17987,0.0368996,0,1,3,17,0.62
30.1799,0.195,-0.0450001,1.17858,0.0263666,0,1,3,17,0.62
30.2799,0.192501,-0.047499,1.17582,0.0177178,0,1,3,17,0.62
30.3799,0.194996,-0.0425071,1.17084,-0.00354503,0,1,3,17,0.62
30.4799,0.195,-0.0425,1.18118,0.00614765,0,1,3,17,0.62
30.5799,0.190004,-0.0425,1.21482,0.00626818,0,1,3,17,0.62
30.6799,0.197495,-0.0400017,1.23054,-0.0233944,0,1,3,17,0.62
30.7799,0.199999,-0.04,1.21916,-0.00427717,0,1,3,17,0.62
30.8799,0.2,-0.04,1.21153,-0.0102137,0,1,3,18,0.62
30.9799,0.192512,-0.0375041,1.20958,-0.0160285,0,1,3,18,0.62
31.0799,0.190001,-0.0399991,1.2179,-0.0106591,0,1,3,18,0.62
31.1799,0.197497,-0.037501,1.24182,-0.023365,0,1,3,18,0.62
31.2799,0.1975,-0.039998,1.24824,-0.00618524,0,1,3,18,0.62
31.3799,0.1975,-0.04,1.22816,-0.0109207,0,1,3,18,0.62
31.4799,0.170011,-0.04,1.21223,0.00295614,0,1,3,18,0.62
31.5799,0.12752,-0.0449977,1.20258,0.00600979,0,1,3,18,0.62
31.6799,0.107508,-0.047499,1.16068,-0.022177,0,1,3,18,0.6
31.7799,-0.109965,-0.0450004,1.06998,-0.0356675,0,1,3,18,0.6
31.8799,-0.157483,-0.045,0.998134,-0.0443006,0,1,3,17,0.6
31.9799,-0.197439,-0.0350153,0.954864,-0.0741665,0,1,3,17,0.6
32.0799,-0.229967,-0.035,0.91295,-0.0499066,0,1,3,17,0.6
32.1799,-0.269969,-0.0374981,0.873097,-0.0816352,0,1,3,17,0.6
32.2799,-0.31746,-0.0300063,0.829084,-0.0749989,0,1,3,17,0.6
32.3799,-0.36745,-0.03,0.778773,-0.0654246,0,1,3,17,0.6
32.4799,-0.387479,-0.03,0.73762,-0.104957,0,1,3,17,0.6
32.5799,-0.385,-0.0175016,0.710344,-0.120902,0,1,3,17,0.6
32.6799,-0.382503,-0.0150031,0.692448,-0.107543,0,1,3,18,0.6
32.7799,-0.380029,-0.0100574,0.712854,-0.137567,0,1,3,18,0.6
32.8799,-0.377502,-0.00500379,0.705815,-0.163647,0,1,3,18,0.6
32.9799,-0.367511,-5.39822e-06,0.657284,-0.175559,0,1,3,18,0.6
33.0799,-0.365001,0.00749685,0.614621,-0.180393,0,1,3,18,0.6
33.1799,-0.365,0.00999895,0.58085,-0.184645,0,1,3,18,0.6
33.2799,-0.355009,0.0124979,0.549565,-0.171168,0,1,3,18,0.6
33.3799,-0.347501,0.0149995,0.522048,-0.164622,0,1,3,18,0.6
33.4799,-0.3475,0.0174986,0.502809,-0.184569,0,1,3,18,0.6
33.5799,-0.337508,0.0249943,0.496105,-0.189006,0,1,3,18,0.6
33.6799,-0.332505,0.0225025,0.472512,-0.151964,0,1,3,18,0.6
33.7799,-0.330002,0.0274951,0.423245,-0.181138,0,1,3,18,0.6
33.8799,-0.33,0.0349929,0.395267,-0.1906,0,1,3,18,0.6
33.9799,-0.325005,0.0374974,0.399493,-0.175625,0,1,3,18,0.6
34.0799,-0.325,0.0325052,0.39588,-0.185485,0,1,3,18,0.6
34.1799,-0.325,0.0349984,0.380384,-0.22531,0,1,3,18,0.6
34.2799,-0.317506,0.0449925,0.367928,-0.213282,0,1,3,18,0.6
34.3799,-0.310003,0.0375032,0.360079,-0.176051,0,1,3,18,0.6
34.4799,-0.307501,0.0325026,0.343212,-0.168476,0,1,3,18,0.6
34.5799,-0.297503,0.0325,0.312705,-0.195429,0,1,3,18,0.6
34.6799,-0.287508,0.0374961,0.283421,-0.195974,0,1,3,18,0.6
34.7799,-0.277615,0.0325575,0.259131,-0.167244,0,1,3,18,0.6
34.8799,-0.275001,0.0325,0.240875,-0.169601,0,1,3,17,0.6
34.9799,-0.270003,0.0349985,0.23176,-0.205571,0,1,3,17,0.6
35.0799,-0.267502,0.0424946,0.224937,-0.217409,0,1,3,17,0.6
35.1799,-0.269997,0.0425,0.22159,-0.20571,0,1,3,17,0.6
35.2799,-0.265005,0.0375048,0.210033,-0.197242,0,1,3,17,0.6
35.3799,-0.265,0.0399983,0.186031,-0.206356,0,1,3,17,0.6
35.4799,-0.260004,0.04,0.164072,-0.200871,0,1,3,17,0.6
35.5799,-0.245014,0.0375023,0.145207,-0.174723,0,1,3,17,0.6
35.6799,-0.187545,0.0300059,0.127924,-0.162661,0,1,3,17,0.62
35.7799,-0.147509,0.0324994,0.113035,-0.176098,0,1,3,17,0.62
35.8799,-0.125011,0.0349987,0.108083,-0.201831,0,1,3,17,0.62
35.9799,-0.000111208,0.0424933,0.118139,-0.223321,0,1,3,17,0.62
36.0799,0,0.0425,0.124386,-0.215476,0,1,3,17,0.62
36.1799,0,0.0400029,0.124869,-0.186394,0,1,3,17,0.62
36.2799,0,0.0350023,0.115854,-0.176403,0,1,3,17,0.62
36.3799,0,0.0325015,0.0924412,-0.171836,0,1,3,17,0.62
36.4799,0,0.0300008,0.0856616,-0.140396,0,1,3,17,0.62
36.5799,0,0.0250018,0.104075,-0.128756,0,1,3,17,0.62
36.6799,0,0.0299965,0.10957,-0.169622,0,1,3,18,0.6
36.7799,0,0.0399883,0.0954837,-0.230043,0,1,3,18,0.6
36.8799,0,0.0449974,0.0896324,-0.253681,0,1,3,18,0.6
36.9799,0,0.045,0.0962508,-0.218434,0,1,3,18,0.6
37.0799,0,0.0425041,0.0931157,-0.17982,0,1,3,18,0.6
37.1799,0,0.0350081,0.0751846,-0.154034,0,1,3,18,0.6
37.2799,0,0.030005,0.0761092,-0.172985,0,1,3,18,0.6
37.3799,0,0.0275006,0.10561,-0.205406,0,1,3,18,0.6
37.4799,0,0.037494,0.124577,-0.194906,0,1,3,18,0.6
37.5799,0,0.0375,0.127611,-0.155796,0,1,3,18,0.6
37.6799,0,0.0350002,0.133284,-0.157325,0,1,3,18,0.6
37.7799,0,0.032501,0.142947,-0.21824,0,1,3,18,0.6
37.8799,0,0.0424965,0.140738,-0.252077,0,1,3,18,0.6
37.9799,0,0.0375041,0.120593,-0.194882,0,1,3,18,0.6
38.0799,0,0.0300053,0.100502,-0.0973649,0,1,3,18,0.6
38.1799,0,0.0175075,0.0804947,-0.0563071,0,1,3,18,0.6
38.2799,0,0.0175,0.0753823,-0.114286,0,1,3,18,0.6
38.3799,0,0.0324865,0.092814,-0.216854,0,1,3,18,0.6
38.4799,0,0.0424949,0.103039,-0.251785,0,1,3,18,0.6
38.5799,0,0.0449982,0.102346,-0.199418,0,1,3,18,0.6
38.6799,0,0.0350117,0.0968694,-0.150976,0,1,3,18,0.6
38.7799,0,0.0325298,0.0719361,-0.15647,0,1,3,18,0.6
38.8799,0,0.0300027,0.0656886,-0.155801,0,1,3,18,0.6
38.9799,0,0.0225042,0.0877293,-0.162102,0,1,3,18,0.6
39.0799,0,0.0324903,0.106445,-0.181362,0,1,3,18,0.6
39.1799,0,0.0349997,0.120128,-0.160527,0,1,3,18,0.6
39.2799,0,0.0325009,0.12644,-0.136048,0,1,3,18,0.6
39.3799,0,0.0275032,0.121612,-0.148276,0,1,3,18,0.6
39.4799,0,0.029999,0.110419,-0.174004,0,1,3,18,0.6
39.5799,0,0.03,0.0895636,-0.17897,0,1,3,18,0.6
39.6799,0,0.0275016,0.0864074,-0.14447,0,1,3,18,0.6
39.7799,0,0.0200069,0.110068,-0.103523,0,1,3,18,0.6
39.8799,0,0.02,0.118505,-0.0921501,0,1,3,18,0.6
39.9799,0,0.0224968,0.10392,-0.114697,0,1,3,18,0.6
40.0799,0,0.0299933,0.100666,-0.145449,0,1,3,18,0.6
40.1799,0,0.03,0.114595,-0.164896,0,1,3,18,0.6
40.2799,0,0.03,0.118152,-0.147012,0,1,3,18,0.6
40.3799,0,0.0200009,0.106004,-0.108772,0,1,3,18,0.6
40.4799,0,0.0150014,0.0963676,-0.0803218,0,1,3,18,0.6
40.5799,0,0.0125013,0.0905436,-0.0824752,0,1,3,18,0.6
40.6799,0,0.0199926,0.0931049,-0.109856,0,1,3,18,0.6
40.7799,0,0.0249422,0.129872,-0.105912,0,1,3,18,0.6
40.8799,0,0.0200019,0.134101,-0.0697152,0,1,3,18,0.6
40.9799,0,0.0100078,0.0891254,-0.0804946,0,1,3,18,0.6
41.0799,0,0.0174953,0.0718452,-0.11082,0,1,3,18,0.6
41.1799,0,0.0224988,0.0966202,-0.105807,0,1,3,18,0.6
41.2799,0,0.0175031,0.120244,-0.0689449,0,1,3,18,0.6
41.3799,0,0.00500987,0.142123,-0.0378719,0,1,3,18,0.6
41.4799,0,0.00250242,0.134428,-0.0527269,0,1,3,18,0.6
41.5799,0,0.0099952,0.0817649,-0.077415,0,1,3,18,0.6
41.6799,0,0.0199922,0.0714847,-0.0887661,0,1,3,18,0.6
41.7799,0.1174,0.0224979,0.125421,-0.0884526,0,1,3,18,0.6
41.8799,0.137484,0.0175041,0.147478,-0.0728776,0,1,3,18,0.6
41.9799,0.179931,0.00751629,0.121215,-0.0607499,0,1,3,18,0.6
42.0799,0.219977,0.0075,0.13004,-0.0754059,0,1,3,18,0.6
42.1799,0.239992,0.00999895,0.19214,-0.0794827,0,1,3,18,0.6
42.2799,0.279978,0.0199944,0.279299,-0.0797931,0,1,3,18,0.6
42.3799,0.322496,0.0224997,0.404335,-0.0788207,0,1,3,18,0.6
42.4799,0.342488,0.0175029,0.573813,-0.0422966,0,1,3,18,0.6
42.5799,0.374972,0.00501075,0.810651,-0.00555674,0,1,3,18,0.6
42.6799,0.417469,-0.0024946,1.03346,0.0114928,0,1,3,18,0.6
42.7799,0.422498,-0.00499922,1.23504,0.0197666,0,1,3,18,0.6
42.8799,0.4225,-0.005,1.42903,0.0229393,0,1,3,18,0.6
42.9799,0.4225,-0.00250477,1.61152,0.0165194,0,1,3,18,0.6
43.0799,0.4225,-2.52727e-06,1.73534,0.0189606,0,1,3,18,0.6
43.1799,0.4225,0,1.76999,0.0120876,0,1,3,18,0.6
43.2799,0.4225,0,1.82401,0.0045846,0,1,3,18,0.6
43.3799,0.4225,0,1.90732,-0.00171611,0,1,3,18,0.6
43.4799,0.4225,0,1.97569,-0.0242965,0,1,3,18,0.6
43.5799,0.4225,0.002497,2.02142,-0.0455318,0,1,3,18,0.6
43.6799,0.4225,0.0025,2.0625,-0.0343244,0,1,3,17,0.6
43.7799,0.4225,2.8859e-05,2.08457,-0.0334588,0,1,3,17,0.6
43.8799,0.4225,0,2.09716,-0.0354334,0,1,3,17,0.6
43.9799,0.4225,0,2.09541,-0.0345911,0,1,3,17,0.6
44.0799,0.4225,0,2.11491,-0.0345996,0,1,3,18,0.6
44.1799,0.4225,0.0024985,2.16663,-0.030393,0,1,3,18,0.6
44.2799,0.4225,0.0025,2.19231,-0.0130986,0,1,3,18,0.6
44.3799,0.4225,0.0025,2.17855,0.00206996,0,1,3,18,0.6
44.4799,0.4225,2.37403e-06,2.1723,0.00763857,0,1,3,18,0.6
44.5799,0.4225,0,2.1774,0.0082093,0,1,3,18,0.6
44.6799,0.4225,0,2.18083,0.023728,0,1,3,18,0.6
44.7799,0.4225,0,2.1774,0.0325336,0,1,3,18,0.6
44.8799,0.4225,0,2.19169,0.0205651,0,1,3,18,0.6
44.9799,0.4225,0,2.23289,0.022207,0,1,3,18,0.6
45.0799,0.4225,0,2.24701,0.0263872,0,1,3,18,0.6
45.1799,0.4225,0,2.22004,-0.00192114,0,1,3,18,0.6
45.2799,0.4225,0,2.21326,0.00591253,0,1,3,18,0.6
45.3799,0.4225,0,2.23711,0.0214622,0,1,3,18,0.6
45.4799,0.4225,-0.00249785,2.26753,0.0720841,0,1,3,18,0.6
45.5799,0.4225,-0.00499822,2.30788,0.0927406,0,1,3,18,0.6
45.6799,0.4225,-0.00749867,2.34409,0.0711697,0,1,3,18,0.6
45.7799,0.4225,-0.0050015,2.374,0.0507125,0,1,3,18,0.6
45.8799,0.4225,-0.005,2.37442,0.0431512,0,1,3,18,0.6
45.9799,0.4225,-0.00749628,2.33018,0.0850794,0,1,3,18,0.6
46.0799,0.4225,-0.0124952,2.34821,0.119779,0,1,3,18,0.6
46.1799,0.4225,-0.0125,2.46067,0.114944,0,1,3,18,0.6
46.2799,0.4225,-0.0125,2.51953,0.103192,0,1,3,18,0.6
46.3799,0.4225,-0.0125,2.49709,0.0939387,0,1,3,18,0.6
46.4799,0.4225,-0.0125,2.49609,0.104713,0,1,3,18,0.6
46.5799,0.4225,-0.0149978,2.52758,0.131746,0,1,3,18,0.6
46.6799,0.4225,-0.0174968,2.55365,0.115127,0,1,3,18,0.6
46.7799,0.4225,-0.0150289,2.55745,0.0915929,0,1,3,18,0.6
46.8799,0.4225,-0.015,2.58417,0.0811814,0,1,3,18,0.6
46.9799,0.4225,-0.0174978,2.64573,0.098915,0,1,3,18,0.6
47.0799,0.4225,-0.0199993,2.68952,0.103733,0,1,3,18,0.6
47.1799,0.4225,-0.0175013,2.70642,0.0894433,0,1,3,18,0.6
47.2799,0.4225,-0.0175,2.72953,0.0849542,0,1,3,18,0.6
47.3799,0.4225,-0.0175,2.76207,0.0780871,0,1,3,18,0.6
47.4799,0.4225,-0.015003,2.80359,0.0833159,0,1,3,18,0.6
47.5799,0.4225,-0.017498,2.85873,0.100611,0,1,3,18,0.6
47.6799,0.4225,-0.0175,2.91027,0.0986421,0,1,3,18,0.6
47.7799,0.4225,-0.0175,2.94711,0.0874775,0,1,3,18,0.6
47.8799,0.4225,-0.0199982,3.00616,0.0620205,0,1,3,18,0.6
47.9799,0.4225,-0.022497,3.09896,0.0601352,0,1,3,18,0.6
48.0799,0.4225,-0.0200022,3.18879,0.0208925,0,1,3,18,0.6
48.1799,0.4225,-0.0150045,3.27413,-0.0107459,0,1,3,18,0.6
48.2799,0.4225,-0.0100017,3.35859,-0.00128122,0,1,3,18,0.6
48.3799,0.4225,-0.01,3.44173,-0.0105907,0,1,3,18,0.6
48.4799,0.4225,-0.01,3.53749,-0.00935605,0,1,3,18,0.6
48.5799,0.4225,-0.01,3.65235,0.0218541,0,1,3,18,0.6
48.6799,0.412505,-0.0124987,3.77538,0.0263768,0,1,3,18,0.6
48.7799,0.377532,-0.0125,3.91078,0.0290972,0,1,3,18,0.6
48.8799,0.360011,-0.0125,4.00525,-0.0016945,0,1,3,18,0.6
48.9799,0.320032,-0.010002,4.03763,-0.00413806,0,1,3,18,0.6
49.0799,0.280037,-0.00750232,4.06886,-0.0800208,0,1,3,18,0.6
49.1799,0.260016,-0.00500195,4.09834,-0.128984,0,1,3,18,0.6
49.2799,0.21754,-0.00250237,4.09939,-0.140766,0,1,3,18,0.6
49.3799,0.177542,-0.0025,4.05728,-0.122375,0,1,3,18,0.6
49.4799,0.157514,-0.0049982,3.95896,-0.0917074,0,1,3,18,0.6
49.5799,0.122529,-0.005,3.77547,-0.0761774,0,1,3,18,0.6
49.6799,-0.0997531,-0.005,3.58172,-0.0900263,0,1,3,18,0.6
49.7799,-0.147443,-0.002503,3.37243,-0.117122,0,1,3,18,0.6
49.8799,-0.172486,-0.0025,3.16194,-0.15894,0,1,3,18,0.6
49.9799,-0.212471,-1.79968e-06,2.94963,-0.210715,0,1,3,18,0.6
50.0799,-0.259964,0.0074943,2.75041,-0.274242,0,1,3,18,0.6
50.1799,-0.307455,0.0174906,2.571,-0.323922,0,1,3,18,0.6
50.2799,-0.332489,0.0199989,2.37285,-0.287508,0,1,3,18,0.6
50.3799,-0.37248,0.02,2.14636,-0.228335,0,1,3,18,0.6
50.4799,-0.419984,0.02,1.95698,-0.191358,0,1,3,18,0.6
50.5799,-0.467491,0.02,1.82394,-0.14801,0,1,3,18,0.6
50.6799,-0.492459,0.02,1.67802,-0.111379,0,1,3,18,0.6
50.7799,-0.49744,0.02,1.47943,-0.0852461,0,1,3,18,0.6
50.8799,-0.4975,0.0175026,1.30905,-0.0538951,0,1,3,18,0.6
50.9799,-0.4975,0.0150037,1.18152,-0.014695,0,1,3,18,0.6
51.0799,-0.4975,0.0100046,1.06455,0.0249099,0,1,3,18,0.6
51.1799,-0.465033,1.01989e-05,0.963623,0.0492072,0,1,3,18,0.6
51.2799,-0.432536,-0.00249725,0.869672,0.0719766,0,1,3,18,0.6
51.3799,-0.39006,-0.0149824,0.78629,0.112428,0,1,3,18,0.6
51.4799,-0.380009,-0.015,0.729348,0.0902292,0,1,3,18,0.6
51.5799,-0.377502,-0.015,0.71251,0.0787651,0,1,3,18,0.6
51.6799,-0.372504,-0.0100042,0.699159,0.0496396,0,1,3,18,0.6
51.7799,-0.370001,-0.00500185,0.691082,0.0265578,0,1,3,18,0.6
51.8799,-0.372499,-0.00250132,0.69331,0.00448234,0,1,3,18,0.6
51.9799,-0.374998,-2.42393e-06,0.711112,-0.0304127,0,1,3,18,0.6
52.0799,-0.379999,0.0049988,0.720408,-0.0422147,0,1,3,18,0.6
52.1799,-0.38,0.005,0.716777,-0.0308246,0,1,3,18,0.6
52.2799,-0.38,0.005,0.697575,-0.0321764,0,1,3,18,0.6
52.3799,-0.377502,0.00999515,0.654773,-0.0555706,0,1,3,18,0.6
52.4799,-0.375003,0.0124972,0.624982,-0.0572753,0,1,3,18,0.6
52.5799,-0.370004,0.0100018,0.614901,-0.0616821,0,1,3,18,0.6
52.6799,-0.36251,0.0124968,0.59043,-0.0618419,0,1,3,18,0.6
52.7799,-0.345017,0.0075048,0.54413,-0.014493,0,1,3,18,0.6
52.8799,-0.340001,0.002501,0.495694,0.0149758,0,1,3,18,0.6
52.9799,-0.327517,3.49581e-06,0.444019,-0.00722212,0,1,3,18,0.6
53.0799,-0.317507,0.00249832,0.405594,-0.0262422,0,1,3,18,0.6
53.1799,-0.3175,0.0025,0.387315,-0.0215172,0,1,3,18,0.6
53.2799,-0.319999,0.0025,0.373694,-0.020378,0,1,3,18,0.6
53.3799,-0.32,0.00499905,0.367118,-0.0254603,0,1,3,18,0.6
53.4799,-0.317502,0.00250197,0.357493,-0.015362,0,1,3,18,0.6
53.5799,-0.315003,0.0025,0.343253,-0.0219199,0,1,3,18,0.6
53.6799,-0.312502,0.0025,0.339162,-0.0351859,0,1,3,18,0.6
53.7799,-0.307502,0.0049989,0.35047,-0.0231401,0,1,3,18,0.6
53.8799,-0.302504,0.00250225,0.358924,-0.0171667,0,1,3,18,0.6
53.9799,-0.295011,0.0025,0.363061,-0.0223819,0,1,3,18,0.6
54.0799,-0.295,0.0025,0.344572,-0.0292179,0,1,3,18,0.6
54.1799,-0.290003,0.00499827,0.291659,-0.0316961,0,1,3,18,0.6
54.2799,-0.280012,0.00250302,0.263428,-0.0116043,0,1,3,18,0.6
54.3799,-0.262519,2.70035e-06,0.272561,0.010847,0,1,3,18,0.6
54.4799,-0.242522,0,0.243877,0.00117678,0,1,3,18,0.6
54.5799,-0.202566,0,0.15786,-0.0259456,0,1,3,18,0.6
54.6799,-0.155026,0.00249865,0.101849,-0.0332936,0,1,3,18,0.6
54.7799,-0.107506,0.0025,0.0913854,-0.0148276,0,1,3,18,0.6
54.8799,-2.47223e-05,0.0025,0.110624,-0.00442924,0,1,3,18,0.6
54.9799,0,0.0025,0.174755,-0.0097525,0,1,3,18,0.6
55.0799,0,0.0025,0.201069,-0.00591074,0,1,3,18,0.6
55.1799,0,1.59981e-06,0.169924,0.00461703,0,1,3,18,0.6
55.2799,0,0,0.148209,-0.00151631,0,1,3,18,0.6
55.3799,0,0,0.140783,-0.0155268,0,1,3,18,0.6
55.4799,0,0.0024975,0.144502,-0.00550067,0,1,3,18,0.6
55.5799,0,2.52497e-06,0.165085,0.0199364,0,1,3,18,0.6
55.6799,0,-0.0024983,0.174366,0.0277662,0,1,3,18,0.6
55.7799,0,-0.0025,0.166519,0.0065338,0,1,3,18,0.6
55.8799,0,-2.34941e-06,0.148866,-0.0175594,0,1,3,18,0.6
55.9799,0,0.00249673,0.116367,-0.00988064,0,1,3,18,0.6
56.0799,0,1.10096e-06,0.105765,0.0194068,0,1,3,18,0.6
56.1799,0,-0.00249833,0.12841,0.0329062,0,1,3,18,0.6
56.2799,0.0974512,-0.00499875,0.149679,0.0283174,0,1,3,18,0.6
56.3799,0.137475,0.174888,0.168869,0.0129532,0,1,3,18,0.6
56.4799,0.157475,0.452148,0.176132,-0.0116172,0,1,3,18,0.6
56.5799,0.192483,0.812327,0.165354,-0.0210839,0,1,3,18,0.6
56.6799,0.23246,0.999814,0.174034,0.0189844,0,1,3,18,0.6
56.7799,0.27452,1,0.262125,0.0735834,0,1,3,18,0.6
56.8799,0.294991,1,0.37489,0.126587,0,1,3,18,0.6
56.9799,0.334936,1,0.525059,0.170515,0,1,3,18,0.6
57.0799,0.374958,1,0.708504,0.248303,0,1,3,18,0.6
57.1799,0.397475,1,0.942504,0.371764,0,1,3,18,0.6
57.2799,0.422483,0.962526,1.1345,0.469992,0,1,3,18,0.6
57.3799,0.4225,0.840102,1.26288,0.522344,0,1,3,18,0.6
57.4799,0.4225,0.800057,1.38009,0.561817,0,1,3,18,0.6
57.5799,0.4225,0.750006,1.48037,0.595711,0,1,3,18,0.6
57.6799,0.4225,0.702519,1.55259,0.615357,0,1,3,18,0.6
57.7799,0.4225,0.680011,1.58227,0.62909,0,1,3,18,0.6
57.8799,0.4225,0.665011,1.61948,0.637404,0,1,3,18,0.6
57.9799,0.4225,0.652653,1.68739,0.637852,0,1,3,18,0.6
58.0799,0.402512,0.642506,1.74036,0.637906,0,1,3,18,0.6
58.1799,0.382509,0.6425,1.7707,0.636214,0,1,3,18,0.6
58.2799,0.404988,0.647497,1.75305,0.637043,0,1,3,18,0.6
58.3799,0.392504,0.640002,1.66271,0.622219,0,1,3,18,0.6
58.4799,0.37253,0.64,1.62208,0.621582,0,1,3,18,0.6
58.5799,0.399976,0.647493,1.6568,0.608497,0,1,3,18,0.6
58.6799,0.42248,0.652496,1.69147,0.601444,0,1,3,18,0.6
58.7799,0.4225,0.645005,1.72608,0.611722,0,1,3,18,0.6
58.8799,0.4225,0.642502,1.73572,0.613381,0,1,3,18,0.6
58.9799,0.4225,0.635009,1.70747,0.602732,0,1,3,18,0.6
59.0799,0.4225,0.632503,1.71565,0.582164,0,1,3,18,0.6
59.1799,0.4225,0.63,1.77904,0.575704,0,1,3,18,0.6
59.2799,0.4225,0.63,1.8062,0.581491,0,1,3,18,0.6
59.3799,0.4225,0.632498,1.77866,0.573663,0,1,3,18,0.6
59.4799,0.4225,0.627504,1.76506,0.597125,0,1,3,18,0.6
59.5799,0.4225,0.622501,1.77254,0.608383,0,1,3,18,0.6
59.6799,0.4225,0.6225,1.74833,0.613,0,1,3,18,0.6
59.7799,0.4225,0.620001,1.67614,0.598795,0,1,3,18,0.6
59.8799,0.4225,0.6225,1.65421,0.610454,0,1,3,18,0.6
59.9799,0.4225,0.612511,1.70849,0.612239,0,1,3,18,0.6
60.0799,0.4225,0.6125,1.75485,0.603451,0,1,3,18,0.6
60.1799,0.4225,0.617496,1.7892,0.614757,0,1,3,18,0.6
60.2799,0.4225,0.610005,1.82172,0.603195,0,1,3,18,0.6
60.3799,0.4225,0.607503,1.85148,0.603078,0,1,3,18,0.6
60.4799,0.4225,0.605003,1.86123,0.606691,0,1,3,18,0.6
60.5799,0.420002,0.600004,1.84067,0.611383,0,1,3,18,0.6
60.6799,0.4175,0.592501,1.8374,0.62884,0,1,3,18,0.6
60.7799,0.4175,0.590001,1.86031,0.633133,0,1,3,18,0.6
60.8799,0.4175,0.587501,1.88423,0.619004,0,1,3,18,0.6
60.9799,0.4175,0.585002,1.90968,0.605856,0,1,3,18,0.6
61.0799,0.419999,0.587499,1.91867,0.613958,0,1,3,18,0.6
61.1799,0.42,0.580002,1.90272,0.620201,0,1,3,18,0.6
61.2799,0.422499,0.58,1.89839,0.63702,0,1,3,18,0.6
61.3799,0.4225,0.572505,1.91162,0.621289,0,1,3,18,0.6
61.4799,0.4225,0.5725,1.91482,0.623582,0,1,3,18,0.6
61.5799,0.4225,0.5725,1.90282,0.616787,0,1,3,18,0.6
61.6799,0.4225,0.570002,1.88847,0.641254,0,1,3,18,0.6
61.7799,0.4225,0.461244,1.86458,0.657023,0,1,3,18,0.6
61.8799,0.4225,0.170123,1.87769,0.629523,0,1,3,18,0.6
61.9799,0.4225,-0.0772428,1.94685,0.393498,0,1,3,18,0.6
62.0799,0.4225,-0.0675091,1.99573,0.134043,0,1,3,18,0.6
62.1799,0.4225,-0.04252,2.01386,-0.0672549,0,1,3,18,0.6
62.2799,0.4225,-0.0175315,2.05946,-0.115876,0,1,3,18,0.6
62.3799,0.4225,-0.0150014,2.14665,-0.0627696,0,1,3,18,0.6
62.4799,0.4225,-0.0199959,2.20641,0.00344807,0,1,3,18,0.6
62.5799,0.4225,-0.027416,2.15399,0.0371416,0,1,3,18,0.6
62.6799,0.4225,-0.0275,2.13964,0.0585811,0,1,3,18,0.6
62.7799,0.4225,-0.0275,2.28097,0.0795652,0,1,3,18,0.6
62.8799,0.4225,-0.0324979,2.32898,0.0838454,0,1,3,18,0.6
62.9799,0.4225,-0.0374939,2.23591,0.0832477,0,1,3,18,0.6
63.0799,0.4225,-0.0300038,2.22813,0.0736017,0,1,3,18,0.6
63.1799,0.4225,-0.0250026,2.34963,0.0821642,0,1,3,18,0.6
63.2799,0.4225,-0.0299935,2.42559,0.10373,0,1,3,18,0.6
63.3799,0.4225,-0.0399948,2.43272,0.114828,0,1,3,18,0.6
63.4799,0.4225,-0.04,2.45911,0.120482,0,1,3,18,0.6
63.5799,0.4225,-0.032505,2.51473,0.121481,0,1,3,18,0.6
63.6799,0.4225,-0.0349981,2.5346,0.12275,0,1,3,18,0.6
63.7799,0.4225,-0.0424955,2.50027,0.124883,0,1,3,18,0.6
63.8799,0.4225,-0.0425,2.52764,0.125326,0,1,3,18,0.6
63.9799,0.4225,-0.0375093,2.64852,0.129793,0,1,3,18,0.6
64.0799,0.4225,-0.0325036,2.70467,0.124066,0,1,3,18,0.6
64.1799,0.4225,-0.0349997,2.66284,0.105607,0,1,3,18,0.6
64.2799,0.4225,-0.0424963,2.69208,0.084584,0,1,3,18,0.6
64.3799,0.4225,-0.0425,2.82859,0.0599147,0,1,3,18,0.6
64.4799,0.4225,-0.0375029,2.94907,-0.0364331,0,1,3,18,0.6
64.5799,0.4225,-0.0250004,3.04524,-0.0520194,0,1,3,18,0.6
64.6799,0.4225,-0.0225011,3.11339,-0.031933,0,1,3,18,0.6
64.7799,0.4225,-0.024998,3.13901,-0.0373539,0,1,3,18,0.6
64.8799,0.4225,-0.027498,3.20723,-0.0245161,0,1,3,18,0.6
64.9799,0.4225,-0.0275,3.33993,-0.0142528,0,1,3,18,0.6
65.0799,0.4225,-0.025002,3.44654,-0.00691684,0,1,3,18,0.6
65.1799,0.4225,-0.0225024,3.51359,-0.00952504,0,1,3,18,0.6
65.2799,0.4225,-0.0200026,3.60552,0.0185994,0,1,3,17,0.6
65.3799,0.4225,-0.0224997,3.73517,0.0177194,0,1,3,17,0.6
65.4799,0.4225,-0.024999,3.81423,0.00667421,0,1,3,18,0.6
65.5799,0.4225,-0.025,3.81665,0.0199564,0,1,3,18,0.6
65.6799,0.410007,-0.025,3.87419,0.0393047,0,1,3,18,0.6
65.7799,0.377506,-0.0225004,4.01547,0.0539528,0,1,3,18,0.6
65.8799,0.337527,-0.0200017,4.10932,0.0283729,0,1,3,18,0.6
65.9799,0.297531,-0.0224981,4.13138,-0.0482935,0,1,3,18,0.6
66.0799,0.295,-0.0200003,4.16334,-0.0967487,0,1,3,18,0.6
66.1799,0.290002,-0.0175011,4.2103,-0.0657126,0,1,3,18,0.6
66.2799,0.29,-0.0150016,4.24037,-0.0649364,0,1,3,17,0.6
66.3799,0.287502,-0.015,4.24485,-0.0987867,0,1,3,17,0.6
66.4799,0.292494,-0.0174972,4.23121,-0.0589899,0,1,3,17,0.6
66.5799,0.287503,-0.0150013,4.19013,-0.074826,0,1,3,17,0.6
66.6799,0.297494,-0.015,4.18275,-0.0586925,0,1,3,17,0.62
66.7799,0.292504,-0.015,4.22648,-0.0364378,0,1,3,17,0.62
66.8799,0.302491,-0.015,4.23813,-0.0475304,0,1,3,18,0.62
66.9799,0.297507,-0.0174967,4.20121,-0.0550569,0,1,3,18,0.62
67.0799,0.295001,-0.015001,4.16986,-0.0394529,0,1,3,18,0.62
67.1799,0.290003,-0.015,4.14695,-0.034718,0,1,3,18,0.62
67.2799,0.2925,-0.015,4.13123,-0.032849,0,1,3,18,0.62
67.3799,0.297499,-0.015,4.1264,-0.0664067,0,1,3,18,0.62
67.4799,0.287505,-0.0125012,4.11666,-0.0602249,0,1,3,18,0.62
67.5799,0.292498,-0.0149991,4.0995,-0.0201843,0,1,3,18,0.62
67.6799,0.295,-0.015,4.10357,-0.0343658,0,1,3,18,0.6
67.7799,0.297499,-0.015,4.13979,-0.0514891,0,1,3,18,0.6
67.8799,0.295003,-0.0125034,4.1668,-0.0468986,0,1,3,18,0.6
67.9799,0.295,-0.0149668,4.15619,-0.0163084,0,1,3,18,0.6
68.0799,0.295,-0.015,4.13567,0.0176946,0,1,3,18,0.6
68.1799,0.297497,-0.0174974,4.10013,0.0133021,0,1,3,18,0.6
68.2799,0.287511,-0.0175,4.07315,0.0233363,0,1,3,18,0.6
68.3799,0.289969,-0.0175,4.08115,0.00638861,0,1,3,18,0.6
68.4799,0.292497,-0.0175,4.07027,-0.0119118,0,1,3,18,0.6
68.5799,0.299999,-0.0175,4.03074,-0.00705532,0,1,3,18,0.6
68.6799,0.295003,-0.0175,4.00988,0.0174418,0,1,3,18,0.6
68.7799,0.292529,-0.0175,4.06529,0.00046179,0,1,3,18,0.6
68.8799,0.29,-0.0150003,4.08904,-0.00733295,0,1,3,18,0.6
68.9799,0.294996,-0.0174981,4.06496,-0.00602405,0,1,3,18,0.6
69.0799,0.295,-0.0175,4.04801,-0.00980499,0,1,3,18,0.6
69.1799,0.297498,-0.0175,4.04189,-0.0203287,0,1,3,18,0.6
69.2799,0.302498,-0.0150009,4.03456,-0.00817175,0,1,3,18,0.6
69.3799,0.295003,-0.015,4.0254,-0.057278,0,1,3,18,0.6
69.4799,0.295,-0.015,4.04097,-0.0529449,0,1,3,18,0.6
69.5799,0.295,-0.012502,4.09396,-0.0370373,0,1,3,18,0.6
69.6799,0.299998,-0.0149989,4.11196,0.00182208,0,1,3,18,0.6
69.7799,0.295003,-0.0174984,4.07698,0.0144188,0,1,3,18,0.6
69.8799,0.297498,-0.0175,4.05679,0.0113388,0,1,3,18,0.6
69.9799,0.2975,-0.0150029,4.059,0.00674085,0,1,3,18,0.6
70.0799,0.299997,-0.015,4.05308,-0.00699288,0,1,3,18,0.6
70.1799,0.295001,-0.0174993,4.03484,0.0129126,0,1,3,18,0.6
70.2799,0.292501,-0.0150014,4.02944,-0.017991,0,1,3,18,0.6
70.3799,0.260011,-0.0174991,4.04344,0.0180097,0,1,3,18,0.6
70.4799,0.237518,-0.0175,4.03321,-0.00228858,0,1,3,18,0.6
70.5799,0.20501,-0.0150008,3.9863,-0.0409749,0,1,3,18,0.6
70.6799,0.16254,-0.015,3.91022,-0.0141531,0,1,3,18,0.6
70.7799,0.12296,-0.0199425,3.71515,0.0305055,0,1,3,18,0.6
70.8799,0.102507,-0.0224992,3.52291,0.0640604,0,1,3,18,0.6
70.9799,-0.124621,-0.0249958,3.33494,0.056242,0,1,3,18,0.6
71.0799,-0.172447,-0.0274972,3.10896,0.0533447,0,1,3,18,0.6
71.1799,-0.197486,-0.0299986,2.82529,0.0300802,0,1,3,18,0.6
71.2799,-0.244973,-0.0324986,2.58991,0.0307916,0,1,3,18,0.6
71.3799,-0.29246,-0.0275042,2.42766,-0.0702935,0,1,3,18,0.6
71.4799,-0.317475,-0.0250025,2.25377,-0.140794,0,1,3,18,0.6
71.5799,-0.35746,-0.020005,2.06218,-0.175123,0,1,3,18,0.6
71.6799,-0.41243,-0.02,1.86866,-0.15474,0,1,3,18,0.6
71.7799,-0.452482,-0.0249977,1.67221,-0.119945,0,1,3,18,0.6
71.8799,-0.477488,-0.025,1.50977,-0.089159,0,1,3,18,0.6
71.9799,-0.497478,-0.037486,1.39874,-0.0395001,0,1,3,18,0.6
72.0799,-0.4975,-0.052481,1.27801,-0.0124096,0,1,3,18,0.6
72.1799,-0.4975,-0.057442,1.11762,0.0163304,0,1,3,18,0.6
72.2799,-0.4975,-0.0599976,0.968546,-0.00218982,0,1,3,18,0.6
72.3799,-0.448062,-0.06,0.865861,0.0201736,0,1,3,18,0.6
72.4799,-0.43251,-0.0624983,0.774978,0.0364148,0,1,3,18,0.6
72.5799,-0.397525,-0.0674964,0.702012,0.0595474,0,1,3,18,0.6
72.6799,-0.375023,-0.0699975,0.653455,0.047104,0,1,3,18,0.6
72.7799,-0.375,-0.0675022,0.641863,0.0395463,0,1,3,18,0.6
72.8799,-0.372502,-0.062503,0.632045,0.00106326,0,1,3,18,0.6
72.9799,-0.3725,-0.0550124,0.624912,-0.0243425,0,1,3,18,0.6
73.0799,-0.377494,-0.0500058,0.617273,-0.0352317,0,1,3,18,0.6
73.1799,-0.38,-0.0475,0.608866,-0.0391854,0,1,3,18,0.6
73.2799,-0.38,-0.0499988,0.606034,-0.00737124,0,1,3,18,0.6
73.3799,-0.38,-0.0549978,0.611637,0.0100427,0,1,3,18,0.6
73.4799,-0.372507,-0.0525022,0.608564,-0.0134909,0,1,3,18,0.6
73.5799,-0.370027,-0.0525,0.570057,-0.0378104,0,1,3,18,0.6
73.6799,-0.357509,-0.0475036,0.531258,-0.0474992,0,1,3,18,0.6
73.7799,-0.350004,-0.0450014,0.492018,-0.0392812,0,1,3,18,0.6
73.8799,-0.337501,-0.045,0.455489,-0.0132156,0,1,3,18,0.6
73.9799,-0.327512,-0.0499939,0.423065,0.0271725,0,1,3,18,0.6
74.0799,-0.317508,-0.0624902,0.398516,0.0570456,0,1,3,18,0.6
74.1799,-0.310007,-0.0649978,0.385927,0.0613312,0,1,3,18,0.6
74.2799,-0.307502,-0.065,0.36509,0.0545342,0,1,3,18,0.6
74.3799,-0.305001,-0.0625012,0.331763,0.0411737,0,1,3,18,0.6
74.4799,-0.307498,-0.0550052,0.31528,0.00623611,0,1,3,18,0.6
74.5799,-0.305003,-0.052503,0.324334,0.00460479,0,1,3,18,0.6
74.6799,-0.302503,-0.0549971,0.326964,0.0319833,0,1,3,18,0.6
74.7799,-0.297556,-0.0574719,0.303409,0.00792902,0,1,3,18,0.6
74.8799,-0.2975,-0.0450215,0.284082,-0.049396,0,1,3,18,0.6
74.9799,-0.295033,-0.040066,0.282063,-0.0411409,0,1,3,18,0.6
75.0799,-0.290004,-0.0474941,0.278624,0.0180649,0,1,3,18,0.6
75.1799,-0.272504,-0.0549982,0.273024,0.0244644,0,1,3,18,0.6
75.2799,-0.240012,-0.0525009,0.254947,-0.0187297,0,1,3,18,0.6
75.3799,-0.200018,-0.0450034,0.217989,-0.0125179,0,1,3,18,0.6
75.4799,-0.152509,-0.0524986,0.188465,0.0121559,0,1,3,18,0.6
75.5799,-0.105026,-0.0549987,0.170202,0.0290279,0,1,3,18,0.6
75.6799,-6.6144e-05,-0.055,0.154465,0.0569852,0,1,3,18,0.6
75.7799,0,-0.0624932,0.142547,0.0847286,0,1,3,18,0.6
75.8799,0,-0.0625,0.141399,0.0410602,0,1,3,18,0.6
75.9799,0,-0.0525144,0.156553,-0.00352314,0,1,3,18,0.6
76.0799,0,-0.0525,0.160588,0.0482283,0,1,3,18,0.6
76.1799,0,-0.0674872,0.147782,0.104416,0,1,3,18,0.6
76.2799,0,-0.0675,0.154214,0.0876471,0,1,3,18,0.6
76.3799,0,-0.062501,0.189827,0.0385995,0,1,3,18,0.6
76.4799,0,-0.0550043,0.18599,0.0360256,0,1,3,18,0.6
76.5799,0,-0.0674905,0.12234,0.071987,0,1,3,18,0.6
76.6799,0,-0.0675,0.0885564,0.070807,0,1,3,18,0.6
76.7799,0,-0.0625566,0.176649,0.0529374,0,1,3,18,0.6
76.8799,0,-0.0575033,0.203365,0.0436487,0,1,3,18,0.6
76.9799,0,-0.0599981,0.137094,0.0488591,0,1,3,18,0.6
77.0799,0,-0.0624996,0.108998,0.0548729,0,1,3,18,0.6
77.1799,0,-0.0625,0.1389,0.0541813,0,1,3,18,0.6
77.2799,0,-0.0600018,0.151734,0.0530802,0,1,3,18,0.6
77.3799,0,-0.06,0.138671,0.0417616,0,1,3,18,0.6
77.4799,0,-0.0575033,0.132291,0.0295356,0,1,3,18,0.6
77.5799,0,-0.0575,0.136036,0.0417338,0,1,3,18,0.6
77.6799,0,-0.0599979,0.139346,0.0555381,0,1,3,18,0.6
77.7799,0,-0.06,0.141994,0.0492868,0,1,3,18,0.6
77.8799,0,-0.0575029,0.137549,0.0294379,0,1,3,18,0.6
77.9799,0,-0.0575,0.122355,0.0276942,0,1,3,18,0.6
78.0799,0,-0.0599979,0.112606,0.0460792,0,1,3,18,0.6
78.1799,0,-0.06,0.125219,0.0450867,0,1,3,18,0.6
78.2799,0,-0.0575009,0.142211,0.0334515,0,1,3,18,0.6
78.3799,0,-0.0550011,0.165836,0.0335012,0,1,3,18,0.6
78.4799,0,-0.0574985,0.164022,0.0375279,0,1,3,18,0.6
78.5799,0,-0.0599986,0.123745,0.0292234,0,1,3,18,0.6
78.6799,0,-0.0575005,0.113281,0.0260331,0,1,3,18,0.6
78.7799,0,-0.0575,0.147957,0.0543723,0,1,3,18,0.6
78.8799,0,-0.0599977,0.161346,0.0637472,0,1,3,18,0.6
78.9799,0,-0.06,0.142527,0.0232703,0,1,3,18,0.6
79.0799,0,-0.0525079,0.126067,-0.0058588,0,1,3,18,0.6
79.1799,0,-0.0525,0.113184,0.0102339,0,1,3,18,0.6
79.2799,0,-0.0549977,0.11305,0.0396753,0,1,3,18,0.6
79.3799,0,-0.0599994,0.132263,0.0548543,0,1,3,18,0.6
79.4799,0,-0.0575034,0.147195,0.0296915,0,1,3,18,0.6
79.5799,0,-0.0525024,0.155634,-0.0075018,0,1,3,18,0.6
79.6799,0,-0.0500019,0.158561,-0.00561002,0,1,3,18,0.6
79.7799,0.116132,-0.0574127,0.138989,0.0362464,0,1,3,18,0.6
79.8799,0.137492,-0.059999,0.135544,0.04905,0,1,3,18,0.6
79.9799,0.179972,-0.0550032,0.156524,0.00859825,0,1,3,18,0.6
80.0799,0.219979,-0.047504,0.17196,-0.00720157,0,1,3,18,0.6
80.1799,0.239999,-0.0524997,0.178985,0.0316596,0,1,3,18,0.6
80.2799,0.279976,-0.0624939,0.248468,0.0733494,0,1,3,18,0.6
80.3799,0.322456,-0.0625,0.412668,0.086924,0,1,3,18,0.6
80.4799,0.342474,-0.0649967,0.57915,0.0795665,0,1,3,18,0.6
80.5799,0.374969,-0.065,0.749099,0.0739068,0,1,3,18,0.6
80.6799,0.422433,-0.0600071,0.929778,0.0949969,0,1,3,18,0.6
80.7799,0.4225,-0.0550613,1.15436,0.0832949,0,1,3,18,0.6
80.8799,0.4225,-0.0475049,1.3576,0.0485071,0,1,3,18,0.6
80.9799,0.4225,-0.040008,1.52849,0.0351629,0,1,3,18,0.6
81.0799,0.4225,-0.0350022,1.6612,0.0319927,0,1,3,18,0.6
81.1799,0.4225,-0.0300026,1.73606,-0.0103898,0,1,3,18,0.6
81.2799,0.4225,-0.03,1.809,0.0122118,0,1,3,18,0.6
81.3799,0.4225,-0.03,1.87906,0.00312771,0,1,3,18,0.6
81.4799,0.4225,-0.0250027,1.92868,-0.012933,0,1,3,18,0.6
81.5799,0.4225,-0.025,1.94746,0.0143157,0,1,3,18,0.6
81.6799,0.4225,-0.0324959,1.99328,0.0410751,0,1,3,18,0.6
81.7799,0.4225,-0.0325,2.08002,0.0428395,0,1,3,18,0.6
81.8799,0.4225,-0.0300014,2.12201,0.0406246,0,1,3,18,0.6
81.9799,0.4225,-0.03,2.09615,0.0431141,0,1,3,18,0.6
82.0799,0.4225,-0.0349952,2.08739,0.0731453,0,1,3,18,0.6
82.1799,0.4225,-0.035,2.10461,0.0742986,0,1,3,18,0.6
82.2799,0.4225,-0.0374976,2.12276,0.0823325,0,1,3,18,0.6
82.3799,0.4225,-0.03503,2.14473,0.0569865,0,1,3,18,0.6
82.4799,0.4225,-0.0325023,2.1623,0.0403519,0,1,3,18,0.6
82.5799,0.4225,-0.0300005,2.17319,0.0308408,0,1,3,18,0.6
82.6799,0.4225,-0.0324986,2.17947,0.0492025,0,1,3,18,0.6
82.7799,0.4225,-0.0349987,2.17876,0.0611857,0,1,3,18,0.6
82.8799,0.4225,-0.0374985,2.17443,0.0634114,0,1,3,18,0.6
82.9799,0.4225,-0.0375,2.16462,0.0596647,0,1,3,18,0.6
83.0799,0.4225,-0.0375,2.16486,0.0519061,0,1,3,18,0.6
83.1799,0.4225,-0.0350013,2.18035,0.0533371,0,1,3,18,0.6
83.2799,0.4225,-0.0399956,2.18111,0.0477228,0,1,3,18,0.6
83.3799,0.4225,-0.0375014,2.15956,0.0407728,0,1,3,18,0.6
83.4799,0.4225,-0.0375,2.17075,0.0438744,0,1,3,18,0.6
83.5799,0.4225,-0.0350028,2.23156,0.0271684,0,1,3,18,0.6
83.6799,0.4225,-0.0399931,2.24951,0.0416621,0,1,3,18,0.6
83.7799,0.4225,-0.0424985,2.20247,0.0609519,0,1,3,18,0.6
83.8799,0.4225,-0.0400015,2.17832,0.0700808,0,1,3,18,0.6
83.9799,0.4225,-0.04,2.18879,0.0924467,0,1,3,18,0.6
84.0799,0.4225,-0.0424973,2.20569,0.092439,0,1,3,18,0.6
84.1799,0.4225,-0.0425,2.23234,0.0925934,0,1,3,18,0.6
84.2799,0.4225,-0.052493,2.26249,0.126653,0,1,3,18,0.6
84.3799,0.4225,-0.0500013,2.29797,0.114481,0,1,3,18,0.6
84.4799,0.4225,-0.0425055,2.30377,0.0780317,0,1,3,18,0.6
84.5799,0.4225,-0.0449987,2.26467,0.0879644,0,1,3,18,0.6
84.6799,0.4225,-0.0524956,2.27844,0.0950747,0,1,3,18,0.6
84.7799,0.4225,-0.0425042,2.37219,0.0768477,0,1,3,18,0.6
84.8799,0.4225,-0.0375043,2.45345,0.0732446,0,1,3,18,0.6
84.9799,0.4225,-0.0424379,2.48359,0.0767215,0,1,3,18,0.6
85.0799,0.4225,-0.0499938,2.5501,0.0840648,0,1,3,18,0.6
85.1799,0.4225,-0.042506,2.6718,0.0729876,0,1,3,18,0.6
85.2799,0.4225,-0.0375058,2.77879,0.0260385,0,1,3,18,0.6
85.3799,0.4225,-0.0325039,2.86349,0.0114845,0,1,3,18,0.6
85.4799,0.4225,-0.0399918,2.96142,0.018799,0,1,3,18,0.6
85.5799,0.4225,-0.0350061,3.07944,-0.0128923,0,1,3,18,0.6
85.6799,0.4225,-0.0325025,3.16939,0.00181654,0,1,3,18,0.6
85.7799,0.4225,-0.030001,3.21679,0.00731975,0,1,3,18,0.6
85.8799,0.4225,-0.03,3.29772,0.00910835,0,1,3,18,0.6
85.9799,0.4225,-0.032498,3.42953,0.0340564,0,1,3,18,0.6
86.0799,0.4225,-0.0325,3.54687,0.0551426,0,1,3,18,0.6
86.1799,0.4225,-0.0300015,3.64229,0.0533841,0,1,3,18,0.6
86.2799,0.417504,-0.03,3.75719,0.0504265,0,1,3,18,0.6
86.3799,0.400003,-0.03,3.90157,0.0266634,0,1,3,18,0.6
86.4799,0.360039,-0.03,3.99392,-0.0174512,0,1,3,18,0.6
86.5799,0.335027,-0.0250054,4.00748,-0.0218467,0,1,3,18,0.6
86.6799,0.320013,-0.025,4.05099,-0.0362191,0,1,3,18,0.6
86.7799,0.302513,-0.0225019,4.1398,-0.0485402,0,1,3,18,0.6
86.8799,0.292506,-0.0200014,4.16987,-0.0974598,0,1,3,18,0.6
86.9799,0.2925,-0.02,4.11099,-0.0962071,0,1,3,18,0.6
87.0799,0.297495,-0.0175027,4.06557,-0.125675,0,1,3,18,0.6
87.1799,0.295003,-0.0199973,4.04061,-0.0705319,0,1,3,18,0.6
87.2799,0.297499,-0.0224993,4.05215,-0.0378426,0,1,3,18,0.6
87.3799,0.292502,-0.0225,4.11899,-0.0414544,0,1,3,18,0.6
87.4799,0.2925,-0.0200019,4.13985,-0.0973593,0,1,3,18,0.6
87.5799,0.2925,-0.0175016,4.09122,-0.115929,0,1,3,18,0.6
87.6799,0.290001,0.0899699,4.05734,-0.0815814,0,1,3,18,0.6
87.7799,0.294998,0.219942,4.04578,0.0847791,0,1,3,18,0.6
87.8799,0.299998,0.282479,4.0262,0.363553,0,1,3,18,0.6
87.9799,0.317482,0.280003,3.99446,0.62905,0,1,3,18,0.6
88.0799,0.339986,0.272505,3.9507,0.727847,0,1,3,18,0.6
88.1799,0.357476,0.2725,3.88871,0.668463,0,1,3,18,0.6
88.2799,0.379982,0.282492,3.83806,0.584785,0,1,3,17,0.6
88.3799,0.412482,0.292494,3.80458,0.537442,0,1,3,17,0.6
88.4799,0.422488,0.302488,3.77962,0.521145,0,1,3,17,0.6
88.5799,0.4225,0.307496,3.76756,0.547745,0,1,3,17,0.6
88.6799,0.4225,0.309997,3.74749,0.600104,0,1,3,17,0.62
88.7799,0.4225,0.31,3.69482,0.581774,0,1,3,17,0.62
88.8799,0.4225,0.314999,3.66447,0.606943,0,1,3,17,0.62
88.9799,0.4225,0.317496,3.66801,0.611681,0,1,3,17,0.62
89.0799,0.4225,0.3175,3.66914,0.577918,0,1,3,17,0.62
89.1799,0.4225,0.324998,3.66659,0.582853,0,1,3,17,0.62
89.2799,0.4225,0.325,3.66089,0.596902,0,1,3,17,0.62
89.3799,0.4225,0.329997,3.65041,0.557281,0,1,3,17,0.62
89.4799,0.4225,0.332497,3.63693,0.560214,0,1,3,17,0.62
89.5799,0.4225,0.334999,3.61887,0.589678,0,1,3,17,0.62
89.6799,0.4225,0.335,3.59876,0.594143,0,1,3,17,0.62
89.7799,0.4225,0.337471,3.57028,0.586888,0,1,3,17,0.62
89.8799,0.4225,0.3375,3.5438,0.587112,0,1,3,17,0.62
89.9799,0.4225,0.3375,3.52554,0.613958,0,1,3,17,0.62
90.0799,0.4225,0.3375,3.50736,0.586999,0,1,3,17,0.62
90.1799,0.4225,0.339998,3.48931,0.588023,0,1,3,17,0.62
90.2799,0.4225,0.34,3.47438,0.605603,0,1,3,17,0.62
90.3799,0.4225,0.34,3.47216,0.6286,0,1,3,17,0.62
90.4799,0.4225,0.337503,3.46126,0.611656,0,1,3,17,0.62
90.5799,0.4225,0.339998,3.43717,0.595807,0,1,3,17,0.62
90.6799,0.4225,0.34,3.42479,0.585513,0,1,3,17,0.62
90.7799,0.4225,0.337501,3.43012,0.557555,0,1,3,17,0.62
90.8799,0.4225,0.3375,3.42176,0.599047,0,1,3,17,0.62
90.9799,0.4225,0.335002,3.39268,0.588111,0,1,3,17,0.62
91.0799,0.4225,0.337498,3.3768,0.564571,0,1,3,18,0.62
91.1799,0.4225,0.335001,3.38096,0.580788,0,1,3,18,0.62
91.2799,0.4225,0.335,3.38959,0.582672,0,1,3,18,0.62
91.3799,0.4225,0.335,3.40501,0.549471,0,1,3,18,0.62
91.4799,0.4225,0.337497,3.41849,0.569507,0,1,3,18,0.62
91.5799,0.4225,0.332504,3.42904,0.588893,0,1,3,18,0.62
91.6799,0.4225,0.3325,3.41644,0.591964,0,1,3,18,0.6
91.7799,0.4225,0.3325,3.36882,0.576855,0,1,3,18,0.6
91.8799,0.4225,0.334998,3.33992,0.562392,0,1,3,18,0.6
91.9799,0.4225,0.332503,3.33943,0.567775,0,1,3,18,0.6
92.0799,0.4225,0.3325,3.35586,0.564945,0,1,3,18,0.6
92.1799,0.4225,0.334999,3.39793,0.586707,0,1,3,18,0.6
92.2799,0.4225,0.332501,3.42308,0.587121,0,1,3,18,0.6
92.3799,0.4225,0.3325,3.42266,0.538267,0,1,3,18,0.6
92.4799,0.4225,0.3325,3.41463,0.530855,0,1,3,18,0.6
92.5799,0.4225,0.3325,3.39507,0.572425,0,1,3,18,0.6
92.6799,0.4225,0.3325,3.37142,0.596384,0,1,3,17,0.6
92.7799,0.4225,0.3325,3.33104,0.583492,0,1,3,17,0.6
92.8799,0.4225,0.334998,3.30251,0.56503,0,1,3,17,0.6
92.9799,0.4225,0.337497,3.29193,0.594022,0,1,3,17,0.6
93.0799,0.4225,0.332505,3.29737,0.605874,0,1,3,17,0.6
93.1799,0.4225,0.3325,3.32712,0.593017,0,1,3,17,0.6
93.2799,0.4225,0.227617,3.33171,0.571662,0,1,3,17,0.6
93.3799,0.4225,0.0651852,3.29822,0.461653,0,1,3,17,0.6
93.4799,0.4225,-0.0124248,3.32848,0.264122,0,1,3,17,0.6
93.5799,0.4225,-0.0399915,3.45549,0.0527395,0,1,3,17,0.6
93.6799,0.4225,-0.0200082,3.60428,-0.123947,0,1,3,17,0.62
93.7799,0.4225,-0.0125037,3.78613,-0.177411,0,1,3,17,0.62
93.8799,0.4225,-0.0125,3.92104,-0.158171,0,1,3,17,0.62
93.9799,0.387546,-0.0149967,3.98502,-0.121505,0,1,3,17,0.62
94.0799,0.347521,-0.015,4.05126,-0.0815751,0,1,3,17,0.62
94.1799,0.327502,-0.015,4.12092,-0.0563435,0,1,3,17,0.62
94.2799,0.300027,-0.0125024,4.1856,-0.122577,0,1,3,17,0.62
94.3799,0.295003,-0.0100016,4.24275,-0.151252,0,1,3,17,0.62
94.4799,0.295,-0.01,4.26698,-0.131726,0,1,3,17,0.62
94.5799,0.297498,-0.01,4.24129,-0.149303,0,1,3,17,0.62
94.6799,0.295002,-0.01,4.21837,-0.117243,0,1,3,17,0.62
94.7799,0.295,-0.01,4.19965,-0.0859508,0,1,3,17,0.62
94.8799,0.292502,-0.01,4.20241,-0.0825817,0,1,3,17,0.62
94.9799,0.2925,-0.01,4.2377,-0.0955872,0,1,3,17,0.62
95.0799,0.2925,-0.01,4.24246,-0.0769477,0,1,3,17,0.62
95.1799,0.290001,-0.01,4.20091,-0.0759423,0,1,3,17,0.62
95.2799,0.287502,-0.00750227,4.18434,-0.0943833,0,1,3,17,0.62
95.3799,0.2875,-0.0075,4.2055,-0.094982,0,1,3,17,0.62
95.4799,0.289999,-0.00500065,4.20191,-0.155789,0,1,3,17,0.62
95.5799,0.297496,-0.00250147,4.16091,-0.211978,0,1,3,17,0.62
95.6799,0.295002,-1.57494e-06,4.1328,-0.190439,0,1,3,17,0.62
95.7799,0.295,0,4.12424,-0.194009,0,1,3,17,0.62
95.8799,0.299997,0,4.11781,-0.113974,0,1,3,18,0.62
95.9799,0.292512,-0.0024961,4.11459,-0.0418968,0,1,3,18,0.62
96.0799,0.2925,-0.0025,4.09762,-0.0962062,0,1,3,17,0.62
96.1799,0.294998,-0.0025,4.05975,-0.147052,0,1,3,17,0.62
96.2799,0.292503,-2.67481e-06,4.06351,-0.124953,0,1,3,17,0.62
96.3799,0.2925,0,4.13031,-0.119812,0,1,3,17,0.62
96.4799,0.294998,0,4.13979,-0.162237,0,1,3,17,0.62
96.5799,0.297499,0.0024995,4.06245,-0.135378,0,1,3,17,0.62
96.6799,0.295002,2.22347e-06,4.00422,-0.131101,0,1,3,17,0.62
96.7799,0.297499,0.00249875,3.97499,-0.137062,0,1,3,17,0.62
96.8799,0.28501,0.0025,3.97417,-0.121268,0,1,3,17,0.62
96.9799,0.25253,2.27482e-06,4.01632,-0.134359,0,1,3,17,0.62
97.0799,0.210041,0.0049952,4.00007,-0.15825,0,1,3,17,0.62
97.1799,0.170019,0.005,3.8954,-0.14062,0,1,3,17,0.62
97.2799,0.150012,0.005,3.75916,-0.0986488,0,1,3,17,0.62
97.3799,0.115006,0.005,3.57498,-0.0746364,0,1,3,17,0.62
97.4799,-0.109742,0.00250287,3.37285,-0.0893374,0,1,3,17,0.62
97.5799,-0.157463,0.0074961,3.14348,-0.137769,0,1,3,17,0.62
97.6799,-0.179972,0.0099969,2.93107,-0.183004,0,1,3,17,0.62
97.7799,-0.219539,0.0149424,2.78789,-0.221089,0,1,3,17,0.62
97.8799,-0.269951,0.0199951,2.6119,-0.270014,0,1,3,17,0.62
97.9799,-0.317449,0.034984,2.38622,-0.287012,0,1,3,17,0.62
98.0799,-0.339978,0.0399951,2.17114,-0.242168,0,1,3,17,0.62
98.1799,-0.379942,0.0424964,1.97213,-0.203977,0,1,3,17,0.62
98.2799,-0.429966,0.0375034,1.78297,-0.173541,0,1,3,17,0.62
98.3799,-0.476963,0.0424435,1.63403,-0.140394,0,1,3,17,0.62
98.4799,-0.497479,0.049992,1.48502,-0.0951702,0,1,3,17,0.62
98.5799,-0.4975,0.0549401,1.33573,-0.0407752,0,1,3,17,0.62
98.6799,-0.4975,0.0500036,1.18942,-0.0294184,0,1,3,17,0.62
98.7799,-0.4975,0.0425873,1.05524,-0.0277322,0,1,3,17,0.62
98.8799,-0.487507,0.035005,0.95066,0.0246944,0,1,3,17,0.62
98.9799,-0.455031,0.0275072,0.890887,0.107186,0,1,3,17,0.62
99.0799,-0.430023,0.0200068,0.810379,0.165822,0,1,3,17,0.62
99.1799,-0.39505,0.0100144,0.698452,0.112146,0,1,3,17,0.62
99.2799,-0.395,0.0199939,0.628498,0.025968,0,1,3,17,0.62
99.3799,-0.392502,0.0374895,0.622173,-0.061925,0,1,3,17,0.62
99.4799,-0.3925,0.0449939,0.626203,-0.0581397,0,1,3,17,0.62
99.5799,-0.394998,0.045,0.645938,-0.0250577,0,1,3,17,0.62
99.6799,-0.399995,0.0400051,0.651913,0.00118135,0,1,3,17,0.62
99.7799,-0.402497,0.0350067,0.637034,-0.00688808,0,1,3,17,0.62
99.8799,-0.407498,0.035,0.634443,-0.0339318,0,1,3,17,0.62
99.9799,-0.402505,0.0374977,0.650488,-0.0414245,0,1,3,17,0.62
100.08,-0.400002,0.0399977,0.645083,-0.0297036,0,1,3,17,0.62
100.18,-0.387506,0.0424987,0.607223,-0.0148179,0,1,3,17,0.62
100.28,-0.377505,0.0449987,0.564322,-0.0391594,0,1,3,17,0.62
100.38,-0.360006,0.045,0.513786,-0.0557078,0,1,3,17,0.62
100.48,-0.355001,0.0400011,0.452049,-0.0196541,0,1,3,17,0.62
100.58,-0.345006,0.0300057,0.373332,0.0113888,0,1,3,17,0.62
100.68,-0.340006,0.0250062,0.33174,0.0480622,0,1,3,17,0.62
100.78,-0.34,0.025,0.442001,0.0594758,0,1,3,17,0.62
100.88,-0.332507,0.0274978,0.47855,0.0234157,0,1,3,17,0.62
100.98,-0.3325,0.0349907,0.40342,-0.0494633,0,1,3,17,0.62
101.08,-0.334996,0.042487,0.357978,-0.092177,0,1,3,17,0.62
101.18,-0.327508,0.0449974,0.357584,-0.091508,0,1,3,17,0.62
101.28,-0.325,0.045,0.35633,-0.0552787,0,1,3,17,0.62
101.38,-0.322501,0.045,0.353772,-0.0309399,0,1,3,17,0.62
101.48,-0.3225,0.045,0.339971,-0.0590962,0,1,3,17,0.62
101.58,-0.312506,0.0474986,0.309124,-0.118455,0,1,3,17,0.62
101.68,-0.307501,0.0524987,0.27666,-0.138114,0,1,3,17,0.62
101.78,-0.292508,0.0525,0.241751,-0.116133,0,1,3,17,0.62
101.88,-0.287504,0.0525,0.199286,-0.0882206,0,1,3,17,0.62
101.98,-0.24754,0.0525,0.145395,-0.086506,0,1,3,17,0.62
102.08,-0.200053,0.0574944,0.119115,-0.131583,0,1,3,17,0.62
102.18,-0.175013,0.0599987,0.134688,-0.18639,0,1,3,17,0.62
102.28,-0.127555,0.0674913,0.147391,-0.200675,0,1,3,17,0.62
102.38,-0.00145374,0.0675,0.148362,-0.172554,0,1,3,17,0.62
102.48,0,0.0650026,0.152438,-0.125154,0,1,3,17,0.62
102.58,0,0.0575048,0.161222,-0.105518,0,1,3,17,0.62
102.68,0.0973772,0.0874622,0.160112,-0.123243,0,1,3,17,0.62
102.78,0.117481,0.232364,0.143986,-0.139675,0,1,3,17,0.62
102.88,0.157497,0.539975,0.128654,-0.142882,0,1,3,17,0.62
102.98,0.199927,0.602393,0.114523,-0.125315,0,1,3,17,0.62
103.08,0.219983,0.632474,0.159901,-0.0983624,0,1,3,17,0.62
103.18,0.252479,0.692462,0.295739,-0.0899447,0,1,3,17,0.62
103.28,0.302497,0.734998,0.434695,-0.059716,0,1,3,17,0.62
103.38,0.334987,0.762489,0.578366,-0.0238163,0,1,3,17,0.62
103.48,0.354987,0.782487,0.749919,0.0227884,0,1,3,17,0.62
103.58,0.397482,0.817485,0.96381,0.121424,0,1,3,17,0.62
103.68,0.409988,0.730087,1.13439,0.237811,0,1,3,17,0.62
103.78,0.390013,0.712511,1.23934,0.292714,0,1,3,17,0.62
103.88,0.350038,0.690021,1.34251,0.363576,0,1,3,17,0.62
103.98,0.307573,0.682513,1.44299,0.463524,0,1,3,17,0.62
104.08,0.287515,0.697489,1.49871,0.483219,0,1,3,17,0.62
104.18,0.252526,0.767449,1.48657,0.487382,0,1,3,17,0.62
104.28,0.212539,0.817452,1.45312,0.503588,0,1,3,17,0.62
104.38,0.185028,0.862454,1.38743,0.55778,0,1,3,17,0.62
104.48,0.194986,0.89745,1.30703,0.596493,0,1,3,17,0.62
104.58,0.187503,0.96247,1.20429,0.600575,0,1,3,17,0.62
104.68,0.212479,0.999969,1.10953,0.569157,0,1,3,17,0.62
104.78,0.242168,1,1.04734,0.541974,0,1,3,17,0.62
104.88,0.2425,1,1.02462,0.512078,0,1,3,17,0.62
104.98,0.2425,1,1.06163,0.503605,0,1,3,17,0.62
105.08,0.220011,1,1.07706,0.504208,0,1,3,17,0.62
105.18,0.2225,1,1.05974,0.528339,0,1,3,17,0.62
105.28,0.227498,1,1.05026,0.556101,0,1,3,17,0.62
105.38,0.2275,1,1.05267,0.574934,0,1,3,17,0.62
105.48,0.2275,1,1.07948,0.571804,0,1,3,17,0.62
105.58,0.212517,1,1.14334,0.538491,0,1,3,17,0.62
105.68,0.2125,1,1.16787,0.570575,0,1,3,17,0.62
105.78,0.214998,1,1.13281,0.608394,0,1,3,17,0.62
105.88,0.217497,1,1.09803,0.619092,0,1,3,17,0.62
105.98,0.210012,1,1.06369,0.604042,0,1,3,17,0.62
106.08,0.214997,1,1.04685,0.57639,0,1,3,17,0.62
106.18,0.215,1,1.05661,0.565953,0,1,3,17,0.62
106.28,0.219997,1,1.05245,0.600402,0,1,3,16,0.62
106.38,0.2225,1,1.02723,0.635186,0,1,3,16,0.62
106.48,0.224999,1,1.02272,0.625596,0,1,3,16,0.62
106.58,0.212509,1,1.04955,0.635915,0,1,3,16,0.62
106.68,0.219999,1,1.05659,0.6012,0,1,3,16,0.64
106.78,0.212502,1,1.03365,0.590941,0,1,3,16,0.64
106.88,0.214996,1,1.00617,0.60935,0,1,3,16,0.64
106.98,0.190035,1,0.971837,0.608294,0,1,3,16,0.64
107.08,0.155034,1,0.934163,0.618127,0,1,3,16,0.64
107.18,0.12002,1,0.89427,0.577688,0,1,3,16,0.64
107.28,0.100012,1,0.833332,0.552347,0,1,3,16,0.64
107.38,-0.127307,1,0.740501,0.554035,0,1,3,16,0.64
107.48,-0.174959,1,0.664611,0.556621,0,1,3,16,0.64
107.58,-0.199982,1,0.614394,0.557668,0,1,3,16,0.64
107.68,-0.247475,0.510255,0.568018,0.588226,0,1,3,16,0.64
107.78,-0.274989,-0.0547683,0.52744,0.594752,0,1,3,16,0.64
107.88,-0.270004,-0.0949708,0.498446,0.534993,0,1,3,16,0.64
107.98,-0.257508,-0.0974985,0.486968,0.493742,0,1,3,16,0.64
108.08,-0.237511,-0.0950014,0.455965,0.47093,0,1,3,16,0.64
108.18,-0.225005,-0.0900018,0.395388,0.441822,0,1,3,16,0.64
108.28,-0.2175,-0.0875016,0.346255,0.414245,0,1,3,16,0.64
108.38,-0.202507,-0.169964,0.314476,0.381259,0,1,3,16,0.64
108.48,-0.187521,-0.477073,0.29504,0.365748,0,1,3,16,0.64
108.58,-0.182504,-0.549938,0.294309,0.355652,0,1,3,16,0.64
108.68,-0.172511,-0.547503,0.285636,0.360055,0,1,3,16,0.64
108.78,-0.165087,-0.312747,0.244468,0.362247,0,1,3,16,0.64
108.88,-0.155013,-0.0778007,0.214761,0.370279,0,1,3,17,0.64
108.98,-0.10756,-0.164889,0.202436,0.401557,0,1,3,17,0.64
109.08,0.117279,-0.629544,0.186937,0.445454,0,1,3,17,0.64
109.18,0.137494,-0.677487,0.166627,0.457957,0,1,3,17,0.64
109.28,0.179988,-0.689996,0.149722,0.427407,0,1,3,17,0.64
109.38,0.219987,-0.709993,0.137987,0.406771,0,1,3,17,0.64
109.48,0.239982,-0.769947,0.164603,0.414605,0,1,3,17,0.64
109.58,0.274984,-0.832472,0.249188,0.387438,0,1,3,17,0.64
109.68,0.322481,-0.834999,0.375593,0.338888,0,1,3,17,0.62
109.78,0.354975,-0.810019,0.565339,0.284742,0,1,3,17,0.62
109.88,0.335009,-0.807501,0.766695,0.24866,0,1,3,17,0.62
109.98,0.295029,-0.844973,0.985634,0.150839,0,1,3,17,0.62
110.08,0.255033,-0.845,1.14483,0.0792245,0,1,3,17,0.62
110.18,0.232517,-0.862487,1.21365,0.0130751,0,1,3,17,0.62
110.28,0.192522,-0.934961,1.24052,-0.0967689,0,1,3,17,0.62
110.38,0.152521,-0.999966,1.20387,-0.108649,0,1,3,17,0.62
110.48,0.132523,-1,1.16541,-0.118583,0,1,3,17,0.62
110.58,0.0975305,-1,1.12421,-0.204866,0,1,3,17,0.62
110.68,-0.129725,-1,1.06833,-0.189245,0,1,3,17,0.62
110.78,-0.17695,-1,0.952092,-0.199342,0,1,3,17,0.62
110.88,-0.20249,-1,0.85064,-0.22304,0,1,3,17,0.62
110.98,-0.18751,-1,0.771652,-0.205679,0,1,3,17,0.62
111.08,-0.137512,-1,0.727264,-0.18971,0,1,3,16,0.62
111.18,-0.115008,-1,0.735214,-0.256507,0,1,3,16,0.62
111.28,0.109935,-1,0.724913,-0.264733,0,1,3,17,0.62
111.38,0.152466,-1,0.686921,-0.226568,0,1,3,17,0.62
111.48,0.172488,-1,0.675222,-0.220074,0,1,3,16,0.62
111.58,0.204983,-1,0.70335,-0.230861,0,1,3,16,0.62
111.68,0.207498,-1,0.728817,-0.190863,0,1,3,17,0.62
111.78,0.175036,-1,0.750258,-0.155075,0,1,3,17,0.62
111.88,0.172501,-1,0.774181,-0.173204,0,1,3,17,0.62
111.98,0.130043,-1,0.801869,-0.176796,0,1,3,17,0.62
112.08,0.0900408,-1,0.789125,-0.142503,0,1,3,18,0.62
112.18,-0.114873,-1,0.715002,-0.166395,0,1,3,18,0.62
112.28,-0.16249,-1,0.631125,-0.193151,0,1,3,18,0.62
112.38,-0.212423,-0.825269,0.532464,-0.192299,0,1,3,18,0.62
112.48,-0.234986,-0.85748,0.475844,-0.195664,0,1,3,18,0.62
112.58,-0.274996,-0.695016,0.482777,-0.227739,0,1,3,18,0.62
112.68,-0.277497,-0.133208,0.491344,-0.234742,0,1,3,18,0.6
112.78,-0.272559,0.000918334,0.506591,-0.146882,0,1,3,18,0.6
112.88,-0.27,-0.0025,0.511133,-0.10179,0,1,3,18,0.6
112.98,-0.267502,-0.0025,0.49947,-0.121856,0,1,3,18,0.6
113.08,-0.262504,-1.87508e-06,0.47658,-0.108064,0,1,3,18,0.6
113.18,-0.260002,-0.00249798,0.436671,-0.0901033,0,1,3,18,0.6
113.28,-0.257502,-2.00002e-06,0.39709,-0.0948043,0,1,3,18,0.6
113.38,-0.245013,0,0.358008,-0.0794562,0,1,3,18,0.6
113.48,-0.240004,0,0.325266,-0.0567438,0,1,3,18,0.6
113.58,-0.232506,-0.00249807,0.302132,-0.0569652,0,1,3,18,0.6
113.68,-0.225008,-2.82398e-06,0.284638,-0.0664181,0,1,3,18,0.6
113.78,-0.2225,0,0.275689,-0.0671553,0,1,3,18,0.6
113.88,-0.224999,0.00249915,0.261793,-0.0761634,0,1,3,18,0.6
113.98,-0.217507,0.00499778,0.240395,-0.0685642,0,1,3,18,0.6
114.08,-0.222496,3.50067e-06,0.231027,-0.0338177,0,1,3,18,0.6
114.18,-0.220001,-0.00249935,0.239935,-0.0214324,0,1,3,18,0.6
114.28,-0.217502,-1.69929e-06,0.222466,-0.0338723,0,1,3,18,0.6
114.38,-0.212503,0,0.165164,-0.0157005,0,1,3,18,0.6
114.48,-0.207503,-0.00249848,0.147033,0.012083,0,1,3,18,0.6
114.58,-0.202502,-0.00999715,0.188235,0.0151143,0,1,3,18,0.6
114.68,-0.190018,-0.00750357,0.196315,-0.0126185,0,1,3,18,0.6
114.78,-0.187502,-6.22874e-06,0.154194,-0.0327728,0,1,3,18,0.6
114.88,-0.155026,0,0.13702,-0.013598,0,1,3,18,0.6
114.98,-0.115048,-0.00249698,0.157623,-0.00603385,0,1,3,18,0.6
115.08,-8.28406e-05,-0.0049982,0.156273,-0.00946798,0,1,3,18,0.6
115.18,0,-4.1995e-06,0.12158,-0.0412373,0,1,3,18,0.6
115.28,0,0.0049945,0.099425,-0.0453287,0,1,3,18,0.6
115.38,0,0.005,0.0962509,-0.0057605,0,1,3,18,0.6
115.48,0,-0.00249573,0.111973,0.00786592,0,1,3,18,0.6
115.58,0,-1.89964e-06,0.156286,-0.0286739,0,1,3,18,0.6
115.68,0,0.00499565,0.166458,-0.0544996,0,1,3,18,0.6
115.78,0,0.00749912,0.12498,-0.0237639,0,1,3,18,0.6
115.88,0,3.44962e-06,0.104496,-0.0104154,0,1,3,18,0.6
115.98,0,0.00249703,0.115782,-0.029279,0,1,3,18,0.6
116.08,0,0.00499932,0.10607,-0.0410328,0,1,3,18,0.6
116.18,0,0.00749935,0.0644553,-0.0363751,0,1,3,18,0.6
116.28,0,0.00500207,0.0526511,-0.0277274,0,1,3,17,0.6
116.38,0,0.005,0.0859726,-0.0276901,0,1,3,17,0.6
116.48,0,0.005,0.102487,-0.0404706,0,1,3,17,0.6
116.58,0,0.00749812,0.0935477,-0.0514405,0,1,3,17,0.6
116.68,0,0.009997,0.0827968,-0.0534303,0,1,3,17,0.62
116.78,0,0.01,0.0646745,-0.0541362,0,1,3,17,0.62
116.88,0,0.01,0.0647086,-0.0611151,0,1,3,17,0.62
116.98,0,0.0124969,0.0922446,-0.0596402,0,1,3,17,0.62
117.08,0,0.0100015,0.10037,-0.0536497,0,1,3,17,0.62
117.18,0,0.01,0.0789942,-0.0507097,0,1,3,17,0.62
117.28,0,0.01,0.0651731,-0.0526404,0,1,3,17,0.62
117.38,0,0.01,0.0627729,-0.0580137,0,1,3,17,0.62
117.48,0,0.01,0.065064,-0.067763,0,1,3,17,0.62
117.58,0,0.0124978,0.0744632,-0.0839482,0,1,3,17,0.62
117.68,0,0.0174988,0.0766516,-0.0899147,0,1,3,17,0.62
117.78,0,0.0175,0.0678863,-0.0932264,0,1,3,17,0.62
117.88,0,0.0175,0.0618563,-0.0860396,0,1,3,17,0.62
117.98,0,0.015003,0.0599629,-0.0834825,0,1,3,17,0.62
118.08,0,-0.0149838,0.0665506,-0.083558,0,1,3,17,0.62
118.18,0,-0.015,0.0860033,-0.0891547,0,1,3,17,0.62
118.28,0,-0.0174976,0.0843369,-0.093349,0,1,3,17,0.62
118.38,0,-0.0150022,0.0506915,-0.0820402,0,1,3,17,0.62
118.48,0,-0.015,0.0388944,-0.079147,0,1,3,17,0.62
118.58,0,-0.015,0.0602395,-0.0873217,0,1,3,17,0.62
118.68,0,-0.017498,0.0751216,-0.0932408,0,1,3,17,0.62
118.78,0,-0.0175,0.0635895,-0.090386,0,1,3,17,0.62
118.88,0,-0.0175,0.0702542,-0.0901311,0,1,3,17,0.62
118.98,0,-0.0199981,0.104434,-0.101739,0,1,3,17,0.62
119.08,0,-0.02,0.108385,-0.0985192,0,1,3,17,0.62
119.18,0,-0.0175018,0.0665127,-0.089712,0,1,3,17,0.62
119.28,0,-0.0150009,0.0515917,-0.0883407,0,1,3,17,0.62
119.38,0,-0.015,0.0774432,-0.0834803,0,1,3,17,0.62
119.48,0,-0.015,0.0964203,-0.0801207,0,1,3,17,0.62
119.58,0,-0.0174977,0.105,-0.0901643,0,1,3,17,0.62
119.68,0,-0.0175,0.0973323,-0.102673,0,1,3,17,0.62
119.78,0,-0.0199981,0.0650532,-0.107429,0,1,3,17,0.62
119.88,0,-0.02,0.0557307,-0.104441,0,1,3,17,0.62
119.98,0,-0.02,0.0811954,-0.0981126,0,1,3,17,0.62
120.08,0,-0.02,0.0952798,-0.100274,0,1,3,17,0.62
120.18,0,-0.02,0.0921082,-0.104286,0,1,3,17,0.62
120.28,0,-0.017501,0.0876658,-0.104558,0,1,3,17,0.62
120.38,0,-0.0150005,0.0813031,-0.0916906,0,1,3,17,0.62
120.48,0,-0.017497,0.0828314,-0.100527,0,1,3,17,0.62
120.58,0,-0.022498,0.0962963,-0.118265,0,1,3,17,0.62
120.68,0,-0.0249987,0.0951615,-0.12573,0,1,3,17,0.62
120.78,0,-0.0225,0.0719379,-0.117353,0,1,3,17,0.62
120.88,0,-0.0200008,0.0655241,-0.111263,0,1,3,17,0.62
120.98,0,-0.02,0.0846169,-0.112477,0,1,3,17,0.62
121.08,0,-0.0224964,0.0977169,-0.117067,0,1,3,17,0.62
121.18,0,-0.0225,0.101714,-0.117976,0,1,3,17,0.62
121.28,0,-0.0225,0.102056,-0.112049,0,1,3,17,0.62
121.38,0,-0.0225,0.096869,-0.109127,0,1,3,17,0.62
121.48,0,-0.0225,0.0970339,-0.115993,0,1,3,17,0.62
121.58,0,-0.0225,0.105308,-0.125703,0,1,3,17,0.62
121.68,0,-0.0249991,0.101542,-0.140761,0,1,3,17,0.62
121.78,0,-0.025,0.0795503,-0.146746,0,1,3,17,0.62
121.88,0,-0.025,0.0754018,-0.137934,0,1,3,17,0.62
121.98,0,-0.025,0.0982498,-0.127903,0,1,3,17,0.62
122.08,0,-0.025,0.107654,-0.127795,0,1,3,17,0.62
122.18,0,-0.025,0.0967221,-0.14078,0,1,3,17,0.62
122.28,0,-0.0274992,0.0851405,-0.145066,0,1,3,17,0.62
122.38,0,-0.0275,0.0725746,-0.133962,0,1,3,17,0.62
122.48,0,-0.0250021,0.077354,-0.136348,0,1,3,17,0.62
122.58,0,-0.0274979,0.108456,-0.15056,0,1,3,17,0.62
122.68,0,-0.0275,0.122158,-0.156323,0,1,3,18,0.62
122.78,0,-0.0299714,0.064487,-0.152987,0,1,3,18,0.62
122.88,0,-0.0275018,0.0528866,-0.138402,0,1,3,18,0.62
122.98,0,-0.0250034,0.111157,-0.117972,0,1,3,18,0.62
123.08,0,-0.022503,0.13063,-0.113942,0,1,3,18,0.62
123.18,0,-0.0225,0.0913025,-0.129549,0,1,3,18,0.62
123.28,0,-0.027498,0.0685618,-0.137964,0,1,3,18,0.62
123.38,0,-0.0250025,0.0709189,-0.126293,0,1,3,18,0.62
123.48,0,-0.0225032,0.086155,-0.117075,0,1,3,18,0.62
123.58,0,-0.0200013,0.12093,-0.128389,0,1,3,18,0.62
123.68,0,-0.0274964,0.130398,-0.148148,0,1,3,18,0.6
123.78,0,-0.0299992,0.101551,-0.151158,0,1,3,18,0.6
123.88,0,-0.0299999,0.0804527,-0.128424,0,1,3,18,0.6
123.98,0,-0.02251,0.0710969,-0.101659,0,1,3,18,0.6
124.08,0,-0.0150075,0.0797503,-0.0967377,0,1,3,18,0.6
124.18,0,-0.017498,0.115702,-0.118156,0,1,3,18,0.6
124.28,0,-0.0249921,0.125774,-0.154195,0,1,3,18,0.6
124.38,0,-0.034991,0.0966638,-0.173066,0,1,3,18,0.6
124.48,0,-0.035,0.0804469,-0.151609,0,1,3,18,0.6
124.58,0,-0.0275041,0.0837857,-0.110087,0,1,3,18,0.6
124.68,0,-0.0175013,0.0835859,-0.0988202,0,1,3,18,0.6
124.78,0,-0.0224983,0.0780299,-0.135051,0,1,3,18,0.6
124.88,0,-0.0274977,0.0755283,-0.16811,0,1,3,18,0.6
124.98,0,-0.0324948,0.0776438,-0.154875,0,1,3,18,0.6
125.08,0,-0.0275015,0.0744514,-0.113214,0,1,3,18,0.6
125.18,0,-0.0200037,0.0632254,-0.0977716,0,1,3,18,0.6
125.28,0,-0.02,0.0729713,-0.119176,0,1,3,18,0.6
125.38,0,-0.0224986,0.114497,-0.131793,0,1,3,18,0.6
125.48,0,-0.0249991,0.124173,-0.12563,0,1,3,18,0.6
125.58,0,-0.025,0.0855708,-0.133737,0,1,3,18,0.6
125.68,0,-0.0274977,0.0588903,-0.150651,0,1,3,18,0.6
125.78,0,-0.0275,0.0808211,-0.138588,0,1,3,18,0.6
125.88,0,-0.0225026,0.102766,-0.102969,0,1,3,18,0.6
125.98,0,-0.017508,0.124732,-0.0871996,0,1,3,18,0.6
126.08,0,-0.0175,0.126954,-0.0970151,0,1,3,18,0.6
126.18,0,-0.0199978,0.0992048,-0.107606,0,1,3,18,0.6
126.28,0,-0.02,0.0891448,-0.117139,0,1,3,18,0.6
126.38,0,-0.02,0.105871,-0.124396,0,1,3,18,0.6
126.48,0,-0.0224984,0.110427,-0.127827,0,1,3,18,0.6
126.58,0,-0.0249995,0.0965172,-0.120729,0,1,3,18,0.6
126.68,0,-0.025,0.100085,-0.121252,0,1,3,18,0.6
126.78,0,-0.025,0.130101,-0.130365,0,1,3,18,0.6
126.88,0,-0.0225019,0.135284,-0.131684,0,1,3,18,0.6
126.98,0,-0.0200032,0.10293,-0.127878,0,1,3,18,0.6
127.08,0,-0.0224989,0.0881313,-0.114458,0,1,3,18,0.6
127.18,0,-0.0225,0.0999352,-0.115265,0,1,3,18,0.6
127.28,0,-0.027492,0.107606,-0.145168,0,1,3,18,0.6
127.38,0,-0.0299976,0.109023,-0.154858,0,1,3,18,0.6
127.48,0,-0.03,0.104575,-0.131155,0,1,3,18,0.6
127.58,0,-0.0250034,0.0912386,-0.117169,0,1,3,18,0.6
127.68,0,-0.0200048,0.0897906,-0.13173,0,1,3,18,0.6
127.78,0,-0.0249945,0.106389,-0.157061,0,1,3,18,0.6
127.88,0,-0.0274988,0.109078,-0.156972,0,1,3,18,0.6
127.98,0,-0.0299986,0.0906973,-0.128821,0,1,3,18,0.6
128.08,0,-0.0275016,0.0878839,-0.107824,0,1,3,18,0.6
128.18,0,-0.0225031,0.108625,-0.115832,0,1,3,18,0.6
128.28,0,-0.0200008,0.128093,-0.13793,0,1,3,18,0.6
128.38,0,-0.02,0.145631,-0.142276,0,1,3,18,0.6
128.48,0,-0.0249973,0.141221,-0.121268,0,1,3,18,0.6
128.58,0,-0.0274997,0.103484,-0.109671,0,1,3,18,0.6
128.68,0,-0.0275,0.0776896,-0.137689,0,1,3,17,0.6
128.78,0,-0.0275,0.100717,-0.146261,0,1,3,17,0.6
128.88,0,-0.0175094,0.119267,-0.102044,0,1,3,17,0.6
128.98,0,-0.0100092,0.131038,-0.0513632,0,1,3,17,0.6
129.08,0,-0.01,0.125828,-0.033984,0,1,3,17,0.6
129.18,0,-0.012497,0.0948713,-0.0759423,0,1,3,17,0.6
129.28,0,-0.0199934,0.0931565,-0.13444,0,1,3,17,0.6
129.38,0,-0.0224994,0.135783,-0.14157,0,1,3,17,0.6
129.48,0,-0.0200012,0.144097,-0.0920946,0,1,3,17,0.6
129.58,0,-0.0150027,0.100372,-0.0336281,0,1,3,17,0.6
129.68,0,-0.00750442,0.0865291,-0.0369294,0,1,3,18,0.6
129.78,0,-0.0124987,0.117923,-0.104786,0,1,3,18,0.6
129.88,0,-0.0199951,0.132026,-0.157004,0,1,3,18,0.6
129.98,0,-0.0249941,0.119967,-0.131407,0,1,3,18,0.6
130.08,0,-0.017505,0.101835,-0.0645136,0,1,3,18,0.6
130.18,0,-0.0150011,0.0744857,-0.0558333,0,1,3,18,0.6
130.28,0,-0.0174985,0.0849031,-0.122303,0,1,3,18,0.6
130.38,0,-0.0274913,0.152557,-0.177288,0,1,3,18,0.6
130.48,0,-0.0299972,0.168582,-0.152801,0,1,3,18,0.6
130.58,0,-0.0250025,0.106379,-0.0732415,0,1,3,18,0.6
130.68,0,-0.007514,0.0582144,-0.0265381,0,1,3,18,0.6
130.78,0,-0.0075,0.067445,-0.0534369,0,1,3,18,0.6
130.88,0,-0.0149932,0.0906131,-0.106039,0,1,3,17,0.6
130.98,0,-0.0249867,0.13491,-0.145029,0,1,3,17,0.6
131.08,0,-0.0225014,0.148609,-0.120422,0,1,3,17,0.6
131.18,0,-0.015006,0.115904,-0.0518794,0,1,3,17,0.6
131.28,0,-0.005006,0.0924925,-0.0109499,0,1,3,17,0.6
131.38,0,-0.0074992,0.0831512,-0.0310845,0,1,3,17,0.6
131.48,0,-0.0124974,0.100565,-0.0864462,0,1,3,17,0.6
131.58,0,-0.017498,0.158512,-0.107506,0,1,3,17,0.6
131.68,0,-0.0125002,0.177168,-0.0688715,0,1,3,17,0.62
131.78,0,-0.00500345,0.136318,-0.0203525,0,1,3,17,0.62
131.88,0,-0.0025013,0.106902,-0.012183,0,1,3,16,0.62
131.98,0,-0.00749445,0.094773,-0.0455572,0,1,3,16,0.62
132.08,0,-0.0149884,0.0932881,-0.0863549,0,1,3,16,0.62
132.18,0,-0.015,0.107941,-0.0835503,0,1,3,16,0.62
132.28,0,-0.0075069,0.111798,-0.0497126,0,1,3,16,0.62
132.38,0,-0.00500242,0.0993138,-0.0205685,0,1,3,16,0.62
132.48,0,-0.005,0.101651,-0.00878126,0,1,3,16,0.62
132.58,0,-0.005,0.126487,-0.0423397,0,1,3,16,0.62
132.68,0,-0.00999635,0.144523,-0.095784,0,1,3,16,0.64
132.78,0,-0.0149421,0.134762,-0.0968913,0,1,3,16,0.64
132.88,0,-0.0125005,0.119145,-0.034427,0,1,3,17,0.64
132.98,0,-0.00251039,0.094675,0.0187867,0,1,3,17,0.64
133.08,0,-2.20035e-06,0.0869096,-0.00431472,0,1,3,17,0.64
133.18,0,-0.0049973,0.104466,-0.0731542,0,1,3,17,0.64
133.28,0,-0.0124983,0.125174,-0.0863144,0,1,3,17,0.64
133.38,0,-0.00500262,0.150653,-0.0487333,0,1,3,17,0.64
133.48,0,-0.005,0.143967,-0.0115631,0,1,3,17,0.64
133.58,0,-0.005,0.0884619,0.0055822,0,1,3,17,0.64
133.68,0,-0.005,0.0764577,-0.0287051,0,1,3,17,0.62
133.78,0,-0.005,0.130309,-0.0765927,0,1,3,17,0.62
133.88,0,-0.00749775,0.160196,-0.0825551,0,1,3,17,0.62
133.98,0,-0.0075,0.153793,-0.0472983,0,1,3,17,0.62
134.08,0,-0.0075,0.133751,0.00492913,0,1,3,17,0.62
134.18,0,-0.00500098,0.0930065,0.0118143,0,1,3,17,0.62
134.28,0,-0.00250088,0.0921648,-0.0392301,0,1,3,17,0.62
134.38,0,-0.00499908,0.151737,-0.078077,0,1,3,17,0.62
134.48,0,-0.005,0.171936,-0.0688452,0,1,3,17,0.62
134.58,0,-0.005,0.132465,-0.0336974,0,1,3,17,0.62
134.68,0,-0.009996,0.103654,-0.0159792,0,1,3,17,0.62
134.78,0,-0.01,0.11831,-0.0271974,0,1,3,17,0.62
134.88,0,-0.00750053,0.125802,-0.0392744,0,1,3,17,0.62
134.98,0,-0.00250923,0.122444,-0.0350466,0,1,3,17,0.62
135.08,0,-2.95198e-06,0.119492,-0.0479175,0,1,3,16,0.62
135.18,0,-0.00499625,0.117154,-0.0863187,0,1,3,16,0.62
135.28,0,-0.0199919,0.106546,-0.0841393,0,1,3,16,0.62
135.38,0,-0.0175019,0.0834126,-0.0460702,0,1,3,16,0.62
135.48,0,-0.0150025,0.0852763,-0.0259527,0,1,3,16,0.62
135.58,0,-0.0050107,0.125114,-0.0429133,0,1,3,16,0.62
135.68,0,-0.005,0.135633,-0.0855119,0,1,3,16,0.64
135.78,0,-0.014994,0.101741,-0.106739,0,1,3,16,0.64
135.88,0,-0.0199973,0.0795248,-0.0933031,0,1,3,16,0.64
135.98,0,-0.0224967,0.0749539,-0.0740349,0,1,3,16,0.64
136.08,0,-0.0175011,0.0834222,-0.0540123,0,1,3,16,0.64
136.18,0,-0.0100022,0.111633,-0.0580204,0,1,3,16,0.64
136.28,0,-0.00750135,0.130207,-0.0955819,0,1,3,16,0.64
136.38,0,-0.0174987,0.134172,-0.120207,0,1,3,16,0.64
136.48,0,0.0224776,0.129337,-0.112984,0,1,3,16,0.64
136.58,0,-0.022469,0.111156,-0.0892085,0,1,3,16,0.64
136.68,0,-0.017505,0.104631,-0.0747568,0,1,3,16,0.64
136.78,0,-0.0150021,0.115742,-0.0795827,0,1,3,16,0.64
136.88,0,-0.015,0.130823,-0.0891347,0,1,3,16,0.64
136.98,0,0.01495,0.151908,-0.0918774,0,1,3,16,0.64
137.08,0,0.0174972,0.148074,-0.0972815,0,1,3,16,0.64
137.18,0,0.0199994,0.106379,-0.113387,0,1,3,16,0.64
137.28,0,0.0224977,0.0822183,-0.120511,0,1,3,16,0.64
137.38,0,0.0249986,0.0845992,-0.0972262,0,1,3,16,0.64
137.48,0,0.0175053,0.0946319,-0.0738937,0,1,3,16,0.64
137.58,0,0.0150007,0.116286,-0.0841852,0,1,3,16,0.64
137.68,0,0.0174987,0.126192,-0.112073,0,1,3,16,0.64
137.78,0,0.0199988,0.11833,-0.137595,0,1,3,16,0.64
137.88,0,0.0274945,0.11352,-0.144225,0,1,3,16,0.64
137.98,0,0.0250026,0.113331,-0.11493,0,1,3,16,0.64
138.08,0,0.0225019,0.121119,-0.0896211,0,1,3,16,0.64
138.18,0,0.0200024,0.141008,-0.102592,0,1,3,16,0.64
138.28,0,0.0224981,0.14202,-0.136709,0,1,3,16,0.64
138.38,0,0.0274973,0.114349,-0.153441,0,1,3,16,0.64
138.48,0,0.0275,0.105174,-0.147207,0,1,3,16,0.64
138.58,0,0.0275,0.124051,-0.13808,0,1,3,16,0.64
138.68,0,0.0275,0.127309,-0.128848,0,1,3,16,0.64
138.78,0,0.0250006,0.106929,-0.121104,0,1,3,16,0.64
138.88,0,0.025,0.0921981,-0.125451,0,1,3,16,0.64
138.98,0,0.025,0.100564,-0.14966,0,1,3,16,0.64
139.08,0,0.0299963,0.112116,-0.167927,0,1,3,16,0.64
139.18,0,0.03,0.128492,-0.155397,0,1,3,16,0.64
139.28,0,0.0275016,0.135804,-0.112816,0,1,3,16,0.64
139.38,0,0.0200869,0.106047,-0.0880723,0,1,3,16,0.64
139.48,0,0.02,0.0936706,-0.112742,0,1,3,16,0.64
139.58,0,0.0274967,0.107634,-0.145769,0,1,3,16,0.64
139.68,0,0.0275,0.125346,-0.128423,0,1,3,16,0.64
139.78,0,0.017509,0.148723,-0.083901,0,1,3,16,0.64
139.88,0,0.0100088,0.149948,-0.0557039,0,1,3,16,0.64
139.98,0,0.0124969,0.117603,-0.0622002,0,1,3,16,0.64
140.08,0,0.0174948,0.115058,-0.0974063,0,1,3,16,0.64
140.18,0,0.0224955,0.157697,-0.114339,0,1,3,16,0.64
140.28,0,0.0175041,0.17915,-0.0924069,0,1,3,16,0.64
140.38,0,0.0125009,0.168412,-0.0484136,0,1,3,16,0.64
140.48,0,0.00251179,0.142737,-0.0192906,0,1,3,16,0.64
140.58,0,0.00499915,0.0944169,-0.0321559,0,1,3,16,0.64
140.68,0,0.0099962,0.0710982,-0.0721877,0,1,3,16,0.64
140.78,0,0.0174104,0.149824,-0.0864217,0,1,3,16,0.64
140.88,0,0.0125025,0.187564,-0.0479326,0,1,3,16,0.64
140.98,0,1.13702e-05,0.163121,0.00900141,0,1,3,16,0.64
141.08,0,-0.0049981,0.129871,0.0298951,0,1,3,16,0.64
141.18,0,-0.00250147,0.0832705,-0.0079098,0,1,3,16,0.64
141.28,0,0.0074921,0.0827454,-0.0614619,0,1,3,17,0.64
141.38,0,0.0124947,0.15219,-0.0575087,0,1,3,17,0.64
141.48,0,0.0075074,0.193185,-0.00321124,0,1,3,17,0.64
141.58,0,-0.00249359,0.191075,0.0415428,0,1,3,17,0.64
141.68,0,-0.00749545,0.180433,0.044393,0,1,3,17,0.62
141.78,0,-1.00457e-05,0.156867,0.0031022,0,1,3,17,0.62
141.88,0,0.00249975,0.15056,-0.0327597,0,1,3,17,0.62
141.98,0,0.00499655,0.170418,-0.0215714,0,1,3,17,0.62
142.08,0,-0.0024949,0.180705,0.0154269,0,1,3,17,0.62
142.18,0,-0.00499882,0.176473,0.0509325,0,1,3,17,0.62
142.28,0,-0.009999,0.160153,0.0622118,0,1,3,17,0.62
142.38,0,-0.00500235,0.125544,0.0340851,0,1,3,17,0.62
142.48,0,-0.002502,0.113311,0.00139926,0,1,3,17,0.62
142.58,0,-1.62524e-06,0.134982,-0.00674887,0,1,3,17,0.62
142.68,0,0,0.149378,0.00758618,0,1,3,17,0.62
142.78,0,-0.0049406,0.133885,0.031764,0,1,3,17,0.62
142.88,0,-0.00749704,0.12393,0.0394239,0,1,3,17,0.62
142.98,0,-0.00503124,0.136645,0.0250037,0,1,3,17,0.62
143.08,0,-0.0025019,0.141342,0.0216178,0,1,3,17,0.62
143.18,0,-0.0025,0.133874,0.0267857,0,1,3,17,0.62
143.28,0,-0.00499793,0.139626,0.0276384,0,1,3,17,0.62
143.38,0,-0.005,0.165408,0.0249158,0,1,3,17,0.62
143.48,0,-0.005,0.178954,0.0211773,0,1,3,17,0.62
143.58,0,-0.00250138,0.173944,0.0286759,0,1,3,17,0.62
143.68,0,-0.00499748,0.168743,0.0373477,0,1,3,17,0.62
143.78,0,-0.005,0.162758,0.0305903,0,1,3,17,0.62
143.88,0,-0.005,0.151617,0.0261606,0,1,3,17,0.62
143.98,0,-0.005,0.13267,0.0229288,0,1,3,17,0.62
144.08,0,-0.00250123,0.131376,0.014406,0,1,3,17,0.62
144.18,0,-4.75143e-07,0.156881,0.0158465,0,1,3,17,0.62
144.28,0,0,0.17014,0.0351533,0,1,3,17,0.62
144.38,0,-0.00998472,0.16484,0.0557896,0,1,3,17,0.62
144.48,0,-0.0124974,0.157106,0.0536265,0,1,3,17,0.62
144.58,0,-0.0100023,0.14568,0.032272,0,1,3,17,0.62
144.68,0,-0.0025093,0.139594,0.0198812,0,1,3,17,0.62
144.78,0,-0.0025,0.141595,0.0287308,0,1,3,17,0.62
144.88,0,-0.00499768,0.146597,0.0472982,0,1,3,17,0.62
144.98,0,-0.00999355,0.156139,0.0527551,0,1,3,17,0.62
145.08,0,-0.01,0.15172,0.0459677,0,1,3,16,0.62
145.18,0,-0.00750152,0.126108,0.0370368,0,1,3,16,0.62
145.28,0,-0.0050018,0.119888,0.0378769,0,1,3,16,0.62
145.38,0,-0.005,0.143045,0.0516753,0,1,3,16,0.62
145.48,0,-0.00749863,0.155827,0.071348,0,1,3,16,0.62
145.58,0,-0.0149965,0.15292,0.0778424,0,1,3,16,0.62
145.68,0,-0.015,0.149346,0.0602675,0,1,3,16,0.64
145.78,0,-0.00750143,0.144757,0.036539,0,1,3,16,0.64
145.88,0,-0.00250265,0.144619,0.0382747,0,1,3,16,0.64
145.98,0,-0.00749211,0.151222,0.0664359,0,1,3,16,0.64
146.08,0,-0.0149926,0.154152,0.0812417,0,1,3,16,0.64
146.18,0,-0.015,0.151494,0.0675423,0,1,3,16,0.64
146.28,0,-0.0100049,0.144385,0.054441,0,1,3,16,0.64
146.38,0,-0.00750193,0.130535,0.0561499,0,1,3,16,0.64
146.48,0,-0.0099974,0.128225,0.0653762,0,1,3,16,0.64
146.58,0,-0.0124968,0.143415,0.0687785,0,1,3,16,0.64
146.68,0,-0.0125,0.155267,0.0726768,0,1,3,16,0.64
146.78,0,-0.0149705,0.153484,0.0811715,0,1,3,16,0.64
146.88,0,-0.015,0.148576,0.0822872,0,1,3,16,0.64
146.98,0,-0.0100038,0.138942,0.0614839,0,1,3,16,0.64
147.08,0,-0.00750135,0.139562,0.042026,0,1,3,16,0.64
147.18,0,-0.00500113,0.15574,0.0551343,0,1,3,16,0.64
147.28,0,-0.0149916,0.167707,0.0976037,0,1,3,16,0.64
147.38,0,-0.0249972,0.173296,0.126851,0,1,3,16,0.64
147.48,0,-0.025,0.173974,0.128254,0,1,3,16,0.64
147.58,0,-0.0200084,0.167207,0.0981876,0,1,3,16,0.64
147.68,0,-0.00751263,0.162636,0.049108,0,1,3,16,0.64
147.78,0,-0.0050015,0.16139,0.0339918,0,1,3,16,0.64
147.88,0,-0.0074983,0.161074,0.0706529,0,1,3,16,0.64
147.98,0,-0.0199851,0.162169,0.117148,0,1,3,16,0.64
148.08,0,-0.0249943,0.151821,0.133034,0,1,3,16,0.64
148.18,0,-0.0225005,0.124109,0.106614,0,1,3,16,0.64
148.28,0,-0.0125053,0.115059,0.0668445,0,1,3,16,0.64
148.38,0,-0.0075023,0.134245,0.0546437,0,1,3,16,0.64
148.48,0,-0.0099987,0.145716,0.0676245,0,1,3,16,0.64
148.58,0,-0.0124977,0.14552,0.0793888,0,1,3,16,0.64
148.68,0,-0.0174963,0.142938,0.0904808,0,1,3,16,0.64
148.78,0,-0.0199722,0.130605,0.101181,0,1,3,16,0.64
148.88,0,-0.02,0.130719,0.0993255,0,1,3,16,0.64
148.98,0,-0.0150044,0.149697,0.0863938,0,1,3,16,0.64
149.08,0,-0.0100052,0.158608,0.0661167,0,1,3,16,0.64
149.18,0,-0.01,0.152242,0.0576686,0,1,3,16,0.64
149.28,0,-0.0124987,0.157599,0.0626437,0,1,3,16,0.64
149.38,0,-0.017497,0.1807,0.0757273,0,1,3,16,0.64
149.48,0,-0.0175,0.186244,0.100048,0,1,3,16,0.64
149.58,0,-0.0175,0.165166,0.109687,0,1,3,16,0.64
149.68,0,-0.0150014,0.139583,0.0826659,0,1,3,16,0.64
149.78,0,-0.0100013,0.107166,0.0560635,0,1,3,16,0.64
149.88,0,-0.01,0.106276,0.0550817,0,1,3,15,0.64
149.98,0,-0.01,0.153025,0.0649156,0,1,3,15,0.64
150.08,0,-0.012498,0.176253,0.0700004,0,1,3,15,0.64
150.18,0,-0.0149984,0.163876,0.0723068,0,1,3,15,0.64
150.28,0,-0.015,0.151315,0.0708616,0,1,3,15,0.64
150.38,0,-0.0100031,0.138473,0.0664152,0,1,3,15,0.64
150.48,0,-0.00750312,0.134216,0.064264,0,1,3,15,0.64
150.58,0,-0.0075,0.142971,0.0563457,0,1,3,15,0.64
150.68,0,-0.00999825,0.159141,0.0365408,0,1,3,15,0.66
150.78,0,-0.0075012,0.186552,0.0156792,0,1,3,15,0.66
150.88,0,-0.00500172,0.197044,0.0264798,0,1,3,15,0.66
150.98,0,-0.005,0.181912,0.0651876,0,1,3,15,0.66
151.08,0,-0.00749777,0.170397,0.0701658,0,1,3,15,0.66
151.18,0,-0.0025052,0.164363,0.0187984,0,1,3,15,0.66
151.28,0,-4.50387e-07,0.176095,-0.0347711,0,1,3,15,0.66
151.38,0,0.00249885,0.214728,-0.041509,0,1,3,15,0.66
151.48,0,2.07423e-06,0.216055,-0.0144489,0,1,3,15,0.66
151.58,0,0,0.16085,0.00927443,0,1,3,15,0.66
151.68,0,0,0.137926,0.00740012,0,1,3,15,0.66
151.78,0,0.00249858,0.163802,-0.0181157,0,1,3,15,0.66
151.88,0,0.0074981,0.178583,-0.044757,0,1,3,15,0.66
151.98,0,0.0075,0.17652,-0.0484696,0,1,3,15,0.66
152.08,0,0.0050027,0.170742,-0.0267479,0,1,3,15,0.66
152.18,0,4.6507e-06,0.159333,-0.00649279,0,1,3,15,0.66
152.28,0,0,0.153204,0.00131097,0,1,3,15,0.66
152.38,0,0.0024979,0.155065,0.00027575,0,1,3,15,0.66
152.48,0,0.00499703,0.162891,-0.0147705,0,1,3,15,0.66
152.58,0,0.00749792,0.179761,-0.0352485,0,1,3,15,0.66
152.68,0,0.00500295,0.198002,-0.036615,0,1,3,15,0.66
152.78,0,5.60808e-05,0.221844,-0.0186025,0,1,3,15,0.66
152.88,0,0,0.21382,0.00827666,0,1,3,15,0.66
152.98,0,0,0.157363,0.015815,0,1,3,15,0.66
153.08,0,0.00249758,0.146524,-0.00307852,0,1,3,15,0.66
153.18,0,0.00499985,0.204716,-0.0283009,0,1,3,15,0.66
153.28,0,0.00749905,0.222982,-0.034622,0,1,3,15,0.66
153.38,0,0.0025032,0.180982,-0.0201009,0,1,3,15,0.66
153.48,0,1.79986e-06,0.14906,-0.00488134,0,1,3,15,0.66
153.58,0,0,0.132429,-0.00751261,0,1,3,15,0.66
153.68,0,0.0049983,0.136058,-0.0176167,0,1,3,15,0.66
153.78,0,0.00749755,0.170362,-0.0215164,0,1,3,15,0.66
153.88,0,0.0050022,0.187231,-0.0161467,0,1,3,15,0.66
153.98,0,0.00250272,0.177612,-0.00497334,0,1,3,15,0.66
154.08,0,3.17443e-06,0.16629,-0.00292774,0,1,3,15,0.66
154.18,0,0,0.152388,-0.012144,0,1,3,15,0.66
154.28,0,0.00249817,0.142016,-0.0147066,0,1,3,15,0.66
154.38,0,0.00499735,0.136992,-0.0110632,0,1,3,15,0.66
154.48,0,0.005,0.14523,-0.00971889,0,1,3,16,0.66
154.58,0,0.00250118,0.173598,-0.00577657,0,1,3,16,0.66
154.68,0,1.07504e-06,0.181571,0.00139357,0,1,3,16,0.64
154.78,0,-0.00249925,0.158747,0.00913865,0,1,3,16,0.64
154.88,0,-0.0025,0.14474,0.00232552,0,1,3,16,0.64
154.98,0,0.0024954,0.144088,-0.0151819,0,1,3,16,0.64
155.08,0,0.00749485,0.144366,-0.026202,0,1,3,16,0.64
155.18,0,0.00250065,0.146059,-0.0130452,0,1,3,16,0.64
155.28,0,2.07355e-06,0.157622,0.00267223,0,1,3,16,0.64
155.38,0,-0.0049945,0.184134,0.000984438,0,1,3,16,0.64
155.48,0,-5.35016e-06,0.196641,0.00231217,0,1,3,17,0.64
155.58,0,0.00249857,0.187869,0.00515139,0,1,3,17,0.64
155.68,0,0.00499803,0.183355,-0.00647143,0,1,3,17,0.62
155.78,0,0.00250173,0.185294,-0.0287962,0,1,3,17,0.62
155.88,0,0.0025,0.180939,-0.0295384,0,1,3,17,0.62
155.98,0,3.94523e-06,0.167046,-0.00385477,0,1,3,17,0.62
156.08,0,0,0.165247,0.0215896,0,1,3,17,0.62
156.18,0,0,0.181793,0.0247367,0,1,3,17,0.62
156.28,0,0.00249813,0.176965,-0.00232462,0,1,3,17,0.62
156.38,0,0.0025,0.1398,-0.0229741,0,1,3,17,0.62
156.48,0,1.34972e-06,0.139178,-0.0162038,0,1,3,16,0.62
156.58,0,-0.0024988,0.193909,0.00215584,0,1,3,16,0.62
156.68,0,-0.0049995,0.208405,0.0364972,0,1,3,16,0.62
156.78,0,-0.00749883,0.161953,0.0755198,0,1,3,16,0.62
156.88,0,-0.0075,0.15449,0.0689279,0,1,3,16,0.62
156.98,0,-0.00500315,0.206001,0.0262361,0,1,3,16,0.62
157.08,0,-3.00198e-06,0.233846,-0.0237527,0,1,3,16,0.62
157.18,0,0.0024989,0.225829,-0.0448242,0,1,3,16,0.62
157.28,0,0.0025,0.207891,-0.00521673,0,1,3,16,0.62
157.38,0,-0.0024949,0.174933,0.0456768,0,1,3,16,0.62
157.48,0,-0.00499735,0.162634,0.0592726,0,1,3,16,0.62
157.58,0,-0.00250085,0.181628,0.0222928,0,1,3,16,0.62
157.68,0,-7.25036e-07,0.202646,-0.0400899,0,1,3,16,0.62
157.78,0,0.00749715,0.226734,-0.0686548,0,1,3,16,0.62
157.88,0,0.0075,0.230052,-0.0461171,0,1,3,16,0.62
157.98,0,0.00250615,0.20198,-0.00302799,0,1,3,16,0.62
158.08,0,1.25091e-06,0.175074,0.0269995,0,1,3,16,0.62
158.18,0,-0.00249865,0.149935,0.0206149,0,1,3,16,0.62
158.28,0,-2.47389e-06,0.148038,-0.0069464,0,1,3,17,0.62
158.38,0,0.0074949,0.181345,-0.0405344,0,1,3,17,0.62
158.48,0,0.00999758,0.206517,-0.0564947,0,1,3,17,0.62
158.58,0,0.0075011,0.219376,-0.0362207,0,1,3,17,0.62
158.68,0,7.72044e-06,0.215264,-0.00271695,0,1,3,17,0.62
158.78,0,0,0.141844,0.0216387,0,1,3,17,0.62
158.88,0,0,0.111198,0.0296989,0,1,3,17,0.62
158.98,0,0.00249675,0.145335,0.0045032,0,1,3,17,0.62
159.08,0,0.0025,0.174848,-0.0357183,0,1,3,17,0.62
159.18,0,0.0025,0.185323,-0.044715,0,1,3,17,0.62
159.28,0,1.97217e-06,0.176689,-0.00665095,0,1,3,17,0.62
159.38,0,-0.00499905,0.139055,0.0417687,0,1,3,17,0.62
159.48,0,-0.005,0.127343,0.0519511,0,1,3,17,0.62
159.58,0,-0.00250112,0.154838,0.0251482,0,1,3,17,0.62
159.68,0,0.00249805,0.168449,-0.00743028,0,1,3,17,0.62
159.78,0,1.25043e-07,0.161007,-0.0219793,0,1,3,17,0.62
159.88,0,0,0.152591,-0.0152709,0,1,3,17,0.62
159.98,0,-0.0024976,0.142702,0.00223609,0,1,3,17,0.62
160.08,0,-0.0025,0.129704,0.0255212,0,1,3,17,0.62
160.18,0,-2.59966e-06,0.111988,0.039049,0,1,3,17,0.62
160.28,0,0,0.120216,0.0250644,0,1,3,17,0.62
160.38,0,0,0.167746,-0.0078926,0,1,3,17,0.62
160.48,0,0,0.195702,-0.0278397,0,1,3,17,0.62
160.58,0,0,0.193996,-0.00789065,0,1,3,17,0.62
160.68,0,-0.0049953,0.179687,0.0349491,0,1,3,17,0.62
160.78,0,-0.005,0.113916,0.056875,0,1,3,17,0.62
160.88,0,-0.00250197,0.0955712,0.0319919,0,1,3,17,0.62
160.98,0,0.00249595,0.148924,-0.00872958,0,1,3,17,0.62
161.08,0,1.2004e-06,0.188197,-0.0232854,0,1,3,17,0.62
161.18,0,0,0.206171,-0.00181837,0,1,3,17,0.62
161.28,0,-0.00749677,0.182681,0.0456686,0,1,3,17,0.62
161.38,0,-0.00999957,0.0963042,0.0837974,0,1,3,17,0.62
161.48,0,-0.01,0.0731367,0.0724927,0,1,3,17,0.62
161.58,0,-0.00500455,0.145732,0.0209846,0,1,3,17,0.62
161.68,0,-3.90051e-06,0.185329,-0.0115273,0,1,3,17,0.62
161.78,0,0,0.174835,-0.00403782,0,1,3,17,0.62
161.88,0,-0.00249835,0.15352,0.0310499,0,1,3,17,0.62
161.98,0,-0.00749555,0.115808,0.0684732,0,1,3,17,0.62
162.08,0,-0.00999708,0.105532,0.0719898,0,1,3,17,0.62
162.18,0,-0.00750253,0.136844,0.0317128,0,1,3,17,0.62
162.28,0,-2.2516e-06,0.163842,-0.00799778,0,1,3,17,0.62
162.38,0,0,0.184303,-0.00663783,0,1,3,17,0.62
162.48,0,0,0.178314,0.0280581,0,1,3,17,0.62
162.58,0,-0.00499855,0.132306,0.0533823,0,1,3,17,0.62
162.68,0,-0.00749893,0.113549,0.0466547,0,1,3,17,0.62
162.78,0,-0.00500157,0.13596,0.0283327,0,1,3,17,0.62
162.88,0,-0.005,0.14605,0.0188583,0,1,3,17,0.62
162.98,0,-5.19553e-06,0.137476,0.0136494,0,1,3,17,0.62
163.08,0,0,0.14526,0.00563698,0,1,3,17,0.62
163.18,0,-0.00249755,0.177842,0.00875047,0,1,3,17,0.62
163.28,0,-0.00499775,0.183788,0.033923,0,1,3,17,0.62
163.38,0,-0.00749867,0.149355,0.0571231,0,1,3,17,0.62
163.48,0,-0.0025043,0.127143,0.0469172,0,1,3,17,0.62
163.58,0,-2.17498e-06,0.123474,0.0121461,0,1,3,17,0.62
163.68,0,0,0.134738,-0.00585379,0,1,3,17,0.62
163.78,0,-0.00249655,0.168612,-0.000215805,0,1,3,17,0.62
163.88,0,-0.0025,0.170972,0.0225436,0,1,3,17,0.62
163.98,0,-0.0025,0.125566,0.0524294,0,1,3,17,0.62
164.08,0,-0.0049975,0.112347,0.0498924,0,1,3,17,0.62
164.18,0,-0.005,0.14782,0.0186786,0,1,3,17,0.62
164.28,0,-0.00250132,0.165175,-0.00911691,0,1,3,17,0.62
164.38,0,-1.42494e-06,0.155145,-0.00521493,0,1,3,17,0.62
164.48,0,0,0.154933,0.0160185,0,1,3,17,0.62
164.58,0,0,0.16965,0.0176724,0,1,3,17,0.62
164.68,0,0,0.176962,0.00159097,0,1,3,17,0.62
164.78,0,0,0.154012,-0.00215564,0,1,3,17,0.62
164.88,0,0,0.134979,0.0116449,0,1,3,17,0.62
164.98,0,-0.00249648,0.121885,0.0130448,0,1,3,17,0.62
165.08,0,-4.29867e-06,0.120994,-0.00798107,0,1,3,17,0.62
165.18,0,0.00249767,0.138622,-0.0232899,0,1,3,17,0.62
165.28,0,0.0049977,0.149564,-0.0257838,0,1,3,17,0.62
165.38,0,0.00250093,0.150375,-0.0195628,0,1,3,17,0.62
165.48,0,1.64952e-06,0.151809,-0.0036892,0,1,3,17,0.62
165.58,0,0,0.154189,0.0137631,0,1,3,17,0.62
165.68,0,0,0.140848,0.0187939,0,1,3,17,0.62
165.78,0,0.0024993,0.103744,-0.00920041,0,1,3,17,0.62
165.88,0,0.0074975,0.103101,-0.0508335,0,1,3,17,0.62
165.98,0,0.00999778,0.15769,-0.0468945,0,1,3,17,0.62
166.08,0,4.20197e-06,0.187042,-0.00505791,0,1,3,17,0.62
166.18,0,-0.00249835,0.17811,0.0200895,0,1,3,17,0.62
166.28,0,-0.0025,0.17309,0.020284,0,1,3,17,0.62
166.38,0,0.0049931,0.173983,-0.00837263,0,1,3,17,0.62
166.48,0,0.0074986,0.181396,-0.0541942,0,1,3,17,0.62
166.58,0,0.0124973,0.198699,-0.0780355,0,1,3,17,0.62
166.68,0,0.00750575,0.201289,-0.0636659,0,1,3,17,0.62
166.78,0,0.00500243,0.181613,-0.0269944,0,1,3,17,0.62
166.88,0,0.00250063,0.170533,-0.00832671,0,1,3,17,0.62
166.98,0,0.00499558,0.172482,-0.0275496,0,1,3,17,0.62
167.08,0,0.0124953,0.175678,-0.0626409,0,1,3,17,0.62
167.18,0,0.0125,0.180768,-0.0798289,0,1,3,17,0.62
167.28,0,0.0125,0.188068,-0.0817671,0,1,3,17,0.62
167.38,0,0.010001,0.198704,-0.0729024,0,1,3,17,0.62
167.48,0,0.0124989,0.191956,-0.0512362,0,1,3,17,0.62
167.58,0,0.0125,0.158813,-0.0426682,0,1,3,17,0.62
167.68,0,0.0125,0.146397,-0.056896,0,1,3,17,0.62
167.78,0,0.0149983,0.165364,-0.0788628,0,1,3,17,0.62
167.88,0,0.015,0.17258,-0.0902589,0,1,3,17,0.62
167.98,0,0.0125052,0.16202,-0.0874011,0,1,3,17,0.62
168.08,0,0.0125,0.165345,-0.0824198,0,1,3,17,0.62
168.18,0,0.0174965,0.189728,-0.0731391,0,1,3,17,0.62
168.28,0,0.0175,0.179696,-0.0511232,0,1,3,17,0.62
168.38,0,0.0100003,0.146706,-0.0435904,0,1,3,17,0.62
168.48,0,0.00750092,0.135424,-0.0706046,0,1,3,17,0.62
168.58,0,0.0124969,0.15706,-0.111671,0,1,3,17,0.62
168.68,0,0.0224946,0.167986,-0.117688,0,1,3,17,0.62
168.78,0,0.0225,0.16272,-0.0785173,0,1,3,17,0.62
168.88,0,0.0150033,0.153718,-0.0431658,0,1,3,17,0.62
168.98,0,0.0100039,0.139076,-0.0467719,0,1,3,17,0.62
169.08,0,0.01,0.131398,-0.0808339,0,1,3,16,0.62
169.18,0,0.0149993,0.134291,-0.106543,0,1,3,16,0.62
169.28,0,0.0199977,0.141892,-0.0981201,0,1,3,16,0.62
169.38,0,0.0150044,0.156631,-0.0691218,0,1,3,16,0.62
169.48,0,0.0125024,0.154667,-0.0537141,0,1,3,15,0.62
169.58,0,0.0100031,0.127344,-0.0666654,0,1,3,15,0.62
169.68,0,0.0174962,0.118747,-0.0891871,0,1,3,15,0.66
169.78,0,0.0199981,0.138511,-0.100335,0,1,3,15,0.66
169.88,0,0.02,0.147929,-0.0860326,0,1,3,15,0.66
169.98,0,0.0100123,0.141674,-0.055331,0,1,3,15,0.66
170.08,0,0.0075033,0.138846,-0.0457045,0,1,3,15,0.66
170.18,0,0.0075,0.14121,-0.0664082,0,1,3,15,0.66
170.28,0,0.0174948,0.152789,-0.094374,0,1,3,15,0.66
170.38,0,0.0224983,0.178367,-0.0980934,0,1,3,15,0.66
170.48,0,0.0200031,0.188895,-0.0670072,0,1,3,15,0.66
170.58,0,0.00750838,0.176648,-0.0338662,0,1,3,15,0.66
170.68,0,5.32479e-06,0.15935,-0.038202,0,1,3,15,0.66
170.78,0,0.00988633,0.121447,-0.0665364,0,1,3,15,0.66
170.88,0,0.0174912,0.121315,-0.0993301,0,1,3,15,0.66
170.98,0,0.0249915,0.178401,-0.0957318,0,1,3,15,0.66
171.08,0,0.012511,0.203247,-0.04208,0,1,3,15,0.66
171.18,0,0.0025055,0.206646,-0.0122507,0,1,3,15,0.66
171.28,0,1.57487e-06,0.191433,-0.0327903,0,1,3,15,0.66
171.38,0,0.0099915,0.147995,-0.0700909,0,1,3,15,0.66
171.48,0,0.0174916,0.129946,-0.0923221,0,1,3,15,0.66
171.58,0,0.0224989,0.150366,-0.0725312,0,1,3,15,0.66
171.68,0,0.0125038,0.160757,-0.0453296,0,1,3,15,0.66
171.78,0,0.0050039,0.155978,-0.0356447,0,1,3,15,0.66
171.88,0,0.005,0.15317,-0.0424897,0,1,3,15,0.66
171.98,0,0.00749757,0.153343,-0.0419572,0,1,3,15,0.66
172.08,0,0.0075,0.159902,-0.0314556,0,1,3,15,0.66
172.18,0,0.0075,0.176134,-0.0386083,0,1,3,15,0.66
172.28,0,0.00999975,0.176531,-0.0589888,0,1,3,14,0.66
172.38,0,0.012499,0.152928,-0.0580629,0,1,3,14,0.66
172.48,0,0.00750779,0.148911,-0.032799,0,1,3,15,0.66
172.58,0,0.0025042,0.174575,-0.00449757,0,1,3,15,0.66
172.68,0,2.59948e-06,0.174053,0.00557666,0,1,3,15,0.66
172.78,0,0.0024983,0.133878,-0.0279148,0,1,3,15,0.66
172.88,0,0.00749475,0.134747,-0.0663301,0,1,3,15,0.66
172.98,0,0.0124933,0.197917,-0.0607683,0,1,3,15,0.66
173.08,0,0.00750595,0.212636,-0.0197995,0,1,3,14,0.66
173.18,0,3.00237e-06,0.153864,0.0204278,0,1,3,14,0.66
173.28,0,-0.0024987,0.128408,0.0232052,0,1,3,14,0.66
173.38,0,-1.22504e-06,0.153485,-0.0126698,0,1,3,14,0.66
173.48,0,0.0074928,0.15611,-0.0522829,0,1,3,14,0.66
173.58,0,0.009999,0.124771,-0.0522814,0,1,3,14,0.66
173.68,0,0.0050027,0.122935,-0.00873452,0,1,3,14,0.7
173.78,0,-0.0024931,0.140719,0.0384521,0,1,3,14,0.7
173.88,0,-0.00499927,0.139489,0.0421433,0,1,3,14,0.7
173.98,0,-6.59321e-06,0.109443,0.0114549,0,1,3,14,0.7
174.08,0,0.00249782,0.106643,-0.0210316,0,1,3,15,0.7
174.18,0,0.00499755,0.145081,-0.035295,0,1,3,15,0.7
174.28,0,0.00250228,0.173974,-0.0203164,0,1,3,15,0.7
174.38,0,1.72538e-06,0.188398,0.0183645,0,1,3,15,0.7
174.48,0,-0.0049952,0.174881,0.0554219,0,1,3,15,0.7
174.58,0,-0.00749715,0.118971,0.0516567,0,1,3,15,0.7
174.68,0,-0.00250555,0.109261,0.0082522,0,1,3,15,0.66
174.78,0,0.00249645,0.169626,-0.019941,0,1,3,15,0.66
174.88,0,0.0025,0.1952,-5.53713e-05,0,1,3,15,0.66
174.98,0,-0.0024965,0.167945,0.0417123,0,1,3,15,0.66
175.08,0,-0.00999707,0.14736,0.0643116,0,1,3,15,0.66
175.18,0,-0.01,0.131215,0.0580362,0,1,3,15,0.66
175.28,0,-0.00750115,0.115032,0.0302381,0,1,3,15,0.66
175.38,0,-6.2227e-06,0.0987911,0.00153762,0,1,3,15,0.66
175.48,0,0,0.097912,-0.000640154,0,1,3,15,0.66
175.58,0,0,0.120318,0.0242406,0,1,3,15,0.66
175.68,0,-0.00749063,0.139381,0.0540366,0,1,3,15,0.66
175.78,0,-0.00999792,0.153383,0.0658227,0,1,3,15,0.66
175.88,0,-0.01,0.15637,0.0597637,0,1,3,16,0.66
175.98,0,-0.0075025,0.142653,0.0407163,0,1,3,16,0.66
176.08,0,-0.00500255,0.138605,0.025171,0,1,3,15,0.66
176.18,0,-0.005,0.149253,0.0246678,0,1,3,15,0.66
176.28,0,-0.005,0.157839,0.0356722,0,1,3,15,0.66
176.38,0,-0.00749608,0.163301,0.0559856,0,1,3,15,0.66
176.48,0,-0.00999857,0.158251,0.0764698,0,1,3,15,0.66
176.58,0,-0.0124984,0.146204,0.0747159,0,1,3,15,0.66
176.68,0,-0.0100028,0.139316,0.0476563,0,1,3,15,0.66
176.78,0,-0.00500185,0.140216,0.0251551,0,1,3,15,0.66
176.88,0,-0.005,0.149217,0.0297049,0,1,3,15,0.66
176.98,0,-0.005,0.1705,0.0552457,0,1,3,15,0.66
177.08,0,-0.00999695,0.173964,0.07526,0,1,3,16,0.66
177.18,0,-0.012498,0.150382,0.0698007,0,1,3,16,0.66
177.28,0,-0.0100023,0.142531,0.0518066,0,1,3,16,0.66
177.38,0,-0.00750145,0.158499,0.0425118,0,1,3,16,0.66
177.48,0,-0.0075,0.163958,0.0428651,0,1,3,15,0.66
177.58,0,-0.0075,0.153491,0.0472353,0,1,3,15,0.66
177.68,0,-0.0075,0.152879,0.0543333,0,1,3,16,0.64
177.78,0,-0.0075,0.167192,0.0564371,0,1,3,16,0.64
177.88,0,-0.0075,0.17236,0.0473475,0,1,3,16,0.64
177.98,0,-0.00500257,0.171453,0.0376482,0,1,3,16,0.64
178.08,0,-0.00749782,0.15707,0.0393835,0,1,3,16,0.64
178.18,0,-0.0099992,0.122222,0.0554144,0,1,3,16,0.64
178.28,0,-0.01,0.11015,0.0589903,0,1,3,16,0.64
178.38,0,-0.00750118,0.132533,0.0398451,0,1,3,16,0.64
178.48,0,-0.00250275,0.139134,0.0312046,0,1,3,16,0.64
178.58,0,-0.00499907,0.121838,0.0442441,0,1,3,16,0.64
178.68,0,-0.00749845,0.117063,0.0543749,0,1,3,16,0.64
178.78,0,-0.00999788,0.13128,0.0468471,0,1,3,16,0.64
178.88,0,-0.00750225,0.135337,0.036394,0,1,3,16,0.64
178.98,0,-0.0050035,0.123993,0.0291903,0,1,3,16,0.64
179.08,0,-0.00250255,0.125834,0.0178,0,1,3,16,0.64
179.18,0,-2.87463e-06,0.147694,0.0117777,0,1,3,16,0.64
179.28,0,-0.0024969,0.157911,0.0337579,0,1,3,16,0.64
179.38,0,-0.0074993,0.150496,0.0663886,0,1,3,16,0.64
179.48,0,-0.0149954,0.147604,0.0631595,0,1,3,16,0.64
179.58,0,-0.00501099,0.151556,0.0316831,0,1,3,16,0.64
179.68,0,-4.00408e-07,0.148216,0.0155856,0,1,3,16,0.64
179.78,0,0,0.133848,0.0215694,0,1,3,16,0.64
179.88,0,-0.00249858,0.123644,0.0266816,0,1,3,16,0.64
179.98,0,-0.0049981,0.119741,0.0272923,0,1,3,16,0.64
180.08,0,-0.005,0.122399,0.0400238,0,1,3,16,0.64
180.18,0,-0.005,0.135023,0.0451456,0,1,3,16,0.64
180.28,0,-0.005,0.147876,0.0309747,0,1,3,16,0.64
180.38,0,-0.00250223,0.161074,0.0217121,0,1,3,16,0.64
180.48,0,-0.0025,0.170298,0.0275797,0,1,3,16,0.64
180.58,0,-0.00499685,0.173495,0.0328434,0,1,3,16,0.64
180.68,0,-0.005,0.171362,0.0316717,0,1,3,17,0.58
180.78,0,-0.00250207,0.161142,0.0237273,0,1,3,17,0.58
180.88,0,-0.0025,0.148217,0.0212931,0,1,3,17,0.58
180.98,0,-0.0025,0.131193,0.030414,0,1,3,17,0.58
181.08,0,-0.00499825,0.127004,0.035168,0,1,3,17,0.58
181.18,0,-0.00250245,0.142281,0.0199421,0,1,3,17,0.58
181.28,0,-1.50057e-06,0.145377,-0.00145634,0,1,3,16,0.58
181.38,0,0,0.130057,0.00358924,0,1,3,16,0.58
181.48,0,-0.00249815,0.12593,0.0335205,0,1,3,16,0.58
181.58,0,-0.0074961,0.138753,0.043745,0,1,3,16,0.58
181.68,0,-0.00500058,0.148797,0.024885,0,1,3,16,0.58
181.78,0,-3.34853e-06,0.154631,0.00964791,0,1,3,16,0.58
181.88,0,0,0.152669,0.0051928,0,1,3,16,0.58
181.98,0,0,0.13889,0.00281966,0,1,3,16,0.58
182.08,0,0,0.135057,0.00819398,0,1,3,16,0.58
182.18,0,-0.00249748,0.146303,0.028324,0,1,3,16,0.58
182.28,0,-0.00499815,0.144506,0.0532736,0,1,3,16,0.58
182.38,0,-0.0074975,0.122965,0.051018,0,1,3,16,0.58
182.48,0,-0.00500372,0.123836,0.0201194,0,1,3,16,0.58
182.58,0,-3.55277e-06,0.158676,-0.00257358,0,1,3,16,0.58
182.68,0,0,0.179599,0.00823949,0,1,3,16,0.62
182.78,0,-0.00247241,0.143499,0.0360442,0,1,3,16,0.62
182.88,0,-0.00499917,0.128227,0.0437803,0,1,3,16,0.62
182.98,0,-0.0025028,0.14449,0.0212029,0,1,3,16,0.62
183.08,0,-1.67575e-06,0.155555,0.00510397,0,1,3,16,0.62
183.18,0,0,0.158742,0.014632,0,1,3,16,0.62
183.28,0,-0.00249927,0.159777,0.0308262,0,1,3,16,0.62
183.38,0,-0.00499815,0.159378,0.0370557,0,1,3,16,0.62
183.48,0,-0.005,0.158733,0.0278732,0,1,3,17,0.62
183.58,0,-0.0025021,0.157713,0.0124335,0,1,3,17,0.62
183.68,0,-1.45038e-06,0.159829,0.0113131,0,1,3,17,0.58
183.78,0,-0.00249813,0.166696,0.0289313,0,1,3,17,0.58
183.88,0,-0.00499768,0.17025,0.0457176,0,1,3,17,0.58
183.98,0,-0.005,0.168775,0.0397134,0,1,3,17,0.58
184.08,0,-0.005,0.167863,0.0277935,0,1,3,17,0.58
184.18,0,-0.005,0.167802,0.0213169,0,1,3,17,0.58
184.28,0,-0.00250162,0.160631,0.00742969,0,1,3,17,0.58
184.38,0,-1.35015e-06,0.142689,0.0077409,0,1,3,17,0.58
184.48,0,0,0.128824,0.0422407,0,1,3,17,0.58
184.58,0,-0.00749572,0.121134,0.0705373,0,1,3,17,0.58
184.68,0,-0.009999,0.129743,0.0535026,0,1,3,17,0.58
184.78,0,-0.00750005,0.163015,0.00674865,0,1,3,17,0.58
184.88,0,-3.37355e-06,0.165358,-0.0160671,0,1,3,17,0.58
184.98,0,0,0.120778,0.0150159,0,1,3,17,0.58
185.08,0,-0.00249645,0.0983756,0.059891,0,1,3,17,0.58
185.18,0,-0.00999332,0.1096,0.0602734,0,1,3,17,0.58
185.28,0,-0.00500335,0.121545,0.0213268,0,1,3,18,0.58
185.38,0,-6.34619e-06,0.134581,-0.00319723,0,1,3,18,0.58
185.48,0,0,0.14169,0.0129612,0,1,3,17,0.58
185.58,0,-0.0049953,0.139814,0.0369448,0,1,3,17,0.58
185.68,0,-0.005,0.119662,0.0369837,0,1,3,18,0.58
185.78,0,-2.5994e-06,0.071811,0.0296613,0,1,3,18,0.58
185.88,0,0,0.0697814,0.0292157,0,1,3,18,0.58
185.98,0,-0.00499515,0.137088,0.024939,0,1,3,18,0.58
186.08,0,-0.005,0.162287,0.0154581,0,1,3,18,0.58
186.18,0,-0.00250093,0.123787,0.0183322,0,1,3,18,0.58
186.28,0,-0.0025,0.101549,0.0340041,0,1,3,17,0.58
186.38,0,-0.0025,0.103928,0.0445936,0,1,3,17,0.58
186.48,0,-0.00499803,0.116458,0.033271,0,1,3,17,0.58
186.58,0,-0.00250183,0.144388,0.0136589,0,1,3,17,0.58
186.68,0,-0.0025,0.162394,0.00425598,0,1,3,17,0.58
186.78,0,-1.55045e-06,0.165375,0.00468016,0,1,3,17,0.58
186.88,0,0,0.147184,0.0139338,0,1,3,17,0.58
186.98,0,-0.00249533,0.0969025,0.0305124,0,1,3,17,0.58
187.08,0,-0.0025,0.0824958,0.0371122,0,1,3,17,0.58
187.18,0,-0.0025,0.122486,0.0219328,0,1,3,17,0.58
187.28,0,-1.39937e-06,0.148758,-0.0020296,0,1,3,17,0.58
187.38,0,0,0.154241,-0.0138043,0,1,3,17,0.58
187.48,0,0,0.152639,-0.0114581,0,1,3,17,0.58
187.58,0,0,0.140308,0.00486345,0,1,3,17,0.58
187.68,0,-0.00249855,0.133183,0.0329227,0,1,3,17,0.58
187.78,0,-0.00499877,0.133946,0.0423059,0,1,3,17,0.58
187.88,0,-0.00250063,0.132452,0.0136871,0,1,3,17,0.58
187.98,0,-3.62066e-06,0.12754,-0.0240974,0,1,3,17,0.58
188.08,0,0.004996,0.127059,-0.0300551,0,1,3,18,0.58
188.18,0,0.002502,0.133299,-0.00777998,0,1,3,18,0.58
188.28,0,3.17351e-06,0.136389,0.0144129,0,1,3,17,0.58
188.38,0,-0.00249832,0.134705,0.0156169,0,1,3,17,0.58
188.48,0,-2.37434e-06,0.12979,0.0028517,0,1,3,17,0.58
188.58,0,0.00249787,0.119975,-0.0161687,0,1,3,17,0.58
188.68,0,0.0049974,0.113241,-0.0257684,0,1,3,17,0.58
188.78,0,0.005,0.111175,-0.00861296,0,1,3,17,0.58
188.88,0,2.64931e-06,0.115084,0.00732308,0,1,3,17,0.58
188.98,0,-0.00249763,0.128035,0.00130171,0,1,3,17,0.58
189.08,0,-6.50449e-07,0.128719,-0.0156945,0,1,3,17,0.58
189.18,0,0.0049984,0.110851,-0.0303167,0,1,3,17,0.58
189.28,0,0.00749835,0.112664,-0.0204565,0,1,3,17,0.58
189.38,0,0.0025026,0.144274,0.000385225,0,1,3,17,0.58
189.48,0,8.25157e-07,0.1629,0.00415247,0,1,3,17,0.58
189.58,0,0,0.161838,-0.0103882,0,1,3,17,0.58
189.68,0,0,0.156636,-0.0215992,0,1,3,17,0.58
189.78,0,0.00249805,0.145151,-0.0206199,0,1,3,17,0.58
189.88,0,0.0049969,0.141945,-0.021835,0,1,3,17,0.58
189.98,0,0.00749755,0.151271,-0.0185519,0,1,3,17,0.58
190.08,0,0.0025041,0.162665,-0.00130162,0,1,3,17,0.58
190.18,0,-0.00249625,0.175439,0.00515219,0,1,3,17,0.58
190.28,0,-3.6973e-06,0.177855,-0.0131515,0,1,3,17,0.58
190.38,0,0.00249887,0.164539,-0.0291378,0,1,3,17,0.58
190.48,0,0.00499875,0.15717,-0.0198973,0,1,3,18,0.58
190.58,0,0.005,0.15879,0.00062334,0,1,3,18,0.58
190.68,0,9.00369e-07,0.156014,0.016901,0,1,3,18,0.58
190.78,0,0,0.146579,0.0063517,0,1,3,18,0.58
190.88,0,0,0.145191,-0.0175472,0,1,3,18,0.58
190.98,0,0.00249802,0.155966,-0.0282594,0,1,3,18,0.58
191.08,0,0.0049988,0.155955,-0.0129134,0,1,3,18,0.58
191.18,0,0.0025038,0.139585,0.00228614,0,1,3,18,0.58
191.28,0,2.45132e-06,0.135958,-0.00740752,0,1,3,18,0.58
191.38,0,0.00249785,0.151623,-0.0281417,0,1,3,18,0.58
191.48,0,0.0025,0.164494,-0.025033,0,1,3,18,0.58
191.58,0,0.0025,0.173133,0.00694208,0,1,3,18,0.58
191.68,0,-0.00249585,0.172444,0.0442021,0,1,3,17,0.58
191.78,0,-0.00499763,0.157601,0.0490472,0,1,3,17,0.58
191.88,0,-0.005,0.152917,-0.00223196,0,1,3,17,0.58
191.98,0,0.00249505,0.16362,-0.0559606,0,1,3,17,0.58
192.08,0,0.0074969,0.157576,-0.0451014,0,1,3,17,0.58
192.18,0,5.92399e-06,0.126104,0.022701,0,1,3,17,0.58
192.28,0,-0.00499855,0.109373,0.0767484,0,1,3,17,0.58
192.38,0,-0.00999785,0.114948,0.0630122,0,1,3,17,0.58
192.48,0,-0.0025045,0.131327,0.00438634,0,1,3,17,0.58
192.58,0,0.00249895,0.164094,-0.0555507,0,1,3,17,0.58
192.68,0,0.00499893,0.173575,-0.0718785,0,1,3,17,0.58
192.78,0,0.005,0.147781,-0.0132988,0,1,3,17,0.58
192.88,0,-0.00249265,0.123204,0.0660206,0,1,3,18,0.58
192.98,0,-0.0074939,0.100471,0.0736954,0,1,3,18,0.58
193.08,0,-0.00500208,0.103583,0.0124437,0,1,3,18,0.58
193.18,0,-5.59838e-06,0.145897,-0.0558834,0,1,3,18,0.58
193.28,0,0.00749422,0.165675,-0.0755881,0,1,3,18,0.58
193.38,0,0.00500125,0.151263,-0.0378383,0,1,3,18,0.58
193.48,0,0.0025011,0.136179,0.0175154,0,1,3,18,0.58
193.58,0,8.25091e-07,0.120077,0.0520623,0,1,3,18,0.58
193.68,0,-0.00249858,0.117363,0.0315425,0,1,3,18,0.58
193.78,0,-9.50181e-07,0.134885,-0.038183,0,1,3,18,0.58
193.88,0,0.00749648,0.14578,-0.0829711,0,1,3,18,0.58
193.98,0,0.00999793,0.146667,-0.0509956,0,1,3,18,0.58
194.08,0,0.00250615,0.138611,0.0164418,0,1,3,18,0.58
194.18,0,-0.00249805,0.117014,0.0330506,0,1,3,18,0.58
194.28,0,-1.12493e-06,0.112309,-0.00464228,0,1,3,18,0.58
194.38,0,0.00499575,0.133193,-0.0374282,0,1,3,18,0.58
194.48,0,0.00749743,0.14648,-0.0418356,0,1,3,18,0.58
194.58,0,0.00500215,0.148256,-0.033438,0,1,3,18,0.58
194.68,0,0.00250252,0.145879,-0.0208546,0,1,3,18,0.58
194.78,0,0.0025,0.126525,-0.0014814,0,1,3,18,0.58
194.88,0,2.45237e-06,0.112113,0.00143033,0,1,3,18,0.58
194.98,0,0.00249683,0.105191,-0.0189626,0,1,3,18,0.58
195.08,0,0.00499645,0.111464,-0.0318032,0,1,3,18,0.58
195.18,0,0.005,0.137744,-0.0173186,0,1,3,18,0.58
195.28,0,2.84969e-06,0.146862,-0.00526935,0,1,3,18,0.58
195.38,0,0,0.130036,-0.0143956,0,1,3,18,0.58
195.48,0,0.00249845,0.114956,-0.013656,0,1,3,17,0.58
195.58,0,0.00499895,0.101039,0.00128808,0,1,3,17,0.58
195.68,0,0.0025027,0.107374,-0.00157175,0,1,3,17,0.58
195.78,0,0.0025,0.144441,-0.0175506,0,1,3,17,0.58
195.88,0,1.67433e-06,0.160112,-0.0195774,0,1,3,17,0.58
195.98,0,0,0.14337,-0.0114317,0,1,3,17,0.58
196.08,0,0,0.136134,-0.00348216,0,1,3,17,0.58
196.18,0,0.00249882,0.143311,0.00117702,0,1,3,17,0.58
196.28,0,0.00499758,0.143706,-0.00622438,0,1,3,17,0.58
196.38,0,0.00250198,0.133824,-0.0185717,0,1,3,17,0.58
196.48,0,2.57438e-06,0.131407,-0.0240844,0,1,3,17,0.58
196.58,0,0,0.140338,-0.013935,0,1,3,17,0.58
196.68,0,0.00249798,0.134469,-0.00134864,0,1,3,17,0.58
196.78,0,0.00499895,0.106206,-0.00699949,0,1,3,17,0.58
196.88,0,0.005,0.10613,-0.0246167,0,1,3,17,0.58
196.98,0,0.005,0.124789,-0.0299314,0,1,3,17,0.58
197.08,0,4.15174e-06,0.136609,-0.0144541,0,1,3,17,0.58
197.18,0,0,0.138068,-0.00448592,0,1,3,17,0.58
197.28,0,0,0.128658,-0.0164469,0,1,3,17,0.58
197.38,0,0.00499725,0.102792,-0.0241866,0,1,3,17,0.58
197.48,0,0.005,0.0975455,-0.0116254,0,1,3,17,0.58
197.58,0,3.85019e-06,0.123586,-0.000147938,0,1,3,17,0.58
197.68,0,0,0.135421,-0.00328023,0,1,3,17,0.58
197.78,0,0,0.125746,-0.0287959,0,1,3,17,0.58
197.88,0,0.0099908,0.125519,-0.0428065,0,1,3,17,0.58
197.98,0,0.01,0.139585,-0.0268409,0,1,3,17,0.58
198.08,0,0.00750283,0.143087,-0.00513596,0,1,3,17,0.58
198.18,0,7.12628e-06,0.130525,0.00281163,0,1,3,17,0.58
198.28,0,-0.00249902,0.111146,-0.0116771,0,1,3,17,0.58
198.38,0,-9.50009e-07,0.087215,-0.0273645,0,1,3,17,0.58
198.48,0,0.0099979,0.0952325,-0.0297722,0,1,3,17,0.58
198.58,0,0.0075016,0.151635,-0.0119436,0,1,3,17,0.58
198.68,0,0.00250255,0.176682,0.0137417,0,1,3,17,0.58
198.78,0,-0.00499992,0.154238,0.0107594,0,1,3,17,0.58
198.88,0,-0.00250082,0.131153,-0.0134276,0,1,3,17,0.58
198.98,0,0.00748262,0.107098,-0.0340243,0,1,3,17,0.58
199.08,0,0.00999785,0.0944256,-0.0325833,0,1,3,17,0.58
199.18,0,0.00750277,0.0990491,-0.0120337,0,1,3,17,0.58
199.28,0,4.20231e-06,0.107887,0.000537634,0,1,3,17,0.58
199.38,0,0,0.123105,0.000716217,0,1,3,17,0.58
199.48,0,0,0.130502,-0.00484652,0,1,3,17,0.58
199.58,0,0.0024968,0.126025,-0.012642,0,1,3,17,0.58
199.68,0,0.0049998,0.115408,-0.0178573,0,1,3,17,0.58
199.78,0,0.005,0.0954921,-0.0252835,0,1,3,17,0.58
199.88,0,0.00250212,0.100392,-0.0215767,0,1,3,17,0.58
199.98,0,3.24854e-06,0.142953,-0.00135268,0,1,3,17,0.58
200.08,0,0,0.155023,0.0113532,0,1,3,17,0.58
200.18,0,0,0.120941,0.000662501,0,1,3,17,0.58
200.28,0,0.0049979,0.102967,-0.0302948,0,1,3,17,0.58
200.38,0,0.0074996,0.109369,-0.0520659,0,1,3,17,0.58
200.48,0,0.0075,0.109901,-0.0304546,0,1,3,17,0.58
200.58,0,0.0025045,0.101541,0.0155572,0,1,3,17,0.58
200.68,0,-0.00249435,0.095829,0.0212767,0,1,3,17,0.58
200.78,0,-2.89441e-05,0.100928,-0.0183577,0,1,3,17,0.58
200.88,0,0.0049954,0.110278,-0.0448927,0,1,3,17,0.58
200.98,0,0.00749668,0.126075,-0.0293582,0,1,3,17,0.58
201.08,0,0.0025049,0.123688,-0.00427042,0,1,3,17,0.58
201.18,0,2.15026e-06,0.0937475,-0.00407513,0,1,3,17,0.58
201.28,0,0.00250015,0.081075,-0.0211529,0,1,3,17,0.58
201.38,0,0.005,0.0945457,-0.0294371,0,1,3,17,0.58
201.48,0,0.005,0.107019,-0.0306664,0,1,3,17,0.58
201.58,0,0.005,0.117985,-0.0220178,0,1,3,17,0.58
201.68,0,0.0025006,0.118043,-0.0103238,0,1,3,17,0.58
201.78,0,0.0025,0.10165,-0.0201041,0,1,3,17,0.58
201.88,0,0.00499843,0.0938163,-0.0376248,0,1,3,17,0.58
201.98,0,0.005,0.0989255,-0.0379893,0,1,3,17,0.58
202.08,0,0.00250092,0.096994,-0.0172488,0,1,3,17,0.58
202.18,0,0.0025,0.0844242,-0.00392424,0,1,3,17,0.58
202.28,0,0.0025,0.102767,-0.0232724,0,1,3,17,0.58
202.38,0,0.0074986,0.141666,-0.0437595,0,1,3,17,0.58
202.48,0,0.0075,0.156163,-0.0336213,0,1,3,17,0.58
202.58,0,0.00250275,0.133778,-0.0130326,0,1,3,17,0.58
202.68,0,9.49649e-07,0.110331,-0.0110924,0,1,3,17,0.58
202.78,0,0.00250005,0.0852789,-0.0341242,0,1,3,17,0.58
202.88,0,0.00749745,0.0847417,-0.0481463,0,1,3,16,0.58
202.98,0,0.0075,0.121183,-0.0309322,0,1,3,16,0.58
