time_s,throttle_norm,rudder_norm,speed_mps,yaw_rate_rps,segment,mode_num,gps_status,nsats,hdop
0.078913,0,0,0.123073,-0.0174102,0,0,3,17,0.64
0.178913,0,0,0.129558,-0.0143948,0,0,3,17,0.64
0.278913,0,0,0.13603,0.000863371,0,0,3,17,0.64
0.378913,0,0,0.134432,0.00692653,0,0,3,17,0.64
0.478913,0,0,0.132794,-0.00761503,0,0,3,17,0.64
0.578913,0,0,0.0972437,-0.0240691,0,0,3,17,0.64
0.678913,0,0,0.0617713,-0.0191885,0,0,3,17,0.62
0.778913,0,0,0.0837431,0.00501161,0,0,3,17,0.62
0.878913,0,0,0.105701,0.0165621,0,0,3,17,0.62
0.978913,0,0,0.102849,-0.00335186,0,0,3,17,0.62
1.07891,0,0,0.100003,-0.0263324,0,0,3,17,0.62
1.17891,0,0,0.10444,-0.0165075,0,0,3,17,0.62
1.27891,0,0,0.108649,0.00810587,0,0,3,17,0.62
1.37891,0,0,0.111928,0.00698644,0,0,3,17,0.62
1.47891,0,0,0.11095,-0.0104163,0,0,3,17,0.62
1.57891,0,0,0.0926288,-0.0155974,0,0,3,17,0.62
1.67891,0,0,0.0743556,-0.00553593,0,0,3,17,0.62
1.77891,0,0,0.0949101,0.00471837,0,0,3,17,0.62
1.87891,0,0,0.115425,0.00643561,0,0,3,18,0.62
1.97891,0,0,0.109596,-0.00404201,0,0,3,18,0.62
2.07891,0,0,0.103785,-0.0125957,0,0,3,18,0.62
2.17891,0,0,0.114227,-0.00356127,0,0,3,18,0.62
2.27891,0,0,0.124637,0.00309932,0,0,3,18,0.62
2.37891,0,0,0.11557,-0.00321235,0,0,3,18,0.62
2.47891,0,0,0.106508,-0.0098744,0,0,3,18,0.62
2.57891,0,-8.74948e-07,0.105579,-0.00310533,0,0,3,18,0.62
2.67891,0,-0.0874956,0.104641,0.00290428,0,0,3,18,0.6
2.77891,0.0949649,-0.139981,0.0975378,-0.00105781,0,0,3,18,0.6
2.87891,0.127481,-0.247439,0.0920375,-0.00615885,0,0,3,18,0.6
2.97891,0.134923,-0.319254,0.093054,-0.00947195,0,0,3,18,0.6
3.07891,0.135,-0.32,0.0940805,-0.0120735,0,0,3,18,0.6
3.17891,0.1375,-0.32,0.102808,-0.0179848,0,0,3,18,0.6
3.27891,0.137505,-0.32,0.111538,-0.0286079,0,0,3,17,0.6
3.37891,0.147505,-0.320001,0.12178,-0.024233,0,0,3,17,0.6
3.47891,0.162505,-0.322503,0.132015,0.00397369,0,0,3,17,0.6
3.57891,0.185006,-0.3375,0.137196,0.0124547,0,0,3,17,0.6
3.67891,0.194998,-0.3375,0.142377,-0.00778549,0,0,3,17,0.6
3.77891,0.212506,-0.337509,0.205124,-0.0196751,0,0,3,16,0.64
3.87891,0.227501,-0.360004,0.282177,-0.00428122,0,0,3,16,0.64
3.97891,0.230001,-0.370003,0.398869,0.0223182,0,0,3,16,0.64
4.07891,0.232499,-0.377496,0.515543,0.0189279,0,0,3,16,0.64
4.17891,0.2325,-0.404997,0.606202,-0.00196732,0,0,3,16,0.64
4.27891,0.2325,-0.422498,0.705945,-0.0227522,0,0,3,16,0.64
4.37891,0.230025,-0.449728,0.84277,-0.0433533,0,0,3,16,0.64
4.47891,0.2275,-0.487498,0.979529,-0.0896564,0,0,3,16,0.64
4.57891,0.227496,-0.542542,1.06108,-0.131673,0,0,3,16,0.64
4.67891,0.22,-0.612499,1.14256,-0.184405,0,0,3,16,0.64
4.77891,0.205,-0.755006,1.16315,-0.253074,0,0,3,16,0.64
4.87891,0.202499,-0.84504,1.18372,-0.31032,0,0,3,16,0.64
4.97891,0.199998,-0.937525,1.19147,-0.367429,0,0,3,16,0.64
5.07891,0.195,-1,1.19924,-0.395606,0,0,3,16,0.64
5.17891,0.192499,-1,1.22881,-0.396519,0,0,3,16,0.64
5.27891,0.19,-1,1.25827,-0.402772,0,0,3,16,0.64
5.37891,0.190001,-1,1.22214,-0.408347,0,0,3,16,0.64
5.47891,0.1925,-1,1.1861,-0.415577,0,0,3,16,0.64
5.57891,0.195,-1,1.20642,-0.423272,0,0,3,16,0.64
5.67891,0.202494,-1,1.21174,-0.42553,0,0,3,16,0.64
5.77891,0.200026,-1,1.15599,-0.433093,0,0,3,16,0.64
5.87891,0.1925,-1,1.1004,-0.460571,0,0,3,16,0.64
5.97891,0.1925,-1,1.14633,-0.483691,0,0,3,16,0.64
6.07891,0.1925,-1,1.19225,-0.471867,0,0,3,16,0.64
6.17891,0.1925,-1,1.19786,-0.453965,0,0,3,16,0.64
6.27891,0.19,-1,1.20342,-0.472725,0,0,3,16,0.64
6.37891,0.19,-1,1.16044,-0.502935,0,0,3,16,0.64
6.47891,0.19,-1,1.11752,-0.475215,0,0,3,16,0.64
6.57891,0.185,-1,1.16684,-0.431955,0,0,3,16,0.64
6.67891,0.182501,-1,1.21612,-0.464554,0,0,3,18,0.6
6.77891,0.180001,-1,1.15424,-0.506418,0,0,3,18,0.6
6.87891,0.18,-1,1.09243,-0.490283,0,0,3,18,0.6
6.97891,0.18,-1,1.09562,-0.466376,0,0,3,18,0.6
7.07891,0.175002,-1,1.0988,-0.471912,0,0,3,17,0.6
7.17891,0.172501,-1,1.06459,-0.489852,0,0,3,17,0.6
7.27891,0.1725,-1,1.0304,-0.512445,0,0,3,16,0.6
7.37891,0.174999,-1,1.0192,-0.517449,0,0,3,16,0.6
7.47891,0.175,-1,1.00804,-0.471082,0,0,3,16,0.6
7.57891,0.172502,-1,1.03551,-0.468415,0,0,3,16,0.6
7.67891,0.1725,-1,1.06291,-0.463938,0,0,3,16,0.6
7.77891,0.1725,-1,0.984467,-0.445704,0,0,3,16,0.6
7.87891,0.1725,-1,0.906108,-0.4466,0,0,3,17,0.6
7.97891,0.1725,-1,0.926617,-0.432693,0,0,3,17,0.6
8.07891,0.1725,-1,0.947101,-0.433726,0,0,3,17,0.6
8.17891,0.1725,-1,0.927087,-0.426728,0,0,3,17,0.6
8.27891,0.1725,-1,0.908481,-0.398004,0,0,3,18,0.6
8.37891,0.1725,-1,0.895645,-0.398069,0,0,3,18,0.6
8.47891,0.1725,-1,0.882828,-0.412004,0,0,3,18,0.6
8.57891,0.170002,-1,0.887185,-0.402638,0,0,3,18,0.6
8.67891,0.17,-1,0.891572,-0.398662,0,0,3,18,0.6
8.77891,0.17,-1,0.935802,-0.393661,0,0,3,18,0.6
8.87891,0.17,-1,0.979996,-0.380781,0,0,3,18,0.6
8.97891,0.17,-1,0.943301,-0.374043,0,0,3,18,0.6
9.07891,0.17,-1,0.906611,-0.374398,0,0,3,18,0.6
9.17891,0.17,-1,0.875037,-0.370152,0,0,3,18,0.6
9.27891,0.179991,-1,0.843482,-0.374931,0,0,3,17,0.6
9.37891,0.1825,-1,0.841701,-0.35541,0,0,3,17,0.6
9.47891,0.184999,-1,0.839952,-0.356834,0,0,3,17,0.6
9.57891,0.185,-1,0.884543,-0.355192,0,0,3,17,0.6
9.67891,0.185,-1,0.929032,-0.372525,0,0,3,17,0.62
9.77891,0.185,-1,0.890613,-0.393715,0,0,3,17,0.62
9.87891,0.185,-1,0.852286,-0.380882,0,0,3,16,0.62
9.97891,0.185,-1,0.900442,-0.396241,0,0,3,16,0.62
10.0789,0.175002,-0.68257,0.948579,-0.397997,0,0,3,15,0.62
10.1789,0.147508,-0.245122,0.963739,-0.392905,0,0,3,15,0.62
10.2789,0.135011,-0.0451719,0.978843,-0.329878,0,0,3,16,0.62
10.3789,0.0950072,-8.10551e-06,0.89134,-0.220373,0,0,3,16,0.62
10.4789,8.63869e-05,0,0.803844,-0.167512,0,0,3,16,0.62
10.5789,0,0,0.754579,-0.159813,0,0,3,16,0.62
10.6789,0,0,0.705357,-0.157635,0,0,3,17,0.62
10.7789,0,0,0.702023,-0.167648,0,0,3,17,0.62
10.8789,0,0,0.698675,-0.13834,0,0,3,17,0.62
10.9789,0,0,0.677474,-0.109118,0,0,3,17,0.62
11.0789,0,0,0.653238,-0.11007,0,0,3,17,0.62
11.1789,0,0,0.616554,-0.113914,0,0,3,17,0.62
11.2789,0,0,0.579906,-0.0949703,0,0,3,17,0.62
11.3789,0,0,0.5747,-0.0822429,0,0,3,17,0.62
11.4789,0,0,0.569493,-0.0709851,0,0,3,17,0.62
11.5789,0,0,0.564151,-0.0535778,0,0,3,17,0.62
11.6789,0,0,0.5588,-0.0529189,0,0,3,17,0.62
11.7789,0,0,0.54623,-0.0472647,0,0,3,17,0.62
11.8789,0,0,0.533639,-0.0454009,0,0,3,17,0.62
11.9789,0,0,0.47382,-0.0643584,0,0,3,17,0.62
12.0789,0,0,0.414001,-0.0680842,0,0,3,17,0.62
12.1789,0,0,0.406348,-0.05144,0,0,3,17,0.62
12.2789,0,0,0.398746,-0.04349,0,0,3,17,0.62
12.3789,0,0,0.444615,-0.0576751,0,0,3,17,0.62
12.4789,0,0,0.479231,-0.0607755,0,0,3,17,0.62
12.5789,0,0,0.467625,-0.0666074,0,0,3,17,0.62
12.6789,0,0,0.456002,-0.0565121,0,0,3,17,0.62
12.7789,0,0,0.417013,-0.0369113,0,0,3,17,0.62
12.8789,0,0,0.378053,-0.0538493,0,0,3,17,0.62
12.9789,0,0,0.371946,-0.0532674,0,0,3,17,0.62
13.0789,0,0,0.365836,-0.0461938,0,0,3,17,0.62
13.1789,0,0,0.351678,-0.0596133,0,0,3,17,0.62
13.2789,0,0,0.337566,-0.0586082,0,0,3,17,0.62
13.3789,0,0,0.365051,-0.0459434,0,0,3,17,0.62
13.4789,0,0,0.392536,-0.042488,0,0,3,17,0.62
13.5789,0,0,0.366543,-0.0604331,0,0,3,17,0.62
13.6789,0,0,0.337778,-0.0695365,0,0,3,17,0.62
13.7789,0,0,0.297653,-0.0626336,0,0,3,17,0.62
13.8789,0,0,0.257613,-0.0617978,0,0,3,17,0.62
13.9789,0,0,0.320548,-0.0719319,0,0,3,17,0.62
14.0789,0,0,0.383459,-0.0745817,0,0,3,17,0.62
14.1789,0,0,0.324773,-0.0653722,0,0,3,17,0.62
14.2789,0,0,0.266137,-0.0603511,0,0,3,17,0.62
14.3789,0,0,0.29549,-0.0720837,0,0,3,17,0.62
14.4789,0,0,0.324811,-0.0752618,0,0,3,18,0.62
14.5789,0,0,0.312481,-0.0708607,0,0,3,18,0.62
14.6789,0,0,0.30013,-0.0833063,0,0,3,18,0.6
14.7789,0,0,0.270181,-0.0864155,0,0,3,18,0.6
14.8789,0,0,0.240289,-0.0803708,0,0,3,18,0.6
14.9789,0,0,0.270489,-0.0856285,0,0,3,18,0.6
15.0789,0,0,0.293262,-0.097105,0,0,3,17,0.6
15.1789,0,0,0.285487,-0.0814912,0,0,3,17,0.6
15.2789,0,0,0.277694,-0.0672873,0,0,3,17,0.6
15.3789,0,0,0.254125,-0.0956002,0,0,3,17,0.6
15.4789,0,0,0.23229,-0.115074,0,0,3,17,0.6
15.5789,0,0,0.217573,-0.0887876,0,0,3,17,0.6
15.6789,0,0,0.202874,-0.0786183,0,0,3,17,0.62
15.7789,0,0,0.205168,-0.0926749,0,0,3,17,0.62
15.8789,0,0,0.207464,-0.103577,0,0,3,17,0.62
15.9789,0,0,0.211929,-0.107478,0,0,3,17,0.62
16.0789,0,0,0.216393,-0.101057,0,0,3,17,0.62
16.1789,0,0,0.220547,-0.100807,0,0,3,17,0.62
16.2789,0,0,0.223292,-0.113831,0,0,3,17,0.62
16.3789,0,0,0.220264,-0.126077,0,0,3,17,0.62
16.4789,0,0,0.214541,-0.127228,0,0,3,17,0.62
16.5789,0,0,0.197768,-0.113692,0,0,3,17,0.62
16.6789,0,0,0.181002,-0.126651,0,0,3,17,0.62
16.7789,0,0,0.179885,-0.135041,0,0,3,17,0.62
16.8789,0,0,0.178541,-0.132283,0,0,3,17,0.62
16.9789,0,0,0.176271,-0.133264,0,0,3,17,0.62
17.0789,0,0,0.174001,-0.13526,0,0,3,17,0.62
17.1789,0,0,0.169852,-0.133423,0,0,3,17,0.62
17.2789,0,0,0.165704,-0.145278,0,0,3,17,0.62
17.3789,0,0,0.164207,-0.156182,0,0,3,17,0.62
17.4789,0,0,0.166311,-0.152801,0,0,3,17,0.62
17.5789,0,0,0.183174,-0.145552,0,0,3,17,0.62
17.6789,0,0,0.195784,-0.156948,0,0,3,17,0.62
17.7789,0,0,0.190986,-0.163082,0,0,3,17,0.62
17.8789,0,0,0.184163,-0.157955,0,0,3,16,0.62
17.9789,0,0,0.169047,-0.179066,0,0,3,16,0.62
18.0789,0,0,0.159003,-0.195222,0,0,3,16,0.62
18.1789,0,0,0.169758,-0.173006,0,0,3,16,0.62
18.2789,0,0,0.18051,-0.15529,0,0,3,16,0.62
18.3789,0.0899685,0,0.178613,-0.178991,0,0,3,16,0.62
18.4789,0.124969,0,0.177771,-0.209338,0,0,3,16,0.62
18.5789,0.164525,0,0.181259,-0.204236,0,0,3,16,0.62
18.6789,0.185001,0,0.184772,-0.183989,0,0,3,16,0.64
18.7789,0.227494,0,0.208694,-0.171931,0,0,3,16,0.64
18.8789,0.267491,0,0.232737,-0.187057,0,0,3,16,0.64
18.9789,0.2675,0,0.393315,-0.182359,0,0,3,16,0.64
19.0789,0.2675,0,0.55294,-0.144843,0,0,3,16,0.64
19.1789,0.2675,0,0.708653,-0.0953394,0,0,3,16,0.64
19.2789,0.265002,0,0.85304,-0.023757,0,0,3,16,0.64
19.3789,0.260059,0,0.951052,0.0078622,0,0,3,16,0.64
19.4789,0.26,0,1.04561,0.0255619,0,0,3,16,0.64
19.5789,0.26,0,1.12597,0.0306055,0,0,3,16,0.64
19.6789,0.26,0,1.2063,0.0275043,0,0,3,16,0.64
19.7789,0.257501,0,1.22647,0.0257481,0,0,3,16,0.64
19.8789,0.2575,0,1.24665,0.0261988,0,0,3,16,0.64
19.9789,0.259999,0,1.29014,-0.00990296,0,0,3,16,0.64
20.0789,0.26,0,1.33315,-0.00512337,0,0,3,16,0.64
20.1789,0.264939,0,1.37421,-0.0107163,0,0,3,16,0.64
20.2789,0.265,0,1.40566,-0.0137924,0,0,3,16,0.64
20.3789,0.265,0,1.3978,-0.0138652,0,0,3,16,0.64
20.4789,0.265,0,1.4001,-0.020891,0,0,3,16,0.64
20.5789,0.267472,0,1.44414,-0.0194757,0,0,3,16,0.64
20.6789,0.2675,0,1.48814,-0.017514,0,0,3,16,0.64
20.7789,0.2675,0,1.49322,-0.0208289,0,0,3,16,0.64
20.8789,0.2675,0,1.49832,-0.00783737,0,0,3,16,0.64
20.9789,0.2675,0,1.51637,-0.028262,0,0,3,16,0.64
21.0789,0.2675,0,1.52664,-0.00228191,0,0,3,16,0.64
21.1789,0.2675,0,1.50488,-0.00337571,0,0,3,16,0.64
21.2789,0.265003,0,1.49754,-0.0125097,0,0,3,16,0.64
21.3789,0.265,0,1.54921,-0.0079289,0,0,3,16,0.64
21.4789,0.265,0,1.58745,-0.0301008,0,0,3,16,0.64
21.5789,0.265,0,1.5704,-0.000219089,0,0,3,16,0.64
21.6789,0.265,0,1.55335,0.00121912,0,0,3,16,0.64
21.7789,0.265,0,1.53292,-0.00997905,0,0,3,16,0.64
21.8789,0.265,0,1.52514,-0.00806348,0,0,3,16,0.64
21.9789,0.26747,0,1.56946,-0.03029,0,0,3,16,0.64
22.0789,0.2675,0,1.60934,-0.0146351,0,0,3,16,0.64
22.1789,0.2675,0,1.63097,-0.00566834,0,0,3,16,0.64
22.2789,0.2675,0,1.65252,-0.00181848,0,0,3,16,0.64
22.3789,0.2675,0,1.58893,0.00126041,0,0,3,16,0.64
22.4789,0.2675,0,1.53998,0.00910729,0,0,3,16,0.64
22.5789,0.2675,0,1.55104,-0.0255534,0,0,3,16,0.64
22.6789,0.2675,0,1.55892,-0.0202165,0,0,3,16,0.64
22.7789,0.2675,0,1.55377,0.00238931,0,0,3,16,0.64
22.8789,0.2675,0,1.54862,-0.0197521,0,0,3,16,0.64
22.9789,0.2675,0,1.556,0.00544991,0,0,3,16,0.64
23.0789,0.269998,0,1.56338,-0.00196301,0,0,3,16,0.64
23.1789,0.27,0,1.54578,0.00928886,0,0,3,16,0.64
23.2789,0.27,0,1.53219,0.0215615,0,0,3,17,0.64
23.3789,0.27,0,1.53506,0.00272069,0,0,3,17,0.64
23.4789,0.27,0,1.53791,0.0190241,0,0,3,17,0.64
23.5789,0.27,0,1.52737,0.0194654,0,0,3,17,0.64
23.6789,0.27,0,1.51684,0.0112017,0,0,3,17,0.62
23.7789,0.27,0,1.53326,-0.00367198,0,0,3,17,0.62
23.8789,0.27,0,1.54965,0.0269666,0,0,3,17,0.62
23.9789,0.274998,0,1.53376,0.0103885,0,0,3,17,0.62
24.0789,0.275,0,1.5179,0.0322445,0,0,3,17,0.62
24.1789,0.275,0,1.55036,0.000422848,0,0,3,17,0.62
24.2789,0.275,0,1.5828,-0.00232909,0,0,3,17,0.62
24.3789,0.275,0,1.58028,-0.0319461,0,0,3,17,0.62
24.4789,0.275,0,1.57776,-0.0129445,0,0,3,17,0.62
24.5789,0.275,0,1.55733,-0.000590637,0,0,3,17,0.62
24.6789,0.275,0,1.5423,-0.0425607,0,0,3,17,0.62
24.7789,0.275,0,1.54937,-0.0368007,0,0,3,17,0.62
24.8789,0.275,0,1.55645,-0.0165761,0,0,3,17,0.62
24.9789,0.275,0,1.56221,-0.0170997,0,0,3,17,0.62
25.0789,0.275,0,1.56797,-0.017138,0,0,3,17,0.62
25.1789,0.275,0,1.58107,0.00484997,0,0,3,17,0.62
25.2789,0.275,0,1.59416,-0.00095462,0,0,3,17,0.62
25.3789,0.275,0,1.60093,-0.00200445,0,0,3,17,0.62
25.4789,0.275,0,1.60766,-0.00406812,0,0,3,17,0.62
25.5789,0.275,0,1.58123,0.0149976,0,0,3,17,0.62
25.6789,0.275,0,1.55481,-0.0132415,0,0,3,17,0.62
25.7789,0.275,0,1.56299,-0.0116318,0,0,3,17,0.62
25.8789,0.275,0,1.57118,0.00485937,0,0,3,17,0.62
25.9789,0.275,0,1.58905,0.00512654,0,0,3,17,0.62
26.0789,0.275,0,1.60045,0.00286225,0,0,3,17,0.62
26.1789,0.275,0,1.5853,0.00171435,0,0,3,17,0.62
26.2789,0.275,0,1.57016,-0.00482169,0,0,3,17,0.62
26.3789,0.275,0,1.56725,-0.00797536,0,0,3,17,0.62
26.4789,0.275,0,1.56433,-0.0133404,0,0,3,17,0.62
26.5789,0.275,0,1.55399,0.00819254,0,0,3,17,0.62
26.6789,0.275,0,1.54367,-0.0146791,0,0,3,17,0.62
26.7789,0.275,0,1.56047,-0.0193803,0,0,3,17,0.62
26.8789,0.275,0,1.57728,-0.00951753,0,0,3,17,0.62
26.9789,0.277498,0,1.59374,-0.0112932,0,0,3,17,0.62
27.0789,0.2775,0,1.6102,-0.0227849,0,0,3,16,0.62
27.1789,0.2775,0,1.61596,-0.0328513,0,0,3,16,0.62
27.2789,0.2775,0,1.61222,-0.0228061,0,0,3,16,0.62
27.3789,0.2775,0,1.5694,-0.00946896,0,0,3,16,0.62
27.4789,0.2775,0,1.52661,-0.0167836,0,0,3,16,0.62
27.5789,0.2775,0,1.53929,-0.00944943,0,0,3,16,0.62
27.6789,0.2775,0,1.55197,-0.026476,0,0,3,16,0.62
27.7789,0.2775,0,1.58159,-0.0357401,0,0,3,17,0.62
27.8789,0.2775,0,1.61117,-0.0300456,0,0,3,17,0.62
27.9789,0.2775,0,1.59311,-0.00785698,0,0,3,17,0.62
28.0789,0.2775,0,1.57975,-0.0152759,0,0,3,16,0.62
28.1789,0.2775,0,1.58583,-0.0190421,0,0,3,16,0.62
28.2789,0.2775,0,1.59488,-0.0383238,0,0,3,16,0.62
28.3789,0.2775,0,1.61612,-0.0253786,0,0,3,16,0.62
28.4789,0.2775,0,1.63733,-0.0169185,0,0,3,15,0.62
28.5789,0.2775,0,1.61352,0.00366863,0,0,3,15,0.62
28.6789,0.2775,0,1.58973,-0.00071798,0,0,3,15,0.68
28.7789,0.2775,0,1.58581,0.00794153,0,0,3,15,0.68
28.8789,0.2775,0,1.58189,-0.0137554,0,0,3,16,0.68
28.9789,0.2775,0,1.58877,-0.0103793,0,0,3,16,0.68
29.0789,0.2775,0,1.59565,-0.00378594,0,0,3,16,0.68
29.1789,0.2775,0,1.57996,-0.00755988,0,0,3,16,0.68
29.2789,0.2775,0,1.56428,-0.0161154,0,0,3,16,0.68
29.3789,0.2775,0,1.57034,-0.0194636,0,0,3,16,0.68
29.4789,0.2775,0,1.5764,0.00346634,0,0,3,16,0.68
29.5789,0.2775,0,1.57583,-0.0272613,0,0,3,16,0.68
29.6789,0.2775,0,1.57527,-0.0085785,0,0,3,15,0.68
29.7789,0.2775,0,1.57059,-0.02542,0,0,3,15,0.68
29.8789,0.2775,0,1.56591,-0.0142294,0,0,3,16,0.68
29.9789,0.2775,0,1.55291,0.00137384,0,0,3,16,0.68
30.0789,0.2775,0,1.54544,-0.0149042,0,0,3,16,0.68
30.1789,0.2775,0,1.56079,0.00903897,0,0,3,16,0.68
30.2789,0.2775,0,1.57612,0.0181882,0,0,3,16,0.68
30.3789,0.2775,0,1.55587,0.0289914,0,0,3,16,0.68
30.4789,0.2775,0,1.53563,0.0161194,0,0,3,16,0.68
30.5789,0.2775,0,1.53988,0.0262479,0,0,3,16,0.68
30.6789,0.2775,0,1.54413,0.019562,0,0,3,16,0.64
30.7789,0.2775,0,1.56735,-0.00245912,0,0,3,16,0.64
30.8789,0.2775,0,1.58386,-0.0107485,0,0,3,16,0.64
30.9789,0.2775,0,1.5729,0.00644169,0,0,3,16,0.64
31.0789,0.2775,0,1.56356,-0.00228888,0,0,3,16,0.64
31.1789,0.2775,0,1.56088,0.0253504,0,0,3,16,0.64
31.2789,0.2775,0,1.56257,0.00334309,0,0,3,16,0.64
31.3789,0.2775,0,1.58211,0.00120241,0,0,3,16,0.64
31.4789,0.2775,0,1.59742,-0.0121858,0,0,3,16,0.64
31.5789,0.2775,0,1.5954,0.00203199,0,0,3,16,0.64
31.6789,0.2775,0,1.5934,-0.00107748,0,0,3,16,0.64
31.7789,0.279999,0,1.60081,-0.0171816,0,0,3,16,0.64
31.8789,0.277502,0,1.60822,-0.00822982,0,0,3,16,0.64
31.9789,0.237507,0,1.59409,0.0134637,0,0,3,16,0.64
32.0789,0.195049,0,1.57996,0.00124156,0,0,3,16,0.64
32.1789,0.175013,0,1.54483,0.00268654,0,0,3,16,0.64
32.2789,0.135038,0,1.49248,0.00783942,0,0,3,16,0.64
32.3789,0.0954525,0,1.36967,-0.0270952,0,0,3,16,0.64
32.4789,6.5302e-05,0,1.24688,-0.0175641,0,0,3,16,0.64
32.5789,0,0,1.14812,0.0123993,0,0,3,16,0.64
32.6789,0,0,1.04933,0.0539531,0,0,3,16,0.64
32.7789,0,0,0.915486,0.0234157,0,0,3,16,0.64
32.8789,0,0,0.811311,-0.0058802,0,0,3,16,0.64
32.9789,0,0,0.828744,-0.0141172,0,0,3,16,0.64
33.0789,0,0,0.838229,-0.00913723,0,0,3,16,0.64
33.1789,0,0,0.815002,-0.0152174,0,0,3,16,0.64
33.2789,0,0,0.797472,-0.0623465,0,0,3,16,0.64
33.3789,0,0,0.803248,-0.0774911,0,0,3,16,0.64
33.4789,0,0,0.804162,-0.0873984,0,0,3,17,0.64
33.5789,0,0,0.785114,-0.12147,0,0,3,17,0.64
33.6789,0,0,0.76609,-0.126749,0,0,3,17,0.62
33.7789,0,0,0.787093,-0.0943621,0,0,3,17,0.62
33.8789,0,0,0.794668,-0.0594384,0,0,3,16,0.62
33.9789,0,0,0.747298,-0.0750302,0,0,3,16,0.62
34.0789,0,0,0.703999,-0.106684,0,0,3,16,0.62
34.1789,0,0,0.677417,-0.085624,0,0,3,16,0.62
34.2789,0,0,0.650811,-0.0526751,0,0,3,16,0.62
34.3789,0,0,0.596194,-0.046199,0,0,3,16,0.62
34.4789,0,0,0.541577,-0.0491275,0,0,3,16,0.62
34.5789,0,0,0.547985,-0.0714463,0,0,3,16,0.62
34.6789,0,0,0.55012,-0.0670847,0,0,3,16,0.62
34.7789,0,0,0.534729,-0.0483345,0,0,3,16,0.62
34.8789,0,0,0.518746,-0.0866433,0,0,3,16,0.64
34.9789,0,0,0.500334,-0.0861926,0,0,3,16,0.64
35.0789,0,0,0.494237,-0.0719681,0,0,3,17,0.64
35.1789,0,0,0.538781,-0.112832,0,0,3,17,0.64
35.2789,0,0,0.566364,-0.12028,0,0,3,17,0.64
35.3789,0,0,0.524385,-0.0959752,0,0,3,17,0.64
35.4789,0,0,0.492019,-0.0823789,0,0,3,17,0.64
35.5789,0,0,0.499179,-0.0657982,0,0,3,17,0.64
35.6789,0,0,0.506324,-0.0681226,0,0,3,18,0.6
35.7789,0,0,0.49461,-0.103325,0,0,3,18,0.6
35.8789,0,0,0.480557,-0.0815232,0,0,3,18,0.6
35.9789,0,0,0.456875,-0.0271447,0,0,3,18,0.6
36.0789,0,0,0.433197,-0.0202564,0,0,3,18,0.6
36.1789,0,0,0.41503,-0.0661662,0,0,3,18,0.6
36.2789,0,0,0.40295,-0.118079,0,0,3,18,0.6
36.3789,0,0,0.41578,-0.111762,0,0,3,18,0.6
36.4789,0,0,0.428606,-0.0809854,0,0,3,18,0.6
36.5789,0,0,0.437543,-0.113398,0,0,3,18,0.6
36.6789,0,0,0.446476,-0.141333,0,0,3,18,0.6
36.7789,0,0,0.451153,-0.124604,0,0,3,18,0.6
36.8789,0,0,0.449133,-0.0979596,0,0,3,18,0.6
36.9789,0,0,0.419674,-0.0998208,0,0,3,18,0.6
37.0789,0,0,0.390216,-0.0878091,0,0,3,18,0.6
37.1789,0,0,0.379484,-0.0630558,0,0,3,18,0.6
37.2789,0,0,0.368754,-0.0391753,0,0,3,18,0.6
37.3789,0,0,0.361291,-0.02437,0,0,3,18,0.6
37.4789,0,0,0.353818,-0.0345274,0,0,3,18,0.6
37.5789,0,0,0.336607,-0.0741744,0,0,3,18,0.6
37.6789,0,0,0.31941,-0.114389,0,0,3,17,0.62
37.7789,0,0,0.347614,-0.134798,0,0,3,17,0.62
37.8789,0,0,0.375205,-0.118413,0,0,3,17,0.62
37.9789,0,0,0.400278,-0.066955,0,0,3,17,0.62
38.0789,0,0,0.425319,-0.0619919,0,0,3,17,0.62
38.1789,0,0,0.384783,-0.0949343,0,0,3,17,0.62
38.2789,0,0,0.349346,-0.0888471,0,0,3,17,0.62
38.3789,0,0,0.334799,-0.0361977,0,0,3,17,0.62
38.4789,0,0,0.320252,0.013689,0,0,3,17,0.62
38.5789,0,0,0.30365,0.00752512,0,0,3,17,0.62
38.6789,0,0,0.287074,-0.0422012,0,0,3,17,0.62
38.7789,0,0,0.29966,-0.0781813,0,0,3,17,0.62
38.8789,0,0,0.312236,-0.0866591,0,0,3,17,0.62
38.9789,0,0,0.310818,-0.0927664,0,0,3,17,0.62
39.0789,0,0,0.309408,-0.0910327,0,0,3,17,0.62
39.1789,0,0,0.332284,-0.0804485,0,0,3,17,0.62
39.2789,0,0,0.355135,-0.088232,0,0,3,17,0.62
39.3789,0,0,0.329628,-0.0944902,0,0,3,17,0.62
39.4789,0,0,0.304142,-0.0552071,0,0,3,17,0.62
39.5789,0,0,0.30991,-0.0020566,0,0,3,17,0.62
39.6789,0,0,0.315655,0.0232868,0,0,3,17,0.62
39.7789,0,0,0.285579,-0.00455384,0,0,3,17,0.62
39.8789,0,0,0.255531,-0.0621138,0,0,3,17,0.62
39.9789,0,0,0.264077,-0.075594,0,0,3,17,0.62
40.0789,0,0,0.272621,-0.0661029,0,0,3,17,0.62
40.1789,0,0,0.27618,-0.0631467,0,0,3,17,0.62
40.2789,0,0,0.279751,-0.0892811,0,0,3,17,0.62
40.3789,0,0,0.299899,-0.124184,0,0,3,17,0.62
40.4789,0,0,0.320013,-0.118706,0,0,3,17,0.62
40.5789,0,0,0.297533,-0.0683574,0,0,3,17,0.62
40.6789,0,0,0.275051,-0.00115623,0,0,3,17,0.62
40.7789,0,0,0.250356,0.0248192,0,0,3,17,0.62
40.8789,0,0,0.225672,-0.0108223,0,0,3,17,0.62
40.9789,0,0,0.221059,-0.0510642,0,0,3,17,0.62
41.0789,0,0,0.216455,-0.0567916,0,0,3,17,0.62
41.1789,0,0,0.228316,-0.0464396,0,0,3,17,0.62
41.2789,0,0,0.240184,-0.0447026,0,0,3,17,0.62
41.3789,0,0,0.261957,-0.070853,0,0,3,17,0.62
41.4789,0,0,0.283712,-0.104415,0,0,3,17,0.62
41.5789,0,0,0.266857,-0.11137,0,0,3,17,0.62
41.6789,0,0,0.250024,-0.102249,0,0,3,17,0.62
41.7789,0,0,0.269932,-0.0661463,0,0,3,17,0.62
41.8789,0,0,0.289794,-0.0188118,0,0,3,17,0.62
41.9789,0,0,0.256374,-0.00437564,0,0,3,17,0.62
42.0789,0,0,0.222964,-0.0267824,0,0,3,17,0.62
42.1789,0,0,0.209885,-0.0369396,0,0,3,17,0.62
42.2789,0,0,0.201196,-0.0320351,0,0,3,17,0.62
42.3789,0,0,0.210493,-0.0559664,0,0,3,17,0.62
42.4789,0,0,0.219782,-0.0971802,0,0,3,17,0.62
42.5789,0,0,0.216709,-0.0933633,0,0,3,17,0.62
42.6789,0,0,0.21366,-0.0683717,0,0,3,17,0.62
42.7789,0,0,0.240622,-0.0625522,0,0,3,17,0.62
42.8789,0,0,0.267552,-0.0662641,0,0,3,17,0.62
42.9789,0,0,0.239916,-0.0489078,0,0,3,17,0.62
43.0789,0,0,0.21228,-0.00862479,0,0,3,17,0.62
43.1789,0,0,0.211459,0.0216045,0,0,3,17,0.62
43.2789,0,0,0.210642,0.0174905,0,0,3,17,0.62
43.3789,0,0,0.211332,-0.0179067,0,0,3,17,0.62
43.4789,0,0,0.212021,-0.0552885,0,0,3,17,0.62
43.5789,0,0,0.214963,-0.073286,0,0,3,17,0.62
43.6789,0,0,0.222052,-0.0666879,0,0,3,17,0.62
43.7789,0,0,0.246225,-0.0577076,0,0,3,17,0.62
43.8789,0,0,0.257269,-0.070138,0,0,3,17,0.62
43.9789,0,0,0.214602,-0.0685054,0,0,3,17,0.62
44.0789,0,0,0.182376,-0.0383646,0,0,3,17,0.62
44.1789,0,0,0.193003,-0.00387053,0,0,3,17,0.62
44.2789,0,0,0.201498,0.0300112,0,0,3,17,0.62
44.3789,0,0,0.201247,0.0429415,0,0,3,17,0.62
44.4789,0,0,0.201006,-0.00234991,0,0,3,17,0.62
44.5789,0,0,0.224638,-0.0641748,0,0,3,17,0.62
44.6789,0,0,0.248254,-0.0807531,0,0,3,16,0.64
44.7789,0,0,0.222218,-0.0636165,0,0,3,16,0.64
44.8789,0,0,0.196242,-0.0586573,0,0,3,17,0.64
44.9789,0,0,0.215568,-0.0726339,0,0,3,17,0.64
45.0789,0,0,0.232232,-0.0761895,0,0,3,16,0.64
45.1789,0,0,0.237979,-0.0446657,0,0,3,16,0.64
45.2789,0,0,0.240094,0.00695914,0,0,3,16,0.64
45.3789,0,0,0.227356,0.0398774,0,0,3,16,0.64
45.4789,0,0,0.2133,0.0177068,0,0,3,16,0.64
45.5789,0,0,0.193841,-0.0246721,0,0,3,16,0.64
45.6789,0,0,0.174383,-0.0389228,0,0,3,16,0.64
45.7789,0,0,0.177671,-0.0366721,0,0,3,16,0.64
45.8789,0,0,0.190606,-0.0564809,0,0,3,16,0.64
45.9789,0,0,0.219809,-0.0800249,0,0,3,16,0.64
46.0789,0,0,0.238673,-0.066714,0,0,3,16,0.64
46.1789,0,0,0.21503,-0.018958,0,0,3,16,0.64
46.2789,0,0,0.189991,0.00499525,0,0,3,16,0.64
46.3789,0,0,0.159226,-0.00220274,0,0,3,16,0.64
46.4789,0,0,0.139181,0.00630903,0,0,3,16,0.64
46.5789,0,0,0.163069,0.0310566,0,0,3,16,0.64
46.6789,0,0,0.186933,0.0245557,0,0,3,16,0.64
46.7789,0,0,0.183834,-0.0268972,0,0,3,16,0.64
46.8789,0,0,0.180758,-0.0734661,0,0,3,16,0.64
46.9789,0,0,0.204392,-0.0659808,0,0,3,16,0.64
47.0789,0,0,0.228021,-0.0419174,0,0,3,16,0.64
47.1789,0,0,0.221559,-0.0359714,0,0,3,16,0.64
47.2789,0,0,0.21508,-0.0243552,0,0,3,16,0.64
47.3789,0,0,0.191075,0.00437187,0,0,3,16,0.64
47.4789,0,0,0.16708,0.0251415,0,0,3,16,0.64
47.5789,0,0,0.160816,0.0341513,0,0,3,16,0.64
47.6789,0,0,0.154567,0.0295565,0,0,3,16,0.64
47.7789,0,0,0.166487,0.0160052,0,0,3,16,0.64
47.8789,0,0,0.178403,-0.0114184,0,0,3,16,0.64
47.9789,0,0,0.173296,-0.0411419,0,0,3,16,0.64
48.0789,0,0,0.171954,-0.0444106,0,0,3,16,0.64
48.1789,0,0,0.186123,-0.0360292,0,0,3,16,0.64
48.2789,0,0,0.194743,-0.0252351,0,0,3,16,0.64
48.3789,0,0,0.180577,0.000100806,0,0,3,16,0.64
48.4789,0,0,0.16813,0.026833,0,0,3,16,0.64
48.5789,0,0,0.16273,0.0418852,0,0,3,16,0.64
48.6789,0,0,0.157347,0.0478228,0,0,3,16,0.64
48.7789,0,0,0.174395,0.034214,0,0,3,16,0.64
48.8789,0.0899568,0,0.187522,0.00832692,0,0,3,16,0.64
48.9789,0.09,0,0.184585,-0.00528197,0,0,3,16,0.64
49.0789,0.09,0,0.184733,-0.0108678,0,0,3,16,0.64
49.1789,0.09,0,0.197559,-0.021825,0,0,3,16,0.64
49.2789,0.09,0,0.203427,-0.0249194,0,0,3,16,0.64
49.3789,0.12704,0.0543259,0.180759,0.00388645,0,0,3,16,0.64
49.4789,0.169957,0.414639,0.164627,0.0288438,0,0,3,16,0.64
49.5789,0.189769,0.471837,0.175404,0.0288923,0,0,3,16,0.64
49.6789,0.229964,0.507469,0.197501,0.041387,0,0,3,16,0.64
49.7789,0.259643,0.5075,0.265993,0.0733414,0,0,3,16,0.64
49.8789,0.26,0.5075,0.353792,0.124936,0,0,3,16,0.64
49.9789,0.252593,0.490217,0.520894,0.156969,0,0,3,16,0.64
50.0789,0.2525,0.49,0.676142,0.160426,0,0,3,16,0.64
50.1789,0.250028,0.49,0.7825,0.182764,0,0,3,16,0.64
50.2789,0.25,0.49,0.88846,0.251284,0,0,3,16,0.64
50.3789,0.25,0.512242,0.992797,0.309318,0,0,3,16,0.64
50.4789,0.25,0.524993,1.08721,0.345894,0,0,3,16,0.64
50.5789,0.25,0.559606,1.14073,0.382317,0,0,3,16,0.64
50.6789,0.247502,0.57249,1.18979,0.430542,0,0,3,16,0.64
50.7789,0.2475,0.574972,1.22045,0.474164,0,0,3,16,0.64
50.8789,0.242507,0.589978,1.24468,0.508057,0,0,3,16,0.64
50.9789,0.2425,0.644329,1.24257,0.510817,0,0,3,16,0.64
51.0789,0.2425,0.68495,1.23236,0.510956,0,0,3,16,0.64
51.1789,0.2425,0.719597,1.18885,0.556503,0,0,3,16,0.64
51.2789,0.2425,0.812402,1.14537,0.585949,0,0,3,16,0.64
51.3789,0.2425,0.892501,1.13263,0.624522,0,0,3,16,0.64
51.4789,0.2425,0.914976,1.11765,0.654344,0,0,3,16,0.64
51.5789,0.2425,0.917472,1.09347,0.658588,0,0,3,16,0.64
51.6789,0.247498,0.912502,1.06931,0.630733,0,0,3,16,0.64
51.7789,0.2525,0.91,1.06027,0.64655,0,0,3,16,0.64
51.8789,0.250002,0.91,1.05366,0.678159,0,0,3,16,0.64
51.9789,0.242592,0.91,1.05697,0.633205,0,0,3,16,0.64
52.0789,0.2425,0.907502,1.05808,0.602889,0,0,3,16,0.64
52.1789,0.2425,0.905029,1.05011,0.625254,0,0,3,16,0.64
52.2789,0.2425,0.902501,1.05233,0.624783,0,0,3,16,0.64
52.3789,0.2425,0.9025,1.09626,0.640074,0,0,3,16,0.64
52.4789,0.2425,0.9025,1.13052,0.636263,0,0,3,16,0.64
52.5789,0.2425,0.9025,1.12504,0.631717,0,0,3,16,0.64
52.6789,0.2425,0.900002,1.11487,0.667017,0,0,3,16,0.64
52.7789,0.240028,0.9,1.08544,0.685051,0,0,3,16,0.64
52.8789,0.24,0.9,1.05605,0.707287,0,0,3,16,0.64
52.9789,0.24,0.902498,1.07193,0.713195,0,0,3,16,0.64
53.0789,0.24,0.9025,1.0878,0.713883,0,0,3,16,0.64
53.1789,0.24,0.9025,1.06842,0.712185,0,0,3,16,0.64
53.2789,0.24,0.9025,1.05083,0.729141,0,0,3,16,0.64
53.3789,0.24,0.900027,1.04055,0.743401,0,0,3,16,0.64
53.4789,0.242499,0.9,1.03027,0.73328,0,0,3,17,0.64
53.5789,0.2425,0.902499,1.03301,0.734804,0,0,3,17,0.64
53.6789,0.2425,0.9,1.03571,0.723788,0,0,3,17,0.64
53.7789,0.2425,0.9,1.00041,0.734742,0,0,3,17,0.64
53.8789,0.2425,0.9,0.965142,0.745403,0,0,3,17,0.64
53.9789,0.2425,0.892505,0.962187,0.738309,0,0,3,17,0.64
54.0789,0.2425,0.885007,0.959234,0.74626,0,0,3,17,0.64
54.1789,0.2425,0.885,0.972539,0.749367,0,0,3,17,0.64
54.2789,0.249998,0.877502,0.985842,0.733305,0,0,3,18,0.64
54.3789,0.257495,0.870005,0.997046,0.75891,0,0,3,18,0.64
54.4789,0.264994,0.872498,1.00827,0.719344,0,0,3,18,0.64
54.5789,0.265,0.872495,1.04468,0.72993,0,0,3,18,0.64
54.6789,0.2675,0.824999,1.08102,0.748795,0,0,3,18,0.6
54.7789,0.277496,0.685059,1.04478,0.779589,0,0,3,18,0.6
54.8789,0.2875,0.235,1.0086,0.736067,0,0,3,18,0.6
54.9789,0.307499,0.202502,1.04188,0.59477,0,0,3,18,0.6
55.0789,0.32498,0.000226558,1.07516,0.456179,0,0,3,18,0.6
55.1789,0.352496,0,1.16859,0.287583,0,0,3,18,0.6
55.2789,0.364995,0,1.27136,0.198292,0,0,3,17,0.6
55.3789,0.372416,0,1.41243,0.159439,0,0,3,17,0.6
55.4789,0.387493,0,1.53403,0.138992,0,0,3,17,0.6
55.5789,0.407265,0,1.57592,0.108568,0,0,3,17,0.6
55.6789,0.409998,0,1.61782,0.0486257,0,0,3,17,0.6
55.7789,0.41,0,1.66867,0.040798,0,0,3,17,0.6
55.8789,0.41,0,1.72738,0.0138663,0,0,3,17,0.6
55.9789,0.41,0,1.81827,0.0324145,0,0,3,17,0.6
56.0789,0.41,0,1.90913,0.0471805,0,0,3,17,0.6
56.1789,0.41,0,1.93519,0.0608754,0,0,3,17,0.6
56.2789,0.41,0,1.96125,0.0612529,0,0,3,17,0.6
56.3789,0.41,0,1.9762,0.060324,0,0,3,17,0.6
56.4789,0.41,0,1.99117,0.0841612,0,0,3,17,0.6
56.5789,0.41,0,2.03472,0.0914848,0,0,3,17,0.6
56.6789,0.41,0,2.07823,0.0951232,0,0,3,17,0.62
56.7789,0.41,0,2.05866,0.087486,0,0,3,17,0.62
56.8789,0.41,0,2.03914,0.0884785,0,0,3,18,0.62
56.9789,0.41,0,2.0588,0.108635,0,0,3,18,0.62
57.0789,0.41,0,2.07846,0.126892,0,0,3,18,0.62
57.1789,0.41,0,2.09432,0.120445,0,0,3,18,0.62
57.2789,0.41,0,2.11571,0.126498,0,0,3,18,0.62
57.3789,0.41,0,2.15986,0.13137,0,0,3,18,0.62
57.4789,0.41,0,2.20393,0.102814,0,0,3,18,0.62
57.5789,0.41,0,2.16329,0.104574,0,0,3,18,0.62
57.6789,0.41,0,2.12264,0.112055,0,0,3,18,0.62
57.7789,0.41,0,2.16972,0.106106,0,0,3,18,0.6
57.8789,0.41,0,2.23852,0.0996007,0,0,3,18,0.6
57.9789,0.41,0,2.20436,0.102748,0,0,3,18,0.6
58.0789,0.41,0,2.1702,0.088514,0,0,3,18,0.6
58.1789,0.41,0,2.18879,0.0953394,0,0,3,18,0.6
58.2789,0.41,0,2.20735,0.11073,0,0,3,18,0.6
58.3789,0.41,0,2.20523,0.13486,0,0,3,18,0.6
58.4789,0.41,0,2.2031,0.135282,0,0,3,18,0.6
58.5789,0.41,0,2.20574,0.12777,0,0,3,18,0.6
58.6789,0.41,0,2.20833,0.110144,0,0,3,18,0.6
58.7789,0.41,0,2.21071,0.101138,0,0,3,18,0.6
58.8789,0.41,0,2.21309,0.0994324,0,0,3,18,0.6
58.9789,0.41,0,2.19972,0.111491,0,0,3,18,0.6
59.0789,0.41,0,2.18634,0.126496,0,0,3,18,0.6
59.1789,0.41,0,2.18816,0.108491,0,0,3,18,0.6
59.2789,0.41,0,2.18999,0.0981288,0,0,3,18,0.6
59.3789,0.41,-0.0849966,2.20098,0.103509,0,0,3,18,0.6
59.4789,0.41,-0.107491,2.21197,0.0794139,0,0,3,18,0.6
59.5789,0.41,-0.157481,2.24052,0.0148253,0,0,3,18,0.6
59.6789,0.41,-0.177489,2.2691,-0.0256719,0,0,3,18,0.6
59.7789,0.41,-0.184999,2.34354,-0.0751454,0,0,3,18,0.6
59.8789,0.41,-0.187499,2.41792,-0.112701,0,0,3,18,0.6
59.9789,0.41,-0.1875,2.40155,-0.129126,0,0,3,18,0.6
60.0789,0.41,-0.207494,2.38524,-0.139185,0,0,3,18,0.6
60.1789,0.41,-0.217497,2.44395,-0.159273,0,0,3,18,0.6
60.2789,0.41,-0.219998,2.50262,-0.166559,0,0,3,18,0.6
60.3789,0.41,-0.217501,2.4836,-0.189125,0,0,3,18,0.6
60.4789,0.41,-0.244988,2.46462,-0.195647,0,0,3,18,0.6
60.5789,0.41,-0.304949,2.50689,-0.217545,0,0,3,18,0.6
60.6789,0.41,-0.362451,2.54916,-0.291129,0,0,3,17,0.62
60.7789,0.41,-0.362499,2.59809,-0.414913,0,0,3,17,0.62
60.8789,0.41,-0.355009,2.61664,-0.505527,0,0,3,17,0.62
60.9789,0.41,-0.357468,2.50992,-0.502272,0,0,3,17,0.62
61.0789,0.41,-0.36999,2.42307,-0.481341,0,0,3,17,0.62
61.1789,0.41,-0.389779,2.41769,-0.480724,0,0,3,17,0.62
61.2789,0.41,-0.412495,2.40357,-0.45389,0,0,3,17,0.62
61.3789,0.41,-0.454513,2.35367,-0.475864,0,0,3,17,0.62
61.4789,0.41,-0.450003,2.30378,-0.526979,0,0,3,18,0.62
61.5789,0.41,-0.45,2.27475,-0.520819,0,0,3,18,0.62
61.6789,0.41,-0.49999,2.24572,-0.485234,0,0,3,18,0.6
61.7789,0.41,-0.557483,2.21165,-0.453077,0,0,3,18,0.6
61.8789,0.41,-0.5575,2.17758,-0.4738,0,0,3,18,0.6
61.9789,0.41,-0.555003,2.17115,-0.497349,0,0,3,18,0.6
62.0789,0.41,-0.545007,2.16473,-0.502261,0,0,3,18,0.6
62.1789,0.41,-0.545,2.15112,-0.526666,0,0,3,18,0.6
62.2789,0.41,-0.545,2.13757,-0.535921,0,0,3,17,0.6
62.3789,0.41,-0.514983,2.16731,-0.534235,0,0,3,17,0.6
62.4789,0.41,-0.330054,2.197,-0.528605,0,0,3,17,0.6
62.5789,0.407501,-0.000145178,2.13604,-0.425457,0,0,3,17,0.6
62.6789,0.400003,0,2.08045,-0.169054,0,0,3,17,0.62
62.7789,0.38022,0,2.04679,0.0250265,0,0,3,17,0.62
62.8789,0.340022,0,2.01319,0.101389,0,0,3,17,0.62
62.9789,0.312512,0,2.05703,0.13289,0,0,3,17,0.62
63.0789,0.297508,0,2.10083,0.126706,0,0,3,18,0.62
63.1789,0.257498,0,2.07483,0.107794,0,0,3,18,0.62
63.2789,0.217519,0,2.0488,0.0761692,0,0,3,18,0.62
63.3789,0.195015,0,1.99419,0.0552679,0,0,3,18,0.62
63.4789,0.155053,0,1.93958,0.0365592,0,0,3,18,0.62
63.5789,0.115013,0,1.86485,0.00617134,0,0,3,18,0.62
63.6789,0.09501,0,1.78997,-0.0131841,0,0,3,18,0.62
63.7789,8.07217e-05,0,1.57152,-0.026048,0,0,3,18,0.62
63.8789,0,0,1.35309,-0.0181061,0,0,3,18,0.62
63.9789,0,0,1.18048,0.0120364,0,0,3,18,0.62
64.0789,0,0,1.02693,0.0269943,0,0,3,18,0.62
64.1789,0,0,0.952062,0.0243272,0,0,3,18,0.62
64.2789,0,0,0.877215,-0.0105093,0,0,3,18,0.62
64.3789,0,0,0.821241,-0.0127239,0,0,3,18,0.62
64.4789,0,0,0.765304,-0.0121465,0,0,3,18,0.62
64.5789,0,0,0.770803,-0.0316064,0,0,3,18,0.62
64.6789,0,0,0.776303,-0.0405422,0,0,3,18,0.62
64.7789,0,0,0.765502,-0.0337621,0,0,3,18,0.6
64.8789,0,0,0.750655,-0.0465274,0,0,3,18,0.6
64.9789,0,0,0.747537,-0.0454574,0,0,3,18,0.6
65.0789,0,0,0.744417,-0.0235174,0,0,3,18,0.6
65.1789,0,0,0.73334,-0.0424131,0,0,3,18,0.6
65.2789,0,0,0.722278,-0.0364195,0,0,3,18,0.6
65.3789,0,0,0.725494,-0.0259963,0,0,3,18,0.6
65.4789,0,0,0.722253,-0.0222325,0,0,3,18,0.6
65.5789,0,0,0.692489,-0.00795349,0,0,3,18,0.6
65.6789,0,0,0.662725,-0.0168346,0,0,3,18,0.6
65.7789,0,0,0.612939,-0.00920455,0,0,3,18,0.6
65.8789,0,0,0.558217,0.00353307,0,0,3,18,0.6
65.9789,0,0,0.579657,0.011925,0,0,3,18,0.6
66.0789,0,0,0.601061,0.00064199,0,0,3,18,0.6
66.1789,0,0,0.567035,0.00227419,0,0,3,18,0.6
66.2789,0,0,0.532959,-0.00408231,0,0,3,18,0.6
66.3789,0,0,0.452222,-0.0126241,0,0,3,18,0.6
66.4789,0,0,0.37155,-0.00634961,0,0,3,18,0.6
66.5789,0,0,0.455975,-0.0153312,0,0,3,18,0.6
66.6789,0,0,0.540368,-0.01035,0,0,3,18,0.6
66.7789,0,0,0.530273,0.00431174,0,0,3,18,0.6
66.8789,0,0,0.520171,-0.00098911,0,0,3,18,0.6
66.9789,0,0,0.502094,-0.0116753,0,0,3,18,0.6
67.0789,0,0,0.484019,-0.0174899,0,0,3,18,0.6
67.1789,0,0,0.472019,-0.00191848,0,0,3,18,0.6
67.2789,0,0,0.460008,0.00666535,0,0,3,18,0.6
67.3789,0,0,0.435497,-0.00720215,0,0,3,18,0.6
67.4789,0,0,0.410984,-0.00456942,0,0,3,18,0.6
67.5789,0,0,0.383992,0.00903335,0,0,3,18,0.6
67.6789,0.097462,0,0.35702,-0.00742206,0,0,3,18,0.6
67.7789,0.13749,0,0.354509,-0.00282924,0,0,3,18,0.6
67.8789,0.157502,0,0.352038,0.00983446,0,0,3,18,0.6
67.9789,0.199975,0,0.382,0.00841952,0,0,3,18,0.6
68.0789,0.239964,0,0.411974,0.0307322,0,0,3,18,0.6
68.1789,0.259986,0,0.488495,0.0462755,0,0,3,18,0.6
68.2789,0.27499,0,0.565023,0.0330438,0,0,3,18,0.6
68.3789,0.267505,0,0.696175,0.052061,0,0,3,18,0.6
68.4789,0.260006,0,0.827345,0.0978163,0,0,3,18,0.6
68.5789,0.26,0,0.980639,0.106409,0,0,3,18,0.6
68.6789,0.26,0,1.13391,0.120989,0,0,3,18,0.6
68.7789,0.26,0,1.2285,0.120852,0,0,3,18,0.6
68.8789,0.2575,0,1.32301,0.101806,0,0,3,18,0.6
68.9789,0.252501,0,1.32147,0.0965422,0,0,3,18,0.6
69.0789,0.2525,0,1.31993,0.0973736,0,0,3,18,0.6
69.1789,0.250001,0,1.33369,0.0867948,0,0,3,18,0.6
69.2789,0.25,0,1.34744,0.0832527,0,0,3,18,0.6
69.3789,0.25,0,1.3522,0.0645197,0,0,3,18,0.6
69.4789,0.25,0,1.34775,0.0565015,0,0,3,18,0.6
69.5789,0.25,0,1.30557,0.0607449,0,0,3,18,0.6
69.6789,0.25,0,1.2634,0.0515549,0,0,3,18,0.6
69.7789,0.247501,0,1.28087,0.0434323,0,0,3,18,0.6
69.8789,0.2475,0,1.3132,0.0521905,0,0,3,18,0.6
69.9789,0.2475,0,1.36062,0.0441593,0,0,3,18,0.6
70.0789,0.2475,0,1.40799,0.0556662,0,0,3,18,0.6
70.1789,0.2425,0,1.3773,0.0514261,0,0,3,18,0.6
70.2789,0.2425,0,1.34661,0.049147,0,0,3,18,0.6
70.3789,0.2475,0,1.33606,0.0532647,0,0,3,18,0.6
70.4789,0.242502,0,1.32554,0.0345687,0,0,3,18,0.6
70.5789,0.2425,0,1.36377,0.0582732,0,0,3,18,0.6
70.6789,0.2425,0,1.40194,0.0543495,0,0,3,18,0.6
70.7789,0.2425,0,1.38269,0.0652385,0,0,3,18,0.6
70.8789,0.2425,0,1.36954,0.062852,0,0,3,18,0.6
70.9789,0.2425,0,1.38147,0.0529108,0,0,3,18,0.6
71.0789,0.2425,0,1.3934,0.0407533,0,0,3,18,0.6
71.1789,0.2425,0,1.41867,0.0578983,0,0,3,18,0.6
71.2789,0.2425,0,1.44394,0.0726477,0,0,3,18,0.6
71.3789,0.2425,0,1.43499,0.0590112,0,0,3,18,0.6
71.4789,0.2425,0,1.42608,0.0628805,0,0,3,18,0.6
71.5789,0.2425,0,1.45318,0.0724962,0,0,3,18,0.6
71.6789,0.2425,-0.182401,1.48028,0.0703166,0,0,3,18,0.6
71.7789,0.2425,-0.377484,1.50304,0.0279675,0,0,3,18,0.6
71.8789,0.247499,-0.599962,1.52577,-0.127319,0,0,3,18,0.6
71.9789,0.2475,-0.585005,1.51687,-0.304694,0,0,3,18,0.6
72.0789,0.2475,-0.570012,1.50799,-0.438513,0,0,3,18,0.6
72.1789,0.2475,-0.525004,1.51489,-0.459453,0,0,3,18,0.6
72.2789,0.2475,-0.495016,1.50997,-0.449196,0,0,3,18,0.6
72.3789,0.249972,-0.490057,1.45667,-0.399488,0,0,3,18,0.6
72.4789,0.25,-0.485003,1.40341,-0.391183,0,0,3,18,0.6
72.5789,0.25,-0.485,1.41679,-0.379322,0,0,3,18,0.6
72.6789,0.25,-0.485,1.43016,-0.372948,0,0,3,18,0.6
72.7789,0.25,-0.480003,1.44311,-0.383045,0,0,3,18,0.6
72.8789,0.25,-0.48,1.45604,-0.376009,0,0,3,18,0.6
72.9789,0.25,-0.48,1.40249,-0.361325,0,0,3,18,0.6
73.0789,0.25,-0.477502,1.34898,-0.361313,0,0,3,18,0.6
73.1789,0.25,-0.4775,1.34874,-0.341825,0,0,3,18,0.6
73.2789,0.25,-0.4775,1.34855,-0.342342,0,0,3,18,0.6
73.3789,0.25,-0.4775,1.38567,-0.342097,0,0,3,18,0.6
73.4789,0.25,-0.4775,1.42278,-0.353314,0,0,3,18,0.6
73.5789,0.25,-0.4775,1.42253,-0.364696,0,0,3,18,0.6
73.6789,0.25,-0.4775,1.42228,-0.364235,0,0,3,18,0.6
73.7789,0.25,-0.4775,1.41582,-0.376469,0,0,3,18,0.6
73.8789,0.25,-0.4775,1.40936,-0.378863,0,0,3,18,0.6
73.9789,0.25,-0.4775,1.41056,-0.381453,0,0,3,18,0.6
74.0789,0.25,-0.4775,1.41175,-0.384508,0,0,3,18,0.6
74.1789,0.25,-0.4775,1.40339,-0.384851,0,0,3,18,0.6
74.2789,0.25,-0.4775,1.39505,-0.38426,0,0,3,18,0.6
74.3789,0.25,-0.4775,1.42616,-0.377263,0,0,3,18,0.6
74.4789,0.25,-0.4775,1.45727,-0.37858,0,0,3,18,0.6
74.5789,0.25,-0.4775,1.45094,-0.373666,0,0,3,18,0.6
74.6789,0.25,-0.4775,1.44461,-0.391986,0,0,3,18,0.6
74.7789,0.25,-0.4775,1.43666,-0.397742,0,0,3,18,0.6
74.8789,0.25,-0.4775,1.42831,-0.405766,0,0,3,18,0.6
74.9789,0.25,-0.4775,1.43055,-0.411725,0,0,3,18,0.6
75.0789,0.25,-0.4775,1.43279,-0.411661,0,0,3,18,0.6
75.1789,0.25,-0.4775,1.43553,-0.413207,0,0,3,18,0.6
75.2789,0.25,-0.4775,1.43827,-0.409736,0,0,3,18,0.6
75.3789,0.25,-0.4775,1.44049,-0.436049,0,0,3,18,0.6
75.4789,0.25,-0.4775,1.44271,-0.418077,0,0,3,18,0.6
75.5789,0.25,-0.4775,1.43712,-0.433102,0,0,3,18,0.6
75.6789,0.25,-0.4775,1.43153,-0.423822,0,0,3,18,0.6
75.7789,0.25,-0.4775,1.43275,-0.418124,0,0,3,18,0.6
75.8789,0.25,-0.4775,1.43566,-0.408081,0,0,3,18,0.6
75.9789,0.25,-0.475002,1.42279,-0.391267,0,0,3,18,0.6
76.0789,0.25,-0.475,1.40993,-0.408309,0,0,3,18,0.6
76.1789,0.25,-0.475,1.42424,-0.391986,0,0,3,18,0.6
76.2789,0.25,-0.475,1.43516,-0.407064,0,0,3,18,0.6
76.3789,0.25,-0.475,1.43217,-0.39864,0,0,3,18,0.6
76.4789,0.25,-0.475,1.42919,-0.385006,0,0,3,18,0.6
76.5789,0.25,-0.475,1.43185,-0.427972,0,0,3,18,0.6
76.6789,0.25,-0.475,1.4345,-0.407729,0,0,3,18,0.6
76.7789,0.25,-0.475,1.41078,-0.415996,0,0,3,18,0.6
76.8789,0.25,-0.475,1.38709,-0.397535,0,0,3,18,0.6
76.9789,0.25,-0.475,1.39433,-0.393996,0,0,3,18,0.6
77.0789,0.25,-0.475,1.40158,-0.40014,0,0,3,18,0.6
77.1789,0.25,-0.475,1.44126,-0.403382,0,0,3,18,0.6
77.2789,0.25,-0.475,1.48092,-0.39217,0,0,3,18,0.6
77.3789,0.25,-0.477498,1.49524,-0.367377,0,0,3,18,0.6
77.4789,0.25,-0.4775,1.50955,-0.398026,0,0,3,18,0.6
77.5789,0.25,-0.4775,1.46345,-0.421733,0,0,3,18,0.6
77.6789,0.25,-0.4775,1.41737,-0.377639,0,0,3,18,0.6
77.7789,0.25,-0.4775,1.39069,-0.366415,0,0,3,18,0.6
77.8789,0.25,-0.4775,1.36409,-0.384601,0,0,3,18,0.6
77.9789,0.25,-0.4775,1.4465,-0.388603,0,0,3,18,0.6
78.0789,0.25,-0.4775,1.52888,-0.365862,0,0,3,18,0.6
78.1789,0.25,-0.4775,1.50375,-0.378472,0,0,3,18,0.6
78.2789,0.25,-0.4775,1.47863,-0.408161,0,0,3,17,0.6
78.3789,0.25,-0.4775,1.46566,-0.377244,0,0,3,17,0.6
78.4789,0.25,-0.4775,1.45271,-0.372927,0,0,3,17,0.6
78.5789,0.25,-0.4775,1.45114,-0.386537,0,0,3,17,0.6
78.6789,0.25,-0.4775,1.44961,-0.367584,0,0,3,17,0.62
78.7789,0.25,-0.4775,1.49925,-0.369079,0,0,3,17,0.62
78.8789,0.25,-0.4775,1.54878,-0.367741,0,0,3,17,0.62
78.9789,0.25,-0.4775,1.48836,-0.353287,0,0,3,17,0.62
79.0789,0.25,-0.4775,1.43749,-0.369718,0,0,3,17,0.62
79.1789,0.25,-0.4775,1.4258,-0.372639,0,0,3,17,0.62
79.2789,0.25,-0.4775,1.41417,-0.373612,0,0,3,17,0.62
79.3789,0.25,-0.4775,1.46056,-0.377251,0,0,3,17,0.62
79.4789,0.25,-0.4775,1.50689,-0.385998,0,0,3,17,0.62
79.5789,0.25,-0.4775,1.47768,-0.3757,0,0,3,17,0.62
79.6789,0.25,-0.4775,1.44853,-0.366182,0,0,3,17,0.62
79.7789,0.25,-0.4775,1.47028,-0.343878,0,0,3,17,0.62
79.8789,0.25,-0.4775,1.492,-0.348,0,0,3,17,0.62
79.9789,0.25,-0.4775,1.48742,-0.368032,0,0,3,17,0.62
80.0789,0.25,-0.4775,1.48284,-0.391803,0,0,3,17,0.62
80.1789,0.25,-0.4775,1.4859,-0.403284,0,0,3,17,0.62
80.2789,0.25,-0.4775,1.48895,-0.394743,0,0,3,17,0.62
80.3789,0.25,-0.4775,1.46193,-0.342307,0,0,3,17,0.62
80.4789,0.25,-0.4775,1.44614,-0.334488,0,0,3,17,0.62
80.5789,0.25,-0.4775,1.47645,-0.346548,0,0,3,17,0.62
80.6789,0.25,-0.4775,1.50675,-0.376183,0,0,3,17,0.62
80.7789,0.25,-0.4775,1.53684,-0.38448,0,0,3,17,0.62
80.8789,0.25,-0.4775,1.56687,-0.370483,0,0,3,18,0.62
80.9789,0.25,-0.4775,1.54505,-0.38027,0,0,3,18,0.62
81.0789,0.25,-0.4775,1.52325,-0.356206,0,0,3,18,0.62
81.1789,0.25,-0.4775,1.54932,-0.351669,0,0,3,18,0.62
81.2789,0.25,-0.4775,1.57539,-0.358594,0,0,3,18,0.62
81.3789,0.25,-0.4775,1.5381,-0.389322,0,0,3,18,0.62
81.4789,0.25,-0.4775,1.50085,-0.385081,0,0,3,18,0.62
81.5789,0.25,-0.4775,1.52239,-0.360176,0,0,3,18,0.62
81.6789,0.25,-0.4775,1.54384,-0.331331,0,0,3,18,0.6
81.7789,0.25,-0.4775,1.46309,-0.343448,0,0,3,18,0.6
81.8789,0.25,-0.4775,1.38242,-0.365247,0,0,3,18,0.6
81.9789,0.25,-0.4775,1.42973,-0.35739,0,0,3,18,0.6
82.0789,0.25,-0.4775,1.47703,-0.342084,0,0,3,18,0.6
82.1789,0.25,-0.4775,1.50094,-0.339421,0,0,3,18,0.6
82.2789,0.25,-0.4775,1.52485,-0.351408,0,0,3,18,0.6
82.3789,0.25,-0.4775,1.49801,-0.371918,0,0,3,18,0.6
82.4789,0.25,-0.4775,1.47121,-0.378539,0,0,3,18,0.6
82.5789,0.25,-0.4775,1.48196,-0.354468,0,0,3,18,0.6
82.6789,0.25,-0.4775,1.4927,-0.374667,0,0,3,18,0.6
82.7789,0.25,-0.4775,1.49097,-0.390441,0,0,3,18,0.6
82.8789,0.25,-0.4775,1.48924,-0.336394,0,0,3,18,0.6
82.9789,0.25,-0.4775,1.47438,-0.357501,0,0,3,18,0.6
83.0789,0.25,-0.4775,1.46159,-0.424048,0,0,3,18,0.6
83.1789,0.252471,-0.4775,1.45727,-0.368558,0,0,3,18,0.6
83.2789,0.2525,-0.4775,1.45294,-0.349384,0,0,3,18,0.6
83.3789,0.2525,-0.4775,1.4523,-0.360276,0,0,3,18,0.6
83.4789,0.2525,-0.4775,1.45168,-0.39076,0,0,3,18,0.6
83.5789,0.2525,-0.4775,1.47363,-0.367777,0,0,3,18,0.6
83.6789,0.2525,-0.4775,1.49555,-0.378981,0,0,3,18,0.6
83.7789,0.2525,-0.4775,1.46909,-0.392839,0,0,3,18,0.6
83.8789,0.2525,-0.4775,1.44263,-0.404675,0,0,3,18,0.6
83.9789,0.2525,-0.4775,1.45487,-0.366877,0,0,3,18,0.6
84.0789,0.2525,-0.4775,1.4671,-0.330715,0,0,3,18,0.6
84.1789,0.2525,-0.4775,1.46483,-0.347538,0,0,3,18,0.6
84.2789,0.2525,-0.4775,1.46256,-0.364821,0,0,3,18,0.6
84.3789,0.2525,-0.4775,1.45609,-0.359366,0,0,3,18,0.6
84.4789,0.2525,-0.4775,1.45538,-0.342365,0,0,3,18,0.6
84.5789,0.2525,-0.4775,1.47831,-0.324345,0,0,3,18,0.6
84.6789,0.2525,-0.4775,1.50116,-0.347661,0,0,3,18,0.6
84.7789,0.2525,-0.4775,1.46477,-0.355001,0,0,3,18,0.6
84.8789,0.2525,-0.4775,1.42842,-0.360431,0,0,3,18,0.6
84.9789,0.2525,-0.4775,1.43026,-0.355654,0,0,3,18,0.6
85.0789,0.2525,-0.4775,1.43211,-0.349401,0,0,3,18,0.6
85.1789,0.2525,-0.4775,1.45335,-0.337475,0,0,3,18,0.6
85.2789,0.2525,-0.4775,1.47457,-0.333626,0,0,3,18,0.6
85.3789,0.2525,-0.4775,1.48892,-0.331354,0,0,3,18,0.6
85.4789,0.2525,-0.4775,1.50326,-0.324543,0,0,3,18,0.6
85.5789,0.2525,-0.4775,1.49946,-0.333962,0,0,3,18,0.6
85.6789,0.2525,-0.4775,1.49562,-0.345618,0,0,3,18,0.6
85.7789,0.2525,-0.4775,1.46092,-0.358081,0,0,3,18,0.6
85.8789,0.2525,-0.4775,1.44344,-0.357703,0,0,3,18,0.6
85.9789,0.2525,-0.4775,1.49643,-0.347277,0,0,3,18,0.6
86.0789,0.2525,-0.4775,1.54941,-0.361031,0,0,3,18,0.6
86.1789,0.2525,-0.4775,1.50769,-0.365897,0,0,3,18,0.6
86.2789,0.2525,-0.4775,1.46595,-0.333834,0,0,3,18,0.6
86.3789,0.2525,-0.4775,1.43944,-0.315875,0,0,3,18,0.6
86.4789,0.2525,-0.4775,1.41296,-0.332595,0,0,3,18,0.6
86.5789,0.2525,-0.4775,1.42417,-0.336424,0,0,3,18,0.6
86.6789,0.2525,-0.479999,1.43537,-0.328025,0,0,3,18,0.6
86.7789,0.2525,-0.48,1.43377,-0.331145,0,0,3,18,0.6
86.8789,0.2525,-0.48,1.43218,-0.329831,0,0,3,18,0.6
86.9789,0.2525,-0.48,1.45371,-0.320392,0,0,3,18,0.6
87.0789,0.2525,-0.48,1.47523,-0.341394,0,0,3,18,0.6
87.1789,0.2525,-0.48,1.44334,-0.31907,0,0,3,18,0.6
87.2789,0.250001,-0.48,1.41147,-0.331466,0,0,3,18,0.6
87.3789,0.25,-0.48,1.42593,-0.314182,0,0,3,18,0.6
87.4789,0.25,-0.48,1.44038,-0.310395,0,0,3,18,0.6
87.5789,0.25,-0.48,1.4401,-0.336172,0,0,3,18,0.6
87.6789,0.25,-0.48,1.43982,-0.307223,0,0,3,18,0.6
87.7789,0.25,-0.48,1.42422,-0.305999,0,0,3,18,0.6
87.8789,0.25,-0.48,1.40482,-0.336875,0,0,3,18,0.6
87.9789,0.25,-0.48,1.41391,-0.325082,0,0,3,18,0.6
88.0789,0.25,-0.48,1.42299,-0.336261,0,0,3,18,0.6
88.1789,0.25,-0.48,1.41486,-0.335401,0,0,3,18,0.6
88.2789,0.25,-0.48,1.40675,-0.31331,0,0,3,18,0.6
88.3789,0.25,-0.48,1.41868,-0.32168,0,0,3,18,0.6
88.4789,0.25,-0.48,1.43061,-0.335107,0,0,3,18,0.6
88.5789,0.25,-0.48,1.43332,-0.334286,0,0,3,18,0.6
88.6789,0.25,-0.48,1.43601,-0.330772,0,0,3,18,0.6
88.7789,0.25,-0.48,1.42077,-0.322527,0,0,3,18,0.6
88.8789,0.25,-0.48,1.40556,-0.348037,0,0,3,18,0.6
88.9789,0.25,-0.48,1.43592,-0.336973,0,0,3,18,0.6
89.0789,0.25,-0.48,1.46625,-0.334219,0,0,3,18,0.6
89.1789,0.25,-0.48,1.45015,-0.34466,0,0,3,18,0.6
89.2789,0.25,-0.48,1.43405,-0.345213,0,0,3,18,0.6
89.3789,0.25,-0.48,1.43057,-0.322586,0,0,3,18,0.6
89.4789,0.25,-0.48,1.4271,-0.342867,0,0,3,18,0.6
89.5789,0.25,-0.48,1.42491,-0.345531,0,0,3,18,0.6
89.6789,0.252499,-0.48,1.42274,-0.362266,0,0,3,18,0.6
89.7789,0.2525,-0.48,1.44197,-0.359469,0,0,3,18,0.6
89.8789,0.2525,-0.48,1.46119,-0.36661,0,0,3,18,0.6
89.9789,0.2525,-0.48,1.45869,-0.37721,0,0,3,18,0.6
90.0789,0.2525,-0.48,1.45618,-0.376724,0,0,3,18,0.6
90.1789,0.2525,-0.48,1.41651,-0.376106,0,0,3,18,0.6
90.2789,0.2525,-0.48,1.37693,-0.354554,0,0,3,18,0.6
90.3789,0.2525,-0.48,1.41826,-0.364293,0,0,3,18,0.6
90.4789,0.2525,-0.48,1.45954,-0.365869,0,0,3,18,0.6
90.5789,0.2525,-0.48,1.44688,-0.361385,0,0,3,18,0.6
90.6789,0.2525,-0.48,1.43423,-0.356172,0,0,3,18,0.6
90.7789,0.2525,-0.48,1.43644,-0.375672,0,0,3,18,0.6
90.8789,0.2525,-0.48,1.43865,-0.386783,0,0,3,18,0.6
90.9789,0.2525,-0.48,1.44041,-0.39364,0,0,3,18,0.6
91.0789,0.2525,-0.48,1.44215,-0.368022,0,0,3,18,0.6
91.1789,0.2525,-0.48,1.4155,-0.354911,0,0,3,18,0.6
91.2789,0.2525,-0.48,1.39644,-0.345684,0,0,3,18,0.6
91.3789,0.2525,-0.48,1.40851,-0.343669,0,0,3,18,0.6
91.4789,0.2525,-0.48,1.42056,-0.345676,0,0,3,18,0.6
91.5789,0.2525,-0.482498,1.40926,-0.366738,0,0,3,18,0.6
91.6789,0.2525,-0.4825,1.39796,-0.385262,0,0,3,18,0.6
91.7789,0.2525,-0.4825,1.3923,-0.387186,0,0,3,18,0.6
91.8789,0.2525,-0.4825,1.38664,-0.385043,0,0,3,18,0.6
91.9789,0.2525,-0.4825,1.38587,-0.374445,0,0,3,18,0.6
92.0789,0.2525,-0.4825,1.38511,-0.364939,0,0,3,18,0.6
92.1789,0.2525,-0.4825,1.39038,-0.375791,0,0,3,18,0.6
92.2789,0.2525,-0.484999,1.39564,-0.371593,0,0,3,18,0.6
92.3789,0.2525,-0.485,1.39336,-0.364067,0,0,3,18,0.6
92.4789,0.2525,-0.485,1.39111,-0.384149,0,0,3,17,0.6
92.5789,0.2525,-0.485,1.40641,-0.358327,0,0,3,17,0.6
92.6789,0.2525,-0.485,1.42171,-0.378985,0,0,3,17,0.62
92.7789,0.2525,-0.485,1.43862,-0.360096,0,0,3,17,0.62
92.8789,0.2525,-0.485,1.45552,-0.389082,0,0,3,17,0.62
92.9789,0.2525,-0.485,1.42488,-0.382943,0,0,3,17,0.62
93.0789,0.2525,-0.485,1.39425,-0.395652,0,0,3,17,0.62
93.1789,0.2525,-0.485,1.41553,-0.400803,0,0,3,17,0.62
93.2789,0.2525,-0.485,1.4368,-0.409845,0,0,3,17,0.62
93.3789,0.2525,-0.485,1.45592,-0.420342,0,0,3,17,0.62
93.4789,0.2525,-0.487498,1.475,-0.404787,0,0,3,17,0.62
93.5789,0.2525,-0.4875,1.44651,-0.40874,0,0,3,17,0.62
93.6789,0.2525,-0.4875,1.41803,-0.378401,0,0,3,17,0.62
93.7789,0.2525,-0.4875,1.42078,-0.395632,0,0,3,17,0.62
93.8789,0.2525,-0.4875,1.43131,-0.378873,0,0,3,17,0.62
93.9789,0.2525,-0.4875,1.43443,-0.390086,0,0,3,17,0.62
94.0789,0.2525,-0.4875,1.43713,-0.388454,0,0,3,17,0.62
94.1789,0.2525,-0.4875,1.43809,-0.378306,0,0,3,17,0.62
94.2789,0.2525,-0.4875,1.43908,-0.385274,0,0,3,17,0.62
94.3789,0.2525,-0.4875,1.45968,-0.395772,0,0,3,17,0.62
94.4789,0.2525,-0.4875,1.48027,-0.41863,0,0,3,17,0.62
94.5789,0.2525,-0.4875,1.48079,-0.437791,0,0,3,17,0.62
94.6789,0.2525,-0.4875,1.4813,-0.392516,0,0,3,17,0.62
94.7789,0.2525,-0.4875,1.47572,-0.403332,0,0,3,17,0.62
94.8789,0.2525,-0.4875,1.47012,-0.397635,0,0,3,17,0.62
94.9789,0.2525,-0.4875,1.44438,-0.414202,0,0,3,17,0.62
95.0789,0.2525,-0.489998,1.41866,-0.434876,0,0,3,17,0.62
95.1789,0.2525,-0.490001,1.44048,-0.383321,0,0,3,17,0.62
95.2789,0.2525,-0.495,1.46228,-0.346587,0,0,3,17,0.62
95.3789,0.2525,-0.499998,1.46746,-0.386857,0,0,3,17,0.62
95.4789,0.2525,-0.502498,1.47264,-0.402229,0,0,3,17,0.62
95.5789,0.2525,-0.505,1.47938,-0.371322,0,0,3,17,0.62
95.6789,0.2525,-0.505,1.4861,-0.381085,0,0,3,17,0.62
95.7789,0.257498,-0.505,1.48305,-0.400392,0,0,3,17,0.62
95.8789,0.2575,-0.505,1.47827,-0.38321,0,0,3,17,0.62
95.9789,0.2575,-0.505,1.46644,-0.385713,0,0,3,17,0.62
96.0789,0.252503,-0.505,1.45461,-0.407107,0,0,3,17,0.62
96.1789,0.2525,-0.505,1.47741,-0.429812,0,0,3,17,0.62
96.2789,0.2525,-0.505,1.49195,-0.427371,0,0,3,17,0.62
96.3789,0.2525,-0.505,1.4726,-0.379127,0,0,3,17,0.62
96.4789,0.2525,-0.505,1.4533,-0.362664,0,0,3,17,0.62
96.5789,0.2525,-0.505,1.47944,-0.356255,0,0,3,17,0.62
96.6789,0.2525,-0.505,1.49546,-0.334249,0,0,3,17,0.62
96.7789,0.2525,-0.505,1.46985,-0.334231,0,0,3,17,0.62
96.8789,0.2525,-0.505,1.44431,-0.344028,0,0,3,17,0.62
96.9789,0.2525,-0.505,1.49209,-0.358075,0,0,3,17,0.62
97.0789,0.2525,-0.505,1.53982,-0.372304,0,0,3,17,0.62
97.1789,0.2525,-0.505,1.49752,-0.377488,0,0,3,17,0.62
97.2789,0.2525,-0.505,1.45526,-0.37624,0,0,3,17,0.62
97.3789,0.2525,-0.505,1.46238,-0.372722,0,0,3,17,0.62
97.4789,0.2525,-0.505,1.47255,-0.384932,0,0,3,17,0.62
97.5789,0.2525,-0.505,1.49528,-0.394157,0,0,3,17,0.62
97.6789,0.2525,-0.505,1.51801,-0.397323,0,0,3,17,0.62
97.7789,0.2525,-0.505,1.5083,-0.383483,0,0,3,17,0.62
97.8789,0.2525,-0.505,1.49858,-0.351754,0,0,3,17,0.62
97.9789,0.2525,-0.505,1.47034,-0.333142,0,0,3,17,0.62
98.0789,0.2525,-0.505,1.45665,-0.316831,0,0,3,17,0.62
98.1789,0.2525,-0.505,1.50263,-0.323419,0,0,3,17,0.62
98.2789,0.2525,-0.505,1.53989,-0.33547,0,0,3,17,0.62
98.3789,0.2525,-0.505,1.54133,-0.341422,0,0,3,17,0.62
98.4789,0.2525,-0.505,1.54275,-0.352414,0,0,3,17,0.62
98.5789,0.2525,-0.505,1.53174,-0.369422,0,0,3,17,0.62
98.6789,0.2525,-0.505,1.52072,-0.373475,0,0,3,17,0.62
98.7789,0.2525,-0.505,1.50017,-0.380363,0,0,3,17,0.62
98.8789,0.2525,-0.505,1.47966,-0.379583,0,0,3,17,0.62
98.9789,0.2525,-0.505,1.51287,-0.376026,0,0,3,17,0.62
99.0789,0.2525,-0.505,1.54604,-0.357415,0,0,3,17,0.62
99.1789,0.2525,-0.505,1.52001,-0.357434,0,0,3,17,0.62
99.2789,0.2525,-0.000237281,1.49398,-0.342472,0,0,3,17,0.62
99.3789,0.2525,0,1.46397,-0.288487,0,0,3,17,0.62
99.4789,0.2525,0,1.44435,-0.122966,0,0,3,17,0.62
99.5789,0.2525,0,1.46723,-0.0205385,0,0,3,17,0.62
99.6789,0.2525,0,1.49011,0.0412096,0,0,3,17,0.62
99.7789,0.2525,0,1.49556,0.0662517,0,0,3,17,0.62
99.8789,0.2525,0,1.50099,0.0684007,0,0,3,17,0.62
99.9789,0.2525,0,1.47331,0.0753364,0,0,3,17,0.62
100.079,0.2525,0,1.44566,0.0648266,0,0,3,17,0.62
100.179,0.2525,0,1.48311,0.0618221,0,0,3,17,0.62
100.279,0.2525,0,1.52051,0.0613208,0,0,3,17,0.62
100.379,0.2525,0,1.52372,0.070634,0,0,3,17,0.62
100.479,0.2525,0,1.52692,0.0773276,0,0,3,17,0.62
100.579,0.2525,0,1.51292,0.0771064,0,0,3,17,0.62
100.679,0.2525,0,1.49895,0.075447,0,0,3,17,0.62
100.779,0.2525,0,1.53205,0.0657634,0,0,3,17,0.62
100.879,0.2525,0,1.56513,0.0616535,0,0,3,17,0.62
100.979,0.2525,0,1.58648,0.0654269,0,0,3,17,0.62
101.079,0.2525,0,1.60782,0.0725436,0,0,3,17,0.62
101.179,0.2525,0,1.55972,0.0737291,0,0,3,17,0.62
101.279,0.2525,0,1.51165,0.0813384,0,0,3,17,0.62
101.379,0.2525,0,1.52476,0.0740907,0,0,3,17,0.62
101.479,0.2525,0,1.53788,0.0677661,0,0,3,17,0.62
101.579,0.2525,0,1.55985,0.0693359,0,0,3,17,0.62
101.679,0.2525,0,1.58182,0.0746216,0,0,3,17,0.62
101.779,0.2525,0,1.57085,0.0711318,0,0,3,18,0.6
101.879,0.257498,0,1.55168,0.0648764,0,0,3,18,0.6
101.979,0.252502,0,1.53768,0.0643419,0,0,3,18,0.6
102.079,0.257497,0,1.52369,0.0763884,0,0,3,17,0.6
102.179,0.2525,0,1.51519,0.0771353,0,0,3,17,0.6
102.279,0.2525,0,1.50668,0.0620263,0,0,3,17,0.6
102.379,0.257497,0,1.49569,0.0583707,0,0,3,17,0.6
102.479,0.2575,0,1.4847,0.0525767,0,0,3,17,0.6
102.579,0.2575,0,1.50469,0.0633463,0,0,3,17,0.6
102.679,0.2575,0,1.5247,0.0717092,0,0,3,17,0.62
102.779,0.2575,0,1.5509,0.070007,0,0,3,17,0.62
102.879,0.2575,0,1.57706,0.0715901,0,0,3,17,0.62
102.979,0.2575,0,1.56942,0.0588311,0,0,3,17,0.62
103.079,0.2575,0,1.56177,0.0531136,0,0,3,17,0.62
103.179,0.2575,0,1.54002,0.0584883,0,0,3,17,0.62
103.279,0.2575,0,1.51829,0.0533122,0,0,3,18,0.62
103.379,0.2575,0,1.5193,0.0567396,0,0,3,18,0.62
103.479,0.2575,0,1.52145,0.0574064,0,0,3,17,0.62
103.579,0.2575,0,1.52829,0.0639935,0,0,3,17,0.62
103.679,0.2575,0,1.53513,0.0729215,0,0,3,17,0.62
103.779,0.2575,0,1.5454,0.0737308,0,0,3,17,0.62
103.879,0.2575,0,1.55564,0.0695058,0,0,3,17,0.62
103.979,0.2575,0,1.53521,0.0687455,0,0,3,17,0.62
104.079,0.2575,0,1.51477,0.0729193,0,0,3,17,0.62
104.179,0.2575,0,1.5358,0.0647802,0,0,3,17,0.62
104.279,0.2575,0,1.55676,0.0638862,0,0,3,17,0.62
104.379,0.2575,0,1.50603,0.0590776,0,0,3,17,0.62
104.479,0.2575,0,1.45534,0.0611419,0,0,3,17,0.62
104.579,0.2575,0,1.48669,0.0662302,0,0,3,17,0.62
104.679,0.252502,0.319853,1.51805,0.0805477,0,0,3,17,0.62
104.779,0.2525,0.404973,1.55467,0.168426,0,0,3,17,0.62
104.879,0.2525,0.444972,1.56583,0.317625,0,0,3,16,0.62
104.979,0.257443,0.445,1.47267,0.419196,0,0,3,16,0.62
105.079,0.2575,0.437505,1.37958,0.448683,0,0,3,16,0.62
105.179,0.2575,0.430003,1.38621,0.444304,0,0,3,16,0.62
105.279,0.2575,0.4225,1.39278,0.434446,0,0,3,16,0.62
105.379,0.2575,0.4225,1.34831,0.423843,0,0,3,16,0.62
105.479,0.2575,0.424998,1.30383,0.426862,0,0,3,16,0.62
105.579,0.2575,0.429997,1.33791,0.429915,0,0,3,16,0.62
105.679,0.2575,0.434996,1.372,0.423143,0,0,3,16,0.62
105.779,0.2575,0.439999,1.3514,0.421201,0,0,3,16,0.64
105.879,0.2575,0.489971,1.31724,0.426514,0,0,3,16,0.64
105.979,0.2575,0.499992,1.31207,0.434236,0,0,3,16,0.64
106.079,0.2575,0.5,1.30688,0.442424,0,0,3,17,0.64
106.179,0.2575,0.495001,1.28482,0.450629,0,0,3,17,0.64
106.279,0.2575,0.490002,1.26956,0.457763,0,0,3,17,0.64
106.379,0.2575,0.487529,1.28212,0.453985,0,0,3,17,0.64
106.479,0.259998,0.480007,1.29469,0.444025,0,0,3,17,0.64
106.579,0.26,0.4775,1.30677,0.455895,0,0,3,17,0.64
106.679,0.26,0.467504,1.31885,0.456113,0,0,3,17,0.62
106.779,0.26,0.46,1.31513,0.430294,0,0,3,17,0.62
106.879,0.26,0.46,1.31142,0.428811,0,0,3,17,0.62
106.979,0.26,0.46,1.31044,0.441609,0,0,3,17,0.62
107.079,0.26,0.46,1.30946,0.445209,0,0,3,17,0.62
107.179,0.26,0.46,1.30956,0.468575,0,0,3,17,0.62
107.279,0.257501,0.46,1.30967,0.459694,0,0,3,17,0.62
107.379,0.259998,0.46,1.31448,0.445555,0,0,3,17,0.62
107.479,0.26,0.46,1.31929,0.414011,0,0,3,17,0.62
107.579,0.26,0.46,1.32024,0.394352,0,0,3,17,0.62
107.679,0.26,0.4575,1.32115,0.395094,0,0,3,17,0.62
107.779,0.26,0.450001,1.28423,0.399814,0,0,3,17,0.62
107.879,0.26,0.447501,1.24737,0.395362,0,0,3,17,0.62
107.979,0.26,0.4475,1.2895,0.381251,0,0,3,17,0.62
108.079,0.26,0.449998,1.33161,0.420999,0,0,3,17,0.62
108.179,0.26,0.45,1.31329,0.425844,0,0,3,17,0.62
108.279,0.26,0.45,1.29499,0.409886,0,0,3,17,0.62
108.379,0.26,0.45,1.30163,0.419829,0,0,3,17,0.62
108.479,0.26,0.4475,1.30825,0.415977,0,0,3,18,0.62
108.579,0.26,0.4475,1.29607,0.426382,0,0,3,18,0.62
108.679,0.26,0.449999,1.28392,0.4239,0,0,3,18,0.6
108.779,0.26,0.45,1.30837,0.401022,0,0,3,18,0.6
108.879,0.26,0.45,1.32369,0.385744,0,0,3,18,0.6
108.979,0.26,0.45,1.30165,0.421218,0,0,3,18,0.6
109.079,0.26,0.45,1.2852,0.407983,0,0,3,18,0.6
109.179,0.26,0.45,1.29165,0.408293,0,0,3,18,0.6
109.279,0.26,0.45,1.29895,0.437973,0,0,3,18,0.6
109.379,0.26,0.45,1.30969,0.410426,0,0,3,18,0.6
109.479,0.26,0.45,1.31112,0.423625,0,0,3,17,0.6
109.579,0.26,0.45,1.27445,0.3972,0,0,3,17,0.6
109.679,0.26,0.45,1.23786,0.400304,0,0,3,17,0.62
109.779,0.26,0.45,1.28766,0.414829,0,0,3,17,0.62
109.879,0.26,0.45,1.3374,0.424296,0,0,3,18,0.62
109.979,0.26,0.45,1.32981,0.414934,0,0,3,18,0.62
110.079,0.26,0.45,1.3222,0.421064,0,0,3,18,0.62
110.179,0.26,0.45,1.28977,0.400693,0,0,3,18,0.62
110.279,0.26,0.45,1.26454,0.386424,0,0,3,17,0.62
110.379,0.26,0.45,1.26886,0.409853,0,0,3,17,0.62
110.479,0.26,0.45,1.27319,0.392972,0,0,3,17,0.62
110.579,0.26,0.45,1.2875,0.417851,0,0,3,17,0.62
110.679,0.26,0.45,1.30179,0.386482,0,0,3,17,0.64
110.779,0.26,0.45,1.29049,0.403538,0,0,3,17,0.64
110.879,0.26,0.45,1.2792,0.378675,0,0,3,17,0.64
110.979,0.26,0.45,1.28518,0.392095,0,0,3,17,0.64
111.079,0.26,0.45,1.29115,0.369642,0,0,3,18,0.64
111.179,0.26,0.45,1.28884,0.381738,0,0,3,18,0.64
111.279,0.26,0.45,1.2865,0.376262,0,0,3,18,0.64
111.379,0.26,0.45,1.24357,0.370647,0,0,3,18,0.64
111.479,0.26,0.45,1.20067,0.393528,0,0,3,18,0.64
111.579,0.26,0.45,1.20908,0.390362,0,0,3,18,0.64
111.679,0.26,0.45,1.2175,0.384362,0,0,3,18,0.6
111.779,0.26,0.45,1.23862,0.382621,0,0,3,18,0.6
111.879,0.26,0.45,1.25971,0.382703,0,0,3,18,0.6
111.979,0.26,0.45,1.23617,0.386504,0,0,3,18,0.6
112.079,0.26,0.447502,1.21268,0.393309,0,0,3,18,0.6
112.179,0.26,0.449999,1.25197,0.388224,0,0,3,18,0.6
112.279,0.26,0.45,1.29122,0.39679,0,0,3,18,0.6
112.379,0.26,0.45,1.27429,0.40497,0,0,3,18,0.6
112.479,0.264998,0.45,1.25737,0.402679,0,0,3,18,0.6
112.579,0.260001,0.45,1.23062,0.38731,0,0,3,18,0.6
112.679,0.26,0.45,1.20396,0.390864,0,0,3,18,0.6
112.779,0.26,0.45,1.2511,0.386262,0,0,3,18,0.6
112.879,0.26,0.45,1.2982,0.40276,0,0,3,18,0.6
112.979,0.26,0.447502,1.2934,0.401565,0,0,3,18,0.6
113.079,0.26,0.4475,1.28495,0.414474,0,0,3,18,0.6
113.179,0.264944,0.4475,1.26152,0.411672,0,0,3,18,0.6
113.279,0.260004,0.4475,1.23809,0.413465,0,0,3,18,0.6
113.379,0.264997,0.4475,1.26802,0.417591,0,0,3,18,0.6
113.479,0.260004,0.4475,1.29792,0.4263,0,0,3,18,0.6
113.579,0.264998,0.4475,1.25331,0.431446,0,0,3,18,0.6
113.679,0.265,0.4475,1.20875,0.414515,0,0,3,18,0.6
113.779,0.265,0.4475,1.20732,0.424705,0,0,3,18,0.6
113.879,0.265,0.4475,1.2059,0.447087,0,0,3,18,0.6
113.979,0.265,0.4475,1.22047,0.455996,0,0,3,18,0.6
114.079,0.265,0.4475,1.23505,0.444829,0,0,3,18,0.6
114.179,0.265,0.4475,1.25318,0.427942,0,0,3,18,0.6
114.279,0.265,0.4475,1.27131,0.461825,0,0,3,18,0.6
114.379,0.265,0.4475,1.28621,0.468097,0,0,3,18,0.6
114.479,0.265,0.4475,1.29349,0.459594,0,0,3,18,0.6
114.579,0.265,0.4475,1.26952,0.486775,0,0,3,18,0.6
114.679,0.265,0.4475,1.2456,0.481873,0,0,3,18,0.6
114.779,0.265,0.4475,1.26358,0.49752,0,0,3,18,0.6
114.879,0.265,0.4475,1.28156,0.481569,0,0,3,18,0.6
114.979,0.265,0.4475,1.2661,0.557419,0,0,3,18,0.6
115.079,0.265,0.4475,1.25064,0.512434,0,0,3,18,0.6
115.179,0.265,0.4475,1.2399,0.51472,0,0,3,18,0.6
115.279,0.265,0.449998,1.2292,0.511693,0,0,3,18,0.6
115.379,0.265,0.45,1.26964,0.507684,0,0,3,18,0.6
115.479,0.265,0.4475,1.31003,0.524365,0,0,3,18,0.6
115.579,0.265,0.45,1.29514,0.488671,0,0,3,18,0.6
115.679,0.265,0.45,1.28026,0.488875,0,0,3,18,0.6
115.779,0.265,0.45,1.27802,0.500852,0,0,3,18,0.6
115.879,0.265,0.45,1.27579,0.489275,0,0,3,18,0.6
115.979,0.265,0.45,1.28839,0.487802,0,0,3,18,0.6
116.079,0.265,0.45,1.30099,0.467396,0,0,3,18,0.6
116.179,0.265,0.45,1.31161,0.457787,0,0,3,18,0.6
116.279,0.265,0.45,1.32222,0.464597,0,0,3,18,0.6
116.379,0.265,0.45,1.31208,0.462531,0,0,3,18,0.6
116.479,0.265,0.45,1.30195,0.474697,0,0,3,18,0.6
116.579,0.265,0.45,1.32228,0.480847,0,0,3,18,0.6
116.679,0.265,0.452499,1.34259,0.486262,0,0,3,18,0.6
116.779,0.265,0.454999,1.34559,0.486357,0,0,3,18,0.6
116.879,0.267499,0.455,1.34858,0.492744,0,0,3,18,0.6
116.979,0.2675,0.452501,1.33864,0.489563,0,0,3,18,0.6
117.079,0.2675,0.4525,1.32869,0.503937,0,0,3,18,0.6
117.179,0.2675,0.4525,1.31171,0.494482,0,0,3,18,0.6
117.279,0.2675,0.454999,1.29475,0.470952,0,0,3,18,0.6
117.379,0.2675,0.455,1.30612,0.460829,0,0,3,18,0.6
117.479,0.2675,0.455,1.3175,0.435716,0,0,3,18,0.6
117.579,0.265001,0.452501,1.34763,0.422362,0,0,3,18,0.6
117.679,0.265,0.4525,1.37775,0.434092,0,0,3,18,0.6
117.779,0.265,0.4525,1.39416,0.441274,0,0,3,18,0.6
117.879,0.265,0.4525,1.41051,0.448211,0,0,3,18,0.6
117.979,0.265,0.4525,1.37793,0.449102,0,0,3,18,0.6
118.079,0.265,0.4525,1.34535,0.442849,0,0,3,18,0.6
118.179,0.265,0.4525,1.31295,0.428281,0,0,3,18,0.6
118.279,0.265,0.4525,1.2806,0.429827,0,0,3,18,0.6
118.379,0.265,0.4525,1.29441,0.437217,0,0,3,18,0.6
118.479,0.265,0.454997,1.30867,0.443625,0,0,3,18,0.6
118.579,0.265,0.452528,1.3248,0.449833,0,0,3,18,0.6
118.679,0.265,0.455,1.34092,0.448392,0,0,3,18,0.6
118.779,0.265,0.455,1.34436,0.452902,0,0,3,18,0.6
118.879,0.265,0.452501,1.34778,0.452991,0,0,3,18,0.6
118.979,0.265,0.4525,1.3277,0.46593,0,0,3,18,0.6
119.079,0.267496,0.4525,1.30762,0.464073,0,0,3,18,0.6
119.179,0.265,0.4525,1.32823,0.46006,0,0,3,18,0.6
119.279,0.265,0.454999,1.34884,0.453995,0,0,3,18,0.6
119.379,0.265,0.455,1.34749,0.444617,0,0,3,18,0.6
119.479,0.265,0.455,1.34613,0.429935,0,0,3,18,0.6
119.579,0.265,0.455,1.33072,0.425171,0,0,3,18,0.6
119.679,0.265,0.455,1.31532,0.440751,0,0,3,17,0.62
119.779,0.265,0.452501,1.34535,0.462006,0,0,3,17,0.62
119.879,0.265,0.454998,1.36486,0.451728,0,0,3,17,0.62
119.979,0.265,0.455,1.34124,0.450348,0,0,3,17,0.62
120.079,0.265,0.455,1.31764,0.447649,0,0,3,17,0.62
120.179,0.265,0.455,1.34437,0.445018,0,0,3,17,0.62
120.279,0.265,0.4575,1.37107,0.443255,0,0,3,17,0.62
120.379,0.265,0.4575,1.35742,0.442015,0,0,3,17,0.62
120.479,0.265,0.4575,1.34378,0.441176,0,0,3,17,0.62
120.579,0.265,0.4575,1.35074,0.427265,0,0,3,17,0.62
120.679,0.265,0.4575,1.35768,0.419524,0,0,3,17,0.62
120.779,0.265,0.4575,1.34214,0.4222,0,0,3,17,0.62
120.879,0.265,0.4575,1.32664,0.420018,0,0,3,17,0.62
120.979,0.265,0.462498,1.34363,0.413622,0,0,3,17,0.62
121.079,0.265,0.4625,1.36062,0.409156,0,0,3,17,0.62
121.179,0.267498,0.4625,1.36032,0.400242,0,0,3,17,0.62
121.279,0.265002,0.4625,1.36198,0.398126,0,0,3,18,0.62
121.379,0.265,0.4625,1.37167,0.416376,0,0,3,18,0.62
121.479,0.265,0.4625,1.38133,0.421843,0,0,3,18,0.62
121.579,0.265,0.4625,1.36504,0.414535,0,0,3,18,0.62
121.679,0.265,0.4625,1.34879,0.437437,0,0,3,18,0.6
121.779,0.265,0.4625,1.38286,0.481069,0,0,3,18,0.6
121.879,0.265,0.4625,1.41687,0.487578,0,0,3,18,0.6
121.979,0.265,0.4625,1.36654,0.444139,0,0,3,18,0.6
122.079,0.265,0.4625,1.31625,0.437064,0,0,3,18,0.6
122.179,0.265,0.4625,1.34689,0.445967,0,0,3,18,0.6
122.279,0.265,0.4625,1.36589,0.421259,0,0,3,18,0.6
122.379,0.265,0.4625,1.33723,0.419722,0,0,3,18,0.6
122.479,0.265,0.4625,1.31417,0.42731,0,0,3,18,0.6
122.579,0.265,0.4625,1.31414,0.420411,0,0,3,18,0.6
122.679,0.265,0.4625,1.31411,0.434061,0,0,3,18,0.6
122.779,0.265,0.4625,1.31668,0.436941,0,0,3,18,0.6
122.879,0.265,0.4625,1.31923,0.402937,0,0,3,18,0.6
122.979,0.265,0.4625,1.3007,0.412163,0,0,3,18,0.6
123.079,0.267497,0.4625,1.28216,0.403979,0,0,3,18,0.6
123.179,0.2675,0.4625,1.28732,0.408578,0,0,3,18,0.6
123.279,0.2675,0.4625,1.29249,0.418876,0,0,3,18,0.6
123.379,0.2675,0.4625,1.30789,0.386704,0,0,3,18,0.6
123.479,0.2675,0.4625,1.32189,0.394922,0,0,3,18,0.6
123.579,0.2675,0.4625,1.33014,0.414974,0,0,3,18,0.6
123.679,0.2675,0.4625,1.33836,0.422466,0,0,3,18,0.6
123.779,0.2675,0.4625,1.31638,0.422504,0,0,3,18,0.6
123.879,0.2675,0.4625,1.29736,0.419566,0,0,3,18,0.6
123.979,0.2675,0.4625,1.29039,0.408977,0,0,3,18,0.6
124.079,0.2675,0.4625,1.28343,0.383644,0,0,3,17,0.6
124.179,0.2675,0.4625,1.27541,0.40804,0,0,3,17,0.6
124.279,0.2675,0.4625,1.26743,0.390368,0,0,3,17,0.6
124.379,0.2675,0.4625,1.31682,0.426673,0,0,3,17,0.6
124.479,0.2675,0.4625,1.36609,0.409622,0,0,3,17,0.6
124.579,0.2675,0.467496,1.31629,0.363772,0,0,3,17,0.6
124.679,0.2675,0.469998,1.26654,0.357756,0,0,3,17,0.62
124.779,0.2675,0.4725,1.26194,0.374154,0,0,3,17,0.62
124.879,0.2675,0.4725,1.25736,0.40719,0,0,3,17,0.62
124.979,0.2675,0.4725,1.27777,0.413007,0,0,3,17,0.62
125.079,0.2675,0.4725,1.29816,0.390104,0,0,3,17,0.62
125.179,0.2675,0.4725,1.28756,0.378034,0,0,3,17,0.62
125.279,0.2675,0.4725,1.28289,0.386127,0,0,3,18,0.62
125.379,0.2675,0.4725,1.30243,0.381164,0,0,3,18,0.62
125.479,0.2675,0.4725,1.32193,0.402103,0,0,3,18,0.62
125.579,0.2675,0.4725,1.29355,0.404325,0,0,3,18,0.62
125.679,0.2675,0.4725,1.2652,0.387016,0,0,3,18,0.6
125.779,0.2675,0.4725,1.28718,0.398222,0,0,3,18,0.6
125.879,0.2675,0.470003,1.29921,0.416991,0,0,3,18,0.6
125.979,0.2675,0.47,1.27049,0.426068,0,0,3,18,0.6
126.079,0.2675,0.472498,1.24178,0.428655,0,0,3,18,0.6
126.179,0.2675,0.4725,1.23891,0.416153,0,0,3,18,0.6
126.279,0.2675,0.4725,1.23604,0.425622,0,0,3,18,0.6
126.379,0.2675,0.4725,1.23835,0.427324,0,0,3,18,0.6
126.479,0.2675,0.4725,1.24066,0.430452,0,0,3,18,0.6
126.579,0.2675,0.4725,1.24177,0.431087,0,0,3,18,0.6
126.679,0.2675,0.4725,1.24041,0.418623,0,0,3,18,0.6
126.779,0.2675,0.4725,1.2289,0.423289,0,0,3,18,0.6
126.879,0.2675,0.4725,1.21741,0.411018,0,0,3,18,0.6
126.979,0.2675,0.4725,1.22528,0.441232,0,0,3,18,0.6
127.079,0.2675,0.4725,1.23314,0.410991,0,0,3,18,0.6
127.179,0.2675,0.4725,1.21875,0.42433,0,0,3,18,0.6
127.279,0.2675,0.4725,1.2044,0.401861,0,0,3,18,0.6
127.379,0.2675,0.4725,1.23825,0.428822,0,0,3,18,0.6
127.479,0.2675,0.4725,1.27211,0.399454,0,0,3,18,0.6
127.579,0.2675,0.4725,1.27323,0.408016,0,0,3,18,0.6
127.679,0.2675,0.4725,1.27429,0.398135,0,0,3,18,0.6
127.779,0.2675,0.4725,1.22002,0.41762,0,0,3,18,0.6
127.879,0.2675,0.4725,1.16583,0.413111,0,0,3,18,0.6
127.979,0.2675,0.4725,1.22207,0.418462,0,0,3,18,0.6
128.079,0.2675,0.4725,1.26893,0.414707,0,0,3,18,0.6
128.179,0.2675,0.4725,1.27709,0.439752,0,0,3,18,0.6
128.279,0.2675,0.4725,1.28523,0.444047,0,0,3,18,0.6
128.379,0.2675,0.4725,1.27327,0.457603,0,0,3,18,0.6
128.479,0.2675,0.4725,1.26134,0.474289,0,0,3,18,0.6
128.579,0.2675,0.4725,1.29566,0.440988,0,0,3,18,0.6
128.679,0.2675,0.4725,1.3299,0.446952,0,0,3,18,0.6
128.779,0.2675,0.4725,1.29717,0.460627,0,0,3,18,0.6
128.879,0.2675,0.4725,1.26447,0.496952,0,0,3,18,0.6
128.979,0.2675,0.4725,1.26901,0.495381,0,0,3,18,0.6
129.079,0.2675,0.4725,1.27353,0.47815,0,0,3,18,0.6
129.179,0.2675,0.4725,1.25758,0.465192,0,0,3,18,0.6
129.279,0.2675,0.4725,1.24167,0.4501,0,0,3,18,0.6
129.379,0.2675,0.4725,1.26365,0.423818,0,0,3,18,0.6
129.479,0.2675,0.4725,1.28562,0.446757,0,0,3,18,0.6
129.579,0.2675,0.4725,1.26992,0.452225,0,0,3,18,0.6
129.679,0.2675,0.4725,1.25421,0.453148,0,0,3,18,0.6
129.779,0.2675,0.4725,1.24612,0.499301,0,0,3,18,0.6
129.879,0.2675,0.4725,1.23992,0.502023,0,0,3,18,0.6
129.979,0.2675,0.4725,1.25618,0.496449,0,0,3,18,0.6
130.079,0.2675,0.4725,1.27242,0.488737,0,0,3,18,0.6
130.179,0.2675,0.4725,1.2669,0.486063,0,0,3,18,0.6
130.279,0.2675,0.4725,1.26139,0.486366,0,0,3,18,0.6
130.379,0.2675,0.4725,1.26824,0.468373,0,0,3,18,0.6
130.479,0.2675,0.4725,1.27512,0.470582,0,0,3,18,0.6
130.579,0.2675,0.4725,1.31416,0.494036,0,0,3,18,0.6
130.679,0.2675,0.4725,1.33799,0.493923,0,0,3,18,0.6
130.779,0.2675,0.4725,1.29947,0.477132,0,0,3,18,0.6
130.879,0.2675,0.4725,1.26102,0.499063,0,0,3,18,0.6
130.979,0.2675,0.4725,1.29659,0.501628,0,0,3,18,0.6
131.079,0.2675,0.4725,1.33214,0.511599,0,0,3,18,0.6
131.179,0.2675,0.4725,1.33662,0.510714,0,0,3,18,0.6
131.279,0.2675,0.4725,1.34111,0.490373,0,0,3,18,0.6
131.379,0.2675,0.4725,1.36332,0.479085,0,0,3,18,0.6
131.479,0.2675,0.4725,1.38546,0.465126,0,0,3,18,0.6
131.579,0.2675,0.4725,1.34354,0.480838,0,0,3,18,0.6
131.679,0.2675,0.4725,1.30166,0.491939,0,0,3,18,0.6
131.779,0.2675,0.4725,1.32459,0.490787,0,0,3,18,0.6
131.879,0.2675,0.4725,1.3475,0.482065,0,0,3,18,0.6
131.979,0.2675,0.000297544,1.34134,0.478958,0,0,3,18,0.6
132.079,0.2675,0,1.33843,0.352856,0,0,3,18,0.6
132.179,0.2675,0,1.34888,0.233315,0,0,3,18,0.6
132.279,0.2675,0,1.35934,0.16481,0,0,3,18,0.6
132.379,0.2675,0,1.42216,0.129181,0,0,3,18,0.6
132.479,0.2675,0,1.48495,0.10801,0,0,3,18,0.6
132.579,0.2675,0,1.49995,0.0820452,0,0,3,18,0.6
132.679,0.2675,0,1.51496,0.0631728,0,0,3,18,0.6
132.779,0.2675,0,1.53887,0.0657233,0,0,3,18,0.6
132.879,0.2675,0,1.56278,0.0528421,0,0,3,18,0.6
132.979,0.2675,0,1.5801,0.0594002,0,0,3,18,0.6
133.079,0.2675,0,1.59741,0.0703664,0,0,3,18,0.6
133.179,0.2675,0,1.61652,0.0753714,0,0,3,18,0.6
133.279,0.2675,0,1.63559,0.0783815,0,0,3,18,0.6
133.379,0.2675,0,1.60111,0.0915862,0,0,3,18,0.6
133.479,0.2675,0,1.57306,0.105449,0,0,3,18,0.6
133.579,0.2675,0,1.57139,0.107636,0,0,3,18,0.6
133.679,0.2675,0,1.56972,0.0991321,0,0,3,18,0.6
133.779,0.2675,0,1.56137,0.0906206,0,0,3,18,0.6
133.879,0.2675,0,1.55305,0.0836685,0,0,3,18,0.6
133.979,0.2675,0,1.59303,0.074917,0,0,3,18,0.6
134.079,0.2675,0,1.63296,0.0754575,0,0,3,18,0.6
134.179,0.2675,0,1.5933,0.072804,0,0,3,18,0.6
134.279,0.2675,0,1.55368,0.0603679,0,0,3,18,0.6
134.379,0.2675,0,1.56528,0.0602563,0,0,3,18,0.6
134.479,0.2675,0,1.5769,0.0541117,0,0,3,18,0.6
134.579,0.2675,0,1.59681,0.0589729,0,0,3,18,0.6
134.679,0.2675,0,1.61669,0.0472779,0,0,3,18,0.6
134.779,0.2675,0,1.603,0.0497634,0,0,3,18,0.6
134.879,0.2675,0,1.5885,0.0379826,0,0,3,18,0.6
134.979,0.2675,0,1.5707,0.0339675,0,0,3,18,0.6
135.079,0.2675,0,1.55292,0.048526,0,0,3,18,0.6
135.179,0.2675,0,1.55755,0.0531451,0,0,3,18,0.6
135.279,0.2675,0,1.56216,0.0632141,0,0,3,18,0.6
135.379,0.2675,0,1.51794,0.0687235,0,0,3,18,0.6
135.479,0.2675,0,1.47373,0.0539831,0,0,3,18,0.6
135.579,0.2675,0,1.49248,0.0632951,0,0,3,18,0.6
135.679,0.265002,0,1.51124,0.0611592,0,0,3,18,0.6
135.779,0.265,0,1.52854,0.0683755,0,0,3,18,0.6
135.879,0.265,0,1.54547,0.0644348,0,0,3,18,0.6
135.979,0.252507,0,1.53861,0.0564666,0,0,3,18,0.6
136.079,0.232513,0,1.53174,0.062914,0,0,3,18,0.6
136.179,0.192516,0,1.51943,0.0641117,0,0,3,18,0.6
136.279,0.152509,0,1.50706,0.049405,0,0,3,18,0.6
136.379,0.132514,0,1.42898,0.029358,0,0,3,18,0.6
136.479,0.0900319,0,1.35087,0.0229521,0,0,3,18,0.6
136.579,1.17073e-05,0,1.21691,0.0296143,0,0,3,18,0.6
136.679,0,0,1.083,0.0392659,0,0,3,18,0.6
136.779,0,0,1.00137,0.0458736,0,0,3,18,0.6
136.879,0,0,0.919771,0.0354826,0,0,3,18,0.6
136.979,0,0,0.917078,0.0228292,0,0,3,18,0.6
137.079,0,0,0.914385,0.00753292,0,0,3,18,0.6
137.179,0,0,0.89377,0.00360445,0,0,3,18,0.6
137.279,0,0,0.873154,0.00422124,0,0,3,18,0.6
137.379,0,0,0.85327,-0.00323415,0,0,3,18,0.6
137.479,0,0,0.839044,-0.00753445,0,0,3,18,0.6
137.579,0,0,0.848029,-0.00925621,0,0,3,18,0.6
137.679,0,0,0.856989,-0.00771977,0,0,3,18,0.6
137.779,0,0,0.82181,-0.00886083,0,0,3,18,0.6
137.879,0,0,0.786648,-0.0137737,0,0,3,18,0.6
137.979,0,0,0.77248,-0.0179154,0,0,3,18,0.6
138.079,0,0,0.758309,-0.0159958,0,0,3,18,0.6
138.179,0,0,0.719816,-0.00888133,0,0,3,18,0.6
138.279,0,0,0.68133,-0.00509336,0,0,3,18,0.6
138.379,0,0,0.657394,-0.00649021,0,0,3,18,0.6
138.479,0,0,0.633457,-0.00535693,0,0,3,18,0.6
138.579,0,0,0.631843,-0.00544513,0,0,3,18,0.6
138.679,0,0,0.630241,-0.00617549,0,0,3,17,0.6
138.779,0,0,0.640065,-0.00684907,0,0,3,17,0.6
138.879,0,0,0.641644,-0.00804022,0,0,3,17,0.6
138.979,0,0,0.60937,-0.0160106,0,0,3,17,0.6
139.079,0,0,0.577097,-0.0207908,0,0,3,17,0.6
139.179,0,0,0.582334,-0.0167191,0,0,3,17,0.6
139.279,0,0,0.587585,-0.0208161,0,0,3,17,0.6
139.379,0,0,0.60313,-0.0284497,0,0,3,17,0.6
139.479,0,0,0.618676,-0.0288593,0,0,3,17,0.6
139.579,0,0,0.634495,-0.0278958,0,0,3,17,0.6
139.679,0,0,0.650242,-0.0241223,0,0,3,17,0.62
139.779,0,0,0.586701,-0.0226107,0,0,3,17,0.62
139.879,0,0,0.523182,-0.0250505,0,0,3,17,0.62
139.979,0,0,0.497074,-0.0229446,0,0,3,17,0.62
140.079,0,0,0.473916,-0.0184745,0,0,3,17,0.62
140.179,0,0,0.462893,-0.0183862,0,0,3,17,0.62
140.279,0,0,0.455435,-0.0200415,0,0,3,17,0.62
140.379,0,0,0.462621,-0.0203041,0,0,3,17,0.62
140.479,0,0,0.469818,-0.0220137,0,0,3,17,0.62
140.579,0,0,0.496162,-0.0199872,0,0,3,17,0.62
140.679,0,0,0.522463,-0.0158514,0,0,3,17,0.62
140.779,0,0,0.497059,-0.0226402,0,0,3,17,0.62
140.879,0,0,0.471684,-0.0341544,0,0,3,17,0.62
140.979,0,0,0.473356,-0.0335453,0,0,3,17,0.62
141.079,0,0,0.475011,-0.0242258,0,0,3,17,0.62
141.179,0,0,0.455784,-0.0201171,0,0,3,17,0.62
141.279,0,0,0.436539,-0.0211847,0,0,3,17,0.62
141.379,0,0,0.401402,-0.0190323,0,0,3,17,0.62
141.479,0,0,0.366302,-0.0130215,0,0,3,17,0.62
141.579,0,0,0.378078,-0.0124729,0,0,3,17,0.62
141.679,0,0,0.389832,-0.0129156,0,0,3,17,0.62
141.779,0,0,0.387115,-0.0148701,0,0,3,17,0.62
141.879,0,0,0.38442,-0.0129592,0,0,3,17,0.62
141.979,0,0,0.400153,-0.00467827,0,0,3,17,0.62
142.079,0,0,0.415881,-0.00250271,0,0,3,17,0.62
142.179,0,0,0.42606,-0.00920988,0,0,3,17,0.62
142.279,0,0,0.436206,-0.0144628,0,0,3,17,0.62
142.379,0,0,0.402889,-0.0114009,0,0,3,17,0.62
142.479,0,0,0.369596,-0.00187027,0,0,3,17,0.62
142.579,0,0,0.356719,0.00403968,0,0,3,17,0.62
142.679,0,0,0.343888,-0.00322335,0,0,3,17,0.62
142.779,0,0,0.361281,-0.0139948,0,0,3,17,0.62
142.879,0,0,0.378596,-0.017617,0,0,3,17,0.62
142.979,0,0,0.336248,-0.0144814,0,0,3,17,0.62
143.079,0,0,0.293931,-0.015187,0,0,3,17,0.62
143.179,0,0,0.318382,-0.0228558,0,0,3,17,0.62
143.279,0,0,0.342812,-0.0189982,0,0,3,17,0.62
143.379,0,0,0.350421,-0.00840947,0,0,3,17,0.62
143.479,0,0,0.358024,-0.00726156,0,0,3,17,0.62
143.579,0,0,0.359879,-0.00974778,0,0,3,17,0.62
143.679,0,0,0.361679,-0.015053,0,0,3,17,0.62
143.779,0,0,0.321023,-0.0268249,0,0,3,17,0.62
143.879,0,0,0.280429,-0.0404417,0,0,3,17,0.62
143.979,0,0,0.313115,-0.0407829,0,0,3,17,0.62
144.079,0,0,0.345754,-0.0268506,0,0,3,17,0.62
144.179,0,0,0.330749,-0.019475,0,0,3,17,0.62
144.279,0,0,0.321283,-0.0260418,0,0,3,17,0.62
144.379,0,0,0.334401,-0.0282497,0,0,3,17,0.62
144.479,0,0,0.347455,-0.0226491,0,0,3,17,0.62
144.579,0,0,0.294102,-0.0208004,0,0,3,17,0.62
144.679,0,0,0.240889,-0.018762,0,0,3,17,0.62
144.779,0,0,0.277826,-0.0149385,0,0,3,17,0.62
144.879,0,0,0.314707,-0.0154685,0,0,3,17,0.62
144.979,0,0,0.303019,-0.0177461,0,0,3,17,0.62
145.079,0,0,0.291336,-0.0166854,0,0,3,17,0.62
145.179,0,0,0.285483,-0.0170964,0,0,3,17,0.62
145.279,0,0,0.279646,-0.0224251,0,0,3,18,0.62
145.379,0,0,0.289818,-0.0280237,0,0,3,18,0.62
145.479,0,0,0.299961,-0.0346418,0,0,3,18,0.62
145.579,0,0,0.287085,-0.0343673,0,0,3,18,0.62
145.679,0,0,0.276953,-0.0295488,0,0,3,18,0.62
145.779,0,0,0.278038,-0.023892,0,0,3,18,0.62
145.879,0,0,0.279139,-0.0200745,0,0,3,18,0.6
145.979,0,0,0.291995,-0.0233164,0,0,3,18,0.6
146.079,0,0,0.30483,-0.0312403,0,0,3,18,0.6
146.179,0,0,0.281284,-0.0301447,0,0,3,18,0.6
146.279,0,0,0.257771,-0.0282022,0,0,3,18,0.6
146.379,0,0,0.255313,-0.0281587,0,0,3,18,0.6
146.479,0,0,0.252851,-0.0256263,0,0,3,18,0.6
146.579,0,0,0.247149,-0.0213944,0,0,3,18,0.6
146.679,0,0,0.241473,-0.0235227,0,0,3,18,0.6
146.779,0,0,0.252789,-0.0323179,0,0,3,18,0.6
146.879,0,0,0.264078,-0.0379922,0,0,3,18,0.6
146.979,0,0,0.248857,-0.0294513,0,0,3,18,0.6
147.079,0,0,0.237692,-0.0173886,0,0,3,18,0.6
147.179,0,0,0.243088,-0.0153347,0,0,3,18,0.6
147.279,0,0,0.248463,-0.0208568,0,0,3,18,0.6
147.379,0,0,0.235295,-0.0222191,0,0,3,18,0.6
147.479,0,0,0.222165,-0.0223719,0,0,3,18,0.6
147.579,0,0,0.235062,-0.0257434,0,0,3,18,0.6
147.679,0,0,0.24796,-0.0244217,0,0,3,18,0.6
147.779,0,0,0.236488,-0.0201571,0,0,3,18,0.6
147.879,0,0,0.219051,-0.0249394,0,0,3,18,0.6
147.979,0,0,0.255434,-0.0393188,0,0,3,18,0.6
148.079,0,0,0.291772,-0.0430192,0,0,3,18,0.6
148.179,0,0,0.251765,-0.0289515,0,0,3,18,0.6
148.279,0,0,0.211815,-0.015054,0,0,3,18,0.6
148.379,0,0,0.213149,-0.0185305,0,0,3,18,0.6
148.479,0,0,0.217138,-0.0270739,0,0,3,18,0.6
148.579,0,0,0.231986,-0.0284299,0,0,3,18,0.6
148.679,0,0,0.246789,-0.0316964,0,0,3,18,0.6
148.779,0,0,0.231576,-0.0373445,0,0,3,18,0.6
148.879,0,0,0.216388,-0.0351204,0,0,3,18,0.6
148.979,0,0,0.22432,-0.034793,0,0,3,18,0.6
149.079,0,0,0.232246,-0.0374671,0,0,3,18,0.6
149.179,0,0,0.233448,-0.0380644,0,0,3,18,0.6
149.279,0,0,0.234655,-0.0357142,0,0,3,18,0.6
149.379,0,0,0.243211,-0.0325232,0,0,3,18,0.6
149.479,0,0,0.251739,-0.0368147,0,0,3,18,0.6
149.579,0,0,0.240778,-0.0457061,0,0,3,18,0.6
149.679,0,0,0.229824,-0.0511569,0,0,3,18,0.6
149.779,0,0,0.225797,-0.0482124,0,0,3,18,0.6
149.879,0,0,0.221758,-0.0516673,0,0,3,18,0.6
149.979,0,0,0.209897,-0.0639201,0,0,3,18,0.6
150.079,0,0,0.198044,-0.0696909,0,0,3,18,0.6
150.179,0,0,0.206789,-0.0625243,0,0,3,18,0.6
150.279,0,0,0.215519,-0.0519167,0,0,3,18,0.6
150.379,0,0,0.213152,-0.0464169,0,0,3,18,0.6
150.479,0,0,0.210784,-0.0488713,0,0,3,17,0.6
150.579,0,0,0.207597,-0.050939,0,0,3,17,0.6
150.679,0,0,0.204416,-0.0474351,0,0,3,17,0.62
150.779,0,0,0.20668,-0.0478796,0,0,3,17,0.62
150.879,0,0,0.208947,-0.0575288,0,0,3,18,0.62
150.979,0,0,0.219436,-0.0638193,0,0,3,18,0.62
151.079,0,0,0.223159,-0.0594101,0,0,3,18,0.62
151.179,0,0,0.19922,-0.0480706,0,0,3,18,0.62
151.279,0,0,0.175376,-0.0402019,0,0,3,18,0.62
151.379,0,0,0.213918,-0.0406689,0,0,3,18,0.62
151.479,0,0,0.252383,-0.0516751,0,0,3,18,0.62
151.579,0,0,0.226604,-0.0544242,0,0,3,18,0.62
151.679,0,0,0.200855,-0.0500657,0,0,3,18,0.6
151.779,0,0,0.208583,-0.0455517,0,0,3,18,0.6
151.879,0,0,0.21628,-0.0404421,0,0,3,18,0.6
151.979,0,0,0.198933,-0.041651,0,0,3,18,0.6
152.079,0,0,0.184936,-0.0458759,0,0,3,18,0.6
152.179,0,0,0.18461,-0.0524725,0,0,3,18,0.6
152.279,0,0,0.184279,-0.0467237,0,0,3,18,0.6
152.379,0,0,0.178218,-0.029094,0,0,3,18,0.6
152.479,0,0,0.177791,-0.024697,0,0,3,18,0.6
152.579,0,0,0.200379,-0.0386794,0,0,3,18,0.6
152.679,0,0,0.214625,-0.0557181,0,0,3,18,0.6
152.779,0,0,0.194798,-0.054863,0,0,3,18,0.6
152.879,0,0,0.174995,-0.0352236,0,0,3,18,0.6
152.979,0,0,0.171503,-0.0237474,0,0,3,18,0.6
153.079,0,0,0.168032,-0.028267,0,0,3,18,0.6
153.179,0,0,0.188257,-0.0397514,0,0,3,18,0.6
153.279,0,0,0.205218,-0.0479818,0,0,3,18,0.6
153.379,0,0,0.208858,-0.0425036,0,0,3,18,0.6
153.479,0,0,0.206458,-0.0284249,0,0,3,18,0.6
153.579,0,0,0.179372,-0.0235804,0,0,3,18,0.6
153.679,0,0,0.152334,-0.031155,0,0,3,18,0.6
153.779,0,0,0.160792,-0.035507,0,0,3,18,0.6
153.879,0,0,0.166225,-0.0307894,0,0,3,18,0.6
153.979,0,0,0.15931,-0.0265384,0,0,3,18,0.6
154.079,0,0,0.152398,-0.0316864,0,0,3,18,0.6
154.179,0,0,0.155108,-0.0317028,0,0,3,18,0.6
154.279,0,0,0.157795,-0.0235074,0,0,3,18,0.6
154.379,0,0,0.14464,-0.0288957,0,0,3,18,0.6
154.479,0,0,0.131521,-0.0401035,0,0,3,18,0.6
154.579,0,0,0.144515,-0.038079,0,0,3,18,0.6
154.679,0,0,0.157488,-0.021457,0,0,3,18,0.6
154.779,0,0,0.153471,-0.0112427,0,0,3,18,0.6
154.879,0,0,0.149466,-0.0155017,0,0,3,18,0.6
154.979,0,0,0.155031,-0.0324337,0,0,3,18,0.6
155.079,0,0,0.16057,-0.0446678,0,0,3,18,0.6
155.179,0,0,0.14067,-0.037058,0,0,3,18,0.6
155.279,0,0,0.120805,-0.019821,0,0,3,18,0.6
155.379,0,0,0.123304,-0.0134264,0,0,3,18,0.6
155.479,0,0,0.12581,-0.0285393,0,0,3,18,0.6
155.579,0,0,0.13796,-0.0474283,0,0,3,18,0.6
155.679,0,0,0.150109,-0.041084,0,0,3,18,0.6
155.779,0,0,0.159015,-0.0243597,0,0,3,18,0.6
155.879,0,0,0.1671,-0.023766,0,0,3,18,0.6
155.979,0,0,0.154128,-0.0312614,0,0,3,18,0.6
156.079,0,0,0.149548,-0.0320498,0,0,3,18,0.6
156.179,0,0,0.179464,-0.0305071,0,0,3,18,0.6
156.279,0,0,0.194125,-0.0334295,0,0,3,18,0.6
156.379,0,0,0.146501,-0.022772,0,0,3,18,0.6
156.479,0,0,0.111777,-0.00999663,0,0,3,18,0.6
156.579,0,0,0.12973,-0.0204814,0,0,3,18,0.6
156.679,0,0,0.147663,-0.0430172,0,0,3,18,0.6
156.779,0,0,0.145541,-0.0456863,0,0,3,18,0.6
156.879,0,0,0.144728,-0.02989,0,0,3,18,0.6
156.979,0,0,0.149255,-0.0170179,0,0,3,18,0.6
157.079,0,0,0.156637,-0.022806,0,0,3,18,0.6
157.179,0,0,0.175727,-0.0394634,0,0,3,18,0.6
157.279,0,0,0.186111,-0.0535336,0,0,3,18,0.6
157.379,0,0,0.16093,-0.052232,0,0,3,18,0.6
157.479,0,0,0.140028,-0.0350289,0,0,3,18,0.6
157.579,0,0,0.13654,-0.0214377,0,0,3,18,0.6
157.679,0,0,0.133066,-0.0220686,0,0,3,18,0.6
157.779,0,0,0.14002,-0.0342047,0,0,3,18,0.6
157.879,0,0,0.142616,-0.0442991,0,0,3,18,0.6
157.979,0,0,0.127463,-0.0450087,0,0,3,18,0.6
158.079,0,0,0.118691,-0.0408549,0,0,3,18,0.6
158.179,0,0,0.136121,-0.0381363,0,0,3,18,0.6
158.279,0,0,0.153511,-0.0343877,0,0,3,18,0.6
158.379,0,0,0.143807,-0.0359204,0,0,3,18,0.6
158.479,0,0,0.134114,-0.0524928,0,0,3,18,0.6
158.579,0,0,0.136651,-0.0674508,0,0,3,18,0.6
158.679,0,0,0.139181,-0.0534057,0,0,3,18,0.6
158.779,0,0,0.130665,-0.0331537,0,0,3,18,0.6
158.879,0,0,0.128405,-0.0416005,0,0,3,18,0.6
158.979,0,0,0.151713,-0.062408,0,0,3,18,0.6
159.079,0,0,0.17496,-0.0665289,0,0,3,18,0.6
159.179,0,0,0.130991,-0.0541719,0,0,3,18,0.6
159.279,0,0,0.103997,-0.0389822,0,0,3,18,0.6
159.379,0,0,0.146324,-0.0345488,0,0,3,18,0.6
159.479,0,0,0.176624,-0.0490604,0,0,3,18,0.6
159.579,0,0,0.15789,-0.0718367,0,0,3,18,0.6
159.679,0,0,0.139155,-0.0682217,0,0,3,18,0.6
159.779,0,0,0.119201,-0.0313359,0,0,3,18,0.6
159.879,0,0,0.108513,-0.00905132,0,0,3,18,0.6
159.979,0,0,0.135635,-0.0283917,0,0,3,18,0.6
160.079,0,0,0.152775,-0.0672056,0,0,3,18,0.6
160.179,0,0,0.129047,-0.0742233,0,0,3,18,0.6
160.279,0,0,0.114046,-0.0451173,0,0,3,18,0.6
160.379,0,0,0.134686,-0.0153144,0,0,3,18,0.6
160.479,0,0,0.150939,-0.0132657,0,0,3,18,0.6
160.579,0,0,0.149266,-0.037329,0,0,3,18,0.6
160.679,0,0,0.144579,-0.0627039,0,0,3,18,0.6
160.779,0,0,0.127618,-0.0628178,0,0,3,18,0.6
160.879,0,0,0.110711,-0.0332062,0,0,3,18,0.6
160.979,0,0,0.143142,-0.0140039,0,0,3,18,0.6
161.079,0,0,0.167576,-0.0259503,0,0,3,18,0.6
161.179,0,0,0.159379,-0.0616838,0,0,3,18,0.6
161.279,0,0,0.151218,-0.087425,0,0,3,18,0.6
161.379,0,0,0.143208,-0.0678298,0,0,3,18,0.6
161.479,0,0,0.1352,-0.0315275,0,0,3,18,0.6
161.579,0,0,0.129609,-0.0241712,0,0,3,18,0.6
161.679,0,0,0.12403,-0.0467015,0,0,3,18,0.6
161.779,0,0,0.15941,-0.0729593,0,0,3,18,0.6
161.879,0,0,0.185906,-0.0703244,0,0,3,18,0.6
161.979,0,0,0.17611,-0.0540707,0,0,3,18,0.6
162.079,0,0,0.162636,-0.0471418,0,0,3,18,0.6
162.179,0,0,0.134117,-0.0498562,0,0,3,18,0.6
162.279,0,0,0.119794,-0.0586039,0,0,3,18,0.6
162.379,0,0,0.163273,-0.0713762,0,0,3,18,0.6
162.479,0,0,0.192355,-0.0805113,0,0,3,18,0.6
162.579,0,0,0.162597,-0.0705296,0,0,3,18,0.6
162.679,0,0,0.132856,-0.0541377,0,0,3,18,0.6
162.779,0,0,0.138132,-0.0530854,0,0,3,18,0.6
162.879,0,0,0.143411,-0.073365,0,0,3,18,0.6
162.979,0,0,0.150937,-0.0937148,0,0,3,18,0.6
163.079,0,0,0.155697,-0.0846488,0,0,3,18,0.6
163.179,0,0,0.149149,-0.0580446,0,0,3,18,0.6
163.279,0,0,0.147781,-0.0561869,0,0,3,18,0.6
163.379,0,0,0.167505,-0.0860272,0,0,3,18,0.6
163.479,0,0,0.175438,-0.100592,0,0,3,18,0.6
163.579,0,0,0.135098,-0.0752591,0,0,3,18,0.6
163.679,0,0,0.0948226,-0.0464367,0,0,3,18,0.6
163.779,0,0,0.125666,-0.0566574,0,0,3,18,0.6
163.879,0,0,0.156429,-0.0886869,0,0,3,18,0.6
163.979,0,0,0.133214,-0.0946212,0,0,3,18,0.6
164.079,0,0,0.115214,-0.0673538,0,0,3,18,0.6
164.179,0,0,0.11854,-0.0434078,0,0,3,18,0.6
164.279,0,0,0.126047,-0.0537836,0,0,3,18,0.6
164.379,0,0,0.150594,-0.0764512,0,0,3,18,0.6
164.479,0,0,0.161303,-0.073353,0,0,3,18,0.6
164.579,0,0,0.115395,-0.0593855,0,0,3,18,0.6
164.679,0,0,0.0865101,-0.045799,0,0,3,18,0.6
164.779,0,0,0.127142,-0.0489802,0,0,3,18,0.6
164.879,0,0,0.152382,-0.0653458,0,0,3,18,0.6
164.979,0,0,0.114672,-0.071914,0,0,3,18,0.6
165.079,0,0,0.0770442,-0.0528866,0,0,3,18,0.6
165.179,0,0,0.109305,-0.0338825,0,0,3,18,0.6
165.279,0,0,0.141504,-0.0438337,0,0,3,18,0.6
165.379,0,0,0.109855,-0.0647946,0,0,3,18,0.6
165.479,0,0,0.0782795,-0.0607295,0,0,3,18,0.6
165.579,0,0,0.109015,-0.0272395,0,0,3,18,0.6
165.679,0,0,0.13975,-0.0179648,0,0,3,18,0.6
165.779,0,0,0.145215,-0.0438663,0,0,3,18,0.6
165.879,0,0,0.144347,-0.0569403,0,0,3,18,0.6
165.979,0,0,0.113562,-0.0396748,0,0,3,18,0.6
166.079,0,0,0.0934625,-0.0192505,0,0,3,18,0.6
166.179,0,0,0.116959,-0.0271505,0,0,3,18,0.6
166.279,0,0,0.140397,-0.0562572,0,0,3,18,0.6
166.379,0,0,0.114691,-0.0667363,0,0,3,18,0.6
166.479,0,0,0.0889914,-0.0436759,0,0,3,18,0.6
166.579,0,0,0.0747176,-0.0267005,0,0,3,18,0.6
166.679,0,0,0.0605302,-0.0480489,0,0,3,18,0.6
166.779,0,0,0.1047,-0.0625274,0,0,3,18,0.6
166.879,0,0,0.148767,-0.0493203,0,0,3,18,0.6
166.979,0,0,0.0971588,-0.0385867,0,0,3,18,0.6
167.079,0,0,0.0456461,-0.0419294,0,0,3,18,0.6
167.179,0,0,0.0811599,-0.04171,0,0,3,18,0.6
167.279,0,0,0.116612,-0.0414996,0,0,3,18,0.6
167.379,0,0,0.111952,-0.0506251,0,0,3,18,0.6
167.479,0,0,0.109735,-0.0462786,0,0,3,18,0.6
167.579,0,0,0.117501,-0.0189825,0,0,3,18,0.6
167.679,0,0,0.125238,-0.0074729,0,0,3,18,0.6
167.779,0,0,0.11229,-0.0327747,0,0,3,18,0.6
167.879,0,0,0.0993497,-0.0553424,0,0,3,18,0.6
167.979,0,0,0.0923175,-0.0378594,0,0,3,18,0.6
168.079,0,0,0.0852981,-0.00283492,0,0,3,18,0.6
168.179,0,0,0.114979,0.00317517,0,0,3,18,0.6
168.279,0,0,0.14457,-0.0311553,0,0,3,18,0.6
168.379,0,0,0.111598,-0.0635184,0,0,3,18,0.6
168.479,0,0,0.0786607,-0.0544841,0,0,3,17,0.6
168.579,0,0,0.106538,-0.017909,0,0,3,17,0.6
168.679,0,0,0.134359,-0.00404634,0,0,3,17,0.6
168.779,0,0,0.118124,-0.0301703,0,0,3,17,0.6
168.879,0,0,0.101903,-0.0519059,0,0,3,17,0.6
168.979,0,0,0.0958181,-0.0424496,0,0,3,17,0.6
169.079,0,0,0.0897708,-0.0332418,0,0,3,17,0.6
169.179,0,0,0.12868,-0.0430116,0,0,3,17,0.6
169.279,0,0,0.167517,-0.0425666,0,0,3,17,0.6
169.379,0,0,0.151062,-0.0191251,0,0,3,17,0.6
169.479,0,0,0.13461,-0.0181578,0,0,3,17,0.6
169.579,0,0,0.122788,-0.058754,0,0,3,17,0.6
169.679,0,0,0.110999,-0.067862,0,0,3,17,0.62
169.779,0,0,0.123938,-0.0263689,0,0,3,17,0.62
169.879,0,0,0.136846,0.00587819,0,0,3,17,0.62
169.979,0,0,0.128541,-0.00395185,0,0,3,17,0.62
170.079,0,0,0.120242,-0.0362413,0,0,3,17,0.62
170.179,0,0,0.12066,-0.0562761,0,0,3,17,0.62
170.279,0,0,0.121079,-0.0389982,0,0,3,18,0.62
170.379,0,0,0.12124,-0.0127085,0,0,3,18,0.62
170.479,0,0,0.121365,-0.0212193,0,0,3,18,0.62
170.579,0,0,0.0927364,-0.0419365,0,0,3,18,0.62
170.679,0,0,0.0641688,-0.0427708,0,0,3,18,0.62
170.779,0,0,0.0890308,-0.0237129,0,0,3,18,0.62
170.879,0,0,0.112228,-0.00778945,0,0,3,18,0.62
170.979,0,0,0.128631,-0.00822143,0,0,3,18,0.62
171.079,0,0,0.145028,-0.0118802,0,0,3,18,0.62
171.179,0,0,0.117261,-0.01739,0,0,3,18,0.62
171.279,0,0,0.0895628,-0.0209943,0,0,3,18,0.62
171.379,0,0,0.105733,-0.00767403,0,0,3,18,0.62
171.479,0,0,0.116813,0.00826731,0,0,3,18,0.62
171.579,0,0,0.107074,0.010223,0,0,3,18,0.62
171.679,0,0,0.0973466,0.00208535,0,0,3,18,0.6
171.779,0,0,0.0951748,-0.00622048,0,0,3,18,0.6
171.879,0,0,0.0930101,0.0104109,0,0,3,18,0.6
171.979,0,0,0.0975068,0.0288033,0,0,3,18,0.6
172.079,0,0,0.098465,0.0144514,0,0,3,18,0.6
172.179,0,0,0.084978,0.000666373,0,0,3,18,0.6
172.279,0,0,0.0715545,0.0252464,0,0,3,18,0.6
172.379,0,0,0.118022,0.0472704,0,0,3,18,0.6
172.479,0,0,0.164364,0.0418699,0,0,3,18,0.6
172.579,0,0,0.0967327,0.030512,0,0,3,18,0.6
172.679,0,0,0.0291856,0.0296487,0,0,3,18,0.6
172.779,0,0,0.0682444,0.0327328,0,0,3,18,0.6
172.879,0,0,0.102148,0.0382437,0,0,3,18,0.6
172.979,0,0,0.114986,0.0438619,0,0,3,18,0.6
173.079,0,0,0.127789,0.0434343,0,0,3,18,0.6
173.179,0,0,0.102445,0.0391941,0,0,3,18,0.6
173.279,0,0,0.0771634,0.03483,0,0,3,18,0.6
173.379,0,0,0.107714,0.0452419,0,0,3,18,0.6
173.479,0,0,0.138178,0.0654773,0,0,3,18,0.6
173.579,0,0,0.0790981,0.0662597,0,0,3,18,0.6
173.679,0,0,0.0201712,0.0498777,0,0,3,18,0.6
173.779,0,0,0.0719804,0.0549754,0,0,3,18,0.6
173.879,0,0,0.123686,0.0800157,0,0,3,18,0.6
173.979,0,0,0.10508,0.093346,0,0,3,18,0.6
174.079,0,0,0.0864726,0.0810393,0,0,3,18,0.6
174.179,0,0,0.0668429,0.0561446,0,0,3,18,0.6
174.279,0,0,0.0573081,0.0584613,0,0,3,18,0.6
174.379,0,0,0.0889471,0.0930333,0,0,3,18,0.6
174.479,0,0,0.120509,0.116926,0,0,3,18,0.6
174.579,0,0,0.0988299,0.105355,0,0,3,18,0.6
174.679,0,0,0.0771774,0.0754132,0,0,3,18,0.6
174.779,0,0,0.0792257,0.0598606,0,0,3,18,0.6
174.879,0,0,0.0812729,0.0819038,0,0,3,18,0.6
174.979,0,0,0.0825685,0.113705,0,0,3,18,0.6
175.079,0,0,0.0838662,0.102152,0,0,3,18,0.6
175.179,0,0,0.0876981,0.0611098,0,0,3,18,0.6
175.279,0,0,0.0915471,0.0453083,0,0,3,18,0.6
175.379,0,0,0.111335,0.0766811,0,0,3,18,0.6
175.479,0,0,0.131087,0.104678,0,0,3,18,0.6
175.579,0,0,0.124592,0.0921132,0,0,3,18,0.6
175.679,0,0,0.118098,0.0584208,0,0,3,18,0.6
175.779,0,0,0.111785,0.0390981,0,0,3,18,0.6
175.879,0,0,0.105466,0.0547428,0,0,3,18,0.6
175.979,0,0,0.0867696,0.0813854,0,0,3,18,0.6
176.079,0,0,0.0681201,0.0842869,0,0,3,18,0.6
176.179,0,0,0.0891377,0.0613082,0,0,3,18,0.6
176.279,0,0,0.110098,0.0431173,0,0,3,18,0.6
176.379,0,0,0.0675834,0.0487772,0,0,3,18,0.6
176.479,0,0,0.0379323,0.0582022,0,0,3,18,0.6
176.579,0,0,0.060891,0.0546525,0,0,3,18,0.6
176.679,0,0,0.0838237,0.0482529,0,0,3,18,0.6
176.779,0,0,0.0894346,0.0449792,0,0,3,18,0.6
176.879,0,0,0.0886605,0.0443448,0,0,3,18,0.6
176.979,0,0,0.0618192,0.0476084,0,0,3,18,0.6
177.079,0,0,0.0350379,0.0432083,0,0,3,18,0.6
177.179,0,0,0.0812454,0.0314319,0,0,3,18,0.6
177.279,0,0,0.127391,0.0295976,0,0,3,18,0.6
177.379,0,0,0.102881,0.0355615,0,0,3,18,0.6
177.479,0,0,0.082848,0.0335185,0,0,3,18,0.6
177.579,0,0,0.0811249,0.0197509,0,0,3,18,0.6
177.679,0,0,0.0794296,0.0135348,0,0,3,18,0.6
177.779,0,0,0.0985174,0.024025,0,0,3,18,0.6
177.879,0,0,0.112554,0.0383931,0,0,3,18,0.6
177.979,0,0,0.106019,0.0428218,0,0,3,18,0.6
178.079,0,0,0.100704,0.0328463,0,0,3,18,0.6
178.179,0,0,0.100383,0.0144111,0,0,3,18,0.6
178.279,0,0,0.0966947,-0.00367486,0,0,3,18,0.6
178.379,0,0,0.0792868,-0.00149519,0,0,3,18,0.6
178.479,0,0,0.0700064,0.020285,0,0,3,18,0.6
178.579,0,0,0.093962,0.0272058,0,0,3,18,0.6
178.679,0,0,0.114329,0.012375,0,0,3,18,0.6
178.779,0,0,0.120033,0.00370385,0,0,3,18,0.6
178.879,0,0,0.119796,0.0155593,0,0,3,18,0.6
178.979,0,0,0.095288,0.0289465,0,0,3,18,0.6
179.079,0,0,0.0805608,0.0168907,0,0,3,18,0.6
179.179,0,0,0.105878,-0.00734524,0,0,3,18,0.6
179.279,0,0,0.122897,-0.00728485,0,0,3,18,0.6
179.379,0,0,0.106206,0.0127153,0,0,3,18,0.6
179.479,0,0,0.0954987,0.0228303,0,0,3,18,0.6
179.579,0,0,0.1092,0.0160366,0,0,3,18,0.6
179.679,0,0,0.116278,0.00674393,0,0,3,18,0.6
179.779,0,0,0.0962857,0.00911364,0,0,3,18,0.6
179.879,0,0,0.0763599,0.0176086,0,0,3,18,0.6
179.979,0,0,0.103648,0.0186318,0,0,3,18,0.6
180.079,0,0,0.130907,0.0115689,0,0,3,18,0.6
180.179,0,0,0.1096,0.00460142,0,0,3,18,0.6
180.279,0,0,0.0883386,0.00115992,0,0,3,18,0.6
180.379,0,0,0.098913,0.00402136,0,0,3,18,0.6
180.479,0,0,0.109468,0.0146728,0,0,3,18,0.6
180.579,0,0,0.0897664,0.0209061,0,0,3,18,0.6
180.679,0,0,0.0701122,0.0163295,0,0,3,18,0.6
180.779,0,0,0.0838753,0.0112805,0,0,3,18,0.6
180.879,0,0,0.0976147,0.00662966,0,0,3,18,0.6
180.979,0,0,0.0964209,0.00490681,0,0,3,18,0.6
181.079,0,0,0.0980552,0.00751584,0,0,3,18,0.6
181.179,0,0,0.111237,0.00185553,0,0,3,18,0.6
181.279,0,0,0.124396,-0.000623552,0,0,3,18,0.6
181.379,0,0,0.119226,0.00140058,0,0,3,18,0.6
181.479,0,0,0.114053,-0.0023129,0,0,3,18,0.6
181.579,0,0,0.107582,-0.00735444,0,0,3,18,0.6
181.679,0,0,0.101102,-0.0162287,0,0,3,18,0.6
181.779,0,0,0.088574,-0.0205533,0,0,3,18,0.6
181.879,0,0,0.0760716,-0.0162001,0,0,3,18,0.6
181.979,0,0,0.0880299,-0.0137304,0,0,3,18,0.6
182.079,0,0,0.0999901,-0.0200525,0,0,3,18,0.6
182.179,0,0,0.11893,-0.0336191,0,0,3,18,0.6
182.279,0,0,0.137791,-0.0406395,0,0,3,18,0.6
182.379,0,0,0.0978186,-0.0374631,0,0,3,18,0.6
182.479,0,0,0.0683878,-0.0420742,0,0,3,18,0.6
182.579,0,0,0.0818346,-0.0481819,0,0,3,18,0.6
182.679,0,0,0.0952861,-0.0458129,0,0,3,18,0.6
182.779,0,0,0.113341,-0.049057,0,0,3,18,0.6
182.879,0,0,0.13135,-0.0525147,0,0,3,18,0.6
182.979,0,0,0.118038,-0.0436619,0,0,3,18,0.6
183.079,0,0,0.104749,-0.0398256,0,0,3,18,0.6
183.179,0,0,0.117211,-0.0573853,0,0,3,18,0.6
183.279,0,0,0.129626,-0.0735671,0,0,3,18,0.6
183.379,0,0,0.111828,-0.066372,0,0,3,18,0.6
183.479,0,0,0.0988687,-0.0567948,0,0,3,18,0.6
183.579,0,0,0.105679,-0.0569179,0,0,3,18,0.6
183.679,0,0,0.112483,-0.0529264,0,0,3,18,0.6
183.779,0,0,0.108222,-0.042647,0,0,3,18,0.6
183.879,0,0,0.10398,-0.0494856,0,0,3,18,0.6
183.979,0,0,0.113496,-0.0793592,0,0,3,18,0.6
184.079,0,0,0.123002,-0.0901072,0,0,3,18,0.6
184.179,0,0,0.120502,-0.0614037,0,0,3,18,0.6
184.279,0,0,0.118012,-0.0407058,0,0,3,18,0.6
184.379,0,0,0.12391,-0.0647866,0,0,3,18,0.6
184.479,0,0,0.129795,-0.0932135,0,0,3,18,0.6
184.579,0,0,0.126296,-0.0821277,0,0,3,18,0.6
184.679,0,0,0.122803,-0.0509658,0,0,3,18,0.6
184.779,0,0,0.125911,-0.0447734,0,0,3,18,0.6
184.879,0,0,0.129005,-0.0667867,0,0,3,18,0.6
184.979,0,0,0.119428,-0.0854161,0,0,3,18,0.6
185.079,0,0,0.112896,-0.0869895,0,0,3,18,0.6
185.179,0,0,0.118822,-0.0837714,0,0,3,18,0.6
185.279,0,0,0.124726,-0.0724358,0,0,3,18,0.6
185.379,0,0,0.115774,-0.0615559,0,0,3,18,0.6
185.479,0,0,0.106833,-0.0568949,0,0,3,18,0.6
185.579,0,0,0.107906,-0.0695282,0,0,3,18,0.6
185.679,0,0,0.108961,-0.0840601,0,0,3,18,0.6
185.779,0,0,0.0962391,-0.0844429,0,0,3,18,0.6
185.879,0,0,0.0835411,-0.0661067,0,0,3,18,0.6
185.979,0,0,0.0982887,-0.049847,0,0,3,18,0.6
186.079,0,0,0.113048,-0.0618947,0,0,3,18,0.6
186.179,0,0,0.136932,-0.0836194,0,0,3,18,0.6
186.279,0,0,0.149273,-0.0790329,0,0,3,18,0.6
186.379,0,0,0.114592,-0.0506685,0,0,3,18,0.6
186.479,0,0,0.089258,-0.0253902,0,0,3,18,0.6
186.579,0,0,0.102118,-0.0430649,0,0,3,18,0.6
186.679,0,0,0.109532,-0.0814582,0,0,3,18,0.6
186.779,0,0,0.0947374,-0.0798989,0,0,3,18,0.6
186.879,0,0,0.0849364,-0.0399681,0,0,3,18,0.6
186.979,0,0,0.0955072,-0.00880865,0,0,3,18,0.6
187.079,0,0,0.10642,-0.0225986,0,0,3,18,0.6
187.179,0,0,0.118736,-0.0637856,0,0,3,18,0.6
187.279,0,0,0.130997,-0.0866787,0,0,3,18,0.6
187.379,0,0,0.10527,-0.0635649,0,0,3,18,0.6
187.479,0,0,0.0948519,-0.0255234,0,0,3,18,0.6
187.579,0,0,0.147027,-0.013678,0,0,3,18,0.6
187.679,0,0,0.199064,-0.0369662,0,0,3,18,0.6
187.779,0,0,0.159774,-0.0648726,0,0,3,18,0.6
187.879,0,0,0.126481,-0.0641719,0,0,3,18,0.6
187.979,0,0,0.117628,-0.0410041,0,0,3,18,0.6
188.079,0,0,0.108804,-0.0233235,0,0,3,18,0.6
188.179,0,0,0.125245,-0.0244804,0,0,3,18,0.6
188.279,0,0,0.141651,-0.0382282,0,0,3,18,0.6
188.379,0,0,0.105475,-0.0527335,0,0,3,18,0.6
188.479,0,0,0.069313,-0.0586894,0,0,3,18,0.6
188.579,0,0,0.0753206,-0.0445855,0,0,3,18,0.6
188.679,0,0,0.0813749,-0.0149514,0,0,3,18,0.6
188.779,0,0,0.123661,-0.00794244,0,0,3,18,0.6
188.879,0,0,0.165854,-0.0302294,0,0,3,18,0.6
188.979,0,0,0.133277,-0.0452093,0,0,3,18,0.6
189.079,0,0,0.100727,-0.0395054,0,0,3,18,0.6
189.179,0,0,0.107475,-0.0202115,0,0,3,18,0.6
189.279,0,0,0.112472,-0.00879484,0,0,3,18,0.6
189.379,0,0,0.11033,-0.0230259,0,0,3,18,0.6
189.479,0,0,0.108173,-0.0366798,0,0,3,18,0.6
189.579,0,0,0.091188,-0.0321731,0,0,3,18,0.6
189.679,0,0,0.0742026,-0.0174799,0,0,3,18,0.6
189.779,0,0,0.085329,-0.00925942,0,0,3,18,0.6
189.879,0,0,0.103418,-0.0162871,0,0,3,18,0.6
189.979,0,0,0.121787,-0.0190363,0,0,3,18,0.6
190.079,0,0,0.140114,-0.0112837,0,0,3,18,0.6
190.179,0,0,0.126662,-0.0105469,0,0,3,18,0.6
190.279,0,0,0.113218,-0.0191696,0,0,3,18,0.6
190.379,0,0,0.106454,-0.0184557,0,0,3,18,0.6
190.479,0,0,0.0989675,-0.0126034,0,0,3,18,0.6
190.579,0,0,0.0885304,-0.0133665,0,0,3,18,0.6
190.679,0,0,0.0781069,-0.0126116,0,0,3,18,0.6
190.779,0,0,0.0831163,-0.003807,0,0,3,18,0.6
190.879,0,0,0.088139,0.00311121,0,0,3,18,0.6
190.979,0,0,0.103377,-0.0104315,0,0,3,18,0.6
191.079,0,0,0.11858,-0.0231733,0,0,3,18,0.6
191.179,0,0,0.106271,-0.0118589,0,0,3,18,0.6
191.279,0,0,0.0995968,0.00245334,0,0,3,18,0.6
191.379,0,0,0.115919,-0.00267212,0,0,3,18,0.6
191.479,0,0,0.132198,-0.0216253,0,0,3,18,0.6
191.579,0,0,0.0852129,-0.0295458,0,0,3,18,0.6
191.679,0,0,0.0383345,-0.0161507,0,0,3,18,0.6
191.779,0,0,0.0963678,0.0065164,0,0,3,18,0.6
191.879,0,0,0.137786,0.0158302,0,0,3,18,0.6
191.979,0,0,0.111633,0.000146983,0,0,3,18,0.6
192.079,0,0,0.0855164,-0.0306544,0,0,3,18,0.6
192.179,0,0,0.0907856,-0.0512389,0,0,3,18,0.6
192.279,0,0,0.0960802,-0.028076,0,0,3,18,0.6
192.379,0,0,0.117875,0.0243068,0,0,3,18,0.6
192.479,0,0,0.128403,0.0371303,0,0,3,18,0.6
192.579,0,0,0.0928899,-0.00510698,0,0,3,18,0.6
192.679,0,0,0.0575293,-0.0488448,0,0,3,18,0.6
192.779,0,0,0.127704,-0.0409144,0,0,3,18,0.6
192.879,0,0,0.197769,0.00796474,0,0,3,18,0.6
192.979,0,0,0.170053,0.0433403,0,0,3,18,0.6
193.079,0,0,0.142337,0.0320765,0,0,3,18,0.6
193.179,0,0,0.115809,-0.00867082,0,0,3,18,0.6
193.279,0,0,0.105008,-0.028672,0,0,3,18,0.6
193.379,0,0,0.158526,-0.0153226,0,0,3,18,0.6
193.479,0,0,0.211945,0.0274802,0,0,3,18,0.6
193.579,0,0,0.173737,0.0484876,0,0,3,18,0.6
193.679,0,0,0.135554,0.0102549,0,0,3,18,0.6
193.779,0,0,0.124012,-0.0315467,0,0,3,18,0.6
193.879,0,0,0.112507,-0.0255819,0,0,3,18,0.6
193.979,0,0,0.127871,0.0091794,0,0,3,18,0.6
194.079,0,0,0.140053,0.0331969,0,0,3,18,0.6
194.179,0,0,0.139213,0.0306534,0,0,3,18,0.6
194.279,0,0,0.133388,0.00696993,0,0,3,18,0.6
194.379,0,0,0.107197,-0.0109267,0,0,3,18,0.6
194.479,0,0,0.0810363,-0.0142127,0,0,3,18,0.6
194.579,0,0,0.097332,-0.00672935,0,0,3,18,0.6
194.679,0,0,0.115441,0.0228847,0,0,3,18,0.6
194.779,0,0,0.140951,0.0418445,0,0,3,18,0.6
194.879,0,0,0.154074,0.0230561,0,0,3,18,0.6
194.979,0,0,0.116572,-0.00192979,0,0,3,18,0.6
195.079,0,0,0.0865761,-0.0127236,0,0,3,18,0.6
195.179,0,0,0.0872048,0.00541784,0,0,3,18,0.6
195.279,0,0,0.093425,0.0453937,0,0,3,18,0.6
195.379,0,0,0.122473,0.0522916,0,0,3,18,0.6
195.479,0,0,0.136161,0.0189024,0,0,3,18,0.6
195.579,0,0,0.0868749,-0.0110574,0,0,3,18,0.6
195.679,0,0,0.0375891,0.000343605,0,0,3,18,0.6
195.779,0,0,0.0857377,0.0501764,0,0,3,18,0.6
195.879,0,0,0.157834,0.0805116,0,0,3,18,0.6
195.979,0,0,0.102081,0.0637948,0,0,3,18,0.6
196.079,0,0,0.0614113,0.0212551,0,0,3,18,0.6
196.179,0,0,0.082441,-0.0131318,0,0,3,18,0.6
196.279,0,0,0.103463,0.00286116,0,0,3,18,0.6
196.379,0,0,0.0950428,0.0571862,0,0,3,18,0.6
196.479,0,0,0.0955248,0.0910519,0,0,3,18,0.6
196.579,0,0,0.132237,0.0690877,0,0,3,18,0.6
196.679,0,0,0.154955,0.0172202,0,0,3,18,0.6
196.779,0,0,0.120581,-0.0114663,0,0,3,18,0.6
196.879,0,0,0.100065,0.0206534,0,0,3,18,0.6
196.979,0,0,0.136265,0.0882448,0,0,3,18,0.6
197.079,0,0,0.156642,0.113753,0,0,3,18,0.6
197.179,0,0,0.112424,0.0615565,0,0,3,18,0.6
197.279,0,0,0.0817572,-0.00770556,0,0,3,18,0.6
197.379,0,0,0.106284,-0.0134397,0,0,3,18,0.6
197.479,0,0,0.128088,0.0528297,0,0,3,18,0.6
197.579,0,0,0.138759,0.11511,0,0,3,18,0.6
197.679,0,0,0.138156,0.0988637,0,0,3,18,0.6
197.779,0,0,0.091535,0.0241024,0,0,3,18,0.6
197.879,0,0,0.0612157,-0.0194805,0,0,3,18,0.6
197.979,0,0,0.0974815,0.0187703,0,0,3,18,0.6
198.079,0,0,0.127317,0.0807924,0,0,3,18,0.6
198.179,0,0,0.131001,0.0959245,0,0,3,18,0.6
198.279,0,0,0.126562,0.0531441,0,0,3,18,0.6
198.379,0,0,0.0889906,0.00243524,0,0,3,18,0.6
198.479,0,0,0.067074,-0.00036508,0,0,3,18,0.6
198.579,0,0,0.109234,0.0421057,0,0,3,18,0.6
198.679,0,0,0.13676,0.0812788,0,0,3,18,0.6
198.779,0,0,0.104457,0.0765272,0,0,3,18,0.6
198.879,0,0,0.0722276,0.0357616,0,0,3,18,0.6
198.979,0,0,0.0903652,0.0074621,0,0,3,18,0.6
199.079,0,0,0.106313,0.0226013,0,0,3,18,0.6
199.179,0,0,0.113309,0.0579497,0,0,3,18,0.6
199.279,0,0,0.117297,0.072733,0,0,3,18,0.6
199.379,0,0,0.109005,0.0533406,0,0,3,18,0.6
199.479,0,0,0.100731,0.0238645,0,0,3,18,0.6
199.579,0,0,0.107843,0.0331837,0,0,3,18,0.6
199.679,0,0,0.114956,0.0630545,0,0,3,18,0.6
199.779,0,0,0.122184,0.0688006,0,0,3,18,0.6
199.879,0,0,0.129397,0.0574911,0,0,3,18,0.6
199.979,0,0,0.125622,0.0394787,0,0,3,18,0.6
200.079,0,0,0.118235,0.0280106,0,0,3,18,0.6
200.179,0,0,0.0960614,0.0414338,0,0,3,18,0.6
200.279,0,0,0.0871099,0.0610271,0,0,3,18,0.6
200.379,0,0,0.132252,0.058507,0,0,3,18,0.6
200.479,0,0,0.16196,0.0325938,0,0,3,18,0.6
200.579,0,0,0.128718,0.0258066,0,0,3,18,0.6
200.679,0,0,0.0955141,0.0428562,0,0,3,18,0.6
200.779,0,0,0.100335,0.050282,0,0,3,18,0.6
200.879,0,0,0.10515,0.0460182,0,0,3,18,0.6
200.979,0,0,0.102023,0.0425721,0,0,3,18,0.6
201.079,0,0,0.0988796,0.036646,0,0,3,18,0.6
201.179,0,0,0.0796959,0.0270797,0,0,3,18,0.6
201.279,0,0,0.060595,0.0300103,0,0,3,18,0.6
201.379,0,0,0.100162,0.0428011,0,0,3,18,0.6
201.479,0,0,0.128179,0.0383567,0,0,3,18,0.6
201.579,0,0,0.109023,0.015622,0,0,3,18,0.6
201.679,0,0,0.0898674,0.00737809,0,0,3,18,0.6
201.779,0,0,0.0843598,0.0328581,0,0,3,18,0.6
201.879,0,0,0.0863719,0.0588011,0,0,3,17,0.6
201.979,0,0,0.105237,0.0525588,0,0,3,17,0.6
202.079,0,0,0.124085,0.0233757,0,0,3,18,0.6
202.179,0,0,0.124306,-0.000867026,0,0,3,18,0.6
202.279,0,0,0.123298,0.0115153,0,0,3,18,0.6
202.379,0,0,0.11728,0.0428175,0,0,3,18,0.6
202.479,0,0,0.108764,0.0469797,0,0,3,18,0.6
202.579,0,0,0.0900485,0.022279,0,0,3,18,0.6
202.679,0,0,0.0801634,-0.000118087,0,0,3,18,0.6
202.779,0,0,0.106437,0.0085415,0,0,3,18,0.6
202.879,0,0,0.124601,0.0330806,0,0,3,18,0.6
202.979,0,0,0.109712,0.0419632,0,0,3,18,0.6
203.079,0,0,0.0948365,0.0277775,0,0,3,18,0.6
203.179,0,0,0.103664,0.0105483,0,0,3,18,0.6
203.279,0,0,0.112988,0.0157511,0,0,3,18,0.6
203.379,0,0,0.124336,0.0313189,0,0,3,18,0.6
203.479,0,0,0.132429,0.0402945,0,0,3,18,0.6
203.579,0,0,0.127213,0.0388946,0,0,3,18,0.6
203.679,0,0,0.122022,0.0291235,0,0,3,18,0.6
203.779,0,0,0.135799,0.0198766,0,0,3,18,0.6
203.879,0,0,0.149535,0.0206573,0,0,3,18,0.6
203.979,0,0,0.120311,0.0340691,0,0,3,18,0.6
204.079,0,0,0.096845,0.0517141,0,0,3,18,0.6
204.179,0,0,0.0969225,0.0600686,0,0,3,18,0.6
204.279,0,0,0.0969929,0.0516058,0,0,3,17,0.6
204.379,0,0,0.0907918,0.0373778,0,0,3,17,0.6
204.479,0,0,0.0846453,0.0425814,0,0,3,17,0.6
204.579,0,0,0.118617,0.0661,0,0,3,17,0.6
204.679,0,0,0.152512,0.0847549,0,0,3,17,0.6
204.779,0,0,0.116747,0.083995,0,0,3,17,0.6
204.879,0,0,0.0914153,0.066883,0,0,3,17,0.6
204.979,0,0,0.108648,0.0553849,0,0,3,17,0.6
205.079,0,0,0.123828,0.0628409,0,0,3,17,0.6
205.179,0,0,0.130612,0.0816791,0,0,3,17,0.6
205.279,0,0,0.133611,0.0919656,0,0,3,17,0.6
205.379,0,0,0.121145,0.0836245,0,0,3,17,0.6
205.479,0,0,0.108715,0.0652323,0,0,3,17,0.6
205.579,0,0,0.0964347,0.0540189,0,0,3,17,0.6
205.679,0,0,0.0841973,0.0590156,0,0,3,17,0.62
205.779,0,0,0.101601,0.0750125,0,0,3,17,0.62
205.879,0,0,0.118971,0.0885695,0,0,3,17,0.62
205.979,0,0,0.108522,0.0827245,0,0,3,17,0.62
206.079,0,0,0.106688,0.0653163,0,0,3,17,0.62
206.179,0,0,0.140106,0.0622867,0,0,3,17,0.62
206.279,0,0,0.156539,0.0695062,0,0,3,17,0.62
206.379,0,0,0.103746,0.0691598,0,0,3,17,0.62
206.479,0,0,0.0692055,0.0660716,0,0,3,17,0.62
206.579,0,0,0.109593,0.064488,0,0,3,17,0.62
206.679,0,0,0.137473,0.06177,0,0,3,17,0.62
206.779,0,0,0.114396,0.0546171,0,0,3,17,0.62
206.879,0,0,0.100405,0.0534276,0,0,3,16,0.62
206.979,0,0,0.123559,0.0575328,0,0,3,16,0.62
207.079,0,0,0.139213,0.060997,0,0,3,17,0.62
207.179,0,0,0.124125,0.0570477,0,0,3,17,0.62
207.279,0,0,0.111779,0.0527974,0,0,3,17,0.62
207.379,0,0,0.110634,0.0479782,0,0,3,17,0.62
207.479,0,0,0.116557,0.0423128,0,0,3,17,0.62
207.579,0,0,0.1514,0.0454372,0,0,3,17,0.62
207.679,0,0,0.186134,0.0490017,0,0,3,17,0.62
207.779,0,0,0.140757,0.0397676,0,0,3,17,0.62
207.879,0,0,0.106069,0.0335313,0,0,3,17,0.62
207.979,0,0,0.114968,0.0409965,0,0,3,17,0.62
208.079,0,0,0.124598,0.0476335,0,0,3,17,0.62
208.179,0,0,0.137218,0.0403249,0,0,3,17,0.62
208.279,0,0,0.138833,0.0299599,0,0,3,17,0.62
208.379,0,0,0.0955671,0.023594,0,0,3,17,0.62
208.479,0,0,0.0693109,0.0246848,0,0,3,17,0.62
208.579,0,0,0.112608,0.0405427,0,0,3,17,0.62
208.679,0,0,0.148413,0.048244,0,0,3,17,0.62
208.779,0,0,0.153644,0.0332567,0,0,3,17,0.62
208.879,0,0,0.153535,0.0117733,0,0,3,17,0.62
208.979,0,0,0.13172,0.00834107,0,0,3,17,0.62
209.079,0,0,0.118794,0.0262128,0,0,3,17,0.62
209.179,0,0,0.142118,0.0400493,0,0,3,17,0.62
209.279,0,0,0.156915,0.0258323,0,0,3,17,0.62
209.379,0,0,0.13689,0.00461857,0,0,3,17,0.62
209.479,0,0,0.122326,0.00270621,0,0,3,17,0.62
209.579,0,0,0.13008,0.0172716,0,0,3,17,0.62
209.679,0,0,0.13493,0.0300834,0,0,3,17,0.62
209.779,0,0,0.127924,0.0248805,0,0,3,17,0.62
209.879,0,0,0.126696,0.00557879,0,0,3,17,0.62
209.979,0,0,0.149005,-0.0170597,0,0,3,17,0.62
210.079,0,0,0.167568,-0.027505,0,0,3,17,0.62
210.179,0,0,0.170771,-0.0223252,0,0,3,17,0.62
210.279,0,0,0.173943,-0.0197198,0,0,3,17,0.62
210.379,0,0,0.157603,-0.0255875,0,0,3,17,0.62
210.479,0,0,0.138498,-0.0298183,0,0,3,17,0.62
210.579,0,0,0.108075,-0.0312404,0,0,3,17,0.62
210.679,0,0,0.0906985,-0.0313267,0,0,3,17,0.62
210.779,0,0,0.126467,-0.0311956,0,0,3,17,0.62
210.879,0,0,0.157633,-0.0272637,0,0,3,17,0.62
210.979,0,0,0.170023,-0.0307487,0,0,3,17,0.62
211.079,0,0,0.178707,-0.034869,0,0,3,17,0.62
211.179,0,0,0.17224,-0.020999,0,0,3,17,0.62
211.279,0,0,0.165,-0.0144374,0,0,3,17,0.62
211.379,0,0,0.154597,-0.0416656,0,0,3,17,0.62
211.479,0,0,0.150494,-0.0692473,0,0,3,17,0.62
211.579,0,0,0.172122,-0.0642775,0,0,3,17,0.62
211.679,0,0,0.189817,-0.0403633,0,0,3,17,0.62
211.779,0,0,0.191485,-0.0245573,0,0,3,17,0.62
211.879,0,0,0.192504,-0.0311854,0,0,3,17,0.62
211.979,0,0,0.19088,-0.0509705,0,0,3,17,0.62
212.079,0,0,0.189256,-0.0533731,0,0,3,17,0.62
212.179,0,0,0.176603,-0.0417113,0,0,3,17,0.62
212.279,0,0,0.164615,-0.0345191,0,0,3,17,0.62
212.379,0,0,0.155354,-0.0349932,0,0,3,17,0.62
212.479,0,0,0.146121,-0.0289047,0,0,3,17,0.62
212.579,0,0,0.163063,-0.023417,0,0,3,17,0.62
212.679,0,0,0.17995,-0.0380976,0,0,3,17,0.62
212.779,0,0,0.159317,-0.0423735,0,0,3,17,0.62
212.879,0,0,0.13872,-0.0185878,0,0,3,17,0.62
212.979,0,0,0.141411,-0.00398989,0,0,3,17,0.62
213.079,0,0,0.144107,-0.0125805,0,0,3,17,0.62
213.179,0,0,0.159538,-0.0226682,0,0,3,17,0.62
213.279,0,0,0.17494,-0.0202265,0,0,3,17,0.62
213.379,0,0,0.152358,-0.00795659,0,0,3,17,0.62
213.479,0,0,0.129827,0.0025047,0,0,3,17,0.62
213.579,0,0,0.142881,0.00512805,0,0,3,17,0.62
213.679,0,0,0.155928,0.000785883,0,0,3,17,0.62
213.779,0,0,0.158923,-0.00312832,0,0,3,17,0.62
213.879,0,0,0.161888,0.00419328,0,0,3,17,0.62
213.979,0,0,0.141102,0.0122541,0,0,3,17,0.62
214.079,0,0,0.120351,0.0104758,0,0,3,17,0.62
214.179,0,0,0.143045,-0.0020497,0,0,3,17,0.62
214.279,0,0,0.162154,-0.00934738,0,0,3,17,0.62
214.379,0,0,0.166621,0.00612738,0,0,3,17,0.62
214.479,0,0,0.171067,0.0200859,0,0,3,17,0.62
214.579,0,0,0.160413,0.0066765,0,0,3,17,0.62
214.679,0,0,0.151407,-0.011206,0,0,3,17,0.62
214.779,0,0,0.149129,-0.00554662,0,0,3,17,0.62
214.879,0,0,0.148012,0.0127599,0,0,3,17,0.62
214.979,0,0,0.151636,0.0153682,0,0,3,17,0.62
215.079,0,0,0.152893,-0.00363376,0,0,3,17,0.62
215.179,0,0,0.144474,-0.0215412,0,0,3,17,0.62
215.279,0,0,0.142216,-0.0173189,0,0,3,17,0.62
215.379,0,0,0.165062,-0.0054507,0,0,3,17,0.62
215.479,0,0,0.182815,0.00173747,0,0,3,17,0.62
215.579,0,0,0.179779,-0.000497375,0,0,3,17,0.62
215.679,0,0,0.176644,-0.00234494,0,0,3,17,0.62
215.779,0,0,0.173105,-0.00331123,0,0,3,17,0.62
215.879,0,0,0.16946,-0.00668478,0,0,3,17,0.62
215.979,0,0,0.165379,0.00219213,0,0,3,17,0.62
216.079,0,0,0.161318,0.0211908,0,0,3,17,0.62
216.179,0,0,0.184147,0.0242021,0,0,3,17,0.62
216.279,0,0,0.206895,-0.00106645,0,0,3,17,0.62
216.379,0,0,0.153719,-0.0126714,0,0,3,17,0.62
216.479,0,0,0.11523,0.0142989,0,0,3,17,0.62
216.579,0,0,0.136707,0.0310642,0,0,3,17,0.62
216.679,0,0,0.158178,0.00892561,0,0,3,17,0.62
216.779,0,0,0.175742,-0.00978725,0,0,3,17,0.62
216.879,0,0,0.186589,0.00574069,0,0,3,17,0.62
216.979,0,0,0.170098,0.0336077,0,0,3,17,0.62
217.079,0,0,0.156851,0.0489053,0,0,3,17,0.62
217.179,0,0,0.156873,0.044921,0,0,3,17,0.62
217.279,0,0,0.15687,0.0288757,0,0,3,17,0.62
217.379,0,0,0.138359,0.0147587,0,0,3,17,0.62
217.479,0,0,0.126854,0.0297589,0,0,3,17,0.62
217.579,0,0,0.143946,0.0662436,0,0,3,17,0.62
217.679,0,0,0.161054,0.0707217,0,0,3,17,0.62
217.779,0,0,0.189496,0.0392114,0,0,3,17,0.62
217.879,0,0,0.21789,0.0144033,0,0,3,17,0.62
217.979,0,0,0.172844,0.017761,0,0,3,17,0.62
218.079,0,0,0.127824,0.0437123,0,0,3,17,0.62
218.179,0,0,0.165838,0.0574612,0,0,3,17,0.62
218.279,0,0,0.203791,0.0406652,0,0,3,17,0.62
218.379,0,0,0.191552,0.0130605,0,0,3,17,0.62
218.479,0,0,0.179306,0.0074525,0,0,3,17,0.62
218.579,0,0,0.160319,0.0294273,0,0,3,17,0.62
218.679,0,0,0.141381,0.0507348,0,0,3,17,0.62
218.779,0,0,0.163769,0.0384057,0,0,3,17,0.62
218.879,0,0,0.186132,0.00771683,0,0,3,17,0.62
218.979,0,0,0.185977,-0.00811258,0,0,3,17,0.62
219.079,0,0,0.181019,-0.0074773,0,0,3,17,0.62
219.179,0,0,0.156357,0.00983441,0,0,3,17,0.62
219.279,0,0,0.131809,0.0293385,0,0,3,17,0.62
219.379,0,0,0.178118,0.0264996,0,0,3,17,0.62
219.479,0,0,0.224395,-0.00180256,0,0,3,17,0.62
219.579,0,0,0.207507,-0.0254627,0,0,3,17,0.62
219.679,0,0,0.190618,-0.0105963,0,0,3,17,0.62
219.779,0,0,0.207104,0.0209294,0,0,3,18,0.6
219.879,0,0,0.23183,0.0253509,0,0,3,18,0.6
219.979,0,0,0.184981,0.00238956,0,0,3,18,0.6
220.079,0,0,0.138246,-0.0103107,0,0,3,17,0.6
220.179,0,0,0.181914,-0.0045948,0,0,3,17,0.6
220.279,0,0,0.225496,-0.00356272,0,0,3,17,0.6
220.379,0,0,0.188705,-0.00107587,0,0,3,17,0.6
220.479,0,0,0.161194,0.012609,0,0,3,17,0.6
220.579,0,0,0.17156,0.0161495,0,0,3,17,0.6
220.679,0,0,0.181917,-0.0138143,0,0,3,17,0.62
220.779,0,0,0.184067,-0.038926,0,0,3,17,0.62
220.879,0,0,0.186211,-0.0154934,0,0,3,18,0.62
220.979,0,0,0.181874,0.0163597,0,0,3,18,0.62
221.079,0,0,0.177548,0.00990007,0,0,3,17,0.62
221.179,0,0,0.195409,-0.00498248,0,0,3,17,0.62
221.279,0,0,0.213226,-0.00348915,0,0,3,17,0.62
221.379,0,0,0.200979,0.000216754,0,0,3,17,0.62
221.479,0,0,0.188728,-0.00230493,0,0,3,18,0.62
221.579,0,0,0.172993,-0.00232332,0,0,3,18,0.62
221.679,0,0,0.157293,0.00410782,0,0,3,18,0.6
221.779,0,0,0.166146,0.0139705,0,0,3,18,0.6
221.879,0,0,0.175536,0.0179067,0,0,3,18,0.6
221.979,0,0,0.187108,0.0146878,0,0,3,18,0.6
222.079,0,0,0.198644,0.00913515,0,0,3,18,0.6
222.179,0,0,0.177579,0.0175848,0,0,3,18,0.6
222.279,0,0,0.156578,0.0387145,0,0,3,18,0.6
222.379,0,0,0.179968,0.0402574,0,0,3,18,0.6
222.479,0,0,0.203321,0.0181367,0,0,3,18,0.6
222.579,0,0,0.189332,0.0087034,0,0,3,18,0.6
222.679,0,0,0.175358,0.0241054,0,0,3,18,0.6
222.779,0,0,0.1807,0.0384211,0,0,3,18,0.6
222.879,0,0,0.186025,0.0322072,0,0,3,18,0.6
222.979,0,0,0.179075,0.0146391,0,0,3,18,0.6
223.079,0,0,0.172128,0.00229346,0,0,3,18,0.6
223.179,0,0,0.168551,0.00414427,0,0,3,18,0.6
223.279,0,0,0.164066,0.0152154,0,0,3,18,0.6
223.379,0,0,0.155868,0.0191173,0,0,3,18,0.6
223.479,0,0,0.147691,0.0041138,0,0,3,18,0.6
223.579,0,0,0.15955,-0.0169347,0,0,3,18,0.6
223.679,0,0,0.171397,-0.0272943,0,0,3,17,0.6
223.779,0,0,0.171333,-0.0202618,0,0,3,17,0.6
223.879,0,0,0.171258,-0.00931071,0,0,3,17,0.6
223.979,0,0,0.163896,-0.0140677,0,0,3,17,0.6
224.079,0,0,0.156562,-0.0319764,0,0,3,17,0.6
224.179,0,0,0.18334,-0.0477052,0,0,3,17,0.6
224.279,0,0,0.195955,-0.0457427,0,0,3,17,0.6
224.379,0,0,0.150782,-0.0294308,0,0,3,17,0.6
224.479,0,0,0.127126,-0.0198398,0,0,3,17,0.6
224.579,0,0,0.191399,-0.0264113,0,0,3,17,0.6
224.679,0,0,0.231673,-0.0414536,0,0,3,17,0.62
224.779,0,0,0.174207,-0.0525854,0,0,3,17,0.62
224.879,0,0,0.116857,-0.05153,0,0,3,17,0.62
224.979,0,0,0.153602,-0.0379842,0,0,3,17,0.62
225.079,0,0,0.190311,-0.0339474,0,0,3,17,0.62
225.179,0,0,0.180905,-0.0522521,0,0,3,17,0.62
225.279,0,0,0.168197,-0.0591259,0,0,3,17,0.62
225.379,0,0,0.142007,-0.0434164,0,0,3,17,0.62
225.479,0,0,0.115914,-0.0305361,0,0,3,17,0.62
225.579,0,0,0.167754,-0.0387708,0,0,3,17,0.62
225.679,0,0,0.219555,-0.059663,0,0,3,17,0.62
225.779,0,0,0.179961,-0.0655704,0,0,3,17,0.62
225.879,0,0,0.146235,-0.0496587,0,0,3,17,0.62
225.979,0,0,0.136525,-0.0325017,0,0,3,17,0.62
226.079,0,0,0.126869,-0.022302,0,0,3,17,0.62
226.179,0,0,0.163819,-0.0392002,0,0,3,17,0.62
226.279,0,0,0.20073,-0.080801,0,0,3,17,0.62
226.379,0,0,0.182101,-0.0904979,0,0,3,17,0.62
226.479,0,0,0.163485,-0.0454441,0,0,3,17,0.62
226.579,0,0,0.158139,-0.00161798,0,0,3,17,0.62
226.679,0,0,0.152834,-0.00830939,0,0,3,17,0.62
226.779,0,0,0.178025,-0.0623152,0,0,3,17,0.62
226.879,0,0,0.203114,-0.0967655,0,0,3,17,0.62
226.979,0,0,0.145621,-0.0782006,0,0,3,17,0.62
227.079,0,0,0.0882366,-0.0203854,0,0,3,17,0.62
227.179,0,0,0.127144,0.00869689,0,0,3,17,0.62
227.279,0,0,0.157064,-0.0230115,0,0,3,17,0.62
227.379,0,0,0.150374,-0.0733198,0,0,3,17,0.62
227.479,0,0,0.143731,-0.0795011,0,0,3,17,0.62
227.579,0,0,0.169651,-0.0471905,0,0,3,17,0.62
227.679,0,0,0.195526,-0.0191434,0,0,3,18,0.6
227.779,0,0,0.179924,-0.0147624,0,0,3,18,0.6
227.879,0,0,0.16437,-0.0461002,0,0,3,18,0.6
227.979,0,0,0.182538,-0.08323,0,0,3,18,0.6
228.079,0,0,0.200669,-0.0780568,0,0,3,18,0.6
228.179,0,0,0.179557,-0.0472941,0,0,3,18,0.6
228.279,0,0,0.158437,-0.0309913,0,0,3,18,0.6
228.379,0,0,0.130744,-0.0365498,0,0,3,18,0.6
228.479,0,0,0.103109,-0.0552821,0,0,3,18,0.6
228.579,0,0,0.134749,-0.0701064,0,0,3,18,0.6
228.679,0,0,0.159196,-0.0712364,0,0,3,18,0.6
228.779,0,0,0.154283,-0.0597906,0,0,3,18,0.6
