time_s,throttle_norm,rudder_norm,speed_mps,yaw_rate_rps,segment,mode_num,gps_status,nsats,hdop
0.180029,0,0.015,0.109894,-0.0781771,0,1,3,18,0.6
0.280029,0,0.0149977,0.110812,-0.0638825,0,1,3,18,0.6
0.380029,0,0.0100004,0.105103,-0.0522193,0,1,3,18,0.6
0.480029,0,0.01,0.0894168,-0.0560682,0,1,3,18,0.6
0.580029,0,0.0100024,0.075153,-0.0732998,0,1,3,18,0.6
0.680029,0,0.0149995,0.0618307,-0.0797943,0,1,3,18,0.6
0.780029,0,0.0149994,0.070043,-0.0703165,0,1,3,18,0.6
0.880029,0,0.0100018,0.0925502,-0.0620506,0,1,3,18,0.6
0.980029,0,0.0100007,0.0803582,-0.0666592,0,1,3,18,0.6
1.08003,0,0.0124998,0.0451183,-0.070753,0,1,3,18,0.6
1.18003,0,0.0149988,0.0631315,-0.0744265,0,1,3,18,0.6
1.28003,0,0.015,0.116537,-0.0770119,0,1,3,18,0.6
1.38003,0,0.0124993,0.121352,-0.0656509,0,1,3,18,0.6
1.48003,0,0.01,0.0938389,-0.0527713,0,1,3,18,0.6
1.58003,0,0.0100001,0.0737326,-0.04814,0,1,3,18,0.6
1.68003,0,0.0124988,0.0585345,-0.052605,0,1,3,18,0.6
1.78003,0,0.01,0.0648417,-0.0665954,0,1,3,18,0.6
1.88003,0,0.0100008,0.0854315,-0.0841509,0,1,3,18,0.6
1.98003,0,0.0125019,0.0893389,-0.0792023,0,1,3,18,0.6
2.08003,0,0.0149988,0.0821677,-0.0640361,0,1,3,18,0.6
2.18003,0,0.0124998,0.0861576,-0.0578936,0,1,3,18,0.6
2.28003,0,0.0100001,0.0975439,-0.0624116,0,1,3,18,0.6
2.38003,0,0.0124998,0.0975137,-0.0764861,0,1,3,18,0.6
2.48003,0,0.0125,0.0802769,-0.0785716,0,1,3,18,0.6
2.58003,0,0.0125,0.075408,-0.0687377,0,1,3,18,0.6
2.68003,0,0.0125,0.0787294,-0.0628775,0,1,3,18,0.6
2.78003,0,0.0149995,0.0906136,-0.0610107,0,1,3,18,0.6
2.88003,0,0.0124987,0.108194,-0.05932,0,1,3,18,0.6
2.98003,0,0.0100019,0.118226,-0.0754972,0,1,3,17,0.6
3.08003,0,0.0125007,0.123248,-0.101393,0,1,3,17,0.6
3.18003,0,0.0199985,0.108352,-0.100202,0,1,3,17,0.6
3.28003,0,0.0199986,0.0802323,-0.0767218,0,1,3,17,0.6
3.38003,0,0.0149989,0.0874811,-0.0641491,0,1,3,17,0.62
3.48003,0,0.0125,0.118153,-0.077786,0,1,3,17,0.62
3.58003,0,0.0125,0.112193,-0.0925523,0,1,3,17,0.62
3.68003,0,0.0175,0.081938,-0.0929349,0,1,3,17,0.62
3.78003,0,0.0175,0.0800505,-0.0926896,0,1,3,17,0.62
3.88003,0,0.0175,0.0969829,-0.0955079,0,1,3,17,0.62
3.98003,0,0.0175,0.108382,-0.103825,0,1,3,17,0.62
4.08003,0,0.0199997,0.116116,-0.102169,0,1,3,17,0.62
4.18003,0,0.02,0.123628,-0.103163,0,1,3,17,0.62
4.28003,0,0.02,0.130993,-0.120285,0,1,3,17,0.62
4.38003,0,0.0249984,0.136616,-0.124285,0,1,3,17,0.62
4.48003,0,0.0224977,0.141084,-0.100651,0,1,3,17,0.62
4.58003,0,0.0174995,0.124149,-0.0831314,0,1,3,17,0.62
4.68003,0,0.0150002,0.0930381,-0.0925343,0,1,3,17,0.62
4.78003,0,0.0175026,0.0894031,-0.111684,0,1,3,17,0.62
4.88003,0,0.0224991,0.104015,-0.114876,0,1,3,17,0.62
4.98003,0,0.02,0.106179,-0.105331,0,1,3,17,0.62
5.08003,0,0.02,0.100101,-0.103476,0,1,3,17,0.62
5.18003,0,0.02,0.109479,-0.105174,0,1,3,17,0.62
5.28003,0,0.02,0.129135,-0.102441,0,1,3,17,0.62
5.38003,0,0.02,0.134835,-0.0986229,0,1,3,17,0.62
5.48003,0,0.02,0.131284,-0.0945257,0,1,3,17,0.62
5.58003,0,0.0175022,0.129906,-0.0926078,0,1,3,17,0.62
5.68003,0,0.0175,0.129973,-0.0930827,0,1,3,17,0.62
5.78003,0,0.0175,0.118072,-0.0878706,0,1,3,17,0.62
5.88003,0,0.0150016,0.098194,-0.0816982,0,1,3,17,0.62
5.98003,0,0.015,0.100989,-0.0889164,0,1,3,17,0.62
6.08003,0,0.0174978,0.118879,-0.102593,0,1,3,17,0.62
6.18003,0,0.0199965,0.131026,-0.10045,0,1,3,17,0.62
6.28003,0,0.017501,0.139344,-0.0941509,0,1,3,17,0.62
6.38003,0,0.0175,0.133976,-0.0950709,0,1,3,17,0.62
6.48003,0,0.0175,0.119517,-0.0899184,0,1,3,17,0.62
6.58003,0,0.0175,0.110076,-0.0826975,0,1,3,17,0.62
6.68003,0,0.0150011,0.103973,-0.0842541,0,1,3,17,0.62
6.78003,0,0.015,0.102894,-0.0845506,0,1,3,17,0.62
6.88003,0,0.015,0.105161,-0.0772803,0,1,3,17,0.62
6.98003,0,0.015,0.115198,-0.0728615,0,1,3,17,0.62
7.08003,0,0.015,0.130398,-0.0745995,0,1,3,17,0.62
7.18003,0,0.015,0.119657,-0.0821485,0,1,3,17,0.62
7.28003,0,0.017499,0.0916424,-0.0871726,0,1,3,17,0.62
7.38003,0,0.015001,0.0989483,-0.0797523,0,1,3,17,0.62
7.48003,0,0.0125025,0.129737,-0.0600721,0,1,3,17,0.62
7.58003,0,0.0100018,0.129321,-0.0394557,0,1,3,17,0.62
7.68003,0,0.00750277,0.10813,-0.0398638,0,1,3,17,0.62
7.78003,0,0.0099999,0.113794,-0.0657309,0,1,3,17,0.62
7.88003,0,0.0149978,0.137394,-0.0807103,0,1,3,17,0.62
7.98003,0,0.0124992,0.14216,-0.0644684,0,1,3,17,0.62
8.08003,0,0.0075025,0.134417,-0.0431898,0,1,3,17,0.62
8.18003,0,0.0075,0.118381,-0.030507,0,1,3,17,0.62
8.28003,0,0.0075,0.0968155,-0.0395784,0,1,3,17,0.62
8.38003,0,0.00999965,0.0995265,-0.0592336,0,1,3,17,0.62
8.48003,0,0.01,0.118375,-0.0518347,0,1,3,17,0.62
8.58003,0,0.00750077,0.129113,-0.019728,0,1,3,17,0.62
8.68003,0,1.00397e-05,0.134466,-0.00604643,0,1,3,17,0.62
8.78003,0,0.0024983,0.138829,-0.0302081,0,1,3,18,0.62
8.88003,0,0.00999415,0.142533,-0.0538384,0,1,3,18,0.62
8.98003,0,0.01,0.138913,-0.0406452,0,1,3,18,0.62
9.08003,0,0.00250809,0.130415,-0.00642057,0,1,3,18,0.62
9.18003,0,2.57513e-06,0.122854,0.00770712,0,1,3,18,0.62
9.28003,0,1.74939e-07,0.115919,-0.00311436,0,1,3,18,0.62
9.38003,0,0.0024993,0.13213,-0.0181504,0,1,3,18,0.6
9.48003,0,0.00499835,0.163763,-0.0251821,0,1,3,18,0.6
9.58003,0,0.0024999,0.161401,-0.0157679,0,1,3,18,0.6
9.68003,0,8.49677e-07,0.136457,-0.0039326,0,1,3,18,0.6
9.78003,0,0,0.120126,-0.00739977,0,1,3,18,0.6
9.88003,0,0.00249898,0.109537,-0.0191331,0,1,3,18,0.6
9.98003,0,0.00499958,0.116909,-0.0236728,0,1,3,17,0.6
10.08,0,0.00250217,0.136221,-0.00598444,0,1,3,17,0.6
10.18,0,1.80027e-06,0.12973,0.0149829,0,1,3,17,0.6
10.28,0,-0.00249818,0.106082,0.00926002,0,1,3,17,0.6
10.38,0,-3.14833e-06,0.112751,-0.0148095,0,1,3,17,0.62
10.48,0,0.00499725,0.139538,-0.0301391,0,1,3,17,0.62
10.58,0,0.005,0.134416,-0.0155151,0,1,3,17,0.62
10.68,0,4.59857e-06,0.108052,0.00807889,0,1,3,17,0.62
10.78,0,0,0.0948094,0.0110936,0,1,3,17,0.62
10.88,0,0,0.0903107,-0.000879173,0,1,3,17,0.62
10.98,0,0,0.108491,-0.0117854,0,1,3,18,0.62
11.08,0,0.0024985,0.141809,-0.0163987,0,1,3,18,0.62
11.18,0,2.17441e-06,0.128847,-0.0118726,0,1,3,18,0.62
11.28,0,0,0.104213,0.00171275,0,1,3,18,0.62
11.38,0,0,0.108596,0.0024466,0,1,3,18,0.6
11.48,0,0,0.132301,-0.015876,0,1,3,18,0.6
11.58,0,0.005,0.132733,-0.02599,0,1,3,18,0.6
11.68,0,0.005,0.117691,-0.0110274,0,1,3,18,0.6
11.78,0,1.30039e-06,0.106349,0.00319747,0,1,3,18,0.6
11.88,0,0,0.0974674,-0.0055512,0,1,3,18,0.6
11.98,0,0,0.103314,-0.0198279,0,1,3,17,0.6
12.08,0,0.0049964,0.118955,-0.024178,0,1,3,17,0.6
12.18,0,0.00250257,0.123188,-0.0162102,0,1,3,17,0.6
12.28,0,2.40017e-06,0.119822,-0.00726217,0,1,3,17,0.6
12.38,0,0,0.121987,-0.00935985,0,1,3,16,0.6
12.48,0,0.00249938,0.132516,-0.0161401,0,1,3,16,0.6
12.58,0,0.0025,0.126213,-0.0200223,0,1,3,15,0.6
12.68,0,0.0025,0.115713,-0.0180976,0,1,3,15,0.6
12.78,0,0.00249985,0.112031,-0.0122535,0,1,3,16,0.6
12.88,0,1.09945e-06,0.112887,-0.0121535,0,1,3,16,0.6
12.98,0,0.0024986,0.115542,-0.0167403,0,1,3,16,0.6
13.08,0,0.0025,0.119396,-0.0175423,0,1,3,16,0.6
13.18,0,0.0025,0.107686,-0.0144386,0,1,3,16,0.6
13.28,0,0.0025,0.085642,-0.0107564,0,1,3,16,0.6
13.38,0,1.80095e-06,0.0887865,-0.00702761,0,1,3,16,0.64
13.48,0,0,0.108661,-0.00380976,0,1,3,16,0.64
13.58,0,0,0.124703,-0.00534795,0,1,3,16,0.64
13.68,0,0.00249698,0.138192,-0.0130987,0,1,3,16,0.64
13.78,0,0.0025,0.131855,-0.0146642,0,1,3,16,0.64
13.88,0,2.54941e-06,0.112307,-0.00184931,0,1,3,16,0.64
13.98,0,0,0.102743,0.00470885,0,1,3,16,0.64
14.08,0,0,0.0998401,-0.00684892,0,1,3,16,0.64
14.18,0,0.00249875,0.102627,-0.0124574,0,1,3,16,0.64
14.28,0,1.32496e-06,0.109195,0.000348012,0,1,3,16,0.64
14.38,0,0,0.106773,0.00913611,0,1,3,16,0.64
14.48,0,0,0.0907741,0.00538909,0,1,3,16,0.64
14.58,0,0,0.0899155,0.00304912,0,1,3,16,0.64
14.68,0,0,0.0991203,0.000392167,0,1,3,16,0.64
14.78,0,0,0.101251,-0.00662807,0,1,3,16,0.64
14.88,0,0,0.0986684,-0.00621965,0,1,3,16,0.64
14.98,0,0,0.0957166,0.0140419,0,1,3,16,0.64
15.08,0,-0.00249773,0.0925194,0.0290258,0,1,3,16,0.64
15.18,0,-0.0025,0.103095,0.0159138,0,1,3,17,0.64
15.28,0,-3.32304e-06,0.122841,-0.00664978,0,1,3,17,0.64
15.38,0,0,0.121826,-0.0109628,0,1,3,17,0.62
15.48,0,0,0.106978,0.00863131,0,1,3,17,0.62
15.58,0,-0.0024991,0.0905873,0.0223397,0,1,3,17,0.62
15.68,0,-0.0025,0.0731685,0.0104935,0,1,3,17,0.62
15.78,0,0,0.083497,-0.000763716,0,1,3,17,0.62
15.88,0,0,0.112276,0.00702476,0,1,3,17,0.62
15.98,0,-0.0025,0.109816,0.0161346,0,1,3,17,0.62
16.08,0,-0.0025,0.086607,0.0155757,0,1,3,17,0.62
16.18,0,-2.22398e-06,0.0785332,0.014861,0,1,3,17,0.62
16.28,0,0,0.080525,0.0182124,0,1,3,17,0.62
16.38,0,-0.002499,0.0935962,0.0193196,0,1,3,17,0.62
16.48,0,-0.0025,0.114033,0.0172221,0,1,3,17,0.62
16.58,0,-0.0025,0.104984,0.0205689,0,1,3,17,0.62
16.68,0,-0.0025,0.0763204,0.0318151,0,1,3,17,0.62
16.78,0,-0.00499925,0.0766819,0.0325982,0,1,3,17,0.62
16.88,0,-0.00250222,0.0964189,0.0172481,0,1,3,17,0.62
16.98,0,-6.99196e-07,0.109439,0.0109934,0,1,3,17,0.62
17.08,0,-0.00249783,0.117988,0.0259648,0,1,3,17,0.62
17.18,0,-0.0049962,0.114768,0.0391529,0,1,3,17,0.62
17.28,0,-0.005,0.103729,0.0387316,0,1,3,17,0.62
17.38,0,-0.005,0.121421,0.0378049,0,1,3,17,0.62
17.48,0,-0.005,0.158201,0.0397606,0,1,3,17,0.62
17.58,0,-0.005,0.151621,0.0282491,0,1,3,17,0.62
17.68,0,-0.00250105,0.11623,0.0174182,0,1,3,17,0.62
17.78,0,-0.0025,0.093587,0.0268173,0,1,3,17,0.62
17.88,0,-0.0049982,0.079433,0.040757,0,1,3,17,0.62
17.98,0,-0.00749917,0.0860423,0.0396765,0,1,3,17,0.62
18.08,0,-0.0050021,0.106445,0.0322444,0,1,3,17,0.62
18.18,0,-0.005,0.112456,0.0347845,0,1,3,16,0.62
18.28,0,-0.005,0.108912,0.0424277,0,1,3,16,0.62
18.38,0,-0.005,0.103573,0.0394907,0,1,3,16,0.64
18.48,0,-0.005,0.0955245,0.0268496,0,1,3,16,0.64
18.58,0,-0.005,0.086638,0.0241549,0,1,3,16,0.64
18.68,0,-0.005,0.0771941,0.0327007,0,1,3,16,0.64
18.78,0,-0.005,0.0905977,0.0404562,0,1,3,16,0.64
18.88,0,-0.005,0.119279,0.0427311,0,1,3,16,0.64
18.98,0,-0.0075,0.110695,0.0396439,0,1,3,17,0.64
19.08,0,-0.0075,0.0773487,0.0320679,0,1,3,17,0.64
19.18,0,-0.00500163,0.0809711,0.03263,0,1,3,17,0.64
19.28,0,-0.005,0.109174,0.0465771,0,1,3,17,0.64
19.38,0,-0.01,0.116353,0.0558959,0,1,3,17,0.62
19.48,0,-0.01,0.109545,0.0474783,0,1,3,17,0.62
19.58,0,-0.00750162,0.104988,0.0334288,0,1,3,17,0.62
19.68,0,-0.0050023,0.101927,0.0334928,0,1,3,17,0.62
19.78,0,-0.005,0.105935,0.0476969,0,1,3,17,0.62
19.88,0,-0.00999715,0.114655,0.0610208,0,1,3,17,0.62
19.98,0,-0.01,0.0999026,0.0627764,0,1,3,17,0.62
20.08,0,-0.0075025,0.0695296,0.051745,0,1,3,17,0.62
20.18,0,-0.0075,0.0843137,0.0445683,0,1,3,17,0.62
20.28,0,-0.0075,0.129185,0.0468853,0,1,3,17,0.62
20.38,0,-0.00999888,0.144261,0.0588701,0,1,3,17,0.62
20.48,0,-0.0124987,0.114386,0.0672778,0,1,3,17,0.62
20.58,0,-0.0124998,0.100945,0.0616774,0,1,3,17,0.62
20.68,0,-0.00750544,0.0984251,0.0518068,0,1,3,17,0.62
20.78,0,-0.0075,0.102337,0.0488391,0,1,3,18,0.62
20.88,0,-0.0099989,0.110539,0.055047,0,1,3,18,0.62
20.98,0,-0.01,0.0852614,0.0614741,0,1,3,18,0.62
21.08,0,-0.01,0.0377623,0.0650643,0,1,3,18,0.62
21.18,0,-0.01,0.0482612,0.064971,0,1,3,18,0.62
21.28,0,-0.01,0.0973385,0.0613004,0,1,3,18,0.62
21.38,0,-0.01,0.100496,0.0570737,0,1,3,17,0.62
21.48,0,-0.01,0.0731383,0.0557018,0,1,3,17,0.62
21.58,0,-0.01,0.0793052,0.0555191,0,1,3,18,0.62
21.68,0,-0.0075032,0.107801,0.059099,0,1,3,18,0.62
21.78,0,-0.0075001,0.115384,0.0630765,0,1,3,18,0.62
21.88,0,-0.00999895,0.10902,0.0581913,0,1,3,18,0.62
21.98,0,-0.01,0.0989304,0.0544944,0,1,3,18,0.62
22.08,0,-0.01,0.0863651,0.0628381,0,1,3,18,0.62
22.18,0,-0.01,0.0865243,0.0656849,0,1,3,18,0.62
22.28,0,-0.01,0.0951497,0.0585517,0,1,3,18,0.62
22.38,0,-0.01,0.0986317,0.0580528,0,1,3,18,0.6
22.48,0,-0.01,0.0986925,0.0616926,0,1,3,18,0.6
22.58,0,-0.01,0.0977394,0.0559964,0,1,3,18,0.6
22.68,0,-0.00750215,0.0961123,0.0467354,0,1,3,18,0.6
22.78,0,-0.0075,0.108199,0.054704,0,1,3,18,0.6
22.88,0,-0.00999755,0.129414,0.0746299,0,1,3,18,0.6
22.98,0,-0.0149967,0.124345,0.0790784,0,1,3,18,0.6
23.08,0,-0.0125022,0.101809,0.0590249,0,1,3,18,0.6
23.18,0,-0.0100024,0.0969159,0.0455272,0,1,3,18,0.6
23.28,0,-0.00750082,0.103771,0.0626909,0,1,3,18,0.6
23.38,0,-0.0149989,0.110028,0.0891043,0,1,3,18,0.6
23.48,0,-0.0174992,0.115889,0.0827108,0,1,3,18,0.6
23.58,0,-0.0125012,0.119885,0.0532648,0,1,3,18,0.6
23.68,0,-0.00750475,0.122643,0.051041,0,1,3,18,0.6
23.78,0,-0.00999992,0.119087,0.0815662,0,1,3,18,0.6
23.88,0,-0.0149978,0.111325,0.100009,0,1,3,18,0.6
23.98,-0.104936,-0.0174985,0.125866,0.0742964,0,1,3,18,0.6
24.08,0.117471,-0.010001,0.155226,0.0460197,0,1,3,18,0.6
24.18,0.137479,-0.00750267,0.141044,0.0497083,0,1,3,18,0.6
24.28,0.177471,-0.00999817,0.097858,0.073763,0,1,3,18,0.6
24.38,0.219971,-0.0124983,0.0821988,0.0811778,0,1,3,18,0.6
24.48,0.239984,-0.014998,0.108228,0.0886607,0,1,3,18,0.6
24.58,0.272475,-0.015,0.168378,0.0682249,0,1,3,18,0.6
24.68,0.267505,-0.0125024,0.280085,0.0666578,0,1,3,18,0.6
24.78,0.265002,-0.0125,0.407865,0.0789304,0,1,3,18,0.6
24.88,0.262503,-0.0125,0.546351,0.0818209,0,1,3,18,0.6
24.98,0.2625,-0.0149987,0.677232,0.0879286,0,1,3,18,0.6
25.08,0.267498,-0.0174989,0.803058,0.0871504,0,1,3,18,0.6
25.18,0.272497,-0.0175,0.9038,0.0925742,0,1,3,18,0.6
25.28,0.279999,-0.0150003,0.987859,0.0777773,0,1,3,18,0.6
25.38,0.297493,-0.012501,1.06733,0.0760308,0,1,3,18,0.6
25.48,0.304997,-0.0149991,1.14373,0.0766894,0,1,3,18,0.6
25.58,0.33,-0.0125,1.23027,0.055262,0,1,3,18,0.6
25.68,0.349993,-0.0100009,1.32356,0.0410431,0,1,3,18,0.6
25.78,0.359996,-0.01,1.41753,0.0349266,0,1,3,17,0.6
25.88,0.36999,-0.0075025,1.51195,0.0125545,0,1,3,17,0.6
25.98,0.379997,-0.00500078,1.61466,0.00381153,0,1,3,17,0.6
26.08,0.350016,-0.00250135,1.72287,-0.00495659,0,1,3,17,0.6
26.18,0.34001,-2.52381e-06,1.76454,-0.0165018,0,1,3,17,0.6
26.28,0.327509,-0.00249827,1.78955,-0.0165956,0,1,3,17,0.6
26.38,0.317507,-0.0025,1.82446,-0.0194333,0,1,3,17,0.62
26.48,0.315,-2.00122e-07,1.86597,-0.00957742,0,1,3,17,0.62
26.58,0.312501,0,1.86814,0.00796283,0,1,3,17,0.62
26.68,0.314998,-0.00249825,1.8441,0.00819028,0,1,3,17,0.62
26.78,0.315,-0.0025,1.85623,0.00142638,0,1,3,17,0.62
26.88,0.317497,-0.0025,1.89243,-0.00633955,0,1,3,17,0.62
26.98,0.329996,-0.0025,1.8752,-0.00704631,0,1,3,17,0.62
27.08,0.339995,-1.37466e-06,1.82245,-0.0123288,0,1,3,17,0.62
27.18,0.342498,0,1.84341,-0.0171638,0,1,3,17,0.62
27.28,0.3425,0,1.91341,-0.00261776,0,1,3,17,0.62
27.38,0.3425,-0.00249875,1.903,0.0183666,0,1,3,17,0.62
27.48,0.337505,-0.00499738,1.83912,0.0151781,0,1,3,17,0.62
27.58,0.3375,-0.005,1.84537,0.0138111,0,1,3,17,0.62
27.68,0.335002,-0.00250187,1.89818,0.00143724,0,1,3,17,0.62
27.78,0.335,-0.0025,1.88731,0.0069619,0,1,3,17,0.62
27.88,0.335,-0.0025,1.83393,0.00409927,0,1,3,17,0.62
27.98,0.337499,-0.0025,1.82913,0.00147667,0,1,3,17,0.62
28.08,0.3375,-2.97256e-06,1.85666,0.0181849,0,1,3,17,0.62
28.18,0.342497,-0.00499725,1.87194,0.0351425,0,1,3,17,0.62
28.28,0.3425,-0.005,1.87903,0.0195359,0,1,3,17,0.62
28.38,0.3425,-0.00499988,1.88473,-0.00189092,0,1,3,17,0.62
28.48,0.3425,-0.00250085,1.88951,0.00594981,0,1,3,17,0.62
28.58,0.3425,-0.00499917,1.89891,0.0137884,0,1,3,17,0.62
28.68,0.337503,-0.00250142,1.91138,0.0188875,0,1,3,17,0.62
28.78,0.3375,-0.0025,1.91823,0.0386411,0,1,3,17,0.62
28.88,0.342497,-0.00749725,1.92133,0.0342838,0,1,3,17,0.62
28.98,0.340001,-0.0349841,1.91975,0.0341835,0,1,3,17,0.62
29.08,0.335004,-0.10244,1.91506,0.0135617,0,1,3,17,0.62
29.18,0.31751,-0.232425,1.92552,-0.0376615,0,1,3,17,0.62
29.28,0.3175,-0.289971,1.94607,-0.160085,0,1,3,17,0.62
29.38,0.322495,-0.304986,1.96646,-0.289308,0,1,3,17,0.62
29.48,0.33249,-0.302502,1.9866,-0.363482,0,1,3,17,0.62
29.58,0.35,-0.3175,1.97668,-0.392208,0,1,3,17,0.62
29.68,0.357497,-0.322498,1.94675,-0.389944,0,1,3,17,0.62
29.78,0.377489,-0.342489,1.93058,-0.395613,0,1,3,17,0.62
29.88,0.384999,-0.3475,1.92356,-0.377921,0,1,3,17,0.62
29.98,0.3875,-0.3475,1.90601,-0.361893,0,1,3,17,0.62
30.08,0.3875,-0.3475,1.88146,-0.351586,0,1,3,17,0.62
30.18,0.385001,-0.342503,1.88697,-0.353493,0,1,3,17,0.62
30.28,0.387502,-0.34,1.91247,-0.36534,0,1,3,17,0.62
30.38,0.404984,-0.342498,1.94119,-0.373517,0,1,3,18,0.6
30.48,0.407497,-0.340003,1.97479,-0.366474,0,1,3,18,0.6
30.58,0.405001,-0.330006,1.98672,-0.386779,0,1,3,18,0.6
30.68,0.405,-0.327503,1.98426,-0.396819,0,1,3,18,0.6
30.78,0.405,-0.322503,1.98599,-0.40179,0,1,3,18,0.6
30.88,0.405,-0.320002,1.99052,-0.397105,0,1,3,18,0.6
30.98,0.407499,-0.319996,2.02716,-0.401638,0,1,3,18,0.6
31.08,0.405002,-0.307511,2.08517,-0.39729,0,1,3,18,0.6
31.18,0.409998,-0.3075,2.09133,-0.379326,0,1,3,18,0.6
31.28,0.407501,-0.302502,2.06298,-0.381804,0,1,3,18,0.6
31.38,0.409999,-0.3025,2.04853,-0.372422,0,1,3,18,0.6
31.48,0.409999,-0.3,2.04335,-0.354759,0,1,3,18,0.6
31.58,0.402503,-0.297501,2.07708,-0.349478,0,1,3,18,0.6
31.68,0.4025,-0.295002,2.13672,-0.354684,0,1,3,18,0.6
31.78,0.400001,-0.290002,2.1635,-0.36577,0,1,3,18,0.6
31.88,0.4025,-0.29,2.16843,-0.358104,0,1,3,18,0.6
31.98,0.4025,-0.29,2.15987,-0.369481,0,1,3,18,0.6
32.08,0.400002,-0.285005,2.14233,-0.364507,0,1,3,18,0.6
32.18,0.402498,-0.285,2.13509,-0.364856,0,1,3,18,0.6
32.28,0.397502,-0.280002,2.13471,-0.361938,0,1,3,18,0.6
32.38,0.3975,-0.277501,2.1151,-0.357452,0,1,3,18,0.6
32.48,0.399998,-0.275002,2.06644,-0.343699,0,1,3,18,0.6
32.58,0.397502,-0.275,2.08401,-0.344906,0,1,3,18,0.6
32.68,0.3975,-0.272504,2.14562,-0.353953,0,1,3,18,0.6
32.78,0.395,-0.267501,2.17935,-0.351667,0,1,3,18,0.6
32.88,0.397499,-0.2675,2.1945,-0.344833,0,1,3,18,0.6
32.98,0.394999,-0.267498,2.17919,-0.341603,0,1,3,18,0.6
33.08,0.392501,-0.260004,2.14361,-0.348412,0,1,3,18,0.6
33.18,0.390001,-0.257501,2.15228,-0.349272,0,1,3,18,0.6
33.28,0.39,-0.2575,2.19038,-0.337835,0,1,3,18,0.6
33.38,0.387501,-0.2575,2.22,-0.318832,0,1,3,18,0.6
33.48,0.3875,-0.2575,2.24397,-0.321775,0,1,3,18,0.6
33.58,0.385002,-0.252504,2.22964,-0.337873,0,1,3,18,0.6
33.68,0.385,-0.2525,2.18986,-0.338052,0,1,3,18,0.6
33.78,0.385,-0.2525,2.1849,-0.323373,0,1,3,18,0.6
33.88,0.377504,-0.250001,2.20314,-0.309723,0,1,3,18,0.6
33.98,0.3775,-0.25,2.20624,-0.319118,0,1,3,18,0.6
34.08,0.3775,-0.25,2.19927,-0.326803,0,1,3,18,0.6
34.18,0.372505,-0.245005,2.20051,-0.323333,0,1,3,18,0.6
34.28,0.389982,-0.245,2.20721,-0.315792,0,1,3,18,0.6
34.38,0.382502,-0.242501,2.22583,-0.287539,0,1,3,18,0.6
34.48,0.372503,-0.2425,2.26239,-0.275138,0,1,3,18,0.6
34.58,0.367501,-0.2425,2.2702,-0.252834,0,1,3,18,0.6
34.68,0.3675,-0.244999,2.25891,-0.254908,0,1,3,18,0.6
34.78,0.355001,-0.24,2.28357,-0.2706,0,1,3,18,0.6
34.88,0.345004,-0.235002,2.33217,-0.281876,0,1,3,18,0.6
34.98,0.3425,-0.235,2.33405,-0.277998,0,1,3,18,0.6
35.08,0.337502,-0.232501,2.30487,-0.275414,0,1,3,18,0.6
35.18,0.335002,-0.230002,2.30677,-0.286528,0,1,3,17,0.6
35.28,0.337498,-0.23,2.32933,-0.289753,0,1,3,17,0.6
35.38,0.3375,-0.23,2.34082,-0.299496,0,1,3,17,0.62
35.48,0.339999,-0.23,2.34497,-0.289974,0,1,3,17,0.62
35.58,0.342498,-0.232498,2.33595,-0.29086,0,1,3,17,0.62
35.68,0.3425,-0.2325,2.31818,-0.289709,0,1,3,17,0.62
35.78,0.344999,-0.2325,2.32129,-0.287121,0,1,3,17,0.62
35.88,0.342501,-0.2325,2.33832,-0.26645,0,1,3,17,0.62
35.98,0.3425,-0.2325,2.32347,-0.254344,0,1,3,17,0.62
36.08,0.340001,-0.234999,2.28744,-0.265213,0,1,3,17,0.62
36.18,0.335004,-0.232502,2.27325,-0.268651,0,1,3,17,0.62
36.28,0.335,-0.227502,2.2736,-0.276199,0,1,3,17,0.62
36.38,0.335,-0.2275,2.28572,-0.265929,0,1,3,17,0.62
36.48,0.342497,-0.229999,2.31563,-0.26817,0,1,3,17,0.62
36.58,0.349998,-0.232499,2.32792,-0.292435,0,1,3,17,0.62
36.68,0.35,-0.234998,2.32853,-0.259896,0,1,3,17,0.62
36.78,0.345003,-0.237499,2.32889,-0.273497,0,1,3,17,0.62
36.88,0.340005,-0.232505,2.32909,-0.277551,0,1,3,17,0.62
36.98,0.34,-0.2325,2.32704,-0.281353,0,1,3,17,0.62
37.08,0.342499,-0.230001,2.32349,-0.298864,0,1,3,17,0.62
37.18,0.344997,-0.23,2.31589,-0.298112,0,1,3,17,0.62
37.28,0.345,-0.23,2.30559,-0.299843,0,1,3,17,0.62
37.38,0.345,-0.23,2.30509,-0.307202,0,1,3,17,0.62
37.48,0.349998,-0.232499,2.31111,-0.283417,0,1,3,17,0.62
37.58,0.352499,-0.234999,2.28776,-0.275444,0,1,3,17,0.62
37.68,0.345005,-0.237498,2.24487,-0.238913,0,1,3,17,0.62
37.78,0.3425,-0.2375,2.24823,-0.246121,0,1,3,17,0.62
37.88,0.3425,-0.232502,2.28237,-0.273305,0,1,3,17,0.62
37.98,0.345,-0.23,2.28902,-0.275163,0,1,3,17,0.62
38.08,0.3475,-0.2325,2.27742,-0.281713,0,1,3,17,0.62
38.18,0.349998,-0.234998,2.27631,-0.272437,0,1,3,17,0.62
38.28,0.347501,-0.235,2.28218,-0.280477,0,1,3,17,0.62
38.38,0.3475,-0.235,2.28604,-0.277897,0,1,3,17,0.62
38.48,0.3475,-0.235,2.28855,-0.275532,0,1,3,17,0.62
38.58,0.345001,-0.232501,2.30203,-0.273936,0,1,3,17,0.62
38.68,0.342502,-0.230002,2.32281,-0.267972,0,1,3,17,0.62
38.78,0.340001,-0.23,2.34338,-0.254502,0,1,3,17,0.62
38.88,0.34,-0.23,2.36383,-0.266923,0,1,3,17,0.62
38.98,0.3475,-0.235,2.33977,-0.288463,0,1,3,17,0.62
39.08,0.349999,-0.237499,2.28617,-0.281407,0,1,3,17,0.62
39.18,0.35,-0.2375,2.25803,-0.276467,0,1,3,17,0.62
39.28,0.35,-0.2375,2.24683,-0.268899,0,1,3,17,0.62
39.38,0.347501,-0.235001,2.26879,-0.271714,0,1,3,17,0.62
39.48,0.345002,-0.230005,2.34073,-0.292542,0,1,3,17,0.62
39.58,0.345001,-0.23,2.34362,-0.288717,0,1,3,17,0.62
39.68,0.35,-0.2325,2.30066,-0.290164,0,1,3,17,0.62
39.78,0.3475,-0.235,2.31182,-0.280642,0,1,3,17,0.62
39.88,0.3475,-0.232501,2.33659,-0.294563,0,1,3,17,0.62
39.98,0.352497,-0.234998,2.3212,-0.287038,0,1,3,17,0.62
40.08,0.350003,-0.232503,2.27919,-0.274192,0,1,3,17,0.62
40.18,0.347502,-0.2325,2.23592,-0.266527,0,1,3,17,0.62
40.28,0.342503,-0.2325,2.1918,-0.266373,0,1,3,17,0.62
40.38,0.337504,-0.2325,2.18675,-0.25566,0,1,3,17,0.62
40.48,0.335,-0.23,2.20768,-0.26698,0,1,3,17,0.62
40.58,0.335,-0.23,2.23545,-0.255368,0,1,3,17,0.62
40.68,0.337499,-0.23,2.26774,-0.259769,0,1,3,17,0.62
40.78,0.335,-0.2325,2.30036,-0.258678,0,1,3,17,0.62
40.88,0.335,-0.2325,2.3332,-0.262298,0,1,3,17,0.62
40.98,0.335,-0.2325,2.32417,-0.259783,0,1,3,17,0.62
41.08,0.335,-0.230001,2.28733,-0.271855,0,1,3,17,0.62
41.18,0.337498,-0.232498,2.27133,-0.271656,0,1,3,17,0.62
41.28,0.335,-0.2325,2.26917,-0.274321,0,1,3,17,0.62
41.38,0.332503,-0.230003,2.26873,-0.267269,0,1,3,17,0.62
41.48,0.334998,-0.232498,2.26941,-0.253056,0,1,3,17,0.62
41.58,0.337498,-0.234998,2.25777,-0.245692,0,1,3,17,0.62
41.68,0.332502,-0.232501,2.23794,-0.237816,0,1,3,17,0.62
41.78,0.330001,-0.2325,2.23472,-0.222783,0,1,3,18,0.62
41.88,0.327502,-0.234998,2.24255,-0.217536,0,1,3,18,0.62
41.98,0.3275,-0.235,2.23229,-0.207102,0,1,3,18,0.62
42.08,0.3275,-0.237499,2.20997,-0.214751,0,1,3,18,0.62
42.18,0.3275,-0.2375,2.21518,-0.217355,0,1,3,18,0.62
42.28,0.329999,-0.239999,2.23868,-0.204652,0,1,3,18,0.62
42.38,0.33,-0.242498,2.24838,-0.199106,0,1,3,18,0.6
42.48,0.3275,-0.24,2.23728,-0.211712,0,1,3,18,0.6
42.58,0.3275,-0.24,2.24475,-0.226724,0,1,3,18,0.6
42.68,0.3275,-0.24,2.26457,-0.241536,0,1,3,18,0.6
42.78,0.3275,-0.239999,2.23765,-0.262714,0,1,3,18,0.6
42.88,0.3275,-0.235002,2.17964,-0.269283,0,1,3,18,0.6
42.98,0.3275,-0.237499,2.16624,-0.269243,0,1,3,18,0.6
43.08,0.3275,-0.2375,2.18253,-0.281151,0,1,3,18,0.6
43.18,0.334993,-0.2375,2.18155,-0.302383,0,1,3,18,0.6
43.28,0.342496,-0.2375,2.16909,-0.301937,0,1,3,18,0.6
43.38,0.3425,-0.2375,2.17661,-0.270582,0,1,3,17,0.62
43.48,0.3425,-0.239999,2.19742,-0.267686,0,1,3,17,0.62
43.58,0.3425,-0.24,2.19692,-0.258621,0,1,3,17,0.62
43.68,0.340001,-0.24,2.1823,-0.252492,0,1,3,17,0.62
43.78,0.3375,-0.24,2.1651,-0.248402,0,1,3,17,0.62
43.88,0.3375,-0.242499,2.14619,-0.25107,0,1,3,17,0.62
43.98,0.339999,-0.242499,2.11964,-0.268176,0,1,3,17,0.62
44.08,0.337501,-0.240001,2.088,-0.268997,0,1,3,17,0.62
44.18,0.3375,-0.24,2.09264,-0.269497,0,1,3,17,0.62
44.28,0.339998,-0.242498,2.12137,-0.267873,0,1,3,17,0.62
44.38,0.344999,-0.2425,2.12762,-0.276882,0,1,3,17,0.62
44.48,0.347499,-0.2425,2.11894,-0.287573,0,1,3,17,0.62
44.58,0.349998,-0.2425,2.10709,-0.27608,0,1,3,17,0.62
44.68,0.352498,-0.244998,2.09314,-0.266893,0,1,3,17,0.62
44.78,0.3525,-0.245,2.09325,-0.265627,0,1,3,17,0.62
44.88,0.350001,-0.242501,2.10271,-0.270415,0,1,3,17,0.62
44.98,0.35,-0.244998,2.11931,-0.268871,0,1,3,17,0.62
45.08,0.35,-0.242502,2.14067,-0.273675,0,1,3,17,0.62
45.18,0.347503,-0.2425,2.13516,-0.271947,0,1,3,17,0.62
45.28,0.345003,-0.2425,2.12294,-0.274919,0,1,3,17,0.62
45.38,0.342501,-0.240001,2.11866,-0.272904,0,1,3,17,0.62
45.48,0.3425,-0.24,2.11966,-0.278746,0,1,3,17,0.62
45.58,0.3425,-0.24,2.11926,-0.284866,0,1,3,17,0.62
45.68,0.3425,-0.237501,2.11794,-0.295554,0,1,3,17,0.62
45.78,0.3425,-0.24,2.11614,-0.298621,0,1,3,17,0.62
45.88,0.3425,-0.237501,2.11403,-0.300011,0,1,3,17,0.62
45.98,0.3425,-0.2375,2.11724,-0.308494,0,1,3,18,0.62
46.08,0.349995,-0.2375,2.124,-0.312422,0,1,3,18,0.62
46.18,0.352498,-0.239998,2.11655,-0.308661,0,1,3,18,0.62
46.28,0.354998,-0.24,2.09966,-0.311686,0,1,3,18,0.62
46.38,0.355,-0.24,2.08378,-0.292674,0,1,3,18,0.6
46.48,0.355,-0.24,2.06857,-0.296338,0,1,3,18,0.6
46.58,0.355,-0.24,2.06538,-0.296908,0,1,3,17,0.6
46.68,0.355,-0.237502,2.07019,-0.311001,0,1,3,17,0.6
46.78,0.3575,-0.24,2.0672,-0.292115,0,1,3,18,0.6
46.88,0.355001,-0.24,2.05901,-0.297276,0,1,3,18,0.6
46.98,0.352501,-0.237501,2.07214,-0.29737,0,1,3,17,0.6
47.08,0.354997,-0.2375,2.09944,-0.307763,0,1,3,17,0.6
47.18,0.355,-0.235003,2.09082,-0.302192,0,1,3,18,0.6
47.28,0.355,-0.237499,2.05831,-0.301421,0,1,3,18,0.6
47.38,0.355,-0.2375,2.05023,-0.302067,0,1,3,18,0.6
47.48,0.3525,-0.2375,2.05837,-0.279999,0,1,3,18,0.6
47.58,0.3525,-0.2375,2.06825,-0.284608,0,1,3,18,0.6
47.68,0.350003,-0.235003,2.07929,-0.285664,0,1,3,18,0.6
47.78,0.352498,-0.235,2.09238,-0.297952,0,1,3,18,0.6
47.88,0.350003,-0.235,2.10682,-0.286405,0,1,3,18,0.6
47.98,0.35,-0.235,2.09869,-0.283381,0,1,3,18,0.6
48.08,0.35,-0.235,2.07555,-0.269954,0,1,3,18,0.6
48.18,0.347503,-0.235,2.07566,-0.280566,0,1,3,18,0.6
48.28,0.35,-0.2325,2.09124,-0.306008,0,1,3,18,0.6
48.38,0.352499,-0.234999,2.09927,-0.29413,0,1,3,18,0.6
48.48,0.350001,-0.235,2.09588,-0.293163,0,1,3,18,0.6
48.58,0.347501,-0.230001,2.10102,-0.300273,0,1,3,18,0.6
48.68,0.349999,-0.232499,2.11183,-0.281126,0,1,3,18,0.6
48.78,0.345001,-0.2325,2.11533,-0.280588,0,1,3,18,0.6
48.88,0.345,-0.230001,2.11395,-0.298404,0,1,3,18,0.6
48.98,0.3475,-0.2325,2.10374,-0.289978,0,1,3,18,0.6
49.08,0.345,-0.23,2.08765,-0.287616,0,1,3,18,0.6
49.18,0.347497,-0.23,2.07958,-0.304508,0,1,3,18,0.6
49.28,0.352496,-0.23,2.07682,-0.312699,0,1,3,18,0.6
49.38,0.350002,-0.232498,2.09257,-0.290148,0,1,3,18,0.6
49.48,0.347501,-0.230001,2.1206,-0.279943,0,1,3,18,0.6
49.58,0.3475,-0.23,2.11483,-0.287251,0,1,3,18,0.6
49.68,0.3475,-0.23,2.08656,-0.277726,0,1,3,18,0.6
49.78,0.35,-0.2325,2.0934,-0.270733,0,1,3,18,0.6
49.88,0.3525,-0.2325,2.12367,-0.263864,0,1,3,18,0.6
49.98,0.3525,-0.234999,2.12717,-0.268287,0,1,3,18,0.6
50.08,0.350002,-0.232502,2.11288,-0.27177,0,1,3,18,0.6
50.18,0.347502,-0.230002,2.09491,-0.280095,0,1,3,18,0.6
50.28,0.345001,-0.23,2.07449,-0.284634,0,1,3,18,0.6
50.38,0.345,-0.232499,2.0776,-0.286078,0,1,3,18,0.6
50.48,0.342501,-0.227502,2.09634,-0.293938,0,1,3,18,0.6
50.58,0.3425,-0.2275,2.0962,-0.300516,0,1,3,17,0.6
50.68,0.3425,-0.225001,2.08352,-0.318938,0,1,3,17,0.6
50.78,0.344998,-0.225,2.08487,-0.311779,0,1,3,18,0.6
50.88,0.347498,-0.227498,2.09556,-0.293352,0,1,3,18,0.6
50.98,0.345001,-0.2275,2.09448,-0.270564,0,1,3,18,0.6
51.08,0.345,-0.229997,2.08561,-0.268328,0,1,3,18,0.6
51.18,0.345,-0.23,2.09203,-0.272446,0,1,3,17,0.6
51.28,0.342502,-0.23,2.10862,-0.275594,0,1,3,17,0.6
51.38,0.3375,-0.2275,2.12442,-0.269752,0,1,3,17,0.62
51.48,0.3375,-0.225,2.13969,-0.292631,0,1,3,17,0.62
51.58,0.3375,-0.225,2.12103,-0.305005,0,1,3,17,0.62
51.68,0.339999,-0.225,2.07979,-0.306922,0,1,3,17,0.62
51.78,0.3425,-0.225,2.08844,-0.297561,0,1,3,17,0.62
51.88,0.344999,-0.227499,2.13032,-0.29945,0,1,3,17,0.62
51.98,0.3475,-0.2275,2.14069,-0.286787,0,1,3,17,0.62
52.08,0.349998,-0.229998,2.14313,-0.277736,0,1,3,17,0.62
52.18,0.35,-0.23,2.12597,-0.259074,0,1,3,17,0.62
52.28,0.35,-0.232499,2.09576,-0.251913,0,1,3,17,0.62
52.38,0.345002,-0.230001,2.10308,-0.26513,0,1,3,17,0.62
52.48,0.345,-0.227502,2.13533,-0.271196,0,1,3,17,0.62
52.58,0.345,-0.2275,2.14671,-0.275247,0,1,3,17,0.62
52.68,0.347497,-0.229997,2.14423,-0.265521,0,1,3,17,0.62
52.78,0.345001,-0.23,2.13627,-0.271621,0,1,3,17,0.62
52.88,0.342502,-0.227502,2.12465,-0.264657,0,1,3,17,0.62
52.98,0.3425,-0.2275,2.15086,-0.253956,0,1,3,17,0.62
53.08,0.337503,-0.2275,2.20224,-0.260165,0,1,3,17,0.62
53.18,0.335002,-0.2275,2.16797,-0.261814,0,1,3,17,0.62
53.28,0.335,-0.2275,2.07674,-0.267187,0,1,3,17,0.62
53.38,0.335,-0.225001,2.10659,-0.272996,0,1,3,17,0.62
53.48,0.337499,-0.227499,2.16677,-0.264038,0,1,3,17,0.62
53.58,0.3375,-0.2275,2.18956,-0.270743,0,1,3,17,0.62
53.68,0.339997,-0.2275,2.18748,-0.277854,0,1,3,17,0.62
53.78,0.34,-0.2275,2.17305,-0.267378,0,1,3,17,0.62
53.88,0.34,-0.229999,2.1504,-0.260769,0,1,3,17,0.62
53.98,0.34,-0.23,2.11256,-0.264192,0,1,3,17,0.62
54.08,0.34,-0.227503,2.06463,-0.269939,0,1,3,17,0.62
54.18,0.344995,-0.229997,2.07927,-0.276071,0,1,3,17,0.62
54.28,0.345,-0.23,2.13554,-0.26573,0,1,3,17,0.62
54.38,0.345,-0.23,2.1745,-0.269392,0,1,3,17,0.62
54.48,0.345,-0.23,2.18723,-0.25485,0,1,3,17,0.62
54.58,0.345,-0.2325,2.18626,-0.260208,0,1,3,17,0.62
54.68,0.345,-0.230004,2.17617,-0.268539,0,1,3,17,0.62
54.78,0.345,-0.2325,2.17132,-0.251195,0,1,3,17,0.62
54.88,0.3425,-0.23,2.16997,-0.255108,0,1,3,17,0.62
54.98,0.3425,-0.232499,2.15879,-0.253353,0,1,3,17,0.62
55.08,0.344999,-0.2325,2.14108,-0.254454,0,1,3,17,0.62
55.18,0.342502,-0.230002,2.14457,-0.257113,0,1,3,17,0.62
55.28,0.340002,-0.23,2.16218,-0.267561,0,1,3,17,0.62
55.38,0.34,-0.23,2.15466,-0.257734,0,1,3,17,0.62
55.48,0.342499,-0.232499,2.13046,-0.247884,0,1,3,17,0.62
55.58,0.344998,-0.2325,2.13076,-0.251647,0,1,3,17,0.62
55.68,0.345,-0.2325,2.14734,-0.262689,0,1,3,17,0.62
55.78,0.347499,-0.2325,2.15796,-0.261392,0,1,3,17,0.62
55.88,0.345004,-0.2325,2.16462,-0.259619,0,1,3,17,0.62
55.98,0.347498,-0.234998,2.15972,-0.259414,0,1,3,17,0.62
56.08,0.345002,-0.235,2.14711,-0.244964,0,1,3,17,0.62
56.18,0.342501,-0.235,2.15258,-0.23889,0,1,3,17,0.62
56.28,0.340001,-0.235,2.1701,-0.228696,0,1,3,17,0.62
56.38,0.342499,-0.235,2.17647,-0.235679,0,1,3,17,0.62
56.48,0.34,-0.235,2.16597,-0.226872,0,1,3,17,0.62
56.58,0.34,-0.237499,2.15025,-0.227225,0,1,3,17,0.62
56.68,0.342499,-0.2375,2.13103,-0.237494,0,1,3,17,0.62
56.78,0.34,-0.235,2.12779,-0.235733,0,1,3,17,0.62
56.88,0.342497,-0.237497,2.13515,-0.23317,0,1,3,17,0.62
56.98,0.3425,-0.2375,2.13897,-0.24223,0,1,3,18,0.62
57.08,0.3425,-0.2375,2.14041,-0.244662,0,1,3,18,0.62
57.18,0.344998,-0.2375,2.13677,-0.242132,0,1,3,18,0.62
57.28,0.352497,-0.239999,2.12974,-0.248637,0,1,3,18,0.62
57.38,0.364994,-0.24,2.12248,-0.255295,0,1,3,18,0.6
57.48,0.362501,-0.237501,2.11509,-0.250478,0,1,3,18,0.6
57.58,0.360002,-0.239998,2.12217,-0.23183,0,1,3,18,0.6
57.68,0.357503,-0.237503,2.13891,-0.234085,0,1,3,18,0.6
57.78,0.3575,-0.2375,2.15672,-0.231661,0,1,3,18,0.6
57.88,0.355001,-0.2375,2.17524,-0.237476,0,1,3,18,0.6
57.98,0.3525,-0.2375,2.16245,-0.247764,0,1,3,18,0.6
58.08,0.35,-0.2375,2.12885,-0.250175,0,1,3,18,0.6
58.18,0.352499,-0.2375,2.14608,-0.259314,0,1,3,18,0.6
58.28,0.354999,-0.2375,2.19716,-0.264334,0,1,3,18,0.6
58.38,0.355,-0.235,2.22981,-0.257777,0,1,3,17,0.62
58.48,0.355,-0.237499,2.2502,-0.249298,0,1,3,17,0.62
58.58,0.355,-0.239998,2.22875,-0.233972,0,1,3,17,0.62
58.68,0.352503,-0.24,2.17948,-0.238423,0,1,3,17,0.62
58.78,0.350001,-0.24,2.16779,-0.23973,0,1,3,17,0.62
58.88,0.35,-0.237503,2.18112,-0.246578,0,1,3,17,0.62
58.98,0.35,-0.2375,2.19286,-0.253529,0,1,3,17,0.62
59.08,0.35,-0.2375,2.20354,-0.267164,0,1,3,17,0.62
59.18,0.352497,-0.2375,2.21646,-0.258411,0,1,3,18,0.62
59.28,0.350001,-0.2375,2.23089,-0.253095,0,1,3,18,0.62
59.38,0.347501,-0.235001,2.20973,-0.250293,0,1,3,18,0.6
59.48,0.3475,-0.237499,2.16488,-0.265303,0,1,3,18,0.6
59.58,0.35,-0.2375,2.1541,-0.258306,0,1,3,18,0.6
59.68,0.347502,-0.235002,2.16593,-0.257186,0,1,3,18,0.6
59.78,0.352498,-0.235,2.17874,-0.261031,0,1,3,18,0.6
59.88,0.354999,-0.237499,2.19218,-0.253776,0,1,3,18,0.6
59.98,0.3525,-0.2375,2.18848,-0.248126,0,1,3,18,0.6
60.08,0.3525,-0.2375,2.15885,-0.24503,0,1,3,18,0.6
60.18,0.350002,-0.2375,2.15384,-0.243594,0,1,3,18,0.6
60.28,0.35,-0.239998,2.16522,-0.239666,0,1,3,18,0.6
60.38,0.35,-0.24,2.16903,-0.234996,0,1,3,18,0.6
60.48,0.352499,-0.237501,2.1614,-0.246619,0,1,3,18,0.6
60.58,0.345005,-0.2375,2.16762,-0.238938,0,1,3,17,0.6
60.68,0.349995,-0.239998,2.18306,-0.233436,0,1,3,17,0.6
60.78,0.355,-0.24,2.19334,-0.244929,0,1,3,17,0.6
60.88,0.357497,-0.237503,2.20018,-0.243636,0,1,3,17,0.6
60.98,0.359999,-0.239999,2.20073,-0.242146,0,1,3,17,0.6
61.08,0.362499,-0.242499,2.19711,-0.247166,0,1,3,17,0.6
61.18,0.355004,-0.240001,2.19624,-0.230045,0,1,3,18,0.6
61.28,0.3525,-0.24,2.1972,-0.226345,0,1,3,18,0.6
61.38,0.350001,-0.237501,2.19792,-0.217671,0,1,3,18,0.6
61.48,0.345002,-0.239999,2.19848,-0.194412,0,1,3,18,0.6
61.58,0.34,-0.24,2.19394,-0.168728,0,1,3,18,0.6
61.68,0.337504,-0.244993,2.18601,-0.170763,0,1,3,18,0.6
61.78,0.3375,-0.245,2.20938,-0.170382,0,1,3,17,0.6
61.88,0.330006,-0.242502,2.25356,-0.167043,0,1,3,17,0.6
61.98,0.327501,-0.240001,2.26082,-0.193949,0,1,3,17,0.6
62.08,0.325001,-0.237501,2.24352,-0.213133,0,1,3,17,0.6
62.18,0.325,-0.239998,2.22087,-0.206654,0,1,3,17,0.6
62.28,0.327498,-0.244996,2.19466,-0.198095,0,1,3,17,0.6
62.38,0.325003,-0.242503,2.19737,-0.20036,0,1,3,17,0.62
62.48,0.325,-0.240001,2.21936,-0.205836,0,1,3,17,0.62
62.58,0.327499,-0.24,2.2251,-0.209981,0,1,3,18,0.62
62.68,0.329997,-0.244995,2.22007,-0.200065,0,1,3,18,0.62
62.78,0.330001,-0.247501,2.21259,-0.215452,0,1,3,18,0.62
62.88,0.339996,-0.252498,2.20348,-0.215999,0,1,3,18,0.62
62.98,0.340001,-0.2525,2.19525,-0.235102,0,1,3,18,0.62
63.08,0.345,-0.2525,2.1876,-0.236046,0,1,3,18,0.62
63.18,0.345,-0.254999,2.1814,-0.203098,0,1,3,18,0.62
63.28,0.345,-0.255,2.17616,-0.209526,0,1,3,18,0.62
63.38,0.349997,-0.255,2.17038,-0.207639,0,1,3,18,0.6
63.48,0.354998,-0.257499,2.16425,-0.217509,0,1,3,18,0.6
63.58,0.355,-0.259999,2.14217,-0.199716,0,1,3,18,0.6
63.68,0.355,-0.262497,2.10947,-0.196274,0,1,3,18,0.6
63.78,0.355,-0.2625,2.1208,-0.195046,0,1,3,18,0.6
63.88,0.355,-0.257504,2.16147,-0.198112,0,1,3,18,0.6
63.98,0.3575,-0.2625,2.14073,-0.184426,0,1,3,17,0.6
64.08,0.355001,-0.264999,2.0792,-0.181556,0,1,3,17,0.6
64.18,0.355,-0.265,2.12275,-0.218093,0,1,3,17,0.6
64.28,0.352501,-0.260003,2.19262,-0.245489,0,1,3,17,0.6
64.38,0.354999,-0.257501,2.18351,-0.25335,0,1,3,17,0.6
64.48,0.3525,-0.2575,2.12179,-0.244631,0,1,3,17,0.6
64.58,0.35,-0.2575,2.11688,-0.246621,0,1,3,18,0.6
64.68,0.352498,-0.259998,2.14972,-0.241029,0,1,3,18,0.6
64.78,0.35,-0.26,2.17192,-0.24043,0,1,3,18,0.6
64.88,0.35,-0.26,2.18702,-0.241248,0,1,3,18,0.6
64.98,0.35,-0.26,2.18011,-0.239772,0,1,3,18,0.6
65.08,0.357496,-0.262499,2.15854,-0.233986,0,1,3,18,0.6
65.18,0.355002,-0.2625,2.13964,-0.230299,0,1,3,18,0.6
65.28,0.352502,-0.2625,2.12251,-0.232819,0,1,3,18,0.6
65.38,0.36,-0.265,2.11054,-0.223875,0,1,3,18,0.6
65.48,0.36,-0.265,2.102,-0.217062,0,1,3,18,0.6
65.58,0.36,-0.267499,2.08806,-0.201034,0,1,3,18,0.6
65.68,0.357502,-0.269998,2.07054,-0.18417,0,1,3,18,0.6
65.78,0.355001,-0.267501,2.08023,-0.188732,0,1,3,18,0.6
65.88,0.3575,-0.27,2.108,-0.192231,0,1,3,18,0.6
65.98,0.352501,-0.267501,2.12175,-0.179433,0,1,3,18,0.6
66.08,0.3525,-0.272499,2.12617,-0.18729,0,1,3,18,0.6
66.18,0.350001,-0.270001,2.11794,-0.206377,0,1,3,18,0.6
66.28,0.35,-0.267501,2.10129,-0.22135,0,1,3,18,0.6
66.38,0.354998,-0.269999,2.10002,-0.235103,0,1,3,18,0.6
66.48,0.355,-0.27,2.12197,-0.238169,0,1,3,18,0.6
66.58,0.359996,-0.27,2.13513,-0.245445,0,1,3,18,0.6
66.68,0.367495,-0.274996,2.14245,-0.247435,0,1,3,18,0.6
66.78,0.374997,-0.277499,2.10009,-0.233571,0,1,3,18,0.6
66.88,0.375,-0.2775,2.0246,-0.23457,0,1,3,18,0.6
66.98,0.375,-0.2775,2.03377,-0.227002,0,1,3,18,0.6
67.08,0.3775,-0.28,2.09923,-0.229297,0,1,3,18,0.6
67.18,0.379999,-0.282499,2.08971,-0.22653,0,1,3,18,0.6
67.28,0.382499,-0.280001,2.03028,-0.236544,0,1,3,18,0.6
67.38,0.380001,-0.2775,2.03515,-0.2489,0,1,3,18,0.6
67.48,0.397496,-0.2775,2.08267,-0.26807,0,1,3,18,0.6
67.58,0.3975,-0.275001,2.09417,-0.294133,0,1,3,18,0.6
67.68,0.3975,-0.272501,2.08171,-0.308318,0,1,3,18,0.6
67.78,0.392499,-0.27,2.07267,-0.306242,0,1,3,18,0.6
67.88,0.387502,-0.267501,2.06589,-0.300968,0,1,3,18,0.6
67.98,0.3875,-0.2675,2.09468,-0.316998,0,1,3,18,0.6
68.08,0.3875,-0.265002,2.14709,-0.328241,0,1,3,18,0.6
68.18,0.372519,-0.262503,2.13393,-0.334862,0,1,3,17,0.6
68.28,0.370001,-0.260001,2.07716,-0.355304,0,1,3,17,0.6
68.38,0.379994,-0.257502,2.0723,-0.363952,0,1,3,18,0.6
68.48,0.387493,-0.255002,2.10198,-0.374039,0,1,3,18,0.6
68.58,0.377501,-0.255,2.10661,-0.373549,0,1,3,18,0.6
68.68,0.379997,-0.255,2.09456,-0.368674,0,1,3,18,0.6
68.78,0.3875,-0.255,2.091,-0.35833,0,1,3,18,0.6
68.88,0.385001,-0.255,2.0931,-0.340018,0,1,3,18,0.6
68.98,0.395,-0.26,2.08748,-0.315573,0,1,3,18,0.6
69.08,0.387502,-0.262499,2.07673,-0.29316,0,1,3,18,0.6
69.18,0.392496,-0.260002,2.0722,-0.311592,0,1,3,18,0.6
69.28,0.385,-0.2575,2.07181,-0.310715,0,1,3,18,0.6
69.38,0.38,-0.255,2.09418,-0.309508,0,1,3,18,0.6
69.48,0.38,-0.250002,2.13167,-0.33431,0,1,3,18,0.6
69.58,0.367509,-0.245004,2.15004,-0.353901,0,1,3,18,0.6
69.68,0.365002,-0.242502,2.15573,-0.350107,0,1,3,18,0.6
69.78,0.382498,-0.2425,2.1565,-0.340078,0,1,3,18,0.6
69.88,0.384999,-0.247497,2.15399,-0.333026,0,1,3,18,0.6
69.98,0.387498,-0.2475,2.15356,-0.334138,0,1,3,18,0.6
70.08,0.389998,-0.249998,2.15449,-0.32755,0,1,3,18,0.6
70.18,0.385007,-0.25,2.14599,-0.327799,0,1,3,18,0.6
70.28,0.380001,-0.247501,2.13119,-0.335917,0,1,3,18,0.6
70.38,0.375001,-0.240002,2.13218,-0.358053,0,1,3,18,0.6
70.48,0.375,-0.232504,2.14366,-0.348395,0,1,3,18,0.6
70.58,0.382499,-0.235,2.14099,-0.331387,0,1,3,18,0.6
70.68,0.387499,-0.239999,2.12892,-0.320288,0,1,3,18,0.6
70.78,0.389996,-0.2475,2.12481,-0.302729,0,1,3,18,0.6
70.88,0.377501,-0.2475,2.12601,-0.323972,0,1,3,18,0.6
70.98,0.370001,-0.240001,2.13088,-0.333599,0,1,3,18,0.6
71.08,0.35502,-0.230013,2.1382,-0.354382,0,1,3,18,0.6
71.18,0.357497,-0.23,2.12118,-0.343854,0,1,3,18,0.6
71.28,0.369989,-0.234996,2.08798,-0.333202,0,1,3,18,0.6
71.38,0.374997,-0.247492,2.06829,-0.282506,0,1,3,18,0.6
71.48,0.372502,-0.2475,2.05759,-0.271968,0,1,3,18,0.6
71.58,0.365006,-0.242504,2.06651,-0.269021,0,1,3,18,0.6
71.68,0.369995,-0.240002,2.0885,-0.265344,0,1,3,18,0.6
71.78,0.38,-0.2425,2.11331,-0.240349,0,1,3,18,0.6
71.88,0.365007,-0.244999,2.14002,-0.255782,0,1,3,18,0.6
71.98,0.360001,-0.245,2.15642,-0.259486,0,1,3,18,0.6
72.08,0.36,-0.240001,2.16599,-0.282953,0,1,3,18,0.6
72.18,0.352504,-0.215013,2.16748,-0.286651,0,1,3,17,0.6
72.28,0.359998,-0.219999,2.1636,-0.28235,0,1,3,17,0.6
72.38,0.372496,-0.217501,2.17402,-0.287046,0,1,3,17,0.62
72.48,0.370001,-0.2175,2.19395,-0.278516,0,1,3,17,0.62
72.58,0.37,-0.215001,2.19466,-0.309367,0,1,3,17,0.62
72.68,0.372498,-0.105098,2.18259,-0.308119,0,1,3,17,0.62
72.78,0.3725,-0.0350105,2.16491,-0.252541,0,1,3,16,0.62
72.88,0.352517,0.0399355,2.1435,-0.130217,0,1,3,16,0.62
72.98,0.359998,0.0200064,2.13131,0.0357154,0,1,3,16,0.62
73.08,0.352507,0.0150049,2.12526,0.0911227,0,1,3,16,0.62
73.18,0.34251,0.0125025,2.15233,0.101069,0,1,3,16,0.62
73.28,0.337503,0.0075027,2.20145,0.101228,0,1,3,16,0.62
73.38,0.327512,0.00500312,2.24442,0.095629,0,1,3,16,0.64
73.48,0.320004,0.00749882,2.28332,0.0542985,0,1,3,16,0.64
73.58,0.305004,0.0124988,2.29351,0.0494888,0,1,3,16,0.64
73.68,0.324987,0.00750325,2.28464,0.0515837,0,1,3,16,0.64
73.78,0.322501,0.00999922,2.27348,0.0552822,0,1,3,16,0.64
73.88,0.320001,0.01,2.2608,0.0457182,0,1,3,16,0.64
73.98,0.322498,0.00750175,2.26948,0.0647649,0,1,3,16,0.64
74.08,0.320002,5.54978e-06,2.29238,0.0862968,0,1,3,16,0.64
74.18,0.305018,0.00249698,2.28657,0.0549947,0,1,3,16,0.64
74.28,0.297506,0.00999377,2.26169,0.0361477,0,1,3,16,0.64
74.38,0.309987,0.01,2.24466,0.0354778,0,1,3,16,0.64
74.48,0.312499,0.00750075,2.23283,0.0425304,0,1,3,16,0.64
74.58,0.332489,0.00500137,2.20427,0.0593957,0,1,3,16,0.64
74.68,0.330002,4.84796e-06,2.16458,0.0818909,0,1,3,16,0.64
74.78,0.3275,0.00250037,2.16925,0.043325,0,1,3,16,0.64
74.88,0.325,0.00499965,2.20349,0.0345869,0,1,3,16,0.64
74.98,0.339993,0.00250122,2.22314,0.0447885,0,1,3,16,0.64
75.08,0.342499,0.0199897,2.23306,0.0651384,0,1,3,16,0.64
75.18,0.330009,0.0799574,2.25033,0.0525739,0,1,3,16,0.64
75.28,0.327501,0.117489,2.2725,0.0643099,0,1,3,16,0.64
75.38,0.3275,0.157483,2.26403,0.137626,0,1,3,17,0.62
75.48,0.325001,0.172494,2.23521,0.198611,0,1,3,17,0.62
75.58,0.33,0.1975,2.23166,0.253339,0,1,3,16,0.62
75.68,0.349985,0.222482,2.24495,0.272838,0,1,3,16,0.62
75.78,0.35,0.24249,2.23953,0.276596,0,1,3,16,0.62
75.88,0.352498,0.259985,2.22168,0.292003,0,1,3,16,0.62
75.98,0.3525,0.269995,2.20367,0.335081,0,1,3,16,0.62
76.08,0.3525,0.299988,2.18555,0.353436,0,1,3,16,0.62
76.18,0.354998,0.302498,2.19162,0.344147,0,1,3,16,0.62
76.28,0.357498,0.307495,2.21378,0.374695,0,1,3,16,0.62
76.38,0.36,0.305,2.2421,0.392822,0,1,3,16,0.64
76.48,0.364999,0.3075,2.27452,0.369016,0,1,3,16,0.64
76.58,0.365,0.312499,2.25049,0.330524,0,1,3,16,0.64
76.68,0.369997,0.314998,2.18878,0.334063,0,1,3,16,0.64
76.78,0.372501,0.317501,2.15022,0.334589,0,1,3,16,0.64
76.88,0.377497,0.322497,2.12706,0.328169,0,1,3,16,0.64
76.98,0.3775,0.324999,2.14167,0.352737,0,1,3,16,0.64
77.08,0.38,0.3275,2.18137,0.368322,0,1,3,16,0.64
77.18,0.384995,0.329998,2.18929,0.349537,0,1,3,16,0.64
77.28,0.387497,0.33,2.17609,0.36583,0,1,3,16,0.64
77.38,0.389999,0.33,2.14989,0.380197,0,1,3,16,0.64
77.48,0.385003,0.327502,2.11504,0.382498,0,1,3,16,0.64
77.58,0.385,0.325001,2.11348,0.380189,0,1,3,16,0.64
77.68,0.385,0.325,2.13409,0.37091,0,1,3,16,0.64
77.78,0.389998,0.327499,2.13777,0.381899,0,1,3,16,0.64
77.88,0.39,0.3275,2.13016,0.38461,0,1,3,16,0.64
77.98,0.39,0.325,2.12795,0.394829,0,1,3,17,0.64
78.08,0.387501,0.322501,2.12933,0.382636,0,1,3,17,0.64
78.18,0.385002,0.320002,2.13716,0.392144,0,1,3,17,0.64
78.28,0.392494,0.322498,2.14927,0.388701,0,1,3,17,0.64
78.38,0.395,0.3225,2.14247,0.403256,0,1,3,17,0.62
78.48,0.395,0.3225,2.10712,0.395207,0,1,3,17,0.62
78.58,0.3925,0.317501,2.10048,0.400477,0,1,3,17,0.62
78.68,0.387501,0.315,2.11292,0.418747,0,1,3,17,0.62
78.78,0.39,0.315,2.12891,0.427483,0,1,3,17,0.62
78.88,0.392496,0.315,2.14725,0.424607,0,1,3,17,0.62
78.98,0.394999,0.315,2.13727,0.409066,0,1,3,17,0.62
79.08,0.395,0.315,2.10848,0.41045,0,1,3,17,0.62
79.18,0.395,0.315,2.10313,0.399569,0,1,3,17,0.62
79.28,0.412486,0.312502,2.10362,0.399744,0,1,3,17,0.62
79.38,0.407503,0.310001,2.1187,0.403107,0,1,3,16,0.64
79.48,0.407498,0.309999,2.14348,0.409914,0,1,3,16,0.64
79.58,0.397501,0.305,2.1521,0.436443,0,1,3,16,0.64
79.68,0.3975,0.300002,2.15001,0.442278,0,1,3,16,0.64
79.78,0.397499,0.299999,2.15915,0.433674,0,1,3,16,0.64
79.88,0.395001,0.297501,2.17576,0.44571,0,1,3,16,0.64
79.98,0.395,0.295,2.18051,0.446025,0,1,3,16,0.64
80.08,0.392501,0.292501,2.17738,0.445434,0,1,3,16,0.64
80.18,0.3925,0.2925,2.16754,0.445081,0,1,3,17,0.64
80.28,0.395,0.2925,2.15323,0.438081,0,1,3,17,0.64
80.38,0.395,0.2925,2.15955,0.435226,0,1,3,17,0.62
80.48,0.397499,0.2925,2.17958,0.429524,0,1,3,17,0.62
80.58,0.402497,0.294999,2.16929,0.418707,0,1,3,18,0.62
80.68,0.400001,0.292501,2.13886,0.426392,0,1,3,18,0.62
80.78,0.397501,0.290001,2.14585,0.448842,0,1,3,18,0.62
80.88,0.399998,0.29,2.17782,0.463697,0,1,3,18,0.62
80.98,0.4,0.287501,2.18907,0.454806,0,1,3,18,0.62
81.08,0.4,0.285,2.18654,0.448527,0,1,3,18,0.62
81.18,0.402497,0.285,2.16674,0.447635,0,1,3,18,0.62
81.28,0.405,0.2875,2.13547,0.454496,0,1,3,18,0.62
81.38,0.405,0.2825,2.1414,0.453903,0,1,3,18,0.6
81.48,0.4025,0.28,2.17202,0.460996,0,1,3,18,0.6
81.58,0.400001,0.277501,2.20809,0.461265,0,1,3,18,0.6
81.68,0.397501,0.2775,2.24777,0.438356,0,1,3,18,0.6
81.78,0.3975,0.2775,2.25998,0.452973,0,1,3,18,0.6
81.88,0.392501,0.275,2.25387,0.440338,0,1,3,18,0.6
81.98,0.3925,0.275,2.25612,0.468591,0,1,3,18,0.6
82.08,0.387505,0.272502,2.26393,0.468231,0,1,3,18,0.6
82.18,0.389998,0.270002,2.25201,0.477129,0,1,3,18,0.6
82.28,0.39,0.262503,2.22699,0.462442,0,1,3,18,0.6
82.38,0.392499,0.267497,2.24023,0.429371,0,1,3,18,0.6
82.48,0.390002,0.2675,2.27895,0.412411,0,1,3,18,0.6
82.58,0.39,0.265002,2.27815,0.44542,0,1,3,18,0.6
82.68,0.387503,0.265,2.25104,0.450078,0,1,3,18,0.6
82.78,0.385001,0.267499,2.25445,0.409276,0,1,3,18,0.6
82.88,0.377504,0.265001,2.27827,0.405031,0,1,3,18,0.6
82.98,0.3775,0.2575,2.28706,0.430456,0,1,3,18,0.6
83.08,0.3775,0.255002,2.28587,0.433846,0,1,3,18,0.6
83.18,0.3775,0.259997,2.30313,0.426195,0,1,3,18,0.6
83.28,0.3775,0.262499,2.33266,0.410554,0,1,3,18,0.6
83.38,0.3725,0.2575,2.32715,0.432563,0,1,3,18,0.6
83.48,0.374999,0.255001,2.29832,0.429872,0,1,3,18,0.6
83.58,0.375,0.255,2.32482,0.402404,0,1,3,18,0.6
83.68,0.372503,0.257497,2.38807,0.418207,0,1,3,18,0.6
83.78,0.3725,0.252501,2.41329,0.436056,0,1,3,18,0.6
83.88,0.374999,0.250001,2.4132,0.432564,0,1,3,18,0.6
83.98,0.372501,0.25,2.40589,0.436488,0,1,3,18,0.6
84.08,0.370003,0.25,2.39377,0.449348,0,1,3,18,0.6
84.18,0.367503,0.245006,2.38958,0.467794,0,1,3,18,0.6
84.28,0.362501,0.245,2.39067,0.452627,0,1,3,18,0.6
84.38,0.36,0.245,2.40557,0.435799,0,1,3,18,0.6
84.48,0.36,0.240002,2.44131,0.461319,0,1,3,18,0.6
84.58,0.365,0.2425,2.43809,0.446119,0,1,3,18,0.6
84.68,0.365,0.244997,2.40905,0.422036,0,1,3,18,0.6
84.78,0.3625,0.2425,2.385,0.433273,0,1,3,18,0.6
84.88,0.350005,0.240001,2.36427,0.410723,0,1,3,18,0.6
84.98,0.3525,0.24,2.36755,0.438673,0,1,3,18,0.6
85.08,0.359995,0.24,2.38675,0.432117,0,1,3,18,0.6
85.18,0.364993,0.24,2.42461,0.421283,0,1,3,18,0.6
85.28,0.374993,0.242498,2.47488,0.370774,0,1,3,18,0.6
85.38,0.360005,0.240001,2.43975,0.397623,0,1,3,18,0.6
85.48,0.372493,0.235003,2.34779,0.420817,0,1,3,18,0.6
85.58,0.370002,0.235,2.34951,0.399975,0,1,3,18,0.6
85.68,0.367504,0.235,2.41359,0.389133,0,1,3,18,0.6
85.78,0.364999,0.232499,2.45695,0.423536,0,1,3,18,0.6
85.88,0.355005,0.227502,2.48651,0.420946,0,1,3,18,0.6
85.98,0.352501,0.225001,2.48545,0.442476,0,1,3,18,0.6
86.08,0.3525,0.227499,2.46405,0.409493,0,1,3,18,0.6
86.18,0.357498,0.229999,2.47768,0.40297,0,1,3,18,0.6
86.28,0.352501,0.2275,2.51462,0.387055,0,1,3,18,0.6
86.38,0.345001,0.225,2.51526,0.395763,0,1,3,18,0.6
86.48,0.347499,0.225,2.49178,0.416019,0,1,3,18,0.6
86.58,0.349998,0.225,2.49212,0.4196,0,1,3,18,0.6
86.68,0.345005,0.222503,2.50835,0.412471,0,1,3,18,0.6
86.78,0.342501,0.2225,2.49136,0.374817,0,1,3,18,0.6
86.88,0.3425,0.224998,2.45227,0.410013,0,1,3,18,0.6
86.98,0.344999,0.222501,2.44092,0.430005,0,1,3,18,0.6
87.08,0.345,0.2225,2.448,0.398835,0,1,3,18,0.6
87.18,0.340005,0.220003,2.44937,0.379406,0,1,3,18,0.6
87.28,0.3425,0.2225,2.44692,0.411541,0,1,3,18,0.6
87.38,0.349992,0.220003,2.45393,0.429699,0,1,3,18,0.6
87.48,0.352499,0.22,2.46332,0.394945,0,1,3,18,0.6
87.58,0.34001,0.22,2.47678,0.35464,0,1,3,17,0.6
87.68,0.344996,0.224996,2.49295,0.389327,0,1,3,17,0.6
87.78,0.35,0.2225,2.46111,0.40982,0,1,3,17,0.6
87.88,0.347501,0.217502,2.39728,0.398881,0,1,3,17,0.6
87.98,0.337502,0.215,2.39027,0.368878,0,1,3,17,0.6
88.08,0.357498,0.224999,2.42102,0.373404,0,1,3,17,0.6
88.18,0.3575,0.222503,2.43412,0.399073,0,1,3,17,0.6
88.28,0.355002,0.217503,2.43545,0.396051,0,1,3,17,0.6
88.38,0.347505,0.212503,2.44059,0.366143,0,1,3,17,0.62
88.48,0.342504,0.214998,2.44825,0.353746,0,1,3,17,0.62
88.58,0.3425,0.219997,2.46848,0.348886,0,1,3,17,0.62
88.68,0.3425,0.224996,2.49707,0.332609,0,1,3,17,0.62
88.78,0.340001,0.222501,2.49525,0.359374,0,1,3,17,0.62
88.88,0.335007,0.212514,2.47318,0.398096,0,1,3,17,0.62
88.98,0.330001,0.207501,2.46397,0.416193,0,1,3,17,0.62
89.08,0.33,0.2075,2.46328,0.393434,0,1,3,17,0.62
89.18,0.325003,0.2075,2.4529,0.372566,0,1,3,17,0.62
89.28,0.3225,0.21,2.43605,0.36317,0,1,3,17,0.62
89.38,0.320001,0.21,2.46348,0.371202,0,1,3,17,0.62
89.48,0.317501,0.21,2.52037,0.373182,0,1,3,17,0.62
89.58,0.32,0.2125,2.5332,0.342993,0,1,3,17,0.62
89.68,0.32,0.2125,2.51672,0.34003,0,1,3,17,0.62
89.78,0.322499,0.210001,2.49025,0.345502,0,1,3,17,0.62
89.88,0.320003,0.212497,2.44866,0.335816,0,1,3,17,0.62
89.98,0.322499,0.2125,2.42192,0.344924,0,1,3,17,0.62
90.08,0.3225,0.2125,2.40503,0.374999,0,1,3,17,0.62
90.18,0.327496,0.210002,2.41167,0.384981,0,1,3,17,0.62
90.28,0.3275,0.212498,2.43401,0.37662,0,1,3,17,0.62
90.38,0.3275,0.214998,2.45567,0.33222,0,1,3,18,0.62
90.48,0.3275,0.219994,2.47632,0.311239,0,1,3,18,0.62
90.58,0.325001,0.215001,2.48853,0.31486,0,1,3,17,0.62
90.68,0.322501,0.215,2.49514,0.347368,0,1,3,17,0.62
90.78,0.3225,0.21,2.47648,0.376858,0,1,3,17,0.62
90.88,0.329998,0.214998,2.44102,0.345833,0,1,3,17,0.62
90.98,0.3325,0.215,2.4163,0.348195,0,1,3,17,0.62
91.08,0.3325,0.215,2.39874,0.325402,0,1,3,17,0.62
91.18,0.330001,0.219997,2.40549,0.304607,0,1,3,17,0.62
91.28,0.33,0.222499,2.42842,0.295225,0,1,3,17,0.62
91.38,0.327502,0.220002,2.44512,0.306626,0,1,3,17,0.62
91.48,0.325003,0.22,2.45769,0.280038,0,1,3,17,0.62
91.58,0.325,0.222498,2.44811,0.296361,0,1,3,17,0.62
91.68,0.325,0.220002,2.4238,0.317246,0,1,3,17,0.62
91.78,0.325,0.22,2.40884,0.340233,0,1,3,17,0.62
91.88,0.329995,0.217502,2.4001,0.341024,0,1,3,17,0.62
91.98,0.330001,0.220001,2.40072,0.324617,0,1,3,17,0.62
92.08,0.3325,0.224999,2.40758,0.304695,0,1,3,17,0.62
92.18,0.3325,0.225,2.42026,0.290716,0,1,3,17,0.62
92.28,0.3325,0.225,2.43679,0.287038,0,1,3,17,0.62
92.38,0.335,0.225,2.44596,0.306699,0,1,3,17,0.62
92.48,0.337499,0.225,2.44398,0.314963,0,1,3,17,0.62
92.58,0.3375,0.2275,2.45943,0.312155,0,1,3,17,0.62
92.68,0.3375,0.2275,2.48645,0.301834,0,1,3,17,0.62
92.78,0.335,0.2275,2.46735,0.2954,0,1,3,17,0.62
92.88,0.339998,0.2275,2.41758,0.307551,0,1,3,17,0.62
92.98,0.337501,0.2275,2.41118,0.315244,0,1,3,17,0.62
93.08,0.3375,0.2275,2.43358,0.311905,0,1,3,17,0.62
93.18,0.332505,0.2275,2.44631,0.326285,0,1,3,17,0.62
93.28,0.347491,0.225001,2.45259,0.332913,0,1,3,17,0.62
93.38,0.345002,0.225,2.45629,0.342001,0,1,3,17,0.62
93.48,0.342501,0.222501,2.45826,0.343787,0,1,3,17,0.62
93.58,0.339999,0.222499,2.46355,0.347896,0,1,3,17,0.62
93.68,0.335006,0.217506,2.47105,0.3729,0,1,3,17,0.62
93.78,0.335,0.2175,2.49045,0.377355,0,1,3,17,0.62
93.88,0.335,0.2175,2.51774,0.382415,0,1,3,17,0.62
93.98,0.335,0.215,2.5251,0.388226,0,1,3,17,0.62
94.08,0.335,0.215,2.51921,0.394761,0,1,3,17,0.62
94.18,0.337499,0.215,2.5087,0.400442,0,1,3,17,0.62
94.28,0.3375,0.215,2.4951,0.409383,0,1,3,17,0.62
94.38,0.335001,0.212501,2.48062,0.408584,0,1,3,17,0.62
94.48,0.337499,0.2125,2.46555,0.406704,0,1,3,17,0.62
94.58,0.339999,0.2125,2.46132,0.415394,0,1,3,17,0.62
94.68,0.34,0.2125,2.47344,0.41177,0,1,3,17,0.62
94.78,0.34,0.2125,2.46524,0.390025,0,1,3,17,0.62
94.88,0.34,0.2125,2.44352,0.388292,0,1,3,17,0.62
94.98,0.342499,0.2125,2.44068,0.396787,0,1,3,17,0.62
95.08,0.340002,0.2125,2.45043,0.400993,0,1,3,17,0.62
95.18,0.342499,0.2125,2.45237,0.426718,0,1,3,17,0.62
95.28,0.344999,0.210001,2.44912,0.42431,0,1,3,17,0.62
95.38,0.345,0.207501,2.45542,0.412518,0,1,3,17,0.62
95.48,0.345,0.207501,2.46807,0.405615,0,1,3,17,0.62
95.58,0.345,0.21,2.46053,0.40176,0,1,3,17,0.62
95.68,0.345,0.21,2.43954,0.431251,0,1,3,17,0.62
95.78,0.3475,0.2075,2.44342,0.437031,0,1,3,17,0.62
95.88,0.345002,0.205002,2.46384,0.433496,0,1,3,17,0.62
95.98,0.3475,0.205,2.47556,0.437774,0,1,3,18,0.62
96.08,0.3475,0.205,2.4815,0.445386,0,1,3,18,0.62
96.18,0.349998,0.205,2.46857,0.453566,0,1,3,18,0.62
96.28,0.347502,0.200005,2.44311,0.468586,0,1,3,18,0.62
96.38,0.345001,0.197501,2.43365,0.466791,0,1,3,18,0.6
96.48,0.345,0.1975,2.44837,0.474622,0,1,3,18,0.6
96.58,0.345,0.192504,2.45538,0.501746,0,1,3,18,0.6
96.68,0.347497,0.1925,2.45726,0.482486,0,1,3,18,0.6
96.78,0.3475,0.1925,2.4558,0.475251,0,1,3,18,0.6
96.88,0.3475,0.1925,2.4521,0.471814,0,1,3,18,0.6
96.98,0.3475,0.192499,2.45005,0.481682,0,1,3,18,0.6
97.08,0.3475,0.19,2.44909,0.48056,0,1,3,18,0.6
97.18,0.349999,0.19,2.44089,0.486377,0,1,3,18,0.6
97.28,0.347501,0.187501,2.42787,0.496149,0,1,3,18,0.6
97.38,0.344999,0.182499,2.42638,0.518493,0,1,3,18,0.6
97.48,0.3425,0.1775,2.43256,0.496637,0,1,3,18,0.6
97.58,0.3425,0.179997,2.42986,0.475142,0,1,3,18,0.6
97.68,0.3425,0.177503,2.42128,0.498117,0,1,3,18,0.6
97.78,0.34,0.18,2.4293,0.500095,0,1,3,18,0.6
97.88,0.337501,0.177501,2.44837,0.474407,0,1,3,18,0.6
97.98,0.327504,0.175001,2.46751,0.443309,0,1,3,18,0.6
98.08,0.3275,0.172502,2.48669,0.437908,0,1,3,18,0.6
98.18,0.332495,0.1725,2.45983,0.430961,0,1,3,18,0.6
98.28,0.3325,0.174999,2.4023,0.408831,0,1,3,18,0.6
98.38,0.330001,0.179999,2.43752,0.425887,0,1,3,18,0.6
98.48,0.3275,0.1775,2.53433,0.435703,0,1,3,18,0.6
98.58,0.329998,0.170005,2.53843,0.424963,0,1,3,18,0.6
98.68,0.334999,0.177498,2.4809,0.376618,0,1,3,18,0.6
98.78,0.335,0.18,2.47815,0.349126,0,1,3,18,0.6
98.88,0.332501,0.177501,2.51187,0.362017,0,1,3,18,0.6
98.98,0.324999,0.175001,2.53983,0.349706,0,1,3,18,0.6
99.08,0.315003,0.179998,2.56397,0.343495,0,1,3,18,0.6
99.18,0.319992,0.177504,2.52465,0.391988,0,1,3,18,0.6
99.28,0.317502,0.175002,2.44304,0.35869,0,1,3,18,0.6
99.38,0.310005,0.175,2.45971,0.364729,0,1,3,18,0.6
99.48,0.307501,0.170002,2.54158,0.388304,0,1,3,18,0.6
99.58,0.309998,0.172498,2.54564,0.377048,0,1,3,18,0.6
99.68,0.314995,0.1725,2.53028,0.390489,0,1,3,18,0.6
99.78,0.310001,0.174999,2.52768,0.377768,0,1,3,18,0.6
99.88,0.314996,0.170004,2.53357,0.385441,0,1,3,18,0.6
99.98,0.317499,0.172499,2.51292,0.363104,0,1,3,18,0.6
100.08,0.3175,0.174999,2.47463,0.350394,0,1,3,18,0.6
100.18,0.3175,0.175,2.47365,0.340549,0,1,3,18,0.6
100.28,0.329997,0.175,2.49752,0.345065,0,1,3,18,0.6
100.38,0.332498,0.177498,2.5147,0.313018,0,1,3,18,0.6
100.48,0.334998,0.179998,2.52177,0.309588,0,1,3,18,0.6
100.58,0.337499,0.1775,2.53583,0.328305,0,1,3,18,0.6
100.68,0.327506,0.1775,2.55452,0.316069,0,1,3,18,0.6
100.78,0.3275,0.175001,2.56565,0.337941,0,1,3,18,0.6
100.88,0.325002,0.175,2.57173,0.336198,0,1,3,18,0.6
100.98,0.322501,0.175,2.58347,0.336309,0,1,3,18,0.6
101.08,0.320001,0.172501,2.59896,0.353476,0,1,3,18,0.6
101.18,0.315006,0.1725,2.60688,0.338399,0,1,3,18,0.6
101.28,0.319996,0.1725,2.60974,0.372812,0,1,3,18,0.6
101.38,0.3125,0.1725,2.61366,0.34542,0,1,3,18,0.6
101.48,0.3125,0.1725,2.61828,0.346983,0,1,3,18,0.6
101.58,0.317499,0.1725,2.60064,0.325183,0,1,3,18,0.6
101.68,0.3175,0.174999,2.56821,0.3363,0,1,3,18,0.6
101.78,0.315,0.1725,2.57918,0.34377,0,1,3,18,0.6
101.88,0.317499,0.1725,2.61906,0.353358,0,1,3,18,0.6
101.98,0.3175,0.1725,2.62721,0.330829,0,1,3,18,0.6
102.08,0.3175,0.174998,2.61431,0.331986,0,1,3,18,0.6
102.18,0.315001,0.175,2.60491,0.34037,0,1,3,18,0.6
102.28,0.315,0.172501,2.59786,0.342702,0,1,3,18,0.6
102.38,0.317498,0.174998,2.60271,0.326761,0,1,3,18,0.6
102.48,0.319997,0.175,2.62552,0.345514,0,1,3,18,0.6
102.58,0.317501,0.172501,2.62029,0.35068,0,1,3,18,0.6
102.68,0.3175,0.174998,2.59643,0.324672,0,1,3,18,0.6
102.78,0.3175,0.175,2.58128,0.339232,0,1,3,18,0.6
102.88,0.315002,0.172502,2.57195,0.35241,0,1,3,18,0.6
102.98,0.315,0.175,2.55447,0.343277,0,1,3,18,0.6
103.08,0.317496,0.175,2.53159,0.314041,0,1,3,18,0.6
103.18,0.315002,0.177498,2.54214,0.31865,0,1,3,18,0.6
103.28,0.317499,0.1775,2.57494,0.323366,0,1,3,18,0.6
103.38,0.315002,0.175002,2.55397,0.332035,0,1,3,18,0.6
103.48,0.315,0.175,2.49725,0.320859,0,1,3,18,0.6
103.58,0.324997,0.177499,2.49827,0.312101,0,1,3,18,0.6
103.68,0.332499,0.1775,2.53768,0.316477,0,1,3,18,0.6
103.78,0.33,0.1775,2.55844,0.324921,0,1,3,18,0.6
103.88,0.325003,0.175002,2.56675,0.319613,0,1,3,18,0.6
103.98,0.322501,0.175,2.56534,0.318966,0,1,3,18,0.6
104.08,0.324998,0.177498,2.55746,0.325866,0,1,3,18,0.6
104.18,0.322502,0.175002,2.55488,0.341729,0,1,3,18,0.6
104.28,0.320002,0.175,2.55584,0.325387,0,1,3,18,0.6
104.38,0.317502,0.175,2.56654,0.313946,0,1,3,18,0.6
104.48,0.3175,0.177498,2.58372,0.320796,0,1,3,18,0.6
104.58,0.3175,0.175,2.57286,0.340245,0,1,3,18,0.6
104.68,0.3175,0.175,2.54338,0.330877,0,1,3,18,0.6
104.78,0.319999,0.175,2.54195,0.322978,0,1,3,18,0.6
104.88,0.317501,0.177499,2.55916,0.301029,0,1,3,18,0.6
104.98,0.3175,0.179999,2.58952,0.304417,0,1,3,18,0.6
105.08,0.315001,0.177501,2.62862,0.308711,0,1,3,18,0.6
105.18,0.317499,0.1775,2.60476,0.336447,0,1,3,18,0.6
105.28,0.315,0.175,2.53905,0.356969,0,1,3,18,0.6
105.38,0.315,0.177498,2.52689,0.31918,0,1,3,18,0.6
105.48,0.322494,0.179998,2.5503,0.293639,0,1,3,18,0.6
105.58,0.3225,0.182498,2.54835,0.271317,0,1,3,18,0.6
105.68,0.320002,0.1825,2.52954,0.278405,0,1,3,18,0.6
105.78,0.317501,0.1825,2.53458,0.282669,0,1,3,18,0.6
105.88,0.312504,0.180002,2.55553,0.30541,0,1,3,18,0.6
105.98,0.307504,0.18,2.57135,0.314088,0,1,3,18,0.6
106.08,0.305,0.18,2.58376,0.322076,0,1,3,18,0.6
106.18,0.307499,0.18,2.5735,0.320843,0,1,3,18,0.6
106.28,0.309998,0.18,2.54819,0.310212,0,1,3,18,0.6
106.38,0.315,0.1825,2.5331,0.280834,0,1,3,17,0.62
106.48,0.3175,0.185,2.52482,0.277021,0,1,3,17,0.62
106.58,0.3175,0.185,2.51719,0.279808,0,1,3,17,0.62
106.68,0.3175,0.187499,2.50998,0.281441,0,1,3,17,0.62
106.78,0.319999,0.184999,2.5275,0.297448,0,1,3,17,0.62
106.88,0.317501,0.182501,2.56148,0.315857,0,1,3,17,0.62
106.98,0.3175,0.1825,2.58354,0.325892,0,1,3,17,0.62
107.08,0.315002,0.1825,2.59767,0.317882,0,1,3,17,0.62
107.18,0.310005,0.187495,2.59167,0.292395,0,1,3,17,0.62
107.28,0.31,0.189999,2.57228,0.276378,0,1,3,17,0.62
107.38,0.31,0.19,2.56029,0.286908,0,1,3,17,0.62
107.48,0.31,0.187502,2.55323,0.288933,0,1,3,17,0.62
107.58,0.310001,0.177497,2.55514,0.293761,0,1,3,17,0.62
107.68,0.317497,0.145014,2.56303,0.297826,0,1,3,17,0.62
107.78,0.3175,0.0950045,2.56105,0.300568,0,1,3,17,0.62
107.88,0.282518,-0.112392,2.55249,0.201736,0,1,3,17,0.62
107.98,0.240003,-0.100001,2.55027,-0.00273313,0,1,3,17,0.62
108.08,0.220018,-0.0925066,2.55226,-0.159985,0,1,3,17,0.62
108.18,0.180025,-0.0775093,2.51322,-0.241407,0,1,3,17,0.62
108.28,0.172506,-0.0775,2.44689,-0.264647,0,1,3,17,0.62
108.38,0.1825,-0.0849998,2.33888,-0.23005,0,1,3,17,0.62
108.48,0.184999,-0.089998,2.16776,-0.189925,0,1,3,17,0.62
108.58,0.189997,-0.099993,2.03211,-0.145915,0,1,3,17,0.62
108.68,0.187502,-0.109992,1.92004,-0.12195,0,1,3,17,0.62
108.78,0.185,-0.114999,1.79158,-0.0997413,0,1,3,17,0.62
108.88,0.185,-0.127484,1.6522,-0.106629,0,1,3,17,0.62
108.98,0.214976,-0.1275,1.5507,-0.136675,0,1,3,17,0.62
109.08,0.242474,-0.132495,1.47447,-0.134658,0,1,3,17,0.62
109.18,0.24999,-0.134997,1.42747,-0.139373,0,1,3,17,0.62
109.28,0.259987,-0.135,1.39995,-0.118808,0,1,3,17,0.62
109.38,0.262499,-0.135,1.38215,-0.111142,0,1,3,17,0.62
109.48,0.2625,-0.1275,1.37079,-0.133917,0,1,3,17,0.62
109.58,0.257501,-0.1275,1.38894,-0.138936,0,1,3,17,0.62
109.68,0.259999,-0.1275,1.42672,-0.122378,0,1,3,17,0.62
109.78,0.264998,-0.1275,1.42447,-0.109402,0,1,3,17,0.62
109.88,0.260004,-0.122504,1.39556,-0.0943701,0,1,3,17,0.62
109.98,0.269998,-0.1225,1.41019,-0.0905234,0,1,3,17,0.62
110.08,0.247515,-0.120002,1.45379,-0.10395,0,1,3,17,0.62
110.18,0.242508,-0.117504,1.46711,-0.0987574,0,1,3,17,0.62
110.28,0.237504,-0.115002,1.46029,-0.0711792,0,1,3,17,0.62
110.38,0.2375,-0.115,1.46083,-0.0881263,0,1,3,17,0.62
110.48,0.220012,-0.110003,1.46626,-0.117466,0,1,3,17,0.62
110.58,0.224996,-0.11,1.46093,-0.116171,0,1,3,17,0.62
110.68,0.227497,-0.102509,1.44844,-0.120193,0,1,3,17,0.62
110.78,0.23,-0.1025,1.44107,-0.116821,0,1,3,17,0.62
110.88,0.227504,-0.1025,1.43712,-0.122969,0,1,3,17,0.62
110.98,0.2275,-0.1025,1.43884,-0.106499,0,1,3,17,0.62
111.08,0.225,-0.1025,1.44432,-0.0831646,0,1,3,17,0.62
111.18,0.220006,-0.1025,1.43871,-0.0641801,0,1,3,17,0.62
111.28,0.22,-0.1025,1.42572,-0.0624002,0,1,3,17,0.62
111.38,0.22,-0.100001,1.42658,-0.0865593,0,1,3,17,0.62
111.48,0.22,-0.0975005,1.43664,-0.104382,0,1,3,17,0.62
111.58,0.22,-0.092502,1.44377,-0.118391,0,1,3,17,0.62
111.68,0.222498,-0.0900021,1.44895,-0.10991,0,1,3,17,0.62
111.78,0.2225,-0.09,1.4353,-0.093938,0,1,3,17,0.62
111.88,0.2225,-0.0924972,1.4091,-0.0779704,0,1,3,17,0.62
111.98,0.2225,-0.0949989,1.39914,-0.0524726,0,1,3,17,0.62
112.08,0.220003,-0.0974974,1.39998,-0.0281453,0,1,3,17,0.62
112.18,0.217504,-0.0999963,1.40259,-0.00689704,0,1,3,17,0.62
112.28,0.215002,-0.1,1.40639,-0.0050251,0,1,3,17,0.62
112.38,0.217499,-0.0975005,1.41413,-0.0163322,0,1,3,17,0.62
112.48,0.215001,-0.0975,1.42449,-0.0254318,0,1,3,17,0.62
112.58,0.215,-0.0950008,1.44226,-0.0419692,0,1,3,17,0.62
112.68,0.215,-0.0925011,1.46495,-0.0433266,0,1,3,17,0.62
112.78,0.215,-0.0925,1.45019,-0.0444969,0,1,3,17,0.62
112.88,0.217499,-0.0925,1.41045,-0.0444862,0,1,3,17,0.62
112.98,0.2175,-0.0900003,1.38047,-0.0401614,0,1,3,17,0.62
113.08,0.2175,-0.0924974,1.35698,-0.0285907,0,1,3,17,0.62
113.18,0.197528,-0.0925,1.35366,-0.0317791,0,1,3,17,0.62
113.28,0.157529,-0.0949982,1.36377,-0.0273283,0,1,3,17,0.62
113.38,0.135017,-0.0999963,1.31986,-0.0258355,0,1,3,17,0.62
113.48,0.120009,-0.112493,1.24002,-0.0214425,0,1,3,17,0.62
113.58,0.112504,-0.117497,1.14962,-0.0236999,0,1,3,17,0.62
113.68,0.090022,-0.124993,1.0522,-0.027765,0,1,3,17,0.62
113.78,-0.124832,-0.122502,1.00333,-0.0520856,0,1,3,17,0.62
113.88,-0.172464,-0.115006,0.986899,-0.0839822,0,1,3,17,0.62
113.98,-0.194994,-0.110001,0.960857,-0.104593,0,1,3,17,0.62
114.08,-0.242452,-0.105005,0.928404,-0.094742,0,1,3,17,0.62
114.18,-0.282474,-0.107498,0.901856,-0.066512,0,1,3,17,0.62
114.28,-0.332488,-0.114998,0.87923,-0.03326,0,1,3,17,0.62
114.38,-0.354992,-0.112501,0.865907,-0.0754276,0,1,3,17,0.62
114.48,-0.402481,-0.0975058,0.866613,-0.143592,0,1,3,17,0.62
114.58,-0.4275,-0.0824998,0.847822,-0.167314,0,1,3,17,0.62
114.68,-0.425003,-0.0800029,0.816074,-0.166422,0,1,3,17,0.62
114.78,-0.422502,-0.0750034,0.794955,-0.173701,0,1,3,17,0.62
114.88,-0.417504,-0.0700038,0.780923,-0.172766,0,1,3,17,0.62
114.98,-0.412504,-0.0675019,0.765612,-0.157972,0,1,3,17,0.62
115.08,-0.405009,-0.069997,0.749451,-0.134524,0,1,3,17,0.62
115.18,-0.392512,-0.074995,0.709473,-0.108089,0,1,3,17,0.62
115.28,-0.387504,-0.075,0.653651,-0.0962313,0,1,3,17,0.62
115.38,-0.377507,-0.0725017,0.621277,-0.0925492,0,1,3,17,0.62
115.48,-0.367512,-0.0749969,0.604544,-0.0792724,0,1,3,17,0.62
115.58,-0.365001,-0.075,0.574147,-0.0914911,0,1,3,17,0.62
115.68,-0.365,-0.0675068,0.534651,-0.0989693,0,1,3,17,0.62
115.78,-0.3675,-0.0650001,0.531312,-0.102774,0,1,3,17,0.62
115.88,-0.372498,-0.0600016,0.552046,-0.121999,0,1,3,17,0.62
115.98,-0.374999,-0.0550018,0.531452,-0.153818,0,1,3,17,0.62
116.08,-0.377498,-0.0475051,0.483385,-0.148726,0,1,3,17,0.62
116.18,-0.382499,-0.0450005,0.486793,-0.154848,0,1,3,17,0.62
116.28,-0.3825,-0.0350042,0.524434,-0.190044,0,1,3,17,0.62
116.38,-0.380002,-0.027505,0.525988,-0.201031,0,1,3,17,0.62
116.48,-0.370008,-0.0250019,0.473018,-0.177206,0,1,3,17,0.62
116.58,-0.357506,-0.0324967,0.432998,-0.126129,0,1,3,17,0.62
116.68,-0.355002,-0.0349981,0.401572,-0.0970262,0,1,3,17,0.62
116.78,-0.345006,-0.035,0.392318,-0.104712,0,1,3,17,0.62
116.88,-0.340005,-0.027507,0.397838,-0.128622,0,1,3,17,0.62
116.98,-0.337502,-0.0225045,0.395535,-0.17322,0,1,3,17,0.62
117.08,-0.3375,-0.0100103,0.388021,-0.198567,0,1,3,17,0.62
117.18,-0.3375,-0.00250488,0.374862,-0.211245,0,1,3,17,0.62
117.28,-0.342497,-1.37514e-06,0.357952,-0.196117,0,1,3,17,0.62
117.38,-0.345,0,0.34395,-0.172001,0,1,3,17,0.62
117.48,-0.337501,0,0.331882,-0.153287,0,1,3,17,0.62
117.58,-0.330004,0,0.312437,-0.147382,0,1,3,17,0.62
117.68,-0.322506,0,0.288074,-0.12412,0,1,3,17,0.62
117.78,-0.315001,0,0.260113,-0.126554,0,1,3,17,0.62
117.88,-0.307507,0.0049952,0.229758,-0.161032,0,1,3,17,0.62
117.98,-0.302505,0.0199857,0.220876,-0.203567,0,1,3,17,0.62
118.08,-0.297505,0.0274918,0.226272,-0.233672,0,1,3,17,0.62
118.18,-0.295003,0.0374899,0.209757,-0.240909,0,1,3,17,0.62
118.28,-0.302495,0.042497,0.178644,-0.226813,0,1,3,17,0.62
118.38,-0.3025,0.0425,0.16339,-0.205961,0,1,3,17,0.62
118.48,-0.304998,0.0400019,0.172148,-0.187941,0,1,3,17,0.62
118.58,-0.297501,0.035001,0.170655,-0.163569,0,1,3,17,0.62
118.68,-0.29001,0.0300069,0.162332,-0.138784,0,1,3,17,0.62
118.78,-0.27249,0.0275005,0.142163,-0.133766,0,1,3,17,0.62
118.88,-0.225031,0.0299984,0.114095,-0.146962,0,1,3,17,0.62
118.98,-0.200008,0.0324992,0.121449,-0.185034,0,1,3,17,0.62
119.08,-0.152526,0.0424946,0.152365,-0.22813,0,1,3,17,0.62
119.18,-0.112518,0.0499967,0.169004,-0.261414,0,1,3,17,0.62
119.28,-2.25095e-06,0.0524999,0.176151,-0.261314,0,1,3,17,0.62
119.38,0,0.0500004,0.17237,-0.218861,0,1,3,17,0.62
119.48,0,0.0375097,0.161332,-0.15552,0,1,3,17,0.62
119.58,0,0.0225108,0.141632,-0.0974585,0,1,3,17,0.62
119.68,0,0.0125101,0.116174,-0.0594916,0,1,3,17,0.62
119.78,0,0.0100006,0.124174,-0.0614918,0,1,3,17,0.62
119.88,0,0.0149919,0.15448,-0.0940782,0,1,3,17,0.62
119.98,0,0.0249921,0.164939,-0.132203,0,1,3,17,0.62
120.08,0,0.0324934,0.162179,-0.164566,0,1,3,17,0.62
120.18,0,0.034997,0.158437,-0.173436,0,1,3,17,0.62
120.28,0,0.032501,0.154042,-0.157013,0,1,3,17,0.62
120.38,0,0.0249988,0.139639,-0.123592,0,1,3,17,0.62
120.48,0,0.0175049,0.110112,-0.0929994,0,1,3,17,0.62
120.58,0,0.015002,0.10432,-0.0750472,0,1,3,17,0.62
120.68,0,0.015,0.11433,-0.0663096,0,1,3,17,0.62
120.78,0,0.015,0.114225,-0.0716403,0,1,3,17,0.62
120.88,0,0.0174974,0.107387,-0.0952295,0,1,3,17,0.62
120.98,0,0.0224988,0.110496,-0.120725,0,1,3,17,0.62
121.08,0,0.0249982,0.120216,-0.126287,0,1,3,17,0.62
121.18,0,0.025,0.134622,-0.116017,0,1,3,17,0.62
121.28,0,0.0200029,0.15215,-0.106071,0,1,3,17,0.62
121.38,0,0.02,0.162067,-0.0921828,0,1,3,17,0.62
121.48,0,0.0150042,0.170075,-0.0670702,0,1,3,17,0.62
121.58,0,0.0125021,0.153089,-0.037599,0,1,3,17,0.62
121.68,0,0.0050069,0.11945,-0.0248525,0,1,3,17,0.62
121.78,0,0.005,0.118227,-0.0329297,0,1,3,17,0.62
121.88,0,0.00749813,0.138626,-0.0455733,0,1,3,17,0.62
121.98,0,0.0125,0.1457,-0.0509015,0,1,3,17,0.62
122.08,0,0.0125,0.143921,-0.0586255,0,1,3,17,0.62
122.18,0,0.0125,0.141402,-0.0617432,0,1,3,17,0.62
122.28,0,0.0100012,0.138389,-0.0409966,0,1,3,17,0.62
122.38,0,0.0050002,0.126897,-0.00652707,0,1,3,17,0.62
122.48,0,1.29971e-06,0.109768,0.0132708,0,1,3,17,0.62
122.58,0,-0.002499,0.106006,0.0043784,0,1,3,17,0.62
122.68,0,-2.4985e-06,0.111131,-0.0146084,0,1,3,17,0.62
122.78,0,0.0049951,0.137246,-0.0270388,0,1,3,17,0.62
122.88,0,0.00749738,0.177307,-0.0237664,0,1,3,17,0.62
122.98,0,0.00500143,0.177302,-0.0142868,0,1,3,17,0.62
123.08,0,0.00250197,0.150637,-0.0114532,0,1,3,17,0.62
123.18,0,2.42456e-06,0.148646,-0.0102186,0,1,3,17,0.62
123.28,0,0,0.163084,-0.00176407,0,1,3,17,0.62
123.38,0,0,0.150079,0.0137363,0,1,3,17,0.62
123.48,0,0,0.118741,0.0175385,0,1,3,17,0.62
123.58,0,2.49763e-07,0.117639,-0.000984463,0,1,3,17,0.62
123.68,0,0.0049955,0.136628,-0.0279824,0,1,3,17,0.62
123.78,0,0.00749837,0.145357,-0.0422775,0,1,3,17,0.62
123.88,0,0.0075,0.147248,-0.0328834,0,1,3,17,0.62
123.98,0,0.00250015,0.130832,-0.0102342,0,1,3,17,0.62
124.08,0,1.89861e-06,0.102227,0.0104888,0,1,3,17,0.62
124.18,0,0,0.122096,0.016854,0,1,3,17,0.62
124.28,0,0,0.1742,0.011405,0,1,3,17,0.62
124.38,0,0,0.164833,0.00775004,0,1,3,17,0.62
124.48,0,0,0.11453,0.00381067,0,1,3,17,0.62
124.58,0,0,0.0977677,-0.00656711,0,1,3,17,0.62
124.68,0,0.00249715,0.103327,-0.0171955,0,1,3,17,0.62
124.78,0,0.0025,0.109491,-0.0149187,0,1,3,17,0.62
124.88,0,0.0025,0.116058,-0.000783133,0,1,3,17,0.62
124.98,0,5.0047e-07,0.11685,0.011552,0,1,3,17,0.62
125.08,0,0,0.113804,0.00766297,0,1,3,17,0.62
125.18,0,0,0.113306,-0.00746,0,1,3,17,0.62
125.28,0,0.00249927,0.1145,-0.0206492,0,1,3,17,0.62
125.38,0,0.0025,0.125824,-0.0226845,0,1,3,17,0.62
125.48,0,0.00499878,0.143898,-0.02664,0,1,3,17,0.62
125.58,0,0.005,0.141508,-0.0415399,0,1,3,17,0.62
125.68,0,0.00999236,0.125501,-0.0531777,0,1,3,17,0.62
125.78,0,0.00750153,0.12409,-0.028643,0,1,3,17,0.62
125.88,0,6.89786e-06,0.132394,0.0132335,0,1,3,17,0.62
125.98,0,-0.00249912,0.12898,0.0141058,0,1,3,17,0.62
126.08,0,-1.77436e-06,0.117765,-0.0188777,0,1,3,17,0.62
126.18,0,0.00749288,0.125659,-0.0454893,0,1,3,17,0.62
126.28,0,0.00999992,0.146275,-0.0530366,0,1,3,17,0.62
126.38,0,0.01,0.163549,-0.0462037,0,1,3,17,0.62
126.48,0,0.0075011,0.17577,-0.0361577,0,1,3,17,0.62
126.58,0,0.00500085,0.179286,-0.0286186,0,1,3,17,0.62
126.68,0,0.005,0.177022,-0.0287653,0,1,3,17,0.62
126.78,0,0.005,0.157788,-0.032811,0,1,3,17,0.62
126.88,0,0.005,0.134291,-0.0314381,0,1,3,17,0.62
126.98,0,0.005,0.125328,-0.0243856,0,1,3,17,0.62
127.08,0,0.005,0.126035,-0.0193052,0,1,3,17,0.62
127.18,0,0.00250295,0.121131,-0.0252362,0,1,3,17,0.62
127.28,0,0.0049982,0.112492,-0.0413975,0,1,3,17,0.62
127.38,0,0.00749778,0.121801,-0.0493059,0,1,3,17,0.62
127.48,0,0.0075,0.143046,-0.0351562,0,1,3,17,0.62
127.58,0,0.00500098,0.156836,-0.01696,0,1,3,17,0.62
127.68,0,0.005,0.16566,-0.0217538,0,1,3,17,0.62
127.78,0,0.005,0.167029,-0.0431128,0,1,3,17,0.62
127.88,0,0.0099992,0.16343,-0.0625084,0,1,3,17,0.62
127.98,0,0.0124996,0.167133,-0.0646321,0,1,3,17,0.62
128.08,0,0.0100013,0.175685,-0.0529786,0,1,3,17,0.62
128.18,0,0.00750137,0.162163,-0.0396796,0,1,3,17,0.62
128.28,0,0.0050015,0.13396,-0.0332031,0,1,3,17,0.62
128.38,0,0.005,0.117455,-0.0335974,0,1,3,17,0.62
128.48,0,0.00749915,0.118586,-0.0319862,0,1,3,17,0.62
128.58,0,0.0075,0.127218,-0.0334449,0,1,3,17,0.62
128.68,0,0.00999925,0.140834,-0.0526408,0,1,3,17,0.62
128.78,0,0.0124989,0.149362,-0.0793094,0,1,3,17,0.62
128.88,0,0.0149977,0.1545,-0.0825238,0,1,3,17,0.62
128.98,0,0.0125013,0.153006,-0.0564249,0,1,3,17,0.62
129.08,0,0.0100014,0.147098,-0.0388877,0,1,3,17,0.62
129.18,0,0.00750195,0.157213,-0.0505512,0,1,3,17,0.62
129.28,0,0.0099975,0.178014,-0.0722328,0,1,3,17,0.62
129.38,0,0.0124985,0.170127,-0.0740478,0,1,3,18,0.62
129.48,0,0.0125,0.143149,-0.0589085,0,1,3,18,0.62
129.58,0,0.0125,0.133311,-0.0557554,0,1,3,18,0.62
129.68,0,0.0125,0.134864,-0.0631108,0,1,3,18,0.62
129.78,0,0.0125,0.135388,-0.0684881,0,1,3,18,0.62
129.88,0,0.0125,0.135227,-0.0712721,0,1,3,18,0.62
129.98,0,0.0149997,0.129408,-0.0759302,0,1,3,18,0.62
130.08,0,0.015,0.119829,-0.0821238,0,1,3,18,0.62
130.18,0,0.0174981,0.14176,-0.08236,0,1,3,18,0.62
130.28,0,0.0150007,0.184678,-0.0824157,0,1,3,18,0.62
130.38,0,0.015,0.194472,-0.0823413,0,1,3,18,0.6
130.48,0,0.015,0.18225,-0.0777315,0,1,3,18,0.6
130.58,0,0.0125019,0.171598,-0.0711444,0,0,3,18,0.6
130.68,0,4.50185e-06,0.161991,-0.062947,0,0,3,18,0.6
130.78,0,0,0.159387,-0.0555546,0,0,3,18,0.6
130.88,0,0,0.161444,-0.0554535,0,0,3,18,0.6
130.98,0,0,0.165171,-0.0603184,0,0,3,18,0.6
131.08,0,0,0.170009,-0.0696261,0,0,3,18,0.6
131.18,0,0,0.163585,-0.085022,0,0,3,18,0.6
131.28,0,0,0.149649,-0.088682,0,0,3,18,0.6
131.38,0,0,0.156481,-0.0682466,0,0,3,18,0.6
131.48,0,0,0.177107,-0.041261,0,0,3,18,0.6
131.58,0,0,0.172652,-0.0378086,0,0,3,18,0.6
131.68,0,0,0.151553,-0.0609027,0,0,3,18,0.6
131.78,0,0,0.133862,-0.0773685,0,0,3,18,0.6
131.88,0,0,0.118439,-0.0608304,0,0,3,18,0.6
131.98,0,0,0.133307,-0.0332313,0,0,3,17,0.6
132.08,0,0,0.168283,-0.0344104,0,0,3,17,0.6
132.18,0,0,0.157085,-0.066868,0,0,3,17,0.6
132.28,0,0,0.115162,-0.0904233,0,0,3,17,0.6
132.38,0,0,0.110875,-0.0770015,0,0,3,17,0.62
132.48,0,0,0.163401,-0.0403166,0,0,3,17,0.62
132.58,0,0,0.163806,-0.0175687,0,0,3,17,0.62
132.68,0,0,0.129692,-0.0373723,0,0,3,17,0.62
132.78,0,0,0.122034,-0.0737992,0,0,3,17,0.62
132.88,0,0,0.132031,-0.0765923,0,0,3,17,0.62
132.98,0,0,0.124803,-0.0380471,0,0,3,17,0.62
133.08,0,0,0.106161,-0.00702305,0,0,3,17,0.62
133.18,0,0,0.116495,-0.0255537,0,0,3,17,0.62
133.28,0,0,0.146094,-0.0708865,0,0,3,17,0.62
133.38,0,0,0.157487,-0.0918986,0,0,3,17,0.62
133.48,0,0,0.15682,-0.0703969,0,0,3,17,0.62
133.58,0,0,0.146161,-0.0329437,0,0,3,17,0.62
133.68,0,0,0.128889,-0.0203271,0,0,3,17,0.62
133.78,0,0,0.116594,-0.0335707,0,0,3,17,0.62
133.88,0,0,0.107601,-0.0519186,0,0,3,17,0.62
133.98,0,0,0.12081,-0.0576184,0,0,3,17,0.62
134.08,0,0,0.148715,-0.0568294,0,0,3,17,0.62
134.18,0,0,0.141506,-0.0586914,0,0,3,17,0.62
134.28,0,0,0.111046,-0.0570585,0,0,3,17,0.62
134.38,0,0,0.104537,-0.0494045,0,0,3,17,0.62
134.48,0,0,0.113916,-0.0425791,0,0,3,17,0.62
134.58,0,0,0.116699,-0.0567633,0,0,3,17,0.62
134.68,0,0,0.115114,-0.0782616,0,0,3,17,0.62
134.78,0,0,0.113164,-0.0716478,0,0,3,16,0.62
134.88,0,0,0.110972,-0.0429661,0,0,3,16,0.62
134.98,0,0,0.120346,-0.0340453,0,0,3,16,0.62
135.08,0,0,0.132599,-0.0637411,0,0,3,16,0.62
135.18,0,0,0.133563,-0.0934234,0,0,3,16,0.62
135.28,0,0,0.127051,-0.0842494,0,0,3,16,0.62
135.38,0,0,0.132603,-0.0499911,0,0,3,16,0.64
135.48,0,0,0.146153,-0.0354627,0,0,3,16,0.64
135.58,0,0,0.148034,-0.0539213,0,0,3,16,0.64
135.68,0,0,0.142169,-0.0860217,0,0,3,16,0.64
135.78,0,0,0.145328,-0.104618,0,0,3,16,0.64
135.88,0,0,0.154467,-0.0890648,0,0,3,16,0.64
135.98,0,0,0.164906,-0.0513534,0,0,3,16,0.64
136.08,0,0,0.176207,-0.0243007,0,0,3,16,0.64
136.18,0,0,0.153002,-0.0331204,0,0,3,16,0.64
136.28,0,0,0.106922,-0.0634277,0,0,3,16,0.64
136.38,0,0,0.0830354,-0.0845796,0,0,3,16,0.64
136.48,0,0,0.0738425,-0.0812502,0,0,3,16,0.64
136.58,0,0,0.106413,-0.0587123,0,0,3,16,0.64
136.68,0,0,0.166662,-0.0392854,0,0,3,16,0.64
136.78,0,0,0.163807,-0.0386064,0,0,3,16,0.64
136.88,0,0,0.11914,-0.0524107,0,0,3,16,0.64
136.98,0,0,0.107763,-0.0629258,0,0,3,16,0.64
137.08,0,0,0.11849,-0.0498151,0,0,3,16,0.64
137.18,0,0,0.133846,-0.0264955,0,0,3,16,0.64
137.28,0,0,0.152278,-0.0273965,0,0,3,16,0.64
137.38,0,0,0.14029,-0.0685958,0,0,3,16,0.64
137.48,0,0,0.108143,-0.106019,0,0,3,16,0.64
137.58,0,0,0.10814,-0.0855125,0,0,3,16,0.64
137.68,0,0,0.129421,-0.0294665,0,0,3,16,0.64
137.78,0,0,0.140138,-0.00797147,0,0,3,16,0.64
137.88,0,0,0.143851,-0.035195,0,0,3,16,0.64
137.98,0,0,0.138019,-0.067588,0,0,3,16,0.64
138.08,0,0,0.125862,-0.0704803,0,0,3,16,0.64
138.18,0,0,0.136069,-0.0538112,0,0,3,16,0.64
138.28,0,0,0.161098,-0.0556741,0,0,3,16,0.64
138.38,0,0,0.169613,-0.0750241,0,0,3,16,0.64
138.48,0,0,0.153259,-0.0834608,0,0,3,16,0.64
138.58,0,0,0.150669,-0.0691263,0,0,3,17,0.64
138.68,0,0,0.157224,-0.0576938,0,0,3,17,0.64
138.78,0,0,0.154349,-0.0563368,0,0,3,17,0.64
138.88,0,0,0.145209,-0.0578947,0,0,3,17,0.64
138.98,0,0,0.14242,-0.0614315,0,0,3,17,0.64
139.08,0,0,0.141212,-0.0662021,0,0,3,17,0.64
139.18,0,0,0.153706,-0.0826621,0,0,3,17,0.64
139.28,0,0,0.175276,-0.089027,0,0,3,17,0.64
139.38,0,0,0.158169,-0.075839,0,0,3,17,0.62
139.48,0,0,0.115435,-0.0515363,0,0,3,17,0.62
139.58,0,0,0.123031,-0.0326191,0,0,3,17,0.62
139.68,0,0,0.163949,-0.0466088,0,0,3,17,0.62
139.78,0,0,0.166199,-0.070192,0,0,3,17,0.62
139.88,0,0,0.142786,-0.0677824,0,0,3,17,0.62
139.98,0,0,0.128945,-0.0469558,0,0,3,17,0.62
140.08,0,0,0.121449,-0.0357713,0,0,3,17,0.62
140.18,0,0,0.126378,-0.0471144,0,0,3,18,0.62
140.28,0,0,0.13956,-0.0641192,0,0,3,18,0.62
140.38,0,0,0.156552,-0.0578599,0,0,3,18,0.6
140.48,0,0,0.176064,-0.0322511,0,0,3,18,0.6
140.58,0,0,0.161548,-0.0199884,0,0,3,18,0.6
140.68,0,0,0.124448,-0.0344428,0,0,3,18,0.6
140.78,0,0,0.124022,-0.0616991,0,0,3,18,0.6
140.88,0,0,0.147908,-0.0739217,0,0,3,18,0.6
140.98,0,0,0.14803,-0.059933,0,0,3,18,0.6
141.08,0,0,0.132427,-0.0457055,0,0,3,18,0.6
141.18,0,0,0.140848,-0.0422358,0,0,3,18,0.6
141.28,0,0,0.16518,-0.0468779,0,0,3,18,0.6
141.38,0,0,0.165698,-0.050345,0,0,3,18,0.6
141.48,0,0,0.150445,-0.0450228,0,0,3,18,0.6
141.58,0,0,0.158018,-0.0492944,0,0,3,18,0.6
141.68,0,0,0.180709,-0.0696092,0,0,3,18,0.6
141.78,0,0,0.183664,-0.0804499,0,0,3,18,0.6
141.88,0,0,0.173495,-0.0817206,0,0,3,18,0.6
141.98,0,0,0.171996,-0.0724103,0,0,3,18,0.6
142.08,0,0,0.176234,-0.0588944,0,0,3,18,0.6
142.18,0,0,0.17285,-0.0530632,0,0,3,18,0.6
142.28,0,0,0.164409,-0.0531291,0,0,3,18,0.6
142.38,0,0,0.152167,-0.0613978,0,0,3,18,0.6
142.48,0,0,0.137408,-0.0716646,0,0,3,18,0.6
142.58,0,0,0.164095,-0.0704422,0,0,3,18,0.6
142.68,0,0,0.218302,-0.0645723,0,0,3,18,0.6
142.78,0,0,0.223852,-0.0595191,0,0,3,18,0.6
142.88,0,0,0.197107,-0.0487448,0,0,3,18,0.6
142.98,0,0,0.180224,-0.044742,0,0,3,18,0.6
143.08,0,0,0.169869,-0.0347713,0,0,3,18,0.6
143.18,0,0,0.155373,-0.00987469,0,0,3,18,0.6
143.28,0,0,0.138128,-0.00867278,0,0,3,18,0.6
143.38,0,0,0.138013,-0.0294657,0,0,3,18,0.6
143.48,0,0,0.149281,-0.0464337,0,0,3,18,0.6
143.58,0,0,0.163961,-0.0405311,0,0,3,18,0.6
143.68,0,0,0.180902,-0.0198608,0,0,3,18,0.6
143.78,0,0,0.163814,-0.00598071,0,0,3,18,0.6
143.88,0,0,0.124117,0.00976678,0,0,3,18,0.6
143.98,0,0,0.132131,0.0188959,0,0,3,18,0.6
144.08,0,0,0.171761,-0.00680046,0,0,3,18,0.6
144.18,0,0,0.173314,-0.0426639,0,0,3,18,0.6
144.28,0,0,0.149644,-0.0368265,0,0,3,18,0.6
144.38,0,0,0.139217,0.00499814,0,0,3,18,0.6
144.48,0,0,0.148739,0.0229839,0,0,3,18,0.6
144.58,0,0,0.150519,0.00469469,0,0,3,18,0.6
144.68,0,0,0.147173,-0.0074674,0,0,3,18,0.6
144.78,0,0,0.151288,0.0129938,0,0,3,18,0.6
144.88,0,0,0.160373,0.0416569,0,0,3,18,0.6
144.98,0,0,0.156643,0.0527436,0,0,3,18,0.6
145.08,0,0,0.144397,0.0400805,0,0,3,18,0.6
145.18,0,0,0.157799,0.015143,0,0,3,18,0.6
145.28,0,0,0.188191,0.00894317,0,0,3,18,0.6
145.38,0,0,0.17611,0.0277022,0,0,3,18,0.6
145.48,0,0,0.135889,0.0566068,0,0,3,18,0.6
145.58,0,0,0.135837,0.0780297,0,0,3,18,0.6
145.68,0,0,0.162416,0.069369,0,0,3,18,0.6
145.78,0,0,0.159072,0.0371507,0,0,3,18,0.6
145.88,0,0,0.13589,0.0202973,0,0,3,18,0.6
145.98,0,0,0.137354,0.0328781,0,0,3,18,0.6
146.08,0,0,0.155156,0.0588998,0,0,3,18,0.6
146.18,0,0,0.165045,0.0735894,0,0,3,18,0.6
146.28,0,0,0.169693,0.0661424,0,0,3,18,0.6
146.38,0,0,0.177665,0.0603706,0,0,3,17,0.62
146.48,0,0,0.187846,0.0572529,0,0,3,17,0.62
146.58,0,0,0.168756,0.0381446,0,0,3,17,0.62
146.68,0,0,0.130291,0.019916,0,0,3,17,0.62
146.78,0,0,0.137797,0.0321371,0,0,3,17,0.62
146.88,0,0,0.17581,0.0579982,0,0,3,17,0.62
146.98,0,0,0.188129,0.0698628,0,0,3,17,0.62
147.08,0,0,0.183422,0.0605198,0,0,3,17,0.62
147.18,0,0,0.207849,0.0529537,0,0,3,17,0.62
147.28,0,0,0.239535,0.0470566,0,0,3,17,0.62
147.38,0,0,0.21713,0.0351657,0,0,3,17,0.62
147.48,0,0,0.158894,0.0395091,0,0,3,17,0.62
147.58,0,0,0.149534,0.0642462,0,0,3,17,0.62
147.68,0,0,0.172536,0.0772142,0,0,3,17,0.62
147.78,0,0,0.183056,0.0652721,0,0,3,17,0.62
147.88,0,0,0.185301,0.0537503,0,0,3,17,0.62
147.98,0,0,0.169293,0.0585341,0,0,3,17,0.62
148.08,0,0,0.141173,0.059738,0,0,3,17,0.62
148.18,0,0,0.129121,0.0339685,0,0,3,17,0.62
148.28,0,0,0.127706,0.0223847,0,0,3,17,0.62
148.38,0,0,0.158891,0.0539325,0,0,3,17,0.62
148.48,0,0,0.21169,0.0829266,0,0,3,17,0.62
148.58,0,0,0.238542,0.0739068,0,0,3,17,0.62
148.68,0,0,0.248215,0.0431876,0,0,3,17,0.62
148.78,0,0,0.22405,0.0388989,0,0,3,17,0.62
148.88,0,0,0.177424,0.0563068,0,0,3,17,0.62
148.98,0,0,0.17742,0.0527021,0,0,3,17,0.62
149.08,0,0,0.208254,0.0392964,0,0,3,17,0.62
149.18,0,0,0.209183,0.0454987,0,0,3,17,0.62
149.28,0,0,0.190308,0.0637856,0,0,3,17,0.62
149.38,0,0,0.181367,0.0567057,0,0,3,17,0.62
149.48,0,0,0.179003,0.0325868,0,0,3,17,0.62
149.58,0,0,0.182343,0.0327986,0,0,3,17,0.62
149.68,0,0,0.189475,0.054917,0,0,3,17,0.62
149.78,0,0,0.188501,0.0581829,0,0,3,17,0.62
149.88,0,0,0.182156,0.0400784,0,0,3,17,0.62
149.98,0,0,0.165479,0.0298937,0,0,3,17,0.62
150.08,0,0,0.141955,0.0316573,0,0,3,17,0.62
150.18,0,0,0.149047,0.0393374,0,0,3,17,0.62
150.28,0,0,0.176443,0.0496823,0,0,3,17,0.62
150.38,0,0,0.181932,0.0476029,0,0,3,17,0.62
150.48,0,0,0.154379,0.0313571,0,0,3,17,0.62
150.58,0,0,0.150568,0.027481,0,0,3,17,0.62
150.68,0,0,0.162506,0.0494318,0,0,3,17,0.62
150.78,0,0,0.176165,0.067547,0,0,3,17,0.62
150.88,0,0,0.190966,0.0504765,0,0,3,17,0.62
150.98,0,0,0.177487,0.0179922,0,0,3,17,0.62
151.08,0,0,0.145267,0.00736042,0,0,3,17,0.62
151.18,0,0,0.152686,0.0300809,0,0,3,17,0.62
151.28,0,0,0.186455,0.0564557,0,0,3,17,0.62
151.38,0,0,0.170136,0.0670692,0,0,3,17,0.62
151.48,0,0,0.120661,0.0547247,0,0,3,17,0.62
151.58,0,0,0.141135,0.0203651,0,0,3,17,0.62
151.68,0,0,0.20791,-0.00641539,0,0,3,17,0.62
151.78,0,0,0.202387,0.0100772,0,0,3,17,0.62
151.88,0,0,0.148887,0.0495369,0,0,3,17,0.62
151.98,0,0,0.142789,0.0640734,0,0,3,17,0.62
152.08,0,0,0.168071,0.0381453,0,0,3,17,0.62
152.18,0,0,0.162279,0.000382269,0,0,3,17,0.62
152.28,0,0,0.135851,-0.00474641,0,0,3,17,0.62
152.38,0,0,0.125483,0.0249875,0,0,3,17,0.62
152.48,0,0,0.139295,0.0470001,0,0,3,17,0.62
152.58,0,0,0.142722,0.0408677,0,0,3,17,0.62
152.68,0,0,0.139259,0.0248637,0,0,3,17,0.62
152.78,0,0,0.1458,0.00394372,0,0,3,17,0.62
152.88,0,0,0.15899,-0.000360425,0,0,3,17,0.62
152.98,0,0,0.161879,0.0276401,0,0,3,17,0.62
153.08,0,0,0.157942,0.0530626,0,0,3,17,0.62
153.18,0,0,0.144551,0.0431945,0,0,3,17,0.62
153.28,0,0,0.124888,0.0119264,0,0,3,17,0.62
153.38,0,0,0.150704,-0.00679582,0,0,3,17,0.62
153.48,0,0,0.206683,0.00413315,0,0,3,17,0.62
153.58,0,0,0.207619,0.0295587,0,0,3,17,0.62
153.68,0,0,0.172116,0.0426523,0,0,3,17,0.62
153.78,0,0,0.153158,0.032576,0,0,3,17,0.62
153.88,0,0,0.145181,0.0127132,0,0,3,17,0.62
153.98,0,0,0.152463,0.00156333,0,0,3,17,0.62
154.08,0,0,0.169846,-0.000601917,0,0,3,17,0.62
154.18,0,0,0.180649,0.0016758,0,0,3,17,0.62
154.28,0,0,0.187082,0.0050901,0,0,3,17,0.62
154.38,0,0,0.191436,0.0175461,0,0,3,17,0.62
154.48,0,0,0.194415,0.0307767,0,0,3,17,0.62
154.58,0,0,0.173529,0.019176,0,0,3,17,0.62
154.68,0,0,0.136828,-0.00258483,0,0,3,17,0.62
154.78,0,0,0.127268,-0.00546543,0,0,3,17,0.62
154.88,0,0,0.135718,0.00020032,0,0,3,17,0.62
154.98,0,0,0.13135,0.00375106,0,0,3,17,0.62
155.08,0,0,0.118485,0.0125453,0,0,3,17,0.62
155.18,0,0,0.138078,0.0239971,0,0,3,17,0.62
155.28,0,0,0.179176,0.0104133,0,0,3,17,0.62
155.38,0,0,0.177955,-0.0262379,0,0,3,17,0.62
155.48,0,0,0.14867,-0.0355346,0,0,3,17,0.62
155.58,0,0,0.138124,-0.00397415,0,0,3,17,0.62
155.68,0,0,0.139987,0.0218273,0,0,3,17,0.62
155.78,0,0,0.16604,0.0083658,0,0,3,17,0.62
155.88,0,0,0.208173,-0.0176865,0,0,3,17,0.62
155.98,0,0,0.193355,-0.0200531,0,0,3,17,0.62
156.08,0,0,0.140801,-0.0135732,0,0,3,17,0.62
156.18,0,0,0.127652,-0.0090875,0,0,3,16,0.62
156.28,0,0,0.140619,0.00186457,0,0,3,16,0.62
156.38,0,0,0.160595,0.0160596,0,0,3,16,0.64
156.48,0,0,0.191103,0.0100975,0,0,3,16,0.64
156.58,0,0,0.193892,-0.0226526,0,0,3,16,0.64
156.68,0,0,0.178351,-0.0319941,0,0,3,16,0.64
156.78,0,0,0.164436,0.00392033,0,0,3,16,0.64
156.88,0,0,0.151599,0.0332262,0,0,3,16,0.64
156.98,0,0,0.170869,0.0198355,0,0,3,17,0.64
157.08,0,0,0.211396,-0.00500939,0,0,3,17,0.64
157.18,0,0,0.212129,-0.00391652,0,0,3,17,0.64
157.28,0,0,0.186476,0.00250068,0,0,3,17,0.64
157.38,0,0,0.185895,-0.000192432,0,0,3,17,0.62
157.48,0,0,0.201979,0.0121756,0,0,3,17,0.62
157.58,0,0,0.183949,0.0337378,0,0,3,17,0.62
157.68,0,0,0.143332,0.0256158,0,0,3,17,0.62
157.78,0,0,0.135563,-0.00715741,0,0,3,17,0.62
157.88,0,0,0.149592,-0.00848736,0,0,3,17,0.62
157.98,0,0,0.14535,0.025876,0,0,3,17,0.62
158.08,0,0,0.128964,0.0512919,0,0,3,17,0.62
158.18,0,0,0.133734,0.0464593,0,0,3,17,0.62
158.28,0,0,0.152537,0.0276551,0,0,3,17,0.62
158.38,0,0,0.163645,0.00951969,0,0,3,17,0.62
158.48,0,0,0.169654,0.00790484,0,0,3,17,0.62
158.58,0,0,0.18019,0.0298817,0,0,3,17,0.62
158.68,0,0,0.193723,0.0552519,0,0,3,17,0.62
158.78,0,0,0.186293,0.057028,0,0,3,17,0.62
158.88,0,0,0.164945,0.0309649,0,0,3,17,0.62
158.98,0,0,0.168559,0.00792246,0,0,3,17,0.62
159.08,0,0,0.18878,0.00846293,0,0,3,17,0.62
159.18,0,0,0.190408,0.023302,0,0,3,17,0.62
159.28,0,0,0.179714,0.0334622,0,0,3,17,0.62
159.38,0,0,0.16828,0.0255881,0,0,3,17,0.62
159.48,0,0,0.156358,0.00852856,0,0,3,17,0.62
159.58,0,0,0.152307,-0.00924427,0,0,3,17,0.62
159.68,0,0,0.153476,-0.0137123,0,0,3,17,0.62
159.78,0,0,0.158971,0.000414896,0,0,3,17,0.62
159.88,0,0,0.167336,0.0100294,0,0,3,17,0.62
159.98,0,0,0.159599,0.00255706,0,0,3,17,0.62
160.08,0,0,0.141182,-0.0157947,0,0,3,17,0.62
160.18,0,0,0.139726,-0.0219205,0,0,3,17,0.62
160.28,0,0,0.149505,-0.00735806,0,0,3,17,0.62
160.38,0,0,0.164897,-0.00437553,0,0,3,17,0.62
160.48,0,0,0.184015,-0.0178831,0,0,3,17,0.62
160.58,0,0,0.185737,-0.0200471,0,0,3,17,0.62
160.68,0,0,0.175924,-0.0110671,0,0,3,17,0.62
160.78,0,0,0.180076,-0.0162689,0,0,3,17,0.62
160.88,0,0,0.193487,-0.0320658,0,0,3,17,0.62
160.98,0,0,0.197536,-0.0379342,0,0,3,17,0.62
161.08,0,0,0.195386,-0.0298445,0,0,3,17,0.62
161.18,0,0,0.186278,-0.0162347,0,0,3,17,0.62
161.28,0,0,0.1667,-0.00224522,0,0,3,17,0.62
161.38,0,0,0.166584,-0.0097375,0,0,3,17,0.62
161.48,0,0,0.17935,-0.0399683,0,0,3,17,0.62
161.58,0,0,0.181162,-0.0561976,0,0,3,17,0.62
161.68,0,0,0.175712,-0.0326506,0,0,3,17,0.62
161.78,0,0,0.169388,-0.010431,0,0,3,17,0.62
161.88,0,0,0.162485,-0.0183564,0,0,3,17,0.62
161.98,0,0,0.158738,-0.0342703,0,0,3,18,0.62
162.08,0,0,0.157086,-0.0499215,0,0,3,18,0.62
162.18,0,0,0.148771,-0.0414016,0,0,3,17,0.62
162.28,0,0,0.13602,-0.011749,0,0,3,17,0.62
162.38,0,0,0.136576,-0.00797869,0,0,3,18,0.6
162.48,0,0,0.157138,-0.0384339,0,0,3,18,0.6
162.58,0,0,0.172911,-0.0716729,0,0,3,18,0.6
162.68,0,0,0.185516,-0.0688208,0,0,3,18,0.6
162.78,0,0,0.186989,-0.0351047,0,0,3,18,0.6
162.88,0,0,0.181068,-0.0200149,0,0,3,18,0.6
162.98,0,0,0.166721,-0.0344094,0,0,3,18,0.6
163.08,0,0,0.146791,-0.0595788,0,0,3,18,0.6
163.18,0,0,0.142901,-0.069743,0,0,3,18,0.6
163.28,0,0,0.149655,-0.0511075,0,0,3,18,0.6
163.38,0,0,0.173549,-0.0347036,0,0,3,17,0.62
163.48,0,0,0.20879,-0.0417884,0,0,3,17,0.62
163.58,0,0,0.186477,-0.0641669,0,0,3,17,0.62
163.68,0,0,0.125971,-0.0689044,0,0,3,17,0.62
163.78,0,0,0.145262,-0.0479832,0,0,3,17,0.62
163.88,0,0,0.217676,-0.0315268,0,0,3,17,0.62
163.98,0,0,0.208603,-0.0393947,0,0,3,17,0.62
164.08,0,0,0.145547,-0.0570528,0,0,3,17,0.62
164.18,0,0,0.13767,-0.0607064,0,0,3,17,0.62
164.28,0,0,0.166357,-0.0467873,0,0,3,17,0.62
164.38,0,0,0.175168,-0.0362808,0,0,3,17,0.62
164.48,0,0,0.170806,-0.0356509,0,0,3,17,0.62
164.58,0,0,0.157081,-0.0402714,0,0,3,17,0.62
164.68,0,0,0.137155,-0.0595606,0,0,3,17,0.62
164.78,0,0,0.138293,-0.0707612,0,0,3,17,0.62
164.88,0,0,0.153424,-0.0520598,0,0,3,17,0.62
164.98,0,0,0.173241,-0.0256643,0,0,3,17,0.62
165.08,0,0,0.19616,-0.0208496,0,0,3,17,0.62
165.18,0,0,0.17881,-0.0402061,0,0,3,17,0.62
165.28,0,0,0.134738,-0.0641865,0,0,3,17,0.62
165.38,0,0,0.131802,-0.0642321,0,0,3,17,0.62
165.48,0,0,0.156119,-0.0370697,0,0,3,17,0.62
165.58,0,0,0.167904,-0.0184036,0,0,3,17,0.62
165.68,0,0,0.171398,-0.0294968,0,0,3,17,0.62
165.78,0,0,0.168289,-0.0574525,0,0,3,17,0.62
165.88,0,0,0.1608,-0.0725599,0,0,3,17,0.62
165.98,0,0,0.141634,-0.0609559,0,0,3,17,0.62
166.08,0,0,0.114725,-0.0405177,0,0,3,17,0.62
166.18,0,0,0.140169,-0.0303518,0,0,3,17,0.62
166.28,0,0,0.200307,-0.039254,0,0,3,17,0.62
166.38,0,0,0.195971,-0.0662197,0,0,3,17,0.62
166.48,0,0,0.148926,-0.0716805,0,0,3,17,0.62
166.58,0,0,0.146567,-0.0519746,0,0,3,17,0.62
166.68,0,0,0.173829,-0.0393521,0,0,3,17,0.62
166.78,0,0,0.195144,-0.0420366,0,0,3,17,0.62
166.88,0,0,0.212505,-0.0567117,0,0,3,17,0.62
166.98,0,0,0.182962,-0.0700254,0,0,3,17,0.62
167.08,0,0,0.122367,-0.0616333,0,0,3,17,0.62
167.18,0,0,0.134259,-0.0464538,0,0,3,17,0.62
167.28,0,0,0.194144,-0.0477818,0,0,3,17,0.62
167.38,0,0,0.200856,-0.0621705,0,0,3,17,0.62
167.48,0,0,0.17236,-0.0775079,0,0,3,17,0.62
167.58,0,0,0.161124,-0.0654176,0,0,3,17,0.62
167.68,0,0,0.16131,-0.0318618,0,0,3,17,0.62
167.78,0,0,0.157184,-0.023015,0,0,3,17,0.62
167.88,0,0,0.150196,-0.0490181,0,0,3,17,0.62
167.98,0,0,0.153695,-0.0687179,0,0,3,17,0.62
168.08,0,0,0.164144,-0.0524901,0,0,3,17,0.62
168.18,0,0,0.179854,-0.0272411,0,0,3,18,0.62
168.28,0,0,0.199053,-0.0274242,0,0,3,18,0.62
168.38,0,0,0.192411,-0.0464866,0,0,3,18,0.6
168.48,0,0,0.146923,-0.0634975,0,0,3,18,0.6
168.58,0,0,0.133007,-0.0612389,0,0,3,18,0.6
168.68,0,0,0.139982,-0.0441726,0,0,3,18,0.6
168.78,0,0,0.151505,-0.0354612,0,0,3,18,0.6
168.88,0,0,0.166044,-0.0451635,0,0,3,18,0.6
168.98,0,0,0.164694,-0.0583842,0,0,3,18,0.6
169.08,0,0,0.152801,-0.0621522,0,0,3,18,0.6
169.18,0,0,0.170342,-0.0548105,0,0,3,18,0.6
169.28,0,0,0.207387,-0.0473618,0,0,3,18,0.6
169.38,0,0,0.201388,-0.0621894,0,0,3,18,0.6
169.48,0,0,0.166847,-0.0763766,0,0,3,18,0.6
169.58,0,0,0.172803,-0.0572329,0,0,3,18,0.6
169.68,0,0,0.205611,-0.0316328,0,0,3,18,0.6
169.78,0,0,0.193395,-0.0426126,0,0,3,18,0.6
169.88,0,0,0.151256,-0.0688598,0,0,3,18,0.6
169.98,0,0,0.128996,-0.0694601,0,0,3,18,0.6
170.08,0,0,0.119907,-0.0574662,0,0,3,18,0.6
170.18,0,0,0.141476,-0.0500315,0,0,3,18,0.6
170.28,0,0,0.183368,-0.0378444,0,0,3,18,0.6
170.38,0,0,0.191165,-0.0208596,0,0,3,18,0.6
170.48,0,0,0.176372,-0.0268097,0,0,3,18,0.6
170.58,0,0,0.154315,-0.0642487,0,0,3,18,0.6
170.68,0,0,0.127438,-0.0788593,0,0,3,18,0.6
170.78,0,0,0.148923,-0.0440511,0,0,3,18,0.6
170.88,0,0,0.202453,-0.0100608,0,0,3,18,0.6
170.98,0,0,0.200583,-0.0243826,0,0,3,18,0.6
171.08,0,0,0.162007,-0.0698137,0,0,3,18,0.6
171.18,0,0,0.150848,-0.0819485,0,0,3,18,0.6
171.28,0,0,0.157858,-0.0471562,0,0,3,18,0.6
171.38,0,0,0.173142,-0.0222183,0,0,3,18,0.6
171.48,0,0,0.193922,-0.0302974,0,0,3,18,0.6
171.58,0,0,0.196323,-0.0591115,0,0,3,18,0.6
171.68,0,0,0.186555,-0.0773244,0,0,3,18,0.6
171.78,0,0,0.178765,-0.066398,0,0,3,18,0.6
171.88,0,0,0.172287,-0.0561547,0,0,3,18,0.6
171.98,0,0,0.179596,-0.0471722,0,0,3,18,0.6
172.08,0,0,0.196039,-0.0501236,0,0,3,18,0.6
172.18,0,0,0.189427,-0.0714566,0,0,3,18,0.6
172.28,0,0,0.148159,-0.0889281,0,0,3,18,0.6
172.38,0,0,0.148132,-0.0954031,0,0,3,18,0.6
172.48,0,0,0.2104,-0.0843321,0,0,3,18,0.6
172.58,0,0,0.212269,-0.0637087,0,0,3,18,0.6
172.68,0,0,0.174201,-0.057983,0,0,3,18,0.6
172.78,0,0,0.173515,-0.0733455,0,0,3,18,0.6
172.88,0,0,0.197619,-0.0951195,0,0,3,18,0.6
172.98,0,0,0.20589,-0.099719,0,0,3,18,0.6
173.08,0,0,0.20364,-0.0833955,0,0,3,18,0.6
173.18,0,0,0.179888,-0.0663586,0,0,3,18,0.6
173.28,0,0,0.141896,-0.0687236,0,0,3,18,0.6
173.38,0,0,0.148724,-0.0875994,0,0,3,18,0.6
173.48,0,0,0.18526,-0.100997,0,0,3,18,0.6
173.58,0,0,0.190425,-0.0974874,0,0,3,18,0.6
173.68,0,0,0.174828,-0.0808994,0,0,3,18,0.6
173.78,0,0,0.173267,-0.0612768,0,0,3,18,0.6
173.88,0,0,0.181036,-0.0626805,0,0,3,18,0.6
173.98,0,0,0.182208,-0.0856576,0,0,3,18,0.6
174.08,0,0,0.179006,-0.0942802,0,0,3,18,0.6
174.18,0,0,0.180229,-0.0679791,0,0,3,18,0.6
174.28,0,0,0.184383,-0.0396886,0,0,3,18,0.6
174.38,0,0,0.182109,-0.0469075,0,0,3,18,0.6
174.48,0,0,0.175578,-0.0723717,0,0,3,18,0.6
174.58,0,0,0.17837,-0.0850763,0,0,3,18,0.6
174.68,0,0,0.187332,-0.0767474,0,0,3,18,0.6
174.78,0,0,0.200161,-0.0526818,0,0,3,18,0.6
174.88,0,0,0.215555,-0.0309817,0,0,3,18,0.6
174.98,0,0,0.205976,-0.0353158,0,0,3,18,0.6
175.08,0,0,0.179865,-0.0726883,0,0,3,18,0.6
175.18,0,0,0.155585,-0.094572,0,0,3,18,0.6
175.28,0,0,0.132518,-0.0720545,0,0,3,18,0.6
175.38,0,0,0.147067,-0.0280438,0,0,3,18,0.6
175.48,0,0,0.186522,-0.00235048,0,0,3,18,0.6
175.58,0,0,0.19469,-0.0283527,0,0,3,18,0.6
175.68,0,0,0.182114,-0.0830891,0,0,3,18,0.6
175.78,0,0,0.174098,-0.103099,0,0,3,18,0.6
175.88,0,0,0.167214,-0.0507455,0,0,3,18,0.6
175.98,0,0,0.171184,0.0278377,0,0,3,18,0.6
176.08,0,0,0.182352,0.0391912,0,0,3,18,0.6
176.18,0,0,0.17641,-0.0253372,0,0,3,18,0.6
176.28,0,0,0.1591,-0.0877789,0,0,3,18,0.6
176.38,0,0,0.150718,-0.0738552,0,0,3,18,0.6
176.48,0,0,0.148253,-0.00699315,0,0,3,18,0.6
176.58,0,0,0.185355,0.0296673,0,0,3,18,0.6
176.68,0,0,0.248631,-0.00066444,0,0,3,18,0.6
176.78,0,0,0.214839,-0.0681104,0,0,3,18,0.6
176.88,0,0,0.1166,-0.100845,0,0,3,18,0.6
176.98,0,0,0.0946603,-0.0575151,0,0,3,18,0.6
177.08,0,0,0.123239,0.00782018,0,0,3,18,0.6
177.18,0,0,0.164393,0.0162051,0,0,3,18,0.6
177.28,0,0,0.21388,-0.0375378,0,0,3,18,0.6
177.38,0,0,0.196044,-0.085559,0,0,3,18,0.6
177.48,0,0,0.133607,-0.0918978,0,0,3,18,0.6
177.58,0,0,0.119462,-0.0647596,0,0,3,18,0.6
177.68,0,0,0.137354,-0.030507,0,0,3,18,0.6
177.78,0,0,0.16822,-0.0147923,0,0,3,18,0.6
177.88,0,0,0.207712,-0.0370214,0,0,3,18,0.6
177.98,0,0,0.188032,-0.0656243,0,0,3,18,0.6
178.08,0,0,0.129148,-0.0623424,0,0,3,18,0.6
178.18,0,0,0.13086,-0.0331602,0,0,3,18,0.6
178.28,0,0,0.172702,-0.0143384,0,0,3,18,0.6
178.38,0,0,0.188999,-0.027567,0,0,3,18,0.6
178.48,0,0,0.188365,-0.0437929,0,0,3,18,0.6
178.58,0,0,0.177578,-0.0289661,0,0,3,18,0.6
178.68,0,0,0.160061,-0.0133893,0,0,3,18,0.6
178.78,0,0,0.162342,-0.00872855,0,0,3,18,0.6
178.88,0,0,0.177757,-0.0086874,0,0,3,18,0.6
178.98,0,0,0.184727,-0.0183701,0,0,3,18,0.6
179.08,0,0,0.186107,-0.0287491,0,0,3,18,0.6
179.18,0,0,0.165572,-0.0427191,0,0,3,18,0.6
179.28,0,0,0.130492,-0.0546784,0,0,3,18,0.6
179.38,0,0,0.131885,-0.0350521,0,0,3,18,0.6
179.48,0,0,0.157431,-0.00474581,0,0,3,18,0.6
179.58,0,0,0.167463,-0.00291624,0,0,3,18,0.6
179.68,0,0,0.167198,-0.0221685,0,0,3,18,0.6
179.78,0,0,0.149135,-0.0326673,0,0,3,18,0.6
179.88,0,0,0.11928,-0.0208163,0,0,3,18,0.6
179.98,0,0,0.147309,0.00168896,0,0,3,18,0.6
180.08,0,0,0.213711,0.00513325,0,0,3,18,0.6
180.18,0,0,0.214813,-0.0120021,0,0,3,17,0.6
180.28,0,0,0.172664,-0.0357845,0,0,3,17,0.6
180.38,0,0,0.13899,-0.042307,0,0,3,17,0.62
180.48,0,0,0.118095,-0.00106589,0,0,3,17,0.62
180.58,0,0,0.148476,0.0412049,0,0,3,17,0.62
180.68,0,0,0.212829,0.025472,0,0,3,17,0.62
180.78,0,0,0.207041,-0.0141299,0,0,3,17,0.62
180.88,0,0,0.154636,-0.0266651,0,0,3,17,0.62
180.98,0,0,0.12624,-0.00573048,0,0,3,17,0.62
181.08,0,0,0.113736,0.0289631,0,0,3,17,0.62
181.18,0,0,0.149871,0.0482812,0,0,3,17,0.62
181.28,0,0,0.218287,0.0488565,0,0,3,17,0.62
181.38,0,0,0.199972,0.0311659,0,0,3,17,0.62
181.48,0,0,0.124239,0.00209373,0,0,3,17,0.62
181.58,0,0,0.102534,-0.00569678,0,0,3,17,0.62
181.68,0,0,0.116699,0.0278854,0,0,3,17,0.62
181.78,0,0,0.154557,0.0838765,0,0,3,17,0.62
181.88,0,0,0.208131,0.106661,0,0,3,17,0.62
181.98,0,0,0.199734,0.0672795,0,0,3,17,0.62
182.08,0,0,0.150305,0.0220062,0,0,3,17,0.62
182.18,0,0,0.122121,0.020805,0,0,3,17,0.62
182.28,0,0,0.108036,0.0517937,0,0,3,17,0.62
182.38,0,0,0.125005,0.0915531,0,0,3,17,0.62
182.48,0,0,0.188782,0.115008,0,0,3,17,0.62
182.58,0,0,0.172686,0.104834,0,0,3,17,0.62
182.68,0,0,0.136759,0.0619353,0,0,3,17,0.62
182.78,0,0,0.120482,0.034483,0,0,3,17,0.62
182.88,0,0,0.117243,0.0829931,0,0,3,17,0.62
182.98,0,0,0.13893,0.158445,0,0,3,17,0.62
183.08,0,0,0.177119,0.163234,0,0,3,17,0.62
183.18,0,0,0.156111,0.112468,0,0,3,17,0.62
183.28,0,0,0.0958135,0.0839963,0,0,3,17,0.62
183.38,0,0,0.111947,0.110248,0,0,3,17,0.62
183.48,0,0,0.178719,0.153648,0,0,3,17,0.62
183.58,0,0,0.188842,0.181969,0,0,3,17,0.62
183.68,0,0,0.161374,0.174045,0,0,3,17,0.62
183.78,0,0,0.136979,0.133508,0,0,3,17,0.62
183.88,0,0,0.114623,0.115675,0,0,3,17,0.62
183.98,0,0,0.126691,0.145424,0,0,3,17,0.62
184.08,0,0,0.161536,0.17718,0,0,3,17,0.62
184.18,0,0,0.156288,0.185123,0,0,3,17,0.62
184.28,0,0,0.124477,0.17565,0,0,3,17,0.62
184.38,0,0,0.11276,0.165921,0,0,3,17,0.62
184.48,0,0,0.114349,0.16385,0,0,3,17,0.62
184.58,0,0,0.139127,0.169529,0,0,3,17,0.62
184.68,0,0,0.179277,0.181235,0,0,3,17,0.62
184.78,0,0,0.174478,0.185154,0,0,3,18,0.62
184.88,0,0,0.139908,0.18964,0,0,3,18,0.62
184.98,0,0,0.131756,0.183802,0,0,3,18,0.62
185.08,0,0,0.141118,0.165672,0,0,3,18,0.62
185.18,0,0,0.161008,0.162108,0,0,3,18,0.62
185.28,0,0,0.187874,0.17645,0,0,3,18,0.62
185.38,0,0,0.177935,0.184414,0,0,3,18,0.6
185.48,0,0,0.143556,0.180378,0,0,3,18,0.6
185.58,0,0,0.131684,0.176251,0,0,3,18,0.6
185.68,0,0,0.134707,0.16233,0,0,3,18,0.6
185.78,0,0,0.148162,0.146212,0,0,3,18,0.6
185.88,0,0,0.168534,0.1516,0,0,3,18,0.6
185.98,0,0,0.163334,0.178245,0,0,3,18,0.6
186.08,0,0,0.141202,0.186581,0,0,3,18,0.6
186.18,0,0,0.141998,0.165494,0,0,3,18,0.6
186.28,0,0,0.157997,0.149154,0,0,3,18,0.6
186.38,0,0,0.165886,0.14449,0,0,3,18,0.6
186.48,0,0,0.161566,0.140418,0,0,3,18,0.6
186.58,0,0,0.158908,0.144787,0,0,3,18,0.6
186.68,0,0,0.156664,0.161812,0,0,3,18,0.6
186.78,0,0,0.144902,0.159347,0,0,3,18,0.6
186.88,0,0,0.126833,0.135049,0,0,3,18,0.6
186.98,0,0,0.150131,0.130049,0,0,3,18,0.6
187.08,0,0,0.200916,0.138529,0,0,3,18,0.6
187.18,0,0,0.195365,0.121784,0,0,3,18,0.6
187.28,0,0,0.152523,0.102817,0,0,3,18,0.6
187.38,0,0,0.153332,0.111286,0,0,3,18,0.6
187.48,0,0,0.183123,0.124317,0,0,3,18,0.6
187.58,0,0,0.181418,0.1178,0,0,3,18,0.6
187.68,0,0,0.158883,0.100009,0,0,3,18,0.6
187.78,0,0,0.142117,0.0906449,0,0,3,18,0.6
187.88,0,0,0.12918,0.0922946,0,0,3,18,0.6
187.98,0,0,0.157263,0.0903256,0,0,3,18,0.6
188.08,0,0,0.195536,0.0804329,0,0,3,18,0.6
188.18,0,0,0.186972,0.0728556,0,0,3,17,0.6
188.28,0,0,0.147333,0.0735447,0,0,3,17,0.6
188.38,0,0,0.157727,0.0701324,0,0,3,17,0.6
188.48,0,0,0.201294,0.0639529,0,0,3,17,0.6
188.58,0,0,0.195894,0.0629644,0,0,3,17,0.6
188.68,0,0,0.157978,0.0606688,0,0,3,17,0.6
188.78,0,0,0.155781,0.0574346,0,0,3,17,0.6
188.88,0,0,0.177261,0.0570177,0,0,3,17,0.6
188.98,0,0,0.182915,0.0575917,0,0,3,17,0.6
189.08,0,0,0.17807,0.048931,0,0,3,17,0.6
189.18,0,0,0.17031,0.0428077,0,0,3,17,0.6
189.28,0,0,0.160619,0.0467418,0,0,3,17,0.6
189.38,0,0,0.17776,0.0529433,0,0,3,17,0.62
189.48,0,0,0.201591,0.0572035,0,0,3,17,0.62
189.58,0,0,0.1908,0.0552029,0,0,3,17,0.62
189.68,0,0,0.15708,0.0464289,0,0,3,17,0.62
189.78,0,0,0.14568,0.0364612,0,0,3,17,0.62
189.88,0,0,0.149095,0.0279718,0,0,3,17,0.62
189.98,0,0,0.165606,0.0255906,0,0,3,17,0.62
190.08,0,0,0.190798,0.0333607,0,0,3,17,0.62
190.18,0,0,0.192512,0.0463789,0,0,3,17,0.62
190.28,0,0,0.178643,0.0478994,0,0,3,17,0.62
190.38,0,0,0.183297,0.0283738,0,0,3,17,0.62
190.48,0,0,0.200213,0.00859985,0,0,3,17,0.62
190.58,0,0,0.203659,0.0194909,0,0,3,17,0.62
190.68,0,0,0.198169,0.0432086,0,0,3,17,0.62
190.78,0,0,0.196417,0.0354827,0,0,3,17,0.62
190.88,0,0,0.197144,0.00824868,0,0,3,17,0.62
190.98,0,0,0.192127,0.00925501,0,0,3,17,0.62
191.08,0,0,0.183297,0.0279948,0,0,3,17,0.62
191.18,0,0,0.177367,0.0350677,0,0,3,17,0.62
191.28,0,0,0.173359,0.0274115,0,0,3,17,0.62
191.38,0,0,0.170209,0.0148869,0,0,3,17,0.62
191.48,0,0,0.16835,0.00035529,0,0,3,17,0.62
191.58,0,0,0.163469,-0.00390054,0,0,3,17,0.62
191.68,0,0,0.156585,0.0174315,0,0,3,17,0.62
191.78,0,0,0.164216,0.0450857,0,0,3,18,0.62
191.88,0,0,0.181487,0.0330465,0,0,3,18,0.62
191.98,0,0,0.177442,-0.00267424,0,0,3,18,0.62
192.08,0,0,0.159284,-0.00800363,0,0,3,18,0.62
192.18,0,0,0.155138,0.00996235,0,0,3,18,0.62
192.28,0,0,0.160285,0.0245998,0,0,3,18,0.62
192.38,0,0,0.163884,0.0270533,0,0,3,18,0.6
192.48,0,0,0.165155,0.0175524,0,0,3,18,0.6
192.58,0,0,0.16501,0.00101756,0,0,3,18,0.6
192.68,0,0,0.16273,-0.0147343,0,0,3,18,0.6
192.78,0,0,0.17854,-0.00733026,0,0,3,18,0.6
192.88,0,0,0.206349,0.0205713,0,0,3,18,0.6
192.98,0,0,0.206264,0.0296085,0,0,3,18,0.6
193.08,0,0,0.18772,6.06285e-05,0,0,3,18,0.6
193.18,0,0,0.169283,-0.0239326,0,0,3,18,0.6
193.28,0,0,0.150915,-0.0136786,0,0,3,18,0.6
193.38,0,0,0.169585,0.00116371,0,0,3,18,0.6
193.48,0,0,0.212768,-0.000613511,0,0,3,18,0.6
193.58,0,0,0.219854,-0.00619399,0,0,3,18,0.6
193.68,0,0,0.203025,-0.0067658,0,0,3,18,0.6
193.78,0,0,0.200242,-0.0126666,0,0,3,18,0.6
193.88,0,0,0.206783,-0.018213,0,0,3,18,0.6
193.98,0,0,0.187712,-0.0163315,0,0,3,18,0.6
194.08,0,0,0.151666,-0.0126572,0,0,3,18,0.6
194.18,0,0,0.152675,-0.0156984,0,0,3,18,0.6
194.28,0,0,0.178253,-0.0201376,0,0,3,18,0.6
194.38,0,0,0.173998,-0.0115486,0,0,3,17,0.62
194.48,0,0,0.149969,0.00125924,0,0,3,17,0.62
194.58,0,0,0.163558,-0.00640787,0,0,3,17,0.62
194.68,0,0,0.20209,-0.0322486,0,0,3,17,0.62
194.78,0,0,0.217801,-0.0424659,0,0,3,17,0.62
194.88,0,0,0.218338,-0.0247932,0,0,3,17,0.62
194.98,0,0,0.199244,-0.00631017,0,0,3,17,0.62
195.08,0,0,0.167156,-0.0100324,0,0,3,17,0.62
195.18,0,0,0.151296,-0.0247292,0,0,3,17,0.62
195.28,0,0,0.146208,-0.0314865,0,0,3,17,0.62
195.38,0,0,0.157608,-0.0274528,0,0,3,17,0.62
195.48,0,0,0.17993,-0.0245549,0,0,3,17,0.62
195.58,0,0,0.184445,-0.0218785,0,0,3,17,0.62
195.68,0,0,0.177152,-0.019476,0,0,3,17,0.62
195.78,0,0,0.179493,-0.0250226,0,0,3,17,0.62
195.88,0,0,0.188222,-0.0294071,0,0,3,17,0.62
195.98,0,0,0.190748,-0.0252951,0,0,3,17,0.62
196.08,0,0,0.189165,-0.0224937,0,0,3,17,0.62
196.18,0,0,0.181282,-0.031656,0,0,3,17,0.62
196.28,0,0,0.169218,-0.0375593,0,0,3,17,0.62
196.38,0,0,0.147385,-0.0246335,0,0,3,17,0.62
196.48,0,0,0.119064,-0.011959,0,0,3,17,0.62
196.58,0,0,0.133596,-0.017416,0,0,3,18,0.62
196.68,0,0,0.176482,-0.0370607,0,0,3,18,0.62
196.78,0,0,0.203259,-0.0467973,0,0,3,18,0.62
196.88,0,0,0.219338,-0.0363207,0,0,3,18,0.62
196.98,0,0,0.211243,-0.0221535,0,0,3,18,0.62
197.08,0,0,0.187142,-0.0195862,0,0,3,18,0.62
197.18,0,0,0.182259,-0.0269491,0,0,3,18,0.62
197.28,0,0,0.190125,-0.0406926,0,0,3,18,0.62
197.38,0,0,0.178039,-0.0499825,0,0,3,18,0.6
197.48,0,0,0.15274,-0.0527197,0,0,3,18,0.6
197.58,0,0,0.144775,-0.0386965,0,0,3,18,0.6
197.68,0,0,0.148283,-0.0213903,0,0,3,18,0.6
197.78,0,0,0.175583,-0.0242434,0,0,3,18,0.6
197.88,0,0,0.218673,-0.0410494,0,0,3,18,0.6
197.98,0,0,0.208866,-0.0502214,0,0,3,17,0.6
198.08,0,0,0.16393,-0.0450637,0,0,3,17,0.6
198.18,0,0,0.141828,-0.0346934,0,0,3,18,0.6
198.28,0,0,0.134843,-0.0314473,0,0,3,18,0.6
198.38,0,0,0.141221,-0.0288814,0,0,3,18,0.6
198.48,0,0,0.167686,-0.022742,0,0,3,18,0.6
198.58,0,0,0.179571,-0.0297414,0,0,3,18,0.6
198.68,0,0,0.181803,-0.0544153,0,0,3,18,0.6
198.78,0,0,0.170137,-0.0683328,0,0,3,17,0.6
198.88,0,0,0.149245,-0.0536121,0,0,3,17,0.6
198.98,0,0,0.152946,-0.0262549,0,0,3,16,0.6
199.08,0,0,0.172966,-0.0283436,0,0,3,16,0.6
199.18,0,0,0.170257,-0.053218,0,0,3,17,0.6
199.28,0,0,0.152495,-0.0785482,0,0,3,17,0.6
199.38,0,0,0.153033,-0.0817132,0,0,3,18,0.6
199.48,0,0,0.165707,-0.0505376,0,0,3,18,0.6
199.58,0,0,0.178633,-0.0242141,0,0,3,18,0.6
199.68,0,0,0.191728,-0.0324627,0,0,3,18,0.6
199.78,0,0,0.177969,-0.0576624,0,0,3,18,0.6
199.88,0,0,0.146415,-0.0872323,0,0,3,18,0.6
199.98,0,0,0.134357,-0.0846775,0,0,3,18,0.6
200.08,0,0,0.135242,-0.0438425,0,0,3,18,0.6
200.18,0,0,0.154167,-0.0169819,0,0,3,18,0.6
200.28,0,0,0.185055,-0.0326402,0,0,3,18,0.6
200.38,0,0,0.202692,-0.0604785,0,0,3,18,0.6
200.48,0,0,0.200339,-0.0666711,0,0,3,18,0.6
200.58,0,0,0.18132,-0.0482902,0,0,3,18,0.6
200.68,0,0,0.151254,-0.0428912,0,0,3,18,0.6
200.78,0,0,0.145554,-0.056558,0,0,3,18,0.6
200.88,0,0,0.156005,-0.0589342,0,0,3,18,0.6
200.98,0,0,0.165315,-0.0442123,0,0,3,18,0.6
201.08,0,0,0.173865,-0.0284911,0,0,3,18,0.6
201.18,0,0,0.173104,-0.0267096,0,0,3,18,0.6
201.28,0,0,0.166144,-0.046832,0,0,3,18,0.6
201.38,0,0,0.159128,-0.0726169,0,0,3,18,0.6
201.48,0,0,0.152075,-0.0617258,0,0,3,18,0.6
201.58,0,0,0.158157,-0.021714,0,0,3,18,0.6
201.68,0,0,0.172936,-0.00341102,0,0,3,18,0.6
201.78,0,0,0.175029,-0.0286314,0,0,3,18,0.6
201.88,0,0,0.158015,-0.0670849,0,0,3,18,0.6
201.98,0,0,0.142999,-0.0632681,0,0,3,18,0.6
202.08,0,0,0.129307,-0.0214958,0,0,3,18,0.6
202.18,0,0,0.137444,-0.00709494,0,0,3,18,0.6
202.28,0,0,0.16006,-0.0344922,0,0,3,18,0.6
202.38,0,0,0.165569,-0.0570553,0,0,3,18,0.6
202.48,0,0,0.159752,-0.0447913,0,0,3,18,0.6
202.58,0,0,0.149683,-0.0205134,0,0,3,18,0.6
202.68,0,0,0.136785,-0.027915,0,0,3,18,0.6
202.78,0,0,0.165154,-0.0433906,0,0,3,18,0.6
202.88,0,0,0.220879,-0.044735,0,0,3,18,0.6
202.98,0,0,0.186411,-0.040804,0,0,3,18,0.6
203.08,0,0,0.129515,-0.0354661,0,0,3,18,0.6
203.18,0,0,0.126027,-0.0449042,0,0,3,18,0.6
203.28,0,0,0.1579,-0.054811,0,0,3,18,0.6
203.38,0,0,0.162846,-0.045399,0,0,3,18,0.6
203.48,0,0,0.14995,-0.025445,0,0,3,18,0.6
203.58,0,0,0.141199,-0.0124399,0,0,3,18,0.6
203.68,0,0,0.135196,-0.0271331,0,0,3,18,0.6
203.78,0,0,0.13285,-0.0609212,0,0,3,18,0.6
203.88,0,0,0.132933,-0.0643852,0,0,3,18,0.6
203.98,0,0,0.148423,-0.0226731,0,0,3,18,0.6
204.08,0,0,0.174111,0.0090789,0,0,3,18,0.6
204.18,0,0,0.157348,-0.00682522,0,0,3,18,0.6
204.28,0,0,0.112397,-0.0501706,0,0,3,18,0.6
204.38,0,0,0.123294,-0.0691959,0,0,3,18,0.6
204.48,0,0,0.171159,-0.0435049,0,0,3,18,0.6
204.58,0,0,0.196642,-0.00467849,0,0,3,18,0.6
204.68,0,0,0.207295,-0.00128396,0,0,3,18,0.6
204.78,0,0,0.177313,-0.0246797,0,0,3,18,0.6
204.88,0,0,0.120316,-0.041834,0,0,3,18,0.6
204.98,0,0,0.120989,-0.0454716,0,0,3,18,0.6
205.08,0,0,0.15983,-0.036101,0,0,3,18,0.6
205.18,0,0,0.168889,-0.0171023,0,0,3,18,0.6
205.28,0,0,0.158198,-0.00645733,0,0,3,18,0.6
205.38,0,0,0.151139,-0.0272942,0,0,3,18,0.6
205.48,0,0,0.146483,-0.0522319,0,0,3,18,0.6
205.58,0,0,0.149281,-0.0382916,0,0,3,18,0.6
205.68,0,0,0.15702,-0.00337525,0,0,3,18,0.6
205.78,0,0,0.129143,0.00301775,0,0,3,18,0.6
205.88,0,0,0.0775551,-0.0281706,0,0,3,18,0.6
205.98,0,0,0.068793,-0.0588319,0,0,3,18,0.6
206.08,0,0,0.0883773,-0.0424907,0,0,3,18,0.6
206.18,0,0,0.126271,-0.000481482,0,0,3,18,0.6
206.28,0,0,0.176282,0.0144353,0,0,3,18,0.6
206.38,0,0,0.160467,-0.00369788,0,0,3,18,0.6
206.48,0,0,0.101057,-0.0434952,0,0,3,18,0.6
206.58,0,0,0.0990351,-0.0676385,0,0,3,18,0.6
206.68,0,0,0.135017,-0.0477005,0,0,3,18,0.6
206.78,0,0,0.139484,-0.00817295,0,0,3,18,0.6
206.88,0,0,0.123024,0.0123979,0,0,3,18,0.6
206.98,0,0,0.138014,-0.013217,0,0,3,18,0.6
207.08,0,0,0.173816,-0.0590361,0,0,3,18,0.6
207.18,0,0,0.16902,-0.072983,0,0,3,18,0.6
207.28,0,0,0.137288,-0.0395524,0,0,3,18,0.6
207.38,0,0,0.121589,0.00274769,0,0,3,18,0.6
207.48,0,0,0.116549,0.0076297,0,0,3,18,0.6
207.58,0,0,0.127157,-0.0256649,0,0,3,18,0.6
207.68,0,0,0.148119,-0.0606119,0,0,3,18,0.6
207.78,0,0,0.135896,-0.0653259,0,0,3,18,0.6
207.88,0,0,0.101626,-0.0332365,0,0,3,18,0.6
207.98,0,0,0.103877,-0.00138791,0,0,3,18,0.6
208.08,0,0,0.130335,-0.0077442,0,0,3,18,0.6
208.18,0,0,0.142234,-0.0400237,0,0,3,18,0.6
208.28,0,0,0.144497,-0.0628836,0,0,3,18,0.6
208.38,0,0,0.151871,-0.0469132,0,0,3,18,0.6
208.48,0,0,0.162639,-0.0139173,0,0,3,18,0.6
208.58,0,0,0.160471,-0.00564375,0,0,3,18,0.6
208.68,0,0,0.149737,-0.0262384,0,0,3,18,0.6
208.78,0,0,0.142157,-0.0485244,0,0,3,18,0.6
208.88,0,0,0.136671,-0.0443151,0,0,3,18,0.6
208.98,0,0,0.145039,-0.0199765,0,0,3,18,0.6
209.08,0,0,0.162613,-0.0146228,0,0,3,18,0.6
209.18,0,0,0.164484,-0.0395286,0,0,3,17,0.6
209.28,0,0,0.155957,-0.0657649,0,0,3,17,0.6
209.38,0,0,0.135608,-0.058308,0,0,3,17,0.62
209.48,0,0,0.107415,-0.0305074,0,0,3,17,0.62
209.58,0,0,0.121716,-0.0225669,0,0,3,17,0.62
209.68,0,0,0.164183,-0.0459867,0,0,3,17,0.62
209.78,0,0,0.174504,-0.072459,0,0,3,17,0.62
209.88,0,0,0.163526,-0.0631326,0,0,3,17,0.62
209.98,0,0,0.159903,-0.0373494,0,0,3,17,0.62
210.08,0,0,0.161149,-0.0326712,0,0,3,17,0.62
210.18,0,0,0.169103,-0.0456324,0,0,3,17,0.62
210.28,0,0,0.181502,-0.0557156,0,0,3,17,0.62
210.38,0,0,0.171852,-0.0543215,0,0,3,17,0.62
210.48,0,0,0.128951,-0.0511928,0,0,3,17,0.62
210.58,0,0,0.130994,-0.0362375,0,0,3,17,0.62
210.68,0,0,0.162781,-0.0165747,0,0,3,17,0.62
210.78,0,0,0.161815,-0.0196178,0,0,3,17,0.62
210.88,0,0,0.139132,-0.0326385,0,0,3,17,0.62
210.98,0,0,0.123764,-0.0323914,0,0,3,17,0.62
211.08,0,0,0.11324,-0.0277677,0,0,3,17,0.62
211.18,0,0,0.137476,-0.0266039,0,0,3,17,0.62
211.28,0,0,0.184782,-0.0236424,0,0,3,17,0.62
211.38,0,0,0.171996,-0.0258258,0,0,3,17,0.62
211.48,0,0,0.119411,-0.0294528,0,0,3,17,0.62
211.58,0,0,0.116225,-0.0166797,0,0,3,17,0.62
211.68,0,0,0.145827,-0.00302727,0,0,3,17,0.62
211.78,0,0,0.152706,-0.011127,0,0,3,17,0.62
211.88,0,0,0.144512,-0.0300502,0,0,3,17,0.62
211.98,0,0,0.132615,-0.0290248,0,0,3,17,0.62
212.08,0,0,0.118259,-0.0114042,0,0,3,17,0.62
212.18,0,0,0.13297,-0.0124967,0,0,3,17,0.62
212.28,0,0,0.166932,-0.0200545,0,0,3,17,0.62
212.38,0,0,0.1724,-0.01459,0,0,3,17,0.62
212.48,0,0,0.158978,0.00131266,0,0,3,17,0.62
212.58,0,0,0.137141,0.00363757,0,0,3,17,0.62
212.68,0,0,0.10973,-0.0192314,0,0,3,17,0.62
212.78,0,0,0.123961,-0.0297281,0,0,3,17,0.62
212.88,0,0,0.16584,-0.00377594,0,0,3,17,0.62
212.98,0,0,0.183869,0.0235811,0,0,3,17,0.62
213.08,0,0,0.18611,0.0131106,0,0,3,17,0.62
213.18,0,0,0.177137,-0.0190126,0,0,3,17,0.62
213.28,0,0,0.160735,-0.015356,0,0,3,17,0.62
213.38,0,0,0.169036,0.0163715,0,0,3,17,0.62
213.48,0,0,0.193695,0.0295135,0,0,3,17,0.62
213.58,0,0,0.172188,0.0305746,0,0,3,17,0.62
213.68,0,0,0.119993,0.0351555,0,0,3,17,0.62
213.78,0,0,0.143826,0.0276098,0,0,3,17,0.62
213.88,0,0,0.186583,0.00897017,0,0,3,17,0.62
213.98,0,0,0.177213,0.00676538,0,0,3,17,0.62
214.08,0,0,0.133282,0.0246717,0,0,3,17,0.62
214.18,0,0,0.123444,0.0471677,0,0,3,17,0.62
214.28,0,0,0.136219,0.0511853,0,0,3,17,0.62
214.38,0,0,0.142761,0.0365464,0,0,3,17,0.62
214.48,0,0,0.145165,0.0408678,0,0,3,17,0.62
214.58,0,0,0.156565,0.051815,0,0,3,17,0.62
214.68,0,0,0.173928,0.0405611,0,0,3,17,0.62
214.78,0,0,0.171832,0.0281711,0,0,3,17,0.62
214.88,0,0,0.156824,0.0330853,0,0,3,17,0.62
214.98,0,0,0.153533,0.0508722,0,0,3,17,0.62
215.08,0,0,0.15801,0.0559082,0,0,3,17,0.62
215.18,0,0,0.151553,0.0459691,0,0,3,17,0.62
215.28,0,0,0.142372,0.0400004,0,0,3,17,0.62
215.38,0,0,0.150715,0.0405286,0,0,3,17,0.62
215.48,0,0,0.170659,0.0375807,0,0,3,17,0.62
215.58,0,0,0.174286,0.0352138,0,0,3,17,0.62
215.68,0,0,0.167118,0.0343547,0,0,3,17,0.62
215.78,0,0,0.150353,0.026194,0,0,3,17,0.62
215.88,0,0,0.12722,0.0282766,0,0,3,17,0.62
215.98,0,0,0.140597,0.0402829,0,0,3,17,0.62
216.08,0,0,0.17815,0.0402495,0,0,3,17,0.62
216.18,0,0,0.177474,0.0172365,0,0,3,17,0.62
216.28,0,0,0.151436,0.00178041,0,0,3,17,0.62
216.38,0,0,0.12342,0.0142285,0,0,3,17,0.62
216.48,0,0,0.0924277,0.0483342,0,0,3,17,0.62
216.58,0,0,0.121214,0.0563376,0,0,3,17,0.62
216.68,0,0,0.189484,0.0329271,0,0,3,17,0.62
216.78,0,0,0.193301,0.00999886,0,0,3,17,0.62
216.88,0,0,0.154264,0.00470094,0,0,3,17,0.62
216.98,0,0,0.121865,0.0284288,0,0,3,17,0.62
217.08,0,0,0.0938649,0.0506895,0,0,3,17,0.62
217.18,0,0,0.121478,0.0433503,0,0,3,17,0.62
217.28,0,0,0.185917,0.0279767,0,0,3,17,0.62
217.38,0,0,0.197602,0.0278131,0,0,3,18,0.6
217.48,0,0,0.174272,0.0282569,0,0,3,18,0.6
217.58,0,0,0.158333,0.0245351,0,0,3,18,0.6
217.68,0,0,0.147292,0.0271968,0,0,3,18,0.6
217.78,0,0,0.156091,0.0422356,0,0,3,18,0.6
217.88,0,0,0.178051,0.0519455,0,0,3,18,0.6
217.98,0,0,0.163583,0.0384073,0,0,3,18,0.6
218.08,0,0,0.125007,0.0243442,0,0,3,18,0.6
218.18,0,0,0.11669,0.0249239,0,0,3,18,0.6
218.28,0,0,0.128447,0.0372902,0,0,3,18,0.6
218.38,0,0,0.145091,0.0538262,0,0,3,18,0.6
218.48,0,0,0.16908,0.0573253,0,0,3,18,0.6
218.58,0,0,0.158037,0.0457186,0,0,3,18,0.6
218.68,0,0,0.123786,0.0336701,0,0,3,18,0.6
218.78,0,0,0.126108,0.0380877,0,0,3,18,0.6
218.88,0,0,0.152662,0.0435069,0,0,3,18,0.6
218.98,0,0,0.168039,0.0362182,0,0,3,18,0.6
219.08,0,0,0.176005,0.041584,0,0,3,18,0.6
219.18,0,0,0.183113,0.0639059,0,0,3,18,0.6
219.28,0,0,0.189654,0.0686723,0,0,3,18,0.6
219.38,0,0,0.165167,0.0459367,0,0,3,18,0.6
219.48,0,0,0.120085,0.0217154,0,0,3,18,0.6
219.58,0,0,0.133531,0.0225615,0,0,3,18,0.6
219.68,0,0,0.185796,0.0577687,0,0,3,18,0.6
219.78,0,0,0.195782,0.0863728,0,0,3,18,0.6
219.88,0,0,0.177695,0.0657436,0,0,3,18,0.6
219.98,0,0,0.16691,0.0149984,0,0,3,18,0.6
220.08,0,0,0.160982,-0.00952289,0,0,3,18,0.6
220.18,0,0,0.168218,0.0240033,0,0,3,18,0.6
220.28,0,0,0.18418,0.0732656,0,0,3,18,0.6
220.38,0,0,0.164234,0.0745409,0,0,3,18,0.6
220.48,0,0,0.12051,0.0279785,0,0,3,18,0.6
220.58,0,0,0.118158,-0.00478329,0,0,3,18,0.6
220.68,0,0,0.143237,0.0138758,0,0,3,18,0.6
220.78,0,0,0.142114,0.0444562,0,0,3,18,0.6
220.88,0,0,0.12362,0.0559825,0,0,3,18,0.6
220.98,0,0,0.135909,0.0487169,0,0,3,18,0.6
221.08,0,0,0.168613,0.0233455,0,0,3,18,0.6
221.18,0,0,0.168688,0.00365552,0,0,3,18,0.6
221.28,0,0,0.147139,0.0268626,0,0,3,18,0.6
221.38,0,0,0.145186,0.0780374,0,0,3,18,0.6
221.48,0,0,0.156248,0.0796376,0,0,3,18,0.6
221.58,0,0,0.151391,0.0289583,0,0,3,17,0.6
221.68,0,0,0.135992,-0.00650877,0,0,3,17,0.6
221.78,0,0,0.127488,0.0172665,0,0,3,17,0.6
221.88,0,0,0.12356,0.0664809,0,0,3,17,0.6
221.98,0,0,0.125985,0.0850562,0,0,3,17,0.6
222.08,0,0,0.129992,0.0559283,0,0,3,17,0.6
222.18,0,0,0.138549,0.019416,0,0,3,17,0.6
222.28,0,0,0.150125,0.0157056,0,0,3,17,0.6
222.38,0,0,0.152863,0.0399499,0,0,3,17,0.62
222.48,0,0,0.142298,0.05967,0,0,3,17,0.62
222.58,0,0,0.133366,0.0625951,0,0,3,17,0.62
222.68,0,0,0.125513,0.0541109,0,0,3,17,0.62
222.78,0,0,0.118623,0.0467482,0,0,3,17,0.62
222.88,0,0,0.112371,0.0454701,0,0,3,17,0.62
222.98,0,0,0.119882,0.0442742,0,0,3,17,0.62
223.08,0,0,0.136501,0.0424617,0,0,3,17,0.62
223.18,0,0,0.134148,0.0426578,0,0,3,17,0.62
223.28,0,0,0.119219,0.0613659,0,0,3,17,0.62
223.38,0,0,0.14665,0.0809787,0,0,3,17,0.62
223.48,0,0,0.184598,0.0650082,0,0,3,17,0.62
223.58,0,0,0.164531,0.0445235,0,0,3,17,0.62
223.68,0,0,0.106011,0.0494237,0,0,3,17,0.62
223.78,0,0,0.0963398,0.0607375,0,0,3,17,0.62
223.88,0,0,0.119098,0.0670566,0,0,3,17,0.62
223.98,0,0,0.129198,0.0663413,0,0,3,16,0.62
224.08,0,0,0.130922,0.0659523,0,0,3,16,0.62
224.18,0,0,0.120866,0.0752376,0,0,3,16,0.62
224.28,0,0,0.103003,0.0837045,0,0,3,16,0.62
224.38,0,0,0.110391,0.0759015,0,0,3,16,0.62
224.48,0,0,0.134527,0.0596731,0,0,3,16,0.62
224.58,0,0,0.14462,0.0580369,0,0,3,16,0.62
224.68,0,0,0.145419,0.0732882,0,0,3,16,0.62
224.78,0,0,0.125159,0.0834598,0,0,3,16,0.62
224.88,0,0,0.0996527,0.0823522,0,0,3,16,0.62
224.98,0,0,0.109101,0.074457,0,0,3,16,0.62
225.08,0,0,0.14169,0.0537383,0,0,3,16,0.62
225.18,0,0,0.148145,0.0434925,0,0,3,16,0.62
225.28,0,0,0.137251,0.0563852,0,0,3,16,0.62
225.38,0,0,0.127752,0.0685168,0,0,3,16,0.62
225.48,0,0,0.119178,0.0721043,0,0,3,16,0.62
225.58,0,0,0.123124,0.0648538,0,0,3,16,0.62
225.68,0,0,0.13536,0.0447816,0,0,3,16,0.62
225.78,0,0,0.136701,0.0268553,0,0,3,16,0.62
225.88,0,0,0.130798,0.0290599,0,0,3,16,0.62
225.98,0,0,0.115182,0.0514698,0,0,3,16,0.62
226.08,0,0,0.0931231,0.0693147,0,0,3,16,0.62
226.18,0,0,0.100372,0.0597222,0,0,3,16,0.62
226.28,0,0,0.127102,0.0341387,0,0,3,16,0.62
226.38,0,0,0.131521,0.0189029,0,0,3,16,0.64
226.48,0,0,0.121161,0.018697,0,0,3,16,0.64
226.58,0,0,0.112128,0.0360518,0,0,3,16,0.64
226.68,0,0,0.103976,0.0631942,0,0,3,16,0.64
226.78,0,0,0.120171,0.0660385,0,0,3,16,0.64
226.88,0,0,0.152531,0.0334446,0,0,3,16,0.64
226.98,0,0,0.141743,0.00652522,0,0,3,17,0.64
227.08,0,0,0.102381,0.0150143,0,0,3,17,0.64
227.18,0,0,0.112498,0.0428659,0,0,3,17,0.64
227.28,0,0,0.155438,0.0625374,0,0,3,17,0.64
227.38,0,0,0.153311,0.053627,0,0,3,17,0.62
227.48,0,0,0.121354,0.0260097,0,0,3,17,0.62
227.58,0,0,0.100434,0.00613764,0,0,3,17,0.62
227.68,0,0,0.086845,0.0118595,0,0,3,17,0.62
227.78,0,0,0.100395,0.0317939,0,0,3,17,0.62
227.88,0,0,0.13202,0.0421644,0,0,3,17,0.62
227.98,0,0,0.133153,0.0319501,0,0,3,17,0.62
228.08,0,0,0.114073,0.0105956,0,0,3,17,0.62
228.18,0,0,0.0998141,0.00834983,0,0,3,17,0.62
228.28,0,0,0.0887482,0.0279459,0,0,3,17,0.62
228.38,0,0,0.089618,0.0370431,0,0,3,17,0.62
228.48,0,0,0.108467,0.0249134,0,0,3,17,0.62
228.58,0,0,0.119257,0.0158718,0,0,3,17,0.62
228.68,0,0,0.124714,0.0171094,0,0,3,17,0.62
228.78,0,0,0.110222,0.0160844,0,0,3,17,0.62
228.88,0,0,0.0907616,0.0166493,0,0,3,17,0.62
228.98,0,0,0.0976123,0.015037,0,0,3,17,0.62
229.08,0,0,0.121897,0.00755527,0,0,3,17,0.62
229.18,0,0,0.116943,0.000534847,0,0,3,17,0.62
229.28,0,0,0.092566,0.00659197,0,0,3,17,0.62
229.38,0,0,0.102011,0.0204322,0,0,3,17,0.62
229.48,0,0,0.133848,0.0231617,0,0,3,17,0.62
229.58,0,0,0.152849,0.00843542,0,0,3,18,0.62
229.68,0,0,0.16334,-0.0036977,0,0,3,18,0.62
229.78,0,0,0.137585,0.00829399,0,0,3,18,0.62
229.88,0,0,0.0877979,0.0204358,0,0,3,18,0.62
229.98,0,0,0.0891166,0.0097158,0,0,3,18,0.62
230.08,0,0,0.12434,-0.00504171,0,0,3,18,0.62
230.18,0,0,0.133767,-0.00373458,0,0,3,18,0.62
230.28,0,0,0.136727,0.00988391,0,0,3,18,0.62
230.38,0,0,0.124131,0.016978,0,0,3,18,0.6
230.48,0,0,0.101236,0.0116105,0,0,3,18,0.6
230.58,0,0,0.0886218,0.00494908,0,0,3,18,0.6
230.68,0,0,0.0828165,0.00189181,0,0,3,18,0.6
230.78,0,0,0.105318,0.00582043,0,0,3,18,0.6
230.88,0,0,0.146636,0.0132652,0,0,3,18,0.6
230.98,0,0,0.133614,0.021377,0,0,3,18,0.6
231.08,0,0,0.0845569,0.0291304,0,0,3,18,0.6
231.18,0,0,0.0774482,0.0204319,0,0,3,18,0.6
231.28,0,0,0.0981489,-0.00212863,0,0,3,18,0.6
231.38,0,0,0.138153,0.000109689,0,0,3,18,0.6
231.48,0,0,0.19095,0.0196801,0,0,3,18,0.6
231.58,0,0,0.166121,0.0254592,0,0,3,18,0.6
231.68,0,0,0.0898902,0.0210792,0,0,3,18,0.6
231.78,0,0,0.0790274,0.0101261,0,0,3,18,0.6
231.88,0,0,0.111545,0.0106319,0,0,3,18,0.6
231.98,0,0,0.123544,0.0163325,0,0,3,18,0.6
232.08,0,0,0.121914,0.0187781,0,0,3,18,0.6
232.18,0,0,0.119955,0.0302255,0,0,3,18,0.6
232.28,0,0,0.117778,0.0384851,0,0,3,18,0.6
232.38,0,0,0.116259,0.0269336,0,0,3,18,0.6
232.48,0,0,0.115731,0.014648,0,0,3,18,0.6
232.58,0,0,0.118677,0.0136383,0,0,3,18,0.6
232.68,0,0,0.123924,0.0189814,0,0,3,18,0.6
232.78,0,0,0.108995,0.0212879,0,0,3,18,0.6
232.88,0,0,0.080692,0.0230054,0,0,3,18,0.6
232.98,0,0,0.0750673,0.0293665,0,0,3,18,0.6
233.08,0,0,0.0844864,0.0291875,0,0,3,18,0.6
233.18,0,0,0.105103,0.0143196,0,0,3,18,0.6
233.28,0,0,0.133132,0.00259374,0,0,3,18,0.6
233.38,0,0,0.120466,0.0149717,0,0,3,18,0.6
233.48,0,0,0.0808104,0.0365274,0,0,3,18,0.6
