time_s,throttle_norm,rudder_norm,speed_mps,yaw_rate_rps,segment
0.079740,0.000000,0.000000,0.033616,0.001156,0
0.179740,0.000000,0.000000,0.044626,0.001531,0
0.279740,0.000000,0.000000,0.039851,0.001402,0
0.379740,0.000000,0.000000,0.024508,0.001036,0
0.479740,0.000000,0.000000,0.016813,0.000837,0
0.579740,0.000000,0.000000,0.014196,0.001278,0
0.679740,0.000000,0.000000,0.013011,0.001402,0
0.779740,0.000000,0.000000,0.012775,0.001219,0
0.879740,0.000000,0.000000,0.008765,0.001464,0
0.979740,0.000000,0.000000,0.003816,0.001077,0
1.079740,0.000000,0.000000,0.019153,0.001402,0
1.179740,0.000000,0.000000,0.039551,0.001148,0
1.279740,0.000000,0.000000,0.042814,0.001232,0
1.379740,0.000000,0.000000,0.034734,0.001429,0
1.479740,0.000000,0.000000,0.029312,0.001266,0
1.579740,0.000000,0.000000,0.024552,0.001267,0
1.679740,0.000000,0.000000,0.023395,0.001524,0
1.779740,0.000000,0.000000,0.023138,0.001749,0
1.879740,0.000000,0.000000,0.023877,-0.000188,0
1.979740,0.000000,0.000000,0.024863,0.001291,0
2.079740,0.000000,0.000000,0.023435,0.001748,0
2.179740,0.000000,0.000000,0.021404,0.000445,0
2.279740,0.000000,0.000000,0.034962,0.000899,0
2.379740,0.000000,0.000000,0.052397,0.001307,0
2.479740,0.000000,0.000000,0.042494,0.001641,0
2.579740,0.000000,0.000000,0.025802,0.001911,0
2.679740,0.000000,0.000000,0.019764,0.001525,0
2.779740,0.000000,0.000000,0.016380,0.000966,0
2.879740,0.000000,0.000000,0.014316,0.001248,0
2.979740,0.000000,0.000000,0.013125,0.001420,0
3.079740,0.000000,0.000000,0.023413,0.001360,0
3.179740,0.000000,0.000000,0.041328,0.001477,0
3.279740,0.000000,0.000000,0.044416,0.001105,0
3.379740,0.000000,0.000000,0.037684,0.001494,0
3.479740,0.000000,0.000000,0.034928,0.001213,0
3.579740,0.000000,0.000000,0.034809,0.001339,0
3.679740,0.000000,0.000000,0.027533,0.001389,0
3.779740,0.000000,0.000000,0.018478,0.001383,0
3.879740,0.000000,0.000000,0.015816,0.001481,0
3.979740,0.000000,0.000000,0.017396,0.001123,0
4.079740,0.097509,0.000000,0.012913,0.001280,0
4.179740,0.137499,0.000000,0.004396,0.001338,0
4.279740,0.134975,0.000000,0.002625,0.001033,0
4.379740,0.095014,0.000000,0.005327,0.001272,0
4.479740,0.000000,0.000000,0.006282,0.001173,0
4.579740,0.000048,0.000000,0.006080,0.001151,0
4.679740,0.097485,0.000000,0.005729,0.001097,0
4.779740,0.114996,0.000000,0.005279,0.001082,0
4.879740,0.094962,0.000000,0.015832,0.001324,0
4.979740,0.000021,0.000000,0.033679,0.001309,0
5.079740,0.087476,0.000000,0.031523,0.001140,0
5.179740,0.087500,0.000000,0.016074,0.001294,0
5.279740,0.099990,0.000000,0.016773,0.001438,0
5.379740,0.142455,0.000000,0.028222,0.001238,0
5.479740,0.157487,0.000000,0.026355,0.001059,0
5.579740,0.164992,0.000000,0.015608,0.001146,0
5.679740,0.165000,0.000000,0.011832,0.001178,0
5.779740,0.152504,0.000000,0.012694,0.001074,0
5.879740,0.110017,0.000000,0.017537,0.001063,0
5.979740,0.000088,0.000000,0.025025,0.001096,0
6.079740,0.000000,0.000000,0.023722,0.001357,0
6.179740,0.000000,0.000000,0.016566,0.001271,0
6.279740,0.000000,0.000000,0.030517,0.001357,0
6.379740,0.000000,0.000000,0.049752,0.001419,0
6.479740,0.000000,0.000000,0.063775,0.001140,0
6.579740,0.000000,0.000000,0.074335,0.001197,0
6.679740,0.000000,0.000000,0.078519,0.001339,0
6.779740,0.000000,0.000000,0.078468,0.001465,0
6.879740,0.000000,0.000000,0.064244,0.001357,0
6.979740,0.000000,0.000000,0.040608,0.000982,0
7.079740,0.000000,0.000000,0.028651,0.001196,0
7.179740,0.000000,0.000000,0.024491,0.001063,0
7.279740,0.000000,0.000000,0.029768,0.000874,0
7.379740,0.000000,0.000000,0.041344,0.001057,0
7.479740,0.000000,0.000000,0.034973,0.000984,0
7.579740,0.000000,0.000000,0.016669,0.001230,0
7.679740,0.000000,0.000000,0.013517,0.001178,0
7.779740,0.000000,0.000000,0.014164,0.000961,0
7.879740,0.000000,0.000000,0.018159,0.001173,0
7.979740,0.000000,0.000000,0.024381,0.001236,0
8.079740,0.000000,0.000000,0.026309,0.001194,0
8.179740,0.000000,0.000000,0.025374,0.001238,0
8.279740,0.000000,0.000000,0.026324,0.001273,0
8.379740,0.000000,0.000000,0.028531,0.001293,0
8.479740,0.000000,0.000000,0.029078,0.001238,0
8.579740,0.000000,0.000000,0.028524,0.001157,0
8.679740,0.000000,0.000000,0.030312,0.001436,0
8.779740,0.000000,0.000000,0.033660,0.001276,0
8.879740,0.000000,0.000000,0.031820,0.001069,0
8.979740,0.000000,0.000000,0.026519,0.001108,0
9.079740,0.000000,0.000000,0.024934,0.001332,0
9.179740,0.000000,0.000000,0.024281,0.001415,0
9.279740,0.000000,0.000000,0.035329,0.001434,0
9.379740,0.000000,0.000000,0.054146,0.001078,0
9.479740,0.000000,0.000000,0.048839,0.000921,0
9.579740,0.000000,0.000000,0.027492,0.001150,0
9.679740,0.000000,0.000000,0.019661,0.001276,0
9.779740,0.000000,0.000000,0.020804,0.000943,0
9.879740,0.000000,0.000000,0.020613,0.000916,0
9.979740,0.000000,0.000000,0.019535,0.000974,0
10.079740,0.000000,0.000000,0.023568,0.001106,0
10.179740,0.000000,0.000000,0.030999,0.001123,0
10.279740,0.000000,0.000000,0.030685,0.001236,0
10.379740,0.000000,0.000000,0.025212,0.001142,0
10.479740,0.000000,0.000000,0.021482,0.001295,0
10.579740,0.000000,0.000000,0.018914,0.001183,0
10.679740,0.000000,0.000000,0.019878,0.000930,0
10.779740,0.000000,0.000000,0.023191,0.001202,0
10.879740,0.000000,0.000000,0.022476,0.001087,0
10.979740,0.000000,0.000000,0.019079,0.001030,0
11.079740,0.000000,0.000000,0.024143,0.000973,0
11.179740,0.000000,0.000000,0.034845,0.001231,0
11.279740,0.000000,0.000000,0.034175,0.001419,0
11.379740,0.000000,0.000000,0.025955,0.001222,0
11.479740,0.000000,0.000000,0.017394,0.001041,0
11.579740,0.000000,0.000000,0.008608,0.001277,0
11.679740,0.000000,0.000000,0.012600,0.001149,0
11.779740,0.000000,0.000000,0.025088,0.001200,0
11.879740,0.000000,0.000000,0.031899,0.000871,0
11.979740,0.000000,0.000000,0.034926,0.001071,0
12.079740,0.000000,0.000000,0.041442,0.001198,0
12.179740,0.000000,0.000000,0.050289,0.001160,0
12.279740,0.000000,0.000000,0.039165,0.001281,0
12.379740,0.000000,0.000000,0.014752,0.001259,0
12.479740,0.000000,0.000000,0.005664,0.001247,0
12.579740,0.000000,0.000000,0.006769,0.001395,0
12.679740,0.000000,0.000000,0.010821,0.001192,0
12.779740,0.000000,0.000000,0.016834,0.001198,0
12.879740,0.000000,0.000000,0.016837,0.001116,0
12.979740,0.000000,0.000000,0.012842,0.001226,0
13.079740,0.000000,0.000000,0.010285,0.001326,0
13.179740,0.000000,0.000000,0.008089,0.001304,0
13.279740,0.000000,0.000000,0.011959,0.001240,0
13.379740,0.000000,0.000000,0.019864,0.001335,0
13.479740,0.000000,0.000000,0.016780,0.001086,0
13.579740,0.000000,0.000000,0.006387,0.001065,0
13.679740,0.000000,0.000000,0.009162,0.001200,0
13.779740,0.000000,0.000000,0.020692,0.001176,0
13.879740,0.000000,0.000000,0.027082,0.001046,0
13.979740,0.000000,0.000000,0.030052,0.001205,0
14.079740,0.000000,-0.619486,0.022954,0.001237,0
14.179740,0.000000,-0.779891,0.009130,0.001311,0
14.279740,0.000000,-0.780000,0.009717,0.001101,0
14.379740,0.000000,-0.999826,0.019897,0.001245,0
14.479740,0.000000,-1.000000,0.020632,0.001339,0
14.579740,0.000000,-1.000000,0.019007,0.001221,0
14.679740,0.000000,-1.000000,0.013747,0.001139,0
14.779740,0.000000,-1.000000,0.006070,0.000963,0
14.879740,0.000000,-1.000000,0.007871,0.001174,0
14.979740,0.000000,-1.000000,0.015987,0.001173,0
15.079740,0.000000,-1.000000,0.016654,0.000962,0
15.179740,0.000000,-1.000000,0.012349,0.001081,0
15.279740,0.000000,-1.000000,0.013353,0.001242,0
15.379740,0.000000,-1.000000,0.017888,0.001030,0
15.479740,0.000000,-1.000000,0.022429,0.001176,0
15.579740,0.000000,-1.000000,0.026975,0.001349,0
15.679740,0.000000,-1.000000,0.020529,0.001140,0
15.779740,0.000000,-1.000000,0.006762,0.001023,0
15.879740,0.000000,-1.000000,0.012334,0.001058,0
15.979740,0.000000,-1.000000,0.022760,0.000974,0
16.079740,0.000000,-1.000000,0.023654,0.001138,0
16.179740,0.000000,-1.000000,0.018206,0.001229,0
16.279740,0.000000,-1.000000,0.016251,0.001176,0
16.379740,0.000000,-1.000000,0.016617,0.001268,0
16.479740,0.000000,-1.000000,0.016843,0.001141,0
16.579740,0.000000,-1.000000,0.016976,0.001103,0
16.679740,0.000000,-1.000000,0.016509,0.001129,0
16.779740,0.000000,-1.000000,0.015643,0.001140,0
16.879740,0.000000,-1.000000,0.012761,0.000960,0
16.979740,0.000000,-1.000000,0.008539,0.001197,0
17.079740,0.000000,-1.000000,0.007586,0.001239,0
17.179740,0.000000,-1.000000,0.011566,0.001304,0
17.279740,0.000000,-1.000000,0.013243,0.001212,0
17.379740,0.000000,-1.000000,0.013394,0.001186,0
17.479740,0.000000,-1.000000,0.018993,0.001198,0
17.579740,0.000000,-1.000000,0.028210,0.001130,0
17.679740,0.000000,-1.000000,0.029644,0.001276,0
17.779740,0.000000,-1.000000,0.025906,0.001372,0
17.879740,0.000000,-1.000000,0.026041,0.000972,0
17.979740,0.000000,-1.000000,0.028749,0.001060,0
18.079740,0.000000,-1.000000,0.033542,0.001274,0
18.179740,0.000000,-1.000000,0.039724,0.001236,0
18.279740,0.000000,-0.667659,0.033814,0.001266,0
18.379740,0.000000,-0.080229,0.019877,0.001171,0
18.479740,0.000000,-0.000008,0.014190,0.001069,0
18.579740,0.000000,0.000000,0.013977,0.000720,0
18.679740,0.000000,0.000000,0.013386,0.001148,0
18.779740,0.000000,0.000000,0.012543,0.001084,0
18.879740,0.000000,0.000000,0.012339,0.001161,0
18.979740,0.000000,0.000000,0.012561,0.000874,0
19.079740,0.000000,0.000000,0.013065,0.000994,0
19.179740,0.000000,0.000000,0.013759,0.001158,0
19.279740,0.000000,0.000000,0.011022,0.000931,0
19.379740,0.000000,0.000000,0.006004,0.001080,0
19.479740,0.000000,0.000000,0.005632,0.001145,0
19.579740,0.000000,0.000000,0.008349,0.001177,0
19.679740,0.000000,0.000000,0.017925,0.001159,0
19.779740,0.000000,0.000000,0.032061,0.001111,0
19.879740,0.000000,0.000000,0.026692,0.001169,0
19.979740,0.000000,0.152384,0.016454,0.001141,0
20.079740,0.000000,0.417431,0.011595,0.001149,0
20.179740,0.000000,0.942368,0.010308,0.001204,0
20.279740,0.000000,0.940001,0.019065,0.001304,0
20.379740,0.000000,0.930002,0.030335,-0.001060,0
20.479740,0.000000,0.927500,0.029111,0.001137,0
20.579740,0.000000,0.922502,0.019604,0.000990,0
20.679740,0.000000,0.912506,0.020079,0.000885,0
20.779740,0.000000,0.912500,0.027180,0.001075,0
20.879740,0.000000,0.912500,0.033929,0.001075,0
20.979740,0.000000,0.912500,0.040443,0.001095,0
21.079740,0.000000,0.912500,0.037362,0.001307,0
21.179740,0.000000,0.910003,0.027893,0.001048,0
21.279740,0.000000,0.902505,0.020339,0.001232,0
21.379740,0.000000,0.902500,0.013263,0.001084,0
21.479740,0.000000,0.902500,0.009591,0.001199,0
21.579740,0.000000,0.902500,0.008179,0.001103,0
21.679740,0.000000,0.902500,0.012912,0.000908,0
21.779740,0.000000,0.900001,0.021721,0.001040,0
21.879740,0.000000,0.895002,0.020243,0.001252,0
21.979740,0.000000,0.895000,0.011927,0.001065,0
22.079740,0.000000,0.895000,0.009934,0.001038,0
22.179740,0.000000,0.895000,0.012153,0.001380,0
22.279740,0.000000,0.895000,0.011246,0.001068,0
22.379740,0.000000,0.872518,0.008262,0.001189,0
22.479740,0.000000,-0.004604,0.013745,0.001375,0
22.579740,0.000000,-0.000003,0.024852,0.000981,0
22.679740,0.000000,0.000000,0.032181,0.001092,0
22.779740,0.000000,0.000000,0.038564,0.001024,0
22.879740,0.000000,0.000000,0.038933,0.001272,0
22.979740,0.000000,0.000000,0.035313,0.001099,0
23.079740,0.000000,0.000000,0.039212,0.001005,0
23.179740,0.000000,0.000000,0.054459,0.001203,0
23.279740,0.000000,0.000000,0.052550,0.001234,0
23.379740,0.000000,0.000000,0.039263,0.000958,0
23.479740,0.000000,0.000000,0.031145,0.001045,0
23.579740,0.000000,0.000000,0.026464,0.001107,0
23.679740,0.000000,0.000000,0.019927,0.001221,0
23.779740,0.000000,0.000000,0.012157,0.001255,0
23.879740,0.000000,0.000000,0.011751,0.000824,0
23.979740,0.000000,0.000000,0.016237,0.001077,0
24.079740,0.000000,0.000000,0.023334,0.001325,0
24.179740,0.000000,0.000000,0.032164,0.001305,0
24.279740,0.000000,0.000000,0.031888,0.001236,0
24.379740,0.000000,0.000000,0.025550,0.001047,0
24.479740,0.000000,0.000000,0.020192,0.001146,0
24.579740,0.000000,0.000000,0.015483,0.001212,0
24.679740,0.000000,0.000000,0.012765,0.001178,0
24.779740,0.000000,0.000000,0.011372,0.001287,0
24.879740,0.000000,0.000000,0.011653,0.001367,0
24.979740,0.000000,0.000000,0.013045,0.001218,0
25.079740,0.000000,0.000000,0.020134,0.001155,0
25.179740,0.000000,0.000000,0.031015,0.001164,0
25.279740,0.000000,0.000000,0.028157,0.001115,0
25.379740,0.000000,0.000000,0.016182,0.001259,0
25.479740,0.000000,0.000000,0.015509,0.001320,0
25.579740,0.000000,0.000000,0.022346,0.001387,0
25.679740,0.000000,0.000000,0.020909,0.001136,0
25.779740,0.000000,0.000000,0.013958,0.001208,0
25.879740,0.000000,0.000000,0.020857,0.001258,0
25.979740,0.000000,0.000000,0.036974,0.001179,0
26.079740,0.000000,0.000000,0.036281,0.001066,0
26.179740,0.000000,0.000000,0.024393,0.001168,0
26.279740,0.000000,0.000000,0.015247,0.001110,0
26.379740,0.000000,0.000000,0.007923,0.001255,0
26.479740,0.000000,0.000000,0.008044,0.001252,0
26.579740,0.000000,0.000000,0.013109,0.001265,0
26.679740,0.000000,0.000000,0.014351,0.001132,0
26.779740,0.000000,0.000000,0.013050,0.001110,0
26.879740,0.000000,0.000000,0.013468,0.001078,0
26.979740,0.000000,0.000000,0.015029,0.001174,0
27.079740,0.000000,0.000000,0.015652,0.001139,0
27.179740,0.000000,0.000000,0.015652,0.001177,0
27.279740,0.000000,0.000000,0.014868,0.001188,0
27.379740,0.000000,0.000000,0.013561,0.001129,0
27.479740,0.000000,0.000000,0.013295,0.001178,0
27.579740,0.000000,0.000000,0.013722,0.001481,0
27.679740,0.000000,0.000000,0.016057,0.001258,0
27.779740,0.000000,0.000000,0.019658,0.001151,0
27.879740,0.000000,0.000000,0.022511,0.001134,0
27.979740,0.000000,0.000000,0.024865,0.001125,0
28.079740,0.000000,0.000000,0.025271,0.001326,0
28.179740,0.000000,0.000000,0.024378,0.001313,0
28.279740,0.000000,0.000000,0.018559,0.001149,0
28.379740,0.000000,0.000000,0.009463,0.001059,0
28.479740,0.000000,0.000000,0.007504,0.001275,0
28.579740,0.000000,0.000000,0.010290,0.001070,0
28.679740,0.000000,0.000000,0.008879,0.001196,0
28.779740,0.000000,0.000000,0.004678,0.001059,0
28.879740,0.000000,0.000000,0.007253,0.001255,0
28.979740,0.000000,0.000000,0.014335,0.001318,0
29.079740,0.000000,0.000000,0.021791,0.001253,0
29.179740,0.000000,0.000000,0.029813,0.001447,0
29.279740,0.000000,0.000000,0.032186,0.001101,0
29.379740,0.000000,0.000000,0.030805,0.001321,0
29.479740,0.000000,0.000000,0.028633,0.001195,0
29.579740,0.000000,0.000000,0.026264,0.000997,0
29.679740,0.000000,0.000000,0.023451,0.001165,0
29.779740,0.000000,0.000000,0.020344,0.001242,0
29.879740,0.000000,0.000000,0.023284,0.001116,0
29.979740,0.000000,0.000000,0.030238,0.001235,0
30.079740,0.000000,0.000000,0.027282,0.001186,0
30.179740,0.000000,0.000000,0.017737,0.001060,0
30.279740,0.000000,0.000000,0.013661,0.001038,0
30.379740,0.000000,0.000000,0.013216,0.001175,0
30.479740,0.000000,0.000000,0.014289,0.001253,0
30.579740,0.000000,0.000000,0.016373,0.001189,0
30.679740,0.000000,0.000000,0.024149,0.001407,0
30.779740,0.000000,0.000000,0.035700,0.001398,0
30.879740,0.000000,0.000000,0.035342,0.001250,0
30.979740,0.000000,0.000000,0.027071,0.001129,0
31.079740,0.000000,0.000000,0.022966,0.001074,0
31.179740,0.000000,0.000000,0.021629,0.001246,0
31.279740,0.000000,0.000000,0.017852,0.001025,0
31.379740,0.000000,0.000000,0.012453,0.000836,0
31.479740,0.000000,0.000000,0.013762,0.001226,0
31.579740,0.000000,0.000000,0.019535,0.001259,0
31.679740,0.000000,0.000000,0.022292,0.001222,0
31.779740,0.000000,0.000000,0.023045,0.001308,0
31.879740,0.000000,0.000000,0.024149,0.001118,0
31.979740,0.000000,0.000000,0.025485,0.001151,0
32.079740,0.000000,0.000000,0.022291,0.001148,0
32.179740,0.000000,0.000000,0.016079,0.001071,0
32.279740,0.000000,0.000000,0.013432,0.000869,0
32.379740,0.000000,-0.387298,0.013151,0.001101,0
32.479740,0.000000,-0.634886,0.013163,0.001206,0
32.579740,0.000000,-0.395010,0.013371,0.001304,0
32.679740,0.000000,-0.262507,0.021018,0.001129,0
32.779740,0.000000,-0.005198,0.033603,0.000965,0
32.879740,0.000000,-0.000002,0.029191,0.001096,0
32.979740,0.000000,0.000000,0.013489,0.001229,0
33.079740,0.000000,0.000000,0.010043,0.001054,0
33.179740,0.000000,0.000000,0.014760,0.001078,0
33.279740,0.000000,0.000000,0.019008,0.001183,0
33.379740,0.000000,0.000000,0.022944,0.001159,0
33.479740,0.000000,0.000000,0.019921,0.001188,0
33.579740,0.000000,0.000000,0.012275,0.000878,0
33.679740,0.000000,0.000000,0.015780,0.001173,0
33.779740,0.000000,0.000000,0.026705,0.001042,0
33.879740,0.000000,0.000000,0.032069,0.001292,0
33.979740,0.000000,0.000000,0.033741,0.001027,0
34.079740,0.000000,0.000000,0.031977,0.001019,0
34.179740,0.000000,0.000000,0.027924,0.000835,0
34.279740,0.000000,0.000000,0.025339,0.001098,0
34.379740,0.000000,0.000000,0.023730,0.001232,0
34.479740,0.000000,0.000000,0.020658,0.001041,0
34.579740,0.000000,0.000000,0.016614,0.000910,0
34.679740,0.000000,0.000000,0.011791,0.001147,0
34.779740,0.000000,0.000000,0.006451,0.000999,0
34.879740,0.000000,0.000000,0.007617,0.001191,0
34.979740,0.000000,0.000000,0.010405,0.001420,0
35.079740,0.000000,0.000000,0.015864,0.001121,0
35.179740,0.000000,0.000000,0.025363,0.001036,0
35.279740,0.000000,0.000000,0.031052,0.000973,0
35.379740,0.000000,0.000000,0.034209,0.001186,0
35.479740,0.000000,0.000000,0.032346,0.001003,0
35.579740,0.000000,0.000000,0.027153,0.001248,0
35.679740,0.000000,0.000000,0.025246,0.001232,0
35.779740,0.000000,0.000000,0.025522,0.001423,0
35.879740,0.000000,0.000000,0.023765,0.001174,0
35.979740,0.000000,0.000000,0.020658,0.001188,0
36.079740,0.000000,0.000000,0.026628,0.001090,0
36.179740,0.000000,0.000000,0.038641,0.001235,0
36.279740,0.000000,0.000000,0.037180,0.001386,0
36.379740,0.000000,0.000000,0.032342,0.001139,0
36.479740,0.000000,0.000000,0.028971,0.000957,0
36.579740,0.000000,0.000000,0.026571,0.001216,0
36.679740,0.000000,0.000000,0.020209,0.001067,0
36.779740,0.000000,0.000000,0.011210,0.001265,0
36.879740,0.000000,0.000000,0.009597,0.000988,0
36.979740,0.000000,0.000000,0.012895,0.001016,0
37.079740,0.000000,0.000000,,0.000869,0
66.479698,0.000000,0.000000,0.043011,0.001334,1
66.579698,0.000000,0.000000,0.029002,0.000882,1
66.679698,0.000000,0.000000,0.022363,0.001069,1
66.779698,0.000000,0.000000,0.020620,0.001116,1
66.879698,0.000000,0.000000,0.017004,0.001209,1
66.979698,0.000000,0.000000,0.012142,0.001115,1
67.079698,0.000000,0.000000,0.009481,0.001417,1
67.179698,0.000000,0.000000,0.008287,0.001245,1
67.279698,0.000000,0.000000,0.011297,0.001009,1
67.379698,0.000000,0.000000,0.017099,0.001184,1
67.479698,0.000000,0.000000,0.024637,0.001061,1
67.579698,0.000000,0.000000,0.033327,0.000919,1
67.679698,0.000000,0.000000,0.035743,0.000865,1
67.779698,0.000000,0.000000,0.033988,0.000906,1
67.879698,0.000000,0.000000,0.031959,0.001070,1
67.979698,0.000000,0.000000,0.029747,0.001147,1
68.079698,0.000000,0.000000,0.024204,0.001279,1
68.179698,0.000000,0.000000,0.016441,0.001271,1
68.279698,0.000000,0.000000,0.012759,0.001011,1
68.379698,0.000000,0.000000,0.011789,0.001215,1
68.479698,0.000000,0.000000,0.013587,0.001159,1
68.579698,0.000000,0.000000,0.017227,0.001227,1
68.679698,0.000000,0.000000,0.024905,0.001170,1
68.779698,0.000000,0.000000,0.035269,0.001213,1
68.879698,0.000000,-0.000000,0.027461,0.001074,1
68.979698,0.000000,-0.002499,0.015125,0.000912,1
69.079698,0.000000,-0.002500,0.014738,0.000982,1
69.179698,0.000000,-0.002500,0.022297,0.001174,1
69.279698,0.000000,-0.000001,0.021075,0.001103,1
69.379698,0.000000,0.000000,0.014006,0.001292,1
69.479698,0.000000,0.000000,0.013652,0.001136,1
69.579698,0.000000,0.000000,0.017770,0.001226,1
69.679698,0.000000,0.000000,0.022898,0.001254,1
69.779698,0.000000,0.000000,0.028700,0.001002,1
69.879698,0.000000,0.000000,0.025787,0.001262,1
69.979698,0.000000,0.000000,0.017083,0.001184,1
70.079698,0.000000,0.000000,0.017320,0.001178,1
70.179698,0.000000,0.000000,0.023518,0.001326,1
70.279698,0.000000,0.000000,0.025787,0.000965,1
70.379698,0.000000,0.000000,0.027073,0.001022,1
70.479698,0.000000,0.000000,0.024190,0.001191,1
70.579698,0.000000,0.000000,0.018537,0.001159,1
70.679698,0.000000,0.000000,0.016343,0.001343,1
70.779698,0.000000,0.000000,0.016450,0.001364,1
70.879698,0.000000,0.000000,0.023522,0.001100,1
70.979698,0.000000,0.000000,0.035237,0.001028,1
71.079698,0.000000,0.000000,0.037501,0.001202,1
71.179698,0.000000,0.000000,0.025435,0.000966,1
71.279698,0.000000,0.000000,0.015926,0.000799,1
71.379698,0.000000,0.000000,0.008118,0.000971,1
71.479698,0.000000,0.000000,0.014911,0.001204,1
71.579698,0.000000,0.000000,0.031411,0.001159,1
71.679698,0.000000,0.000000,0.026345,0.001078,1
71.779698,0.000000,0.000000,0.015884,0.001146,1
71.879698,0.000000,0.000000,0.015352,0.001114,1
71.979698,0.000000,0.000000,0.021427,0.001176,1
72.079698,0.000000,0.000000,0.017776,0.000965,1
72.179698,0.000000,0.000000,0.007656,0.000860,1
72.279698,0.000000,0.000000,0.005069,0.000874,1
72.379698,0.000000,0.000000,0.007510,0.001198,1
72.479698,0.000000,0.000000,0.012183,0.000990,1
72.579698,0.000000,0.000000,0.018343,0.001068,1
72.679698,0.000000,0.000000,0.020566,0.001187,1
72.779698,0.000000,0.000000,0.020162,0.001260,1
72.879698,0.000000,0.000000,0.014677,0.001163,1
72.979698,0.000000,0.000000,0.005796,0.001035,1
73.079698,0.000000,0.000000,0.007067,0.001073,1
73.179698,0.000000,0.000000,0.015132,0.000978,1
73.279698,0.000000,0.000000,0.014650,0.001119,1
73.379698,0.000000,0.000000,0.008471,0.001018,1
73.479698,0.000000,0.000000,0.011314,0.001062,1
73.579698,0.000000,0.000000,0.020169,0.001200,1
73.679698,0.000000,0.000000,0.025176,0.001225,1
73.779698,0.000000,0.000000,0.027622,0.001143,1
73.879698,0.000000,0.000000,0.031083,0.000928,1
73.979698,0.000000,0.000000,0.035221,0.001172,1
74.079698,0.000000,0.000000,0.034005,0.001041,1
74.179698,0.000000,0.000000,0.029213,0.001136,1
74.279698,0.000000,0.000000,0.032037,0.001188,1
74.379698,0.000000,0.000000,0.039945,0.001017,1
74.479698,0.000000,0.000000,0.035773,0.001180,1
74.579698,0.000000,0.000000,0.023565,0.001163,1
74.679698,0.000000,0.000000,0.014418,0.001222,1
74.779698,0.000000,0.000000,0.007312,0.000952,1
74.879698,0.000000,0.000000,0.014296,0.000969,1
74.979698,0.000000,0.000000,0.030661,0.001254,1
75.079698,0.000000,0.000000,0.034457,0.001143,1
75.179698,0.000000,0.000000,0.029856,0.001248,1
75.279698,0.000000,0.000000,0.030480,0.001274,1
75.379698,0.000000,0.000000,0.034581,0.001367,1
75.479698,0.000000,0.000000,0.028365,0.001284,1
75.579698,0.000000,0.000000,0.015272,0.001055,1
75.679698,0.000000,0.000000,0.016024,0.000884,1
75.779698,-0.129843,0.000000,0.020243,0.001051,1
75.879698,-0.102530,0.000000,0.026832,0.001201,1
75.979698,-0.000175,0.000000,0.035000,0.001065,1
76.079698,0.000000,0.000000,0.029567,0.001040,1
76.179698,0.000000,0.000000,0.015032,0.001188,1
76.279698,0.000000,0.000000,0.016513,0.001105,1
76.379698,0.000000,0.000000,0.028667,0.001384,1
76.479698,-0.122386,0.000000,0.034892,0.001122,1
76.579698,-0.129993,0.000000,0.037168,0.001058,1
76.679698,-0.000049,0.000000,0.031342,0.001225,1
76.779698,0.000000,-0.134903,0.020112,0.001237,1
76.879698,0.000000,-0.359766,0.012435,0.001165,1
76.979698,0.000000,-0.936618,0.007126,0.001192,1
77.079698,0.000000,-0.999891,0.009825,0.001137,1
77.179698,0.000000,-1.000000,0.017872,-0.000838,1
77.279698,0.000000,-1.000000,0.016270,0.000820,1
77.379698,0.000000,-1.000000,0.008222,0.001191,1
77.479698,0.000000,-1.000000,0.011347,0.001222,1
77.579698,0.000000,-1.000000,0.021930,0.000996,1
77.679698,0.000000,-1.000000,0.020744,0.001277,1
77.779698,0.000000,-0.820176,0.011685,0.000979,1
77.879698,0.000000,-0.602604,0.012132,0.001321,1
77.979698,0.000000,-0.592511,0.018914,0.001229,1
78.079698,0.000000,-0.545044,0.017622,0.001210,1
78.179698,0.000000,-0.357592,0.010925,0.001082,1
78.279698,0.000000,-0.000140,0.011534,0.001198,1
78.379698,0.000000,0.000000,0.017013,0.001096,1
78.479698,0.000000,0.000000,0.024503,0.000981,1
78.579698,0.000000,0.000000,0.032496,0.001118,1
78.679698,0.000000,0.000000,0.029280,0.001267,1
78.779698,0.000000,0.000000,0.018592,0.001266,1
78.879698,0.000000,0.000000,0.020673,0.001100,1
78.979698,0.000000,0.000000,0.031265,0.001307,1
79.079698,0.000000,0.000000,0.028218,0.001364,1
79.179698,0.000000,0.000000,0.016048,0.001253,1
79.279698,0.000000,0.000000,0.008775,0.001337,1
79.379698,0.000000,0.000000,0.004766,0.001470,1
79.479698,0.000000,-0.282364,0.010994,0.000995,1
79.579698,0.000000,-0.467372,0.024051,0.001151,1
79.679698,0.000000,-0.467500,0.026567,0.001045,1
79.779698,0.000000,-0.999622,0.022053,0.000994,1
79.879698,0.000000,-1.000000,0.019121,0.001017,1
79.979698,0.000000,-1.000000,0.017244,0.000956,1
80.079698,0.000000,-1.000000,0.015974,0.001066,1
80.179698,0.000000,-1.000000,0.015110,0.001199,1
80.279698,0.000000,-1.000000,0.012809,0.001228,1
80.379698,0.000000,-1.000000,0.009552,0.001158,1
80.479698,0.000000,-1.000000,0.014628,0.001028,1
80.579698,0.000000,-1.000000,0.025276,0.001191,1
80.679698,0.000000,-1.000000,0.027034,0.001190,1
80.779698,0.000000,-1.000000,0.022879,0.001188,1
80.879698,0.000000,-1.000000,0.021632,0.001135,1
80.979698,0.000000,-1.000000,0.022331,0.000889,1
81.079698,0.000000,-1.000000,0.025399,0.001025,1
81.179698,0.000000,-1.000000,0.029063,0.001023,1
81.279698,0.000000,-1.000000,0.033056,0.001156,1
81.379698,0.000000,-1.000000,0.037266,0.001170,1
81.479698,0.000000,-1.000000,0.030506,0.001044,1
81.579698,0.000000,-1.000000,0.016442,0.001084,1
81.679698,0.000000,-1.000000,0.013280,0.001184,1
81.779698,0.000000,-1.000000,0.017385,0.001194,1
81.879698,0.000000,-1.000000,0.017748,0.001162,1
81.979698,0.000000,-1.000000,0.015618,0.001056,1
82.079698,0.000000,-1.000000,0.016942,0.001067,1
82.179698,0.000000,-1.000000,0.020572,0.001083,1
82.279698,0.000000,-0.892572,0.017825,0.001072,1
82.379698,0.000000,-0.000660,0.010834,0.001146,1
82.479698,0.000000,0.000000,0.018042,0.001001,1
82.579698,0.000000,0.000000,0.028805,0.000950,1
82.679698,0.000000,0.000000,0.029649,0.001085,1
82.779698,0.000000,0.000000,0.023891,0.001206,1
82.879698,0.000000,0.000000,0.018715,0.001032,1
82.979698,0.000000,0.000000,0.013928,0.001161,1
83.079698,0.000000,0.000000,0.011045,0.001037,1
83.179698,0.000000,0.000000,0.011045,0.001336,1
83.279698,0.000000,0.000000,0.014222,0.001069,1
83.379698,0.000000,0.000000,0.019514,0.000883,1
83.479698,0.000000,0.000000,0.016763,0.001098,1
83.579698,0.000000,0.000000,0.008637,0.001313,1
83.679698,0.000000,0.000000,0.012255,0.001123,1
83.779698,0.000000,0.000000,0.023708,0.001160,1
83.879698,0.000000,0.000000,0.024554,0.001057,1
83.979698,0.000000,0.000000,0.022746,0.001101,1
84.079698,0.000000,0.000000,0.024832,0.001058,1
84.179698,0.000000,0.029978,0.029513,0.001055,1
84.279698,0.000000,0.554769,0.026398,0.001064,1
84.379698,0.000000,0.794798,0.018088,0.001115,1
84.479698,0.000000,0.937452,0.017333,0.001238,1
84.579698,0.000000,0.939999,0.021614,0.001050,1
84.679698,0.000000,0.937502,0.030982,0.000968,1
84.779698,0.000000,0.937500,0.043736,0.001139,1
84.879698,0.000000,0.930007,0.037687,0.001232,1
84.979698,0.000000,0.927504,0.019107,0.001047,1
85.079698,0.000000,0.927500,0.011922,0.001157,1
85.179698,0.000000,0.927500,0.012356,0.001222,1
85.279698,0.000000,0.922501,0.020208,0.000882,1
85.379698,0.000000,0.920001,0.033004,0.001169,1
85.479698,0.000000,0.920000,0.035631,0.001122,1
85.579698,0.000000,0.917501,0.031488,0.001207,1
85.679698,0.000000,0.917500,0.027729,0.001101,1
85.779698,0.000000,0.917500,0.024225,0.001149,1
85.879698,0.000000,0.917500,0.018521,0.001130,1
85.979698,0.000000,0.917500,0.011353,0.001138,1
86.079698,0.000000,0.915002,0.009334,0.001044,1
86.179698,0.000000,0.915000,0.010748,0.001002,1
86.279698,0.000000,0.912502,0.018695,0.001241,1
86.379698,0.000000,0.912500,0.030993,0.001106,1
86.479698,0.000000,0.912500,0.032653,0.001427,1
86.579698,0.000000,0.912500,0.027243,0.001404,1
86.679698,0.000000,0.912500,0.020799,0.001158,1
86.779698,0.000000,0.912500,0.013664,0.001178,1
86.879698,0.000000,0.912500,0.013575,0.001014,1
86.979698,0.000000,0.912500,0.018166,0.001016,1
87.079698,0.000000,0.912500,0.021597,0.000964,1
87.179698,0.000000,0.912500,0.024256,0.001104,1
87.279698,0.000000,0.912500,0.024563,0.000901,1
87.379698,0.000000,0.912500,0.023306,0.000812,1
87.479698,0.000000,0.912500,0.017878,0.001312,1
87.579698,0.000000,0.912500,0.009678,0.001048,1
87.679698,0.000000,0.912500,0.009514,0.001199,1
87.779698,0.000000,0.912500,0.014694,0.001061,1
87.879698,0.000000,0.912500,0.012812,0.001102,1
87.979698,0.000000,0.912500,0.006234,0.001302,1
88.079698,0.000000,0.912500,0.004809,0.001315,1
88.179698,0.000000,0.912500,0.006814,0.000887,1
88.279698,0.000000,0.912500,0.009659,0.001072,1
88.379698,0.000000,0.912500,0.013063,0.001430,1
88.479698,0.000000,0.912500,0.014606,0.000896,1
88.579698,0.000000,0.912500,0.014911,0.000899,1
88.679698,0.000000,0.912500,0.016598,0.001297,1
88.779698,0.000000,0.000154,0.019207,0.001051,1
88.879698,0.000000,0.000000,0.019799,0.001052,1
88.979698,0.000000,0.000000,0.019051,0.000979,1
89.079698,0.000000,0.000000,0.015484,0.001311,1
89.179698,0.000000,0.000000,0.007648,0.001218,1
89.279698,0.000000,0.000000,0.012238,0.000989,1
89.379698,0.000000,0.000000,0.019931,0.000986,1
89.479698,0.000000,0.000000,0.022076,0.000877,1
89.579698,0.000000,0.000000,0.020540,0.001135,1
89.679698,0.000000,0.000000,0.016048,0.001181,1
89.779698,0.000000,0.000000,0.009585,0.000941,1
89.879698,0.000000,0.000000,0.011643,0.001248,1
89.979698,0.000000,0.000000,0.019382,0.001363,1
90.079698,0.000000,0.000000,0.019377,0.000861,1
90.179698,0.000000,0.000000,0.014224,0.001104,1
90.279698,0.000000,0.000000,0.012227,0.001065,1
90.379698,0.000000,0.000000,0.012329,0.000894,1
90.479698,0.000000,0.000000,0.009619,0.001093,1
90.579698,0.000000,0.000000,0.005041,0.001359,1
90.679698,0.000000,0.000000,0.004744,0.000780,1
90.779698,0.000000,0.000000,0.005521,0.001002,1
90.879698,0.000000,0.000000,0.007984,0.001169,1
90.979698,0.000000,0.000000,0.011568,0.000903,1
91.079698,0.000000,0.000000,0.014809,0.001018,1
91.179698,0.000000,0.000000,0.017822,0.000707,1
91.279698,0.000000,0.000000,0.021009,0.000853,1
91.379698,0.000000,0.000000,0.024311,0.001017,1
91.479698,0.000000,0.000000,0.027262,0.001298,1
91.579698,0.000000,0.000000,0.029980,0.001095,1
91.679698,0.000000,0.000000,0.022971,0.000756,1
91.779698,0.000000,0.000000,0.009500,0.001096,1
91.879698,0.000000,0.000000,0.003968,0.001069,1
91.979698,0.000000,0.000000,0.003709,0.001199,1
92.079698,0.000000,0.000000,0.006436,0.001135,1
92.179698,0.000000,0.000000,0.011152,0.001036,1
92.279698,0.000000,0.000000,0.018270,0.001194,1
92.379698,0.000000,0.000000,0.026992,0.001138,1
92.479698,0.000000,0.000000,0.024755,0.001200,1
92.579698,0.000000,0.000000,0.015217,0.001108,1
92.679698,0.000000,0.000000,0.024423,0.000892,1
92.779698,0.000000,0.000000,0.046126,0.001137,1
92.879698,0.000000,0.000000,0.042046,0.001241,1
92.979698,0.000000,0.000000,0.020741,0.000996,1
93.079698,0.000000,0.000000,0.020274,0.001043,1
93.179698,0.000000,0.000000,0.033733,0.001295,1
93.279698,0.000000,0.000000,0.031748,0.001123,1
93.379698,0.000000,0.000000,0.019471,0.001040,1
93.479698,0.000000,0.000000,0.026135,0.000978,1
93.579698,0.000000,0.000000,0.045429,0.001052,1
93.679698,0.000000,0.000000,0.038694,0.001106,1
93.779698,0.000000,0.000000,0.014627,0.001051,1
93.879698,0.000000,0.000000,0.013844,0.001180,1
93.979698,0.000000,0.000000,0.028584,0.001274,1
94.079698,0.000000,0.000000,0.026322,0.001023,1
94.179698,0.000000,0.000000,0.012720,0.000894,1
94.279698,0.000000,0.000000,0.011735,0.001259,1
94.379698,0.000000,0.000000,0.019159,0.001209,1
94.479698,0.087365,0.000000,0.023183,0.001118,1
94.579698,0.087500,0.000000,0.024932,0.001024,1
94.679698,0.094998,0.000000,0.023768,0.001044,1
94.779698,0.134938,0.000000,0.020660,0.001396,1
94.879698,0.144988,0.000000,0.017441,0.001124,1
94.979698,0.162477,0.000000,0.014149,0.000858,1
95.079698,0.162500,0.000000,0.012384,0.001525,1
95.179698,0.162500,0.000000,0.012933,0.001303,1
95.279698,0.127503,0.000000,0.015621,0.001029,1
95.379698,0.087525,0.000000,0.019732,0.001124,1
95.479698,0.000052,0.000000,0.020439,0.001039,1
95.579698,0.000000,0.000000,0.018874,0.001244,1
95.679698,0.000000,0.000000,0.021884,0.000891,1
95.779698,0.000000,0.000000,0.027943,0.000976,1
95.879698,0.000000,0.000000,0.025997,0.000986,1
95.979698,0.000000,0.000000,0.018723,0.001209,1
96.079698,0.000000,0.000000,0.013533,0.001169,1
96.179698,0.000000,0.000000,0.008868,0.001024,1
96.279698,0.000000,0.000000,0.012416,0.001228,1
96.379698,0.000000,0.000000,0.021447,0.001430,1
96.479698,0.000000,0.000000,0.022721,0.001348,1
96.579698,0.000000,0.000000,0.018822,0.001147,1
96.679698,0.000000,0.000000,0.019885,0.001002,1
96.779698,0.000000,0.000000,0.024254,0.001218,1
96.879698,0.000000,0.000000,0.022111,0.001067,1
96.979698,0.000000,0.000000,0.015633,0.000910,1
97.079698,0.000000,0.000000,0.014658,0.001086,1
97.179698,0.000000,0.000000,0.017359,0.001077,1
97.279698,0.000000,0.000000,0.017293,0.001162,1
97.379698,0.000000,0.000000,0.015384,0.000976,1
97.479698,0.000000,0.000000,0.026077,0.001116,1
97.579698,0.000000,0.000000,0.039939,0.001070,1
97.679698,0.000000,0.000000,0.049487,0.000996,1
97.779698,0.000000,0.000000,0.056157,0.001277,1
97.879698,0.000000,0.000000,0.048155,0.001446,1
97.979698,0.000000,0.000000,0.030389,0.001163,1
98.079698,0.000000,0.000000,0.027536,0.000139,1
98.179698,0.000000,0.000000,0.034678,0.001431,1
98.279698,0.000000,0.000000,0.031516,0.000781,1
98.379698,0.000000,0.000000,0.021479,0.001144,1
98.479698,0.000000,0.000000,0.017732,0.001610,1
98.579698,0.000000,0.000000,0.018179,0.001006,1
98.679698,0.000000,0.000000,0.019549,0.001503,1
98.779698,0.000000,0.000000,0.021534,0.001168,1
98.879698,0.000000,0.000000,0.022088,0.001235,1
98.979698,0.000000,0.000000,0.022283,0.000296,1
99.079698,0.000000,0.000000,0.022031,0.000933,1
99.179698,0.000000,0.000000,0.021481,0.000774,1
99.279698,0.000000,0.000000,0.027875,0.000797,1
99.379698,0.000000,0.000000,0.038908,0.000741,1
99.479698,0.000000,0.000000,0.043609,0.001263,1
99.579698,0.000000,0.000000,0.044082,0.000731,1
99.679698,0.000000,0.000000,0.039179,0.000855,1
99.779698,0.000000,0.000000,0.030692,0.000694,1
99.879698,0.000000,0.000000,0.027184,0.001066,1
99.979698,0.000000,0.000000,0.027000,0.001155,1
100.079698,0.000000,0.000000,0.027568,0.000979,1
100.179698,0.000000,0.000000,0.028640,0.000939,1
100.279698,0.000000,0.000000,0.029069,0.001457,1
100.379698,0.000000,0.000000,0.029069,0.000892,1
100.479698,0.000000,0.000000,0.022768,0.000788,1
100.579698,0.000000,0.000000,0.012267,0.001502,1
100.679698,0.000000,0.000000,0.015542,0.001337,1
100.779698,0.000000,0.000000,0.028018,0.000812,1
100.879698,0.000000,0.000000,0.038495,0.001058,1
100.979698,0.000000,0.000000,0.047636,0.001184,1
101.079698,0.000000,0.000000,0.042997,0.001372,1
101.179698,0.000000,0.000000,0.017490,0.000901,1
101.279698,0.000000,0.000000,0.010756,0.001001,1
101.379698,0.000000,0.000000,0.016552,0.001376,1
101.479698,0.000000,0.000000,0.015519,0.000951,1
101.579698,0.000000,0.000000,0.012763,0.000816,1
101.679698,0.000000,0.000000,0.013472,0.000993,1
101.779698,0.000000,0.000000,0.016487,0.000720,1
101.879698,0.000000,0.000000,0.021244,0.000765,1
101.979698,0.000000,0.000000,0.027161,0.001339,1
102.079698,0.000000,0.000000,0.025913,0.000413,1
102.179698,0.000000,0.000000,0.019882,-0.000799,1
102.279698,0.000000,0.000000,0.020272,0.001498,1
102.379698,0.000000,0.000000,0.024957,0.000577,1
102.479698,0.000000,0.000000,0.028443,0.000472,1
102.579698,0.000000,0.000000,0.031129,0.000649,1
102.679698,0.000000,0.000000,0.028595,0.001541,1
102.779698,0.000000,0.000000,0.022585,0.000606,1
102.879698,0.000000,0.000000,0.020466,0.001114,1
102.979698,0.000000,0.000000,0.019325,0.000882,1
103.079698,0.000000,0.000000,0.020617,0.001129,1
103.179698,0.000000,0.000000,0.023532,0.000933,1
103.279698,0.000000,0.000000,0.023266,0.001071,1
103.379698,0.000000,0.000000,0.020879,0.001718,1
103.479698,0.000000,0.000000,0.023665,0.001041,1
103.579698,0.000000,0.000000,0.029896,0.001064,1
103.679698,0.000000,0.000000,0.025238,0.001345,1
103.779698,0.000000,0.000000,0.013320,0.001047,1
103.879698,0.000000,0.000000,0.019441,0.000983,1
103.979698,0.000000,0.000000,0.037625,0.000895,1
104.079698,0.000000,0.000000,0.035626,0.001361,1
104.179698,0.000000,0.000000,0.020133,0.001456,1
104.279698,0.000000,0.000000,0.023857,0.001173,1
104.379698,0.000000,0.000000,0.032395,0.000630,1
104.479698,0.000000,0.000000,0.029951,0.000812,1
104.579698,0.000000,0.000000,0.020205,0.001303,1
104.679698,0.000000,0.000000,0.018168,0.001249,1
104.779698,0.000000,0.000000,0.018068,0.000949,1
104.879698,0.000000,0.000000,0.017049,0.001520,1
104.979698,0.000000,0.000000,0.015417,0.001708,1
105.079698,0.000000,0.000000,0.024715,0.001302,1
105.179698,0.000000,0.000000,0.041298,0.000926,1
105.279698,0.000000,0.000000,0.057774,0.001544,1
105.379698,0.000000,0.000000,0.074179,0.001579,1
105.479698,0.000000,0.000000,0.051014,0.000879,1
105.579698,0.000000,0.000000,0.017935,0.000589,1
105.679698,0.000000,0.000000,0.009412,0.000543,1
105.779698,0.000000,0.000000,0.007034,0.001286,1
105.879698,0.000000,0.000000,0.011757,0.001482,1
105.979698,0.000000,0.000000,0.021211,0.001413,1
106.079698,0.000000,0.000000,0.021703,0.000475,1
106.179698,0.000000,0.000000,0.016200,0.001186,1
106.279698,0.000000,0.000000,0.016648,0.001879,1
106.379698,0.000000,0.000000,0.021061,0.000968,1
106.479698,0.000000,0.000000,0.020058,0.000417,1
106.579698,0.000000,0.000000,0.015446,0.000251,1
106.679698,0.000000,0.000000,0.014630,0.002141,1
106.779698,0.000000,0.000000,0.016344,0.000998,1
106.879698,0.000000,0.000000,0.014922,-0.000257,1
106.979698,0.000000,0.000000,0.011410,-0.000068,1
107.079698,0.000000,0.000000,0.015774,0.001635,1
107.179698,0.000000,0.000000,0.025420,0.001128,1
107.279698,0.000000,0.000000,0.035870,0.000740,1
107.379698,0.000000,0.000000,0.046853,0.000681,1
107.479698,0.000000,0.000000,0.038055,0.001407,1
107.579698,0.000000,0.000000,0.016079,0.001702,1
107.679698,0.000000,0.000000,0.012648,0.001125,1
107.779698,0.000000,0.000000,0.021601,0.000788,1
107.879698,0.000000,0.000000,0.031687,0.000917,1
107.979698,0.000000,0.000000,0.042530,0.000980,1
108.079698,0.000000,0.000000,0.042128,-0.000062,1
108.179698,0.000000,0.000000,0.034214,0.001075,1
108.279698,0.000000,0.000000,0.024152,0.001447,1
108.379698,0.000000,0.000000,0.012658,0.001473,1
108.479698,0.000000,0.000000,0.019473,0.000464,1
108.579698,0.000000,0.000000,0.038485,0.001173,1
108.679698,0.000000,0.000000,0.042037,0.000558,1
108.779698,0.000000,0.000000,0.035264,0.001071,1
108.879698,0.000000,0.000000,0.027627,0.001230,1
108.979698,0.000000,0.000000,0.019414,0.000939,1
109.079698,0.000000,0.000000,0.021784,0.000813,1
109.179698,0.000000,0.000000,0.031225,0.000937,1
109.279698,0.000000,0.000000,0.036444,0.001206,1
109.379698,0.000000,0.000000,0.038850,0.001577,1
109.479698,0.000000,0.000000,0.056194,0.001063,1
109.579698,0.000000,0.000000,0.083490,0.001047,1
109.679698,0.000000,0.000000,0.075183,0.001048,1
109.779698,0.000000,0.000000,0.057964,0.001502,1
109.879698,0.000000,0.000000,0.080176,0.001227,1
109.979698,0.000000,0.000000,0.128598,0.001376,1
110.079698,0.000000,0.000000,0.125872,0.001417,1
110.179698,0.000000,0.000000,0.088929,0.001455,1
110.279698,0.000000,0.000000,0.067924,0.000841,1
110.379698,0.000000,0.000000,0.057549,0.002095,1
110.479698,0.000000,0.000000,0.048309,0.001508,1
110.579698,0.000000,0.000000,0.039354,0.001160,1
110.679698,0.000000,0.000000,0.028038,0.001272,1
110.779698,0.000000,0.000000,0.015153,0.000893,1
110.879698,0.000000,0.000000,0.012040,0.001492,1
110.979698,0.000000,0.000000,0.015440,0.000892,1
111.079698,0.000000,0.000000,0.011294,0.002687,1
111.179698,0.000000,0.000000,0.005246,0.001352,1
111.279698,0.000000,0.000000,0.009095,0.000959,1
111.379698,0.000000,0.000000,0.019535,0.001400,1
111.479698,0.000000,0.000000,0.020761,0.000638,1
111.579698,0.000000,0.000000,0.015856,0.000937,1
111.679698,0.000000,0.000000,0.018210,-0.000026,1
111.779698,0.000000,0.000000,0.025409,0.000408,1
111.879698,0.000000,0.000000,0.023421,0.002128,1
111.979698,0.000000,0.000000,0.015322,0.001316,1
112.079698,0.000000,0.000000,0.012071,-0.001097,1
112.179698,0.000000,0.000000,0.012050,-0.000368,1
112.279698,0.000000,0.000000,0.014352,0.000922,1
112.379698,0.000000,0.000000,0.018201,0.003088,1
112.479698,0.000000,0.000000,0.016858,0.000757,1
112.579698,0.000000,0.000000,0.014210,0.000808,1
112.679698,0.000000,0.000000,0.016509,0.001385,1
112.779698,0.000000,0.000000,0.022095,0.000669,1
112.879698,0.000000,0.000000,0.026209,0.003568,1
112.979698,0.000000,0.000000,0.029340,0.001306,1
113.079698,0.000000,0.000000,0.027493,0.001718,1
113.179698,0.000000,0.000000,0.022319,0.001278,1
113.279698,0.000000,0.000000,0.022094,0.001840,1
113.379698,0.000000,0.000000,0.025172,-0.002678,1
113.479698,0.000000,0.000000,0.022082,-0.000048,1
113.579698,0.000000,0.000000,0.014894,0.001591,1
113.679698,0.000000,0.000000,0.021741,0.001492,1
113.779698,0.000000,0.000000,0.032106,0.000760,1
113.879698,0.000000,0.000000,0.032215,-0.000056,1
113.979698,0.000000,0.000000,0.025494,0.000552,1
114.079698,0.000000,0.000000,0.031940,0.001327,1
114.179698,0.000000,0.000000,0.047176,0.001014,1
114.279698,0.000000,0.000000,0.042753,0.000259,1
114.379698,0.000000,0.000000,0.025248,0.001308,1
114.479698,0.000000,0.000000,0.017203,0.002120,1
114.579698,0.000000,0.000000,0.015461,0.001196,1
114.679698,0.000000,0.000000,0.012499,0.000103,1
114.779698,0.000000,0.000000,0.008724,0.001879,1
114.879698,0.000000,0.000000,0.008140,0.000451,1
114.979698,0.000000,0.000000,0.009689,0.000951,1
115.079698,0.000000,0.000000,0.016393,0.000968,1
115.179698,0.000000,0.000000,0.024390,0.001439,1
115.279698,0.000000,0.000000,0.026535,0.000939,1
115.379698,0.000000,0.000000,0.024784,0.000748,1
115.479698,0.000000,0.000000,0.029517,-0.000262,1
115.579698,0.000000,0.000000,0.038579,0.000879,1
115.679698,0.000000,0.000000,0.036746,0.002039,1
115.779698,0.000000,0.000000,0.027655,0.001954,1
115.879698,0.000000,0.000000,0.025112,0.000680,1
115.979698,0.000000,0.000000,0.026931,0.000530,1
116.079698,0.000000,0.000000,0.028733,0.001741,1
116.179698,0.000000,0.000000,0.030524,0.002911,1
116.279698,0.000000,0.000000,0.035586,0.001397,1
116.379698,0.000000,0.000000,0.042831,0.000995,1
116.479698,0.000000,0.000000,0.038739,0.002306,1
116.579698,0.000000,0.000000,0.031805,0.001881,1
116.679698,0.000000,0.000000,0.024811,0.001146,1
116.779698,0.000000,0.000000,0.017802,0.000066,1
116.879698,0.000000,0.000000,0.018390,0.000991,1
116.979698,0.000000,0.000000,0.020876,0.001693,1
117.079698,0.000000,0.000000,0.019956,0.001504,1
117.179698,0.000000,0.000000,0.018175,0.000862,1
117.279698,0.000000,0.000000,0.018242,0.001064,1
117.379698,0.000000,0.000000,0.019538,0.001204,1
117.479698,0.000000,0.000000,0.013926,0.001132,1
117.579698,0.000000,0.000000,0.006573,0.001156,1
117.679698,0.000000,0.000000,0.015246,0.000840,1
117.779698,0.000000,0.000000,0.027938,0.002071,1
117.879698,0.000000,0.000000,0.021699,0.001726,1
117.979698,0.000000,0.000000,0.010721,0.001626,1
118.079698,0.000000,0.000000,0.014349,0.001835,1
118.179698,0.000000,0.000000,0.027734,0.000919,1
118.279698,0.000000,0.000000,0.030479,0.001815,1
118.379698,0.000000,0.000000,0.030561,0.001277,1
118.479698,0.000000,0.000000,0.029099,0.001731,1
118.579698,0.000000,0.000000,0.026609,0.001219,1
118.679698,0.000000,0.000000,0.029406,0.000485,1
118.779698,0.000000,0.000000,0.035730,0.000784,1
118.879698,0.000000,0.000000,0.031398,0.000714,1
118.979698,0.000000,0.000000,0.024390,0.001708,1
119.079698,0.000000,0.000000,0.021478,-0.000676,1
119.179698,0.000000,0.000000,0.021297,0.000074,1
119.279698,0.000000,0.000000,0.026129,0.001486,1
119.379698,0.000000,0.000000,0.032219,0.001150,1
119.479698,0.000000,0.000000,0.027773,0.002228,1
119.579698,0.000000,0.000000,0.016301,0.001070,1
119.679698,0.000000,0.000000,0.018796,0.001342,1
119.779698,0.000000,0.000000,0.030626,0.001702,1
119.879698,0.000000,0.000000,0.033046,0.001495,1
119.979698,0.000000,0.000000,0.029198,0.001165,1
120.079698,0.000000,0.000000,0.025668,0.000577,1
120.179698,0.000000,0.000000,0.022350,0.000626,1
120.279698,0.000000,0.000000,0.022307,0.001662,1
120.379698,0.000000,0.000000,0.024444,0.000433,1
120.479698,0.000000,0.000000,0.022817,0.001142,1
120.579698,0.000000,0.000000,0.018684,0.000155,1
120.679698,0.000000,0.000000,0.025556,0.001076,1
120.779698,0.000000,0.000000,0.039771,0.000927,1
120.879698,0.000000,0.000000,0.040356,0.000889,1
120.979698,0.000000,0.000000,0.031865,0.001194,1
121.079698,0.000000,0.000000,0.052707,0.001314,1
121.179698,0.000000,0.000000,0.093184,0.000934,1
121.279698,0.000000,0.000000,0.101401,0.001083,1
121.379698,0.000000,0.000000,0.088050,0.001452,1
121.479698,0.000000,0.000000,0.067829,0.001378,1
121.579698,0.000000,0.000000,0.043031,0.001384,1
121.679698,0.000000,0.000000,0.039714,0.002108,1
121.779698,0.000000,0.000000,0.050732,0.007477,1
121.879698,0.000000,0.000000,0.049341,0.048136,1
121.979698,0.000000,0.000000,0.044819,0.020267,1
122.079698,0.000000,0.000000,0.038554,0.017578,1
122.179698,0.000000,0.000000,0.031130,0.005081,1
122.279698,0.000000,0.000000,0.026968,0.000029,1
122.379698,0.000000,0.000000,0.024982,0.000910,1
122.479698,0.000000,0.000000,0.028033,0.000749,1
122.579698,0.000000,0.000000,0.034444,0.001042,1
122.679698,0.000000,0.000000,0.036516,0.001231,1
122.779698,0.000000,0.000000,0.035687,0.001198,1
122.879698,0.000000,0.000000,0.053437,0.001127,1
122.979698,0.000000,0.000000,0.083557,0.000617,1
123.079698,0.000000,0.000000,0.079321,0.000301,1
123.179698,0.000000,0.000000,0.052086,0.000791,1
123.279698,0.000000,0.000000,0.041270,-0.001825,1
123.379698,0.000000,0.000000,0.034581,-0.000766,1
123.479698,0.000000,0.000000,0.034737,-0.113239,1
123.579698,0.000000,0.000000,0.039455,-0.224202,1
123.679698,0.000000,0.000000,0.096139,-0.169344,1
123.779698,0.000000,0.000000,0.187406,-0.132714,1
123.879698,0.000000,0.000000,0.270516,-0.189211,1
123.979698,0.000000,0.000000,0.348191,-0.148587,1
124.079698,0.000000,0.000000,0.479702,-0.137761,1
124.179698,0.000000,0.000000,0.647240,0.034346,1
124.279698,0.000000,0.000000,0.719705,0.170689,1
124.379698,0.000000,0.000000,0.728704,0.249728,1
124.479698,0.000000,0.000000,0.706137,0.392718,1
124.579698,0.000000,0.000000,0.662440,0.567505,1
124.679698,0.000000,0.000000,0.696512,0.650999,1
124.779698,0.000000,0.000000,0.750084,0.654117,1
124.879698,0.000000,0.000000,0.833757,0.647093,1
124.979698,0.000000,0.000000,0.937466,0.691271,1
125.079698,0.000000,0.000000,0.998273,0.847235,1
125.179698,0.000000,0.000000,1.030424,0.980106,1
125.279698,0.000000,0.000000,0.893293,0.949352,1
125.379698,0.000000,0.000000,0.643420,0.846399,1
125.479698,0.000000,0.000000,0.777885,0.717246,1
125.579698,0.000000,0.000000,1.008709,0.410812,1
125.679698,0.000000,0.000000,1.086090,0.088935,1
125.779698,0.000000,0.000000,1.124868,-0.200259,1
125.879698,0.000000,0.000000,1.102893,-0.253391,1
125.979698,0.000000,0.000000,1.065742,-0.156406,1
126.079698,0.000000,0.000000,1.082960,0.106781,1
126.179698,0.000000,0.000000,1.113808,0.336729,1
126.279698,0.000000,0.000000,1.018910,0.269576,1
126.379698,0.000000,0.000000,0.840393,0.085197,1
126.479698,0.000000,0.000000,0.827588,-0.168140,1
126.579698,0.000000,0.000000,0.925323,-0.408255,1
126.679698,0.000000,0.000000,0.955830,-0.638025,1
126.779698,0.000000,0.000000,0.969428,-0.788492,1
126.879698,0.000000,0.000000,0.990156,-0.894184,1
126.979698,0.000000,0.000000,1.012667,-1.049419,1
127.079698,0.000000,0.000000,1.131743,-1.112538,1
127.179698,0.000000,0.000000,1.275063,-0.978197,1
127.279698,0.000000,0.000000,1.031694,-0.766634,1
127.379698,0.000000,0.000000,0.691417,-0.438258,1
127.479698,0.000000,0.000000,0.519033,-0.195846,1
127.579698,0.000000,0.000000,0.388743,-0.081613,1
127.679698,0.000000,0.000000,0.397699,-0.064247,1
127.779698,0.000000,0.000000,0.441564,0.069366,1
127.879698,0.000000,0.000000,0.464052,0.207265,1
127.979698,0.000000,0.000000,0.472318,0.034355,1
128.079698,0.000000,0.000000,0.399920,-0.181116,1
128.179698,0.000000,0.000000,0.273561,-0.187477,1
128.279698,0.000000,0.000000,0.239064,-0.186893,1
128.379698,0.000000,0.000000,0.265718,-0.312524,1
128.479698,0.000000,0.000000,0.323915,-0.316093,1
128.579698,0.000000,0.000000,0.403138,-0.285282,1
128.679698,0.000000,0.000000,0.391247,-0.209159,1
128.779698,0.000000,0.000000,0.356460,-0.059578,1
128.879698,0.000000,0.000000,0.329833,-0.063624,1
128.979698,0.000000,0.000000,0.308650,-0.172855,1
129.079698,0.000000,0.000000,0.271472,-0.278309,1
129.179698,0.000000,0.000000,0.230275,-0.268256,1
129.279698,0.000000,0.000000,0.240086,-0.170520,1
129.379698,0.000000,0.000000,0.283867,-0.245237,1
129.479698,0.000000,0.000000,0.372215,-0.302592,1
129.579698,0.000000,0.000000,0.490231,-0.000527,1
129.679698,0.000000,0.000000,0.532212,0.384063,1
129.779698,0.000000,0.000000,0.523512,0.572599,1
129.879698,0.000000,0.000000,0.481641,0.932906,1
129.979698,0.000000,0.000000,0.417685,1.163560,1
130.079698,0.000000,0.000000,0.489920,1.002255,1
130.179698,0.000000,0.000000,0.596337,0.806945,1
130.279698,0.000000,0.000000,0.673798,0.944048,1
130.379698,0.000000,0.000000,0.731971,1.293778,1
130.479698,0.000000,0.000000,0.749769,1.658110,1
130.579698,0.000000,0.000000,0.740603,1.873135,1
130.679698,0.000000,0.000000,0.730924,1.643032,1
130.779698,0.000000,0.000000,0.720903,1.470467,1
130.879698,0.000000,0.000000,0.699329,1.431070,1
130.979698,0.000000,0.000000,0.670061,1.297275,1
131.079698,0.000000,0.000000,0.612221,1.139547,1
131.179698,0.000000,0.000000,0.535287,1.079472,1
131.279698,0.000000,0.000000,0.405824,1.159278,1
131.379698,0.000000,0.000000,0.241329,1.239094,1
131.479698,0.000000,0.000000,0.208965,1.079937,1
131.579698,0.000000,0.000000,0.209903,0.874541,1
131.679698,0.000000,0.000000,0.188296,0.696352,1
131.779698,0.000000,0.000000,0.151664,0.468354,1
131.879698,0.000000,0.000000,0.238768,0.215204,1
131.979698,0.000000,0.000000,0.408335,0.187649,1
132.079698,0.000000,0.000000,0.344163,0.117777,1
132.179698,0.000000,0.000000,0.123734,0.089914,1
132.279698,0.000000,0.000000,0.085073,0.091484,1
132.379698,0.000000,0.000000,0.167806,0.053607,1
132.479698,0.000000,0.000000,0.209350,0.012402,1
132.579698,0.000000,0.000000,0.223447,-0.003815,1
132.679698,0.000000,0.000000,0.197289,0.123045,1
132.779698,0.000000,0.000000,0.144297,0.206575,1
132.879698,0.000000,0.000000,0.166414,0.105670,1
132.979698,0.000000,0.000000,0.207385,0.085847,1
133.079698,0.000000,0.000000,0.193260,0.051590,1
133.179698,0.000000,0.000000,0.142452,-0.108684,1
133.279698,0.000000,0.000000,0.166934,-0.332125,1
133.379698,0.000000,0.000000,0.241666,-0.098721,1
133.479698,0.000000,0.000000,0.211726,0.029848,1
133.579698,0.000000,0.000000,0.155418,-0.029687,1
133.679698,0.000000,0.000000,0.118276,-0.027890,1
133.779698,0.000000,0.000000,0.093927,0.010381,1
133.879698,0.000000,0.000000,0.096212,0.236725,1
133.979698,0.000000,0.000000,0.105166,0.566700,1
134.079698,0.000000,0.000000,0.259456,0.690490,1
134.179698,0.000000,0.000000,0.510607,0.620009,1
134.279698,0.000000,0.000000,0.491491,0.516429,1
134.379698,0.000000,0.000000,0.292242,0.531114,1
134.479698,0.000000,0.000000,0.228505,0.550155,1
134.579698,0.000000,0.000000,0.198928,0.478049,1
134.679698,0.000000,0.000000,0.168559,0.291306,1
134.779698,0.000000,0.000000,0.137663,0.141030,1
134.879698,0.000000,0.000000,0.092250,0.056921,1
134.979698,0.000000,0.000000,0.037152,0.027370,1
135.079698,0.000000,0.000000,0.027139,-0.019834,1
135.179698,0.000000,0.000000,0.028468,-0.021990,1
135.279698,0.000000,0.000000,0.042031,-0.070305,1
135.379698,0.000000,0.000000,0.063747,-0.053906,1
135.479698,0.000000,0.000000,0.115739,0.053818,1
135.579698,0.000000,0.000000,0.175313,0.122830,1
135.679698,0.000000,0.000000,0.160423,0.117817,1
135.779698,0.000000,0.000000,0.126819,0.101666,1
135.879698,0.000000,0.000000,0.142105,0.062312,1
135.979698,0.000000,0.000000,0.169665,-0.005399,1
136.079698,0.000000,0.000000,0.207833,-0.105098,1
136.179698,0.000000,0.000000,0.253064,-0.129821,1
136.279698,0.000000,0.000000,0.308027,-0.099435,1
136.379698,0.000000,0.000000,0.369475,-0.069129,1
136.479698,0.000000,0.000000,0.310540,0.001504,1
136.579698,0.000000,0.000000,0.221409,0.101196,1
136.679698,0.000000,0.000000,0.179058,0.144188,1
136.779698,0.000000,0.000000,0.167912,0.129220,1
136.879698,0.000000,0.000000,0.128672,0.106105,1
136.979698,0.000000,0.000000,0.082402,0.064967,1
137.079698,0.000000,0.000000,0.058985,-0.010364,1
137.179698,0.000000,0.000000,0.050808,-0.044051,1
137.279698,0.000000,0.000000,0.095683,-0.066047,1
137.379698,0.000000,0.000000,0.175878,-0.138869,1
137.479698,0.000000,0.000000,0.200950,-0.185293,1
137.579698,0.000000,0.000000,0.212127,-0.248917,1
137.679698,0.000000,0.000000,0.211275,-0.122506,1
137.779698,0.000000,0.000000,0.207397,-0.060590,1
137.879698,0.000000,0.000000,0.266024,-0.031590,1
137.979698,0.000000,0.000000,0.366268,-0.021675,1
138.079698,0.000000,0.000000,0.348266,-0.051283,1
138.179698,0.000000,0.000000,0.300560,-0.065177,1
138.279698,0.000000,0.000000,0.263729,-0.049584,1
138.379698,0.000000,0.000000,0.229626,-0.039673,1
138.479698,0.000000,0.000000,0.265800,-0.022928,1
138.579698,0.000000,0.000000,0.348709,-0.020267,1
138.679698,0.000000,0.000000,0.329052,-0.036062,1
138.779698,0.000000,0.000000,0.241021,-0.031152,1
138.879698,0.000000,0.000000,0.245352,-0.005916,1
138.979698,0.000000,0.000000,0.311203,0.001470,1
139.079698,0.000000,0.000000,0.295844,-0.009635,1
139.179698,0.000000,0.000000,0.226087,-0.015568,1
139.279698,0.000000,0.000000,0.225448,-0.022947,1
139.379698,0.000000,0.000000,0.270833,-0.029192,1
139.479698,0.000000,0.000000,0.281388,-0.025152,1
139.579698,0.000000,0.000000,0.268739,-0.021603,1
139.679698,0.000000,0.000000,0.291278,-0.030809,1
139.779698,0.000000,0.000000,0.322633,-0.031111,1
139.879698,0.000000,0.000000,0.302134,-0.021887,1
139.979698,0.000000,0.000000,0.247042,-0.024325,1
140.079698,0.000000,0.000000,0.241675,-0.026307,1
140.179698,0.000000,0.000000,0.269581,-0.018975,1
140.279698,0.000000,0.000000,0.260169,-0.019825,1
140.379698,0.000000,0.000000,0.225877,-0.021407,1
140.479698,0.000000,0.000000,0.236410,-0.018202,1
140.579698,0.000000,0.000000,0.276819,-0.016605,1
140.679698,0.000000,0.000000,0.265965,-0.013091,1
140.779698,0.000000,0.000000,0.220868,-0.002383,1
140.879698,0.000000,0.000000,0.196738,-0.001254,1
140.979698,0.000000,0.000000,0.186585,-0.008647,1
141.079698,0.000000,0.000000,0.198590,-0.004867,1
141.179698,0.000000,0.000000,0.225384,0.001962,1
141.279698,0.000000,0.000000,0.223438,0.003305,1
141.379698,0.000000,0.000000,0.202325,0.001873,1
141.479698,0.000000,0.000000,0.199559,0.007040,1
141.579698,0.000000,0.000000,0.209046,0.011982,1
141.679698,0.000000,0.000000,0.212074,0.006798,1
141.779698,0.000000,0.000000,0.210779,0.006166,1
141.879698,0.000000,0.000000,0.225769,0.011157,1
141.979698,0.000000,0.000000,0.251609,0.009368,1
142.079698,0.000000,0.000000,0.243869,0.006108,1
142.179698,0.000000,0.000000,0.213675,0.004093,1
142.279698,0.000000,0.000000,0.205296,0.006579,1
142.379698,0.000000,0.000000,0.202403,0.003667,1
142.479698,0.000000,0.000000,0.201380,-0.002097,1
142.579698,0.000000,0.000000,0.201603,-0.001873,1
142.679698,0.000000,0.000000,0.184117,0.000888,1
142.779698,0.000000,0.000000,0.154817,-0.004537,1
142.879698,0.000000,0.000000,0.155262,-0.008702,1
142.979698,0.000000,0.000000,0.175563,-0.009382,1
143.079698,0.000000,0.000000,0.198411,-0.012816,1
143.179698,0.000000,0.000000,0.225126,-0.020393,1
143.279698,0.000000,0.000000,0.219335,-0.015289,1
143.379698,0.000000,0.000000,0.191911,-0.006512,1
143.479698,0.000000,0.000000,0.175610,-0.012894,1
143.579698,0.000000,0.000000,0.166724,-0.021958,1
143.679698,0.000000,0.000000,0.175544,-0.019678,1
143.779698,0.000000,0.000000,0.188813,-0.012162,1
143.879698,0.000000,0.000000,0.192666,-0.013386,1
143.979698,0.000000,0.000000,0.190250,-0.021245,1
144.079698,0.000000,0.000000,0.171437,-0.021515,1
144.179698,0.000000,0.000000,0.141688,-0.015413,1
144.279698,0.000000,0.000000,0.144563,-0.015641,1
144.379698,0.000000,0.000000,0.169151,-0.022650,1
144.479698,0.000000,0.000000,0.181396,-0.025174,1
144.579698,0.000000,0.000000,0.185397,-0.019183,1
144.679698,0.000000,0.000000,0.179945,-0.015969,1
144.779698,0.000000,0.000000,0.168176,-0.020425,1
144.879698,0.000000,0.000000,0.141121,-0.026472,1
144.979698,0.000000,0.000000,0.103865,-0.027139,1
145.079698,0.000000,0.000000,0.118149,-0.024258,1
145.179698,0.000000,0.000000,0.145494,-0.019020,1
145.279698,0.000000,0.000000,0.167497,-0.021348,1
145.379698,0.000000,0.000000,0.185941,-0.027957,1
145.479698,0.000000,0.000000,0.174682,-0.025975,1
145.579698,0.000000,0.000000,0.143643,-0.022650,1
145.679698,0.000000,0.000000,0.126237,-0.027052,1
145.779698,0.000000,0.000000,0.117917,-0.025870,1
145.879698,0.000000,0.000000,0.113372,-0.023682,1
145.979698,0.000000,0.000000,0.111347,-0.027414,1
146.079698,0.000000,0.000000,0.120872,-0.031352,1
146.179698,0.000000,0.000000,0.138130,-0.030510,1
146.279698,0.000000,0.000000,0.141684,-0.024682,1
146.379698,0.000000,0.000000,0.136084,-0.024062,1
146.479698,0.000000,0.000000,0.131311,-0.032561,1
146.579698,0.000000,0.000000,0.127089,-0.033126,1
146.679698,0.000000,0.000000,0.120731,-0.027086,1
146.779698,0.000000,0.000000,0.112950,-0.026526,1
146.879698,0.000000,0.000000,0.111756,-0.030520,1
146.979698,0.000000,0.000000,0.114957,-0.031592,1
147.079698,0.000000,0.000000,0.112939,-0.031736,1
147.179698,0.000000,0.000000,0.109602,-0.029791,1
147.279698,0.000000,0.000000,0.108553,-0.025536,1
147.379698,0.000000,0.000000,0.109029,-0.028725,1
147.479698,0.000000,0.000000,0.114404,-0.033816,1
147.579698,0.000000,0.000000,0.121007,-0.030855,1
147.679698,0.000000,0.000000,0.126679,-0.025175,1
147.779698,0.000000,0.000000,0.132118,-0.029150,1
147.879698,0.000000,0.000000,0.129270,-0.035777,1
147.979698,0.000000,0.000000,0.124349,-0.033684,1
148.079698,0.000000,0.000000,0.106895,-0.027734,1
148.179698,0.000000,0.000000,0.081086,-0.029685,1
148.279698,0.000000,0.000000,0.089168,-0.033800,1
148.379698,0.000000,0.000000,0.119827,-0.030734,1
148.479698,0.000000,0.000000,0.133257,-0.031014,1
148.579698,0.000000,0.000000,0.135188,-0.039524,1
148.679698,0.000000,0.000000,0.124032,-0.036272,1
148.779698,0.000000,0.000000,0.104160,-0.028862,1
148.879698,0.000000,0.000000,0.099618,-0.034751,1
148.979698,0.000000,0.000000,0.105290,-0.040103,1
149.079698,0.000000,0.000000,0.109143,-0.033979,1
149.179698,0.000000,0.000000,0.111779,-0.027828,1
149.279698,0.000000,0.000000,0.110174,-0.031873,1
149.379698,0.000000,0.000000,0.107504,-0.037343,1
149.479698,0.000000,0.000000,0.104435,-0.037928,1
149.579698,0.000000,0.000000,0.101100,-0.034137,1
149.679698,0.000000,0.000000,0.107179,-0.034116,1
149.779698,0.000000,0.000000,0.119540,-0.035973,1
149.879698,0.000000,0.000000,0.108776,-0.029594,1
149.979698,0.000000,0.000000,0.082604,-0.027587,1
150.079698,0.000000,0.000000,0.079370,-0.035483,1
150.179698,0.000000,0.000000,0.091488,-0.036806,1
150.279698,0.000000,0.000000,0.098453,-0.024433,1
150.379698,0.000000,0.000000,0.101985,-0.019614,1
150.479698,0.000000,0.000000,0.094675,-0.031264,1
150.579698,0.000000,0.000000,0.084643,-0.034828,1
150.679698,0.000000,0.000000,0.074265,-0.021559,1
150.779698,0.000000,0.000000,0.063654,-0.012813,1
150.879698,0.000000,0.000000,0.065397,-0.022963,1
150.979698,0.000000,0.000000,0.075390,-0.029769,1
151.079698,0.000000,0.000000,0.081460,-0.013859,1
151.179698,0.000000,0.000000,0.084902,-0.002047,1
151.279698,0.000000,0.000000,0.079839,-0.014124,1
151.379698,0.000000,0.000000,0.069107,-0.022468,1
151.479698,0.000000,0.000000,0.069972,-0.011864,1
151.579698,0.000000,0.000000,0.078566,-0.005818,1
151.679698,0.000000,0.000000,0.085812,-0.012326,1
151.779698,0.000000,0.000000,0.092157,-0.015852,1
151.879698,0.000000,0.000000,0.098928,-0.013561,1
151.979698,0.000000,0.000000,0.105806,-0.011227,1
152.079698,0.000000,0.000000,0.092158,-0.010663,1
152.179698,0.000000,0.000000,0.064817,-0.013919,1
152.279698,0.000000,0.000000,0.057212,-0.019843,1
152.379698,0.000000,0.000000,0.062823,-0.020410,1
152.479698,0.000000,0.000000,0.075666,-0.012695,1
152.579698,0.000000,0.000000,0.093340,-0.010173,1
152.679698,0.000000,0.000000,0.102951,-0.018765,1
152.779698,0.000000,0.000000,0.107168,-0.022937,1
152.879698,0.000000,0.000000,0.102915,-0.015678,1
152.979698,0.000000,0.000000,0.093026,-0.013343,1
153.079698,0.000000,0.000000,0.087318,-0.021816,1
153.179698,0.000000,0.000000,0.084402,-0.025953,1
153.279698,0.000000,0.000000,0.084964,-0.018081,1
153.379698,0.000000,0.000000,0.086402,-0.015318,1
153.479698,0.000000,0.000000,0.075462,-0.025727,1
153.579698,0.000000,0.000000,0.056273,-0.031165,1
153.679698,0.000000,0.000000,0.052996,-0.021013,1
153.779698,0.000000,0.000000,0.060321,-0.014151,1
153.879698,0.000000,0.000000,0.061996,-0.024670,1
153.979698,0.000000,0.000000,0.059900,-0.036380,1
154.079698,0.000000,0.000000,0.061311,-0.026358,1
154.179698,0.000000,0.000000,0.065070,-0.014917,1
154.279698,0.000000,0.000000,0.076091,-0.022590,1
154.379698,0.000000,0.000000,0.091951,-0.037720,1
154.479698,0.000000,0.000000,0.086035,-0.034987,1
154.579698,0.000000,0.000000,0.065619,-0.023429,1
154.679698,0.000000,0.000000,0.059192,-0.026642,1
154.779698,0.000000,0.000000,0.062088,-0.038913,1
154.879698,0.000000,0.000000,0.069325,-0.039991,1
154.979698,0.000000,0.000000,0.079452,-0.031997,1
155.079698,0.000000,0.000000,0.079478,-0.029624,1
155.179698,0.000000,0.000000,0.064134,-0.035271,1
155.279698,0.000000,0.000000,0.054442,-0.041140,1
155.379698,0.000000,0.000000,0.048515,-0.042067,1
155.479698,0.000000,0.000000,0.061510,-0.040535,1
155.579698,0.000000,0.000000,0.087145,-0.042667,1
155.679698,0.000000,0.000000,0.083364,-0.045528,1
155.779698,0.000000,0.000000,0.059916,-0.044891,1
155.879698,0.000000,0.000000,0.055670,-0.044824,1
155.979698,0.000000,0.000000,0.056236,-0.047779,1
156.079698,0.000000,0.000000,0.061820,-0.048795,1
156.179698,0.000000,0.000000,0.070756,-0.046985,1
156.279698,0.000000,0.000000,0.077742,-0.048046,1
156.379698,0.000000,0.000000,0.083427,-0.056111,1
156.479698,0.000000,0.000000,0.087528,-0.060408,1
156.579698,0.000000,0.000000,0.090571,-0.050142,1
156.679698,0.000000,0.000000,0.075455,-0.041690,1
156.779698,0.000000,0.000000,0.048234,-0.047425,1
156.879698,0.000000,0.000000,0.051896,-0.057750,1
156.979698,0.000000,0.000000,0.076177,-0.053931,1
157.079698,0.000000,0.000000,0.068642,-0.042192,1
157.179698,0.000000,0.000000,0.039831,-0.043665,1
157.279698,0.000000,0.000000,0.044842,-0.054432,1
157.379698,0.000000,0.000000,0.058327,-0.053224,1
157.479698,0.000000,0.000000,0.057697,-0.043342,1
157.579698,0.000000,0.000000,0.053524,-0.045020,1
157.679698,0.000000,0.000000,0.043749,-0.052226,1
157.779698,0.000000,0.000000,0.030243,-0.050987,1
157.879698,0.000000,0.000000,0.037642,-0.044916,1
157.979698,0.000000,0.000000,0.058981,-0.044498,1
158.079698,0.000000,0.000000,0.068302,-0.048702,1
158.179698,0.000000,0.000000,0.069581,-0.051708,1
158.279698,0.000000,0.000000,0.070295,-0.047719,1
158.379698,0.000000,0.000000,0.070632,-0.044787,1
158.479698,0.000000,0.000000,0.065459,-0.048798,1
158.579698,0.000000,0.000000,0.056597,-0.054596,1
158.679698,0.000000,0.000000,0.047897,-0.053068,1
158.779698,0.000000,0.000000,0.039238,-0.046960,1
158.879698,0.000000,0.000000,0.036912,-0.048174,1
158.979698,0.000000,0.000000,0.038803,-0.055902,1
159.079698,0.000000,0.000000,0.052166,-0.060377,1
159.179698,0.000000,0.000000,0.073199,-0.056373,1
159.279698,0.000000,0.000000,0.066698,-0.047406,1
159.379698,0.000000,0.000000,0.041851,-0.048733,1
159.479698,0.000000,0.000000,0.026631,-0.060891,1
159.579698,0.000000,0.000000,0.017835,-0.058883,1
159.679698,0.000000,0.000000,0.016981,-0.048491,1
159.779698,0.000000,0.000000,0.021419,-0.051018,1
159.879698,0.000000,0.000000,0.030562,-0.057444,1
159.979698,0.104807,0.000000,0.042840,-0.057864,1
160.079698,0.137451,0.000000,0.043494,-0.056532,1
160.179698,0.179937,0.000000,0.041221,-0.058924,1
160.279698,0.199992,0.000000,0.076145,-0.041590,1
160.379698,0.217479,0.000000,0.135863,-0.046269,1
160.479698,0.217500,0.000000,0.216275,-0.056064,1
160.579698,0.217500,0.000000,0.310465,-0.049302,1
160.679698,0.212503,0.000000,0.446894,-0.023522,1
160.779698,0.212500,0.000000,0.611421,0.003695,1
160.879698,0.210002,0.000000,0.663889,0.022405,1
160.979698,0.205008,0.000000,0.641711,0.041816,1
161.079698,0.205000,0.000000,0.680541,0.063605,1
161.179698,0.205000,0.000000,0.812087,0.074185,1
161.279698,0.202503,0.000000,0.912830,0.081010,1
161.379698,0.202500,0.000000,0.993070,0.084909,1
161.479698,0.202500,0.000000,1.040500,0.092826,1
161.579698,0.202500,0.000000,1.079692,0.085103,1
161.679698,0.202500,0.000000,1.110187,0.079894,1
161.779698,0.202500,0.000000,1.134878,0.079170,1
161.879698,0.200001,0.000000,1.157472,0.070434,1
161.979698,0.200000,0.000000,1.178671,0.056333,1
162.079698,0.200000,0.000000,1.226149,0.060629,1
162.179698,0.200000,0.000000,1.291150,0.037040,1
162.279698,0.195003,0.000000,1.265566,0.038315,1
162.379698,0.195000,0.000000,1.179527,0.034984,1
162.479698,0.195000,0.000000,1.151194,0.023456,1
162.579698,0.195000,0.000000,1.161295,0.037009,1
162.679698,0.195000,0.000000,1.175325,0.029705,1
162.779698,0.195000,0.000000,1.190343,0.047044,1
162.879698,0.195000,0.000000,1.223442,0.031395,1
162.979698,0.195000,0.000000,1.268577,0.039359,1
163.079698,0.195000,0.000000,1.266205,0.034792,1
163.179698,0.192503,0.000000,1.232101,0.032516,1
163.279698,0.192500,0.000000,1.225379,0.020619,1
163.379698,0.192500,0.000000,1.236955,0.022971,1
163.479698,0.192500,0.000000,1.241424,0.026641,1
163.579698,0.192500,0.000000,1.241164,0.014359,1
163.679698,0.192500,0.000000,1.204085,0.031630,1
163.779698,0.192500,0.000000,1.142476,0.014021,1
163.879698,0.192500,0.000000,1.160795,0.019290,1
163.979698,0.192500,0.000000,1.232340,0.024522,1
164.079698,0.192500,0.000000,1.236226,0.023910,1
164.179698,0.192500,0.000000,1.223057,0.024138,1
164.279698,0.192500,0.000000,1.223186,0.010225,1
164.379698,0.192500,0.000000,1.232179,0.015084,1
164.479698,0.192500,0.000000,1.211721,0.013066,1
164.579698,0.192500,0.000000,1.171648,0.024605,1
164.679698,0.192500,0.000000,1.182332,0.027078,1
164.779698,0.192500,0.000000,1.226872,0.020563,1
164.879698,0.192500,0.000000,1.215629,0.037477,1
164.979698,0.192500,0.000000,1.167092,0.022417,1
165.079698,0.192500,0.000000,1.166093,0.031112,1
165.179698,0.192500,0.000000,1.196851,0.017611,1
165.279698,0.192500,0.000000,1.220662,0.028765,1
165.379698,0.192500,0.000000,1.239839,0.030583,1
165.479698,0.192500,0.000000,1.250363,0.036794,1
165.579698,0.192500,0.000000,1.258706,0.034317,1
165.679698,0.192500,0.000000,1.246782,0.023896,1
165.779698,0.192500,0.000000,1.221385,0.016213,1
165.879698,0.192500,0.000000,1.212723,0.023584,1
165.979698,0.192500,0.000000,1.215212,0.017949,1
166.079698,0.192500,0.000000,1.219198,0.016081,1
166.179698,0.192500,0.000000,1.224184,0.031441,1
166.279698,0.192500,0.000000,1.222737,0.010682,1
166.379698,0.192500,0.000000,1.216992,0.026501,1
166.479698,0.192500,0.000000,1.227722,0.017776,1
166.579698,0.192500,0.000000,1.249436,0.030818,1
166.679698,0.192500,0.000000,1.244723,0.012496,1
166.779698,0.192500,0.000000,1.222414,0.029970,1
166.879698,0.192500,0.000000,1.194060,0.028765,1
166.979698,0.192500,0.000000,1.164188,0.043013,1
167.079698,0.192500,0.000000,1.167894,0.024005,1
167.179698,0.192500,0.000000,1.193989,0.030077,1
167.279698,0.192500,0.000000,1.212962,0.027596,1
167.379698,0.192500,0.000000,1.227195,0.024706,1
167.479698,0.192500,0.000000,1.224441,0.032770,1
167.579698,0.192500,0.000000,1.217412,0.023914,1
167.679698,0.192500,0.000000,1.209244,0.033641,1
167.779698,0.192500,0.000000,1.200790,0.033541,1
167.879698,0.192500,0.000000,1.219979,0.043460,1
167.979698,0.192500,0.000000,1.257602,0.025059,1
168.079698,0.192500,0.000000,1.266044,0.021570,1
168.179698,0.192500,0.000000,1.267127,0.023669,1
168.279698,0.192500,0.000000,1.267265,0.025243,1
168.379698,0.192500,0.000000,1.266772,0.020501,1
168.479698,0.192500,0.000000,1.257322,0.018351,1
168.579698,0.192500,0.000000,1.241913,0.023420,1
168.679698,0.192500,0.000000,1.246779,0.009159,1
168.779698,0.192500,0.000000,1.265152,0.010726,1
168.879698,0.192500,0.000000,1.270202,0.010421,1
168.979698,0.192500,0.000000,1.266382,0.024367,1
169.079698,0.192500,0.000000,1.262428,0.019087,1
169.179698,0.192500,0.000000,1.258385,0.019995,1
169.279698,0.192500,0.000000,1.233434,0.039433,1
169.379698,0.192500,0.000000,1.194567,0.023392,1
169.479698,0.192500,0.000000,1.192013,0.019601,1
169.579698,0.192500,0.000000,1.198566,0.023938,1
169.679698,0.192500,0.000000,1.202736,0.039686,1
169.779698,0.192500,0.000000,1.205315,0.032525,1
169.879698,0.192500,0.000000,1.223259,0.022320,1
169.979698,0.192500,0.000000,1.245051,0.031893,1
170.079698,0.192500,0.000000,1.236111,0.032226,1
170.179698,0.192500,0.000000,1.206629,0.026745,1
170.279698,0.192500,0.000000,1.209506,0.024184,1
170.379698,0.192500,0.000000,1.233942,0.020627,1
170.479698,0.192500,0.000000,1.224646,0.034024,1
170.579698,0.192500,0.000000,1.192901,0.034022,1
170.679698,0.192500,0.000000,1.203808,0.034486,1
170.779698,0.192500,0.000000,1.243183,0.029329,1
170.879698,0.192500,0.000000,1.230265,0.025232,1
170.979698,0.192500,0.000000,1.204222,0.030131,1
171.079698,0.192500,0.000000,1.212083,0.018474,1
171.179698,0.192500,0.000000,1.242645,0.028690,1
171.279698,0.192500,0.000000,1.243523,0.019916,1
171.379698,0.192500,0.000000,1.224634,0.022302,1
171.479698,0.192500,0.000000,1.205440,0.024158,1
171.579698,0.192500,0.000000,1.186042,0.028574,1
171.679698,0.192500,0.000000,1.211428,0.034193,1
171.779698,0.192500,0.000000,1.248082,0.035411,1
171.879698,0.192500,0.000000,1.246157,0.028922,1
171.979698,0.192500,0.000000,1.218541,0.031897,1
172.079698,0.192500,0.000000,1.199270,0.034803,1
172.179698,0.192500,0.000000,1.185576,0.030088,1
172.279698,0.192500,0.000000,1.213647,0.032136,1
172.379698,0.192500,0.000000,1.252205,0.023583,1
172.479698,0.192500,0.000000,1.247484,0.017087,1
172.579698,0.192500,0.000000,1.213916,0.013751,1
172.679698,0.192500,0.000000,1.206521,0.016344,1
172.779698,0.192500,0.000000,1.216603,0.007352,1
172.879698,0.192500,0.000000,1.229092,0.011009,1
172.979698,0.192500,0.000000,1.242184,0.013697,1
173.079698,0.192500,0.000000,1.229349,0.019954,1
173.179698,0.192500,0.000000,1.199240,0.027887,1
173.279698,0.192500,0.000000,1.193194,0.014930,1
173.379698,0.192500,0.000000,1.203174,0.013807,1
173.479698,0.192500,0.000000,1.213811,0.012358,1
173.579698,0.192500,0.000000,1.224886,0.009588,1
173.679698,0.192500,0.000000,1.227622,0.018282,1
173.779698,0.192500,0.000000,1.228269,0.021287,1
173.879698,0.192500,0.000000,1.239593,0.025923,1
173.979698,0.192500,0.000000,1.258020,0.014733,1
174.079698,0.192500,0.000000,1.245345,0.020140,1
174.179698,0.192500,0.000000,1.211871,0.028812,1
174.279698,0.192500,0.000000,1.207220,0.025684,1
174.379698,0.192500,0.000000,1.221783,0.036079,1
174.479698,0.192500,0.000000,1.212760,0.025491,1
174.579698,0.192500,0.000000,1.188031,0.022040,1
174.679698,0.192500,0.000000,1.195429,0.011834,1
174.779698,0.192500,0.000000,1.224195,0.015746,1
174.879698,0.192500,0.000000,1.225920,0.012450,1
174.979698,0.192500,0.000000,1.209623,0.020149,1
175.079698,0.192500,0.000000,1.189660,0.026398,1
175.179698,0.192500,0.000000,1.168771,0.029075,1
175.279698,0.192500,0.000000,1.174052,0.030477,1
175.379698,0.192500,0.000000,1.196744,0.041386,1
175.479698,0.192500,0.000000,1.197117,0.048766,1
175.579698,0.192500,0.000000,1.182638,0.041774,1
175.679698,0.192500,0.000000,1.173980,0.042883,1
175.779698,0.192500,0.000000,1.169205,0.035024,1
175.879698,0.192500,0.000000,1.183165,0.029712,1
175.979698,0.192500,0.000000,1.209653,0.031901,1
176.079698,0.192500,0.000000,1.213875,0.024624,1
176.179698,0.192500,0.000000,1.203191,0.031707,1
176.279698,0.192500,0.000000,1.211295,0.025594,1
176.379698,0.192500,0.000000,1.224121,0.025821,1
176.479698,0.192500,0.000000,1.223614,0.024538,1
176.579698,0.192500,0.000000,1.214225,0.022436,1
176.679698,0.192500,0.000000,1.220263,0.027675,1
176.779698,0.192500,0.000000,1.236571,0.018917,1
176.879698,0.192500,0.000000,1.232505,0.029325,1
176.979698,0.192500,0.000000,1.214856,0.031107,1
177.079698,0.192500,0.000000,1.203067,0.031841,1
177.179698,0.192500,0.000000,1.192756,0.032894,1
177.279698,0.192500,0.000000,1.190674,0.029684,1
177.379698,0.192500,0.000000,1.194081,0.040610,1
177.479698,0.192500,0.000000,1.212963,0.036169,1
177.579698,0.192500,0.000000,1.242182,0.033038,1
177.679698,0.192500,0.000000,1.231328,0.029713,1
177.779698,0.192500,0.000000,1.210408,0.033448,1
177.879698,0.192500,0.000000,1.211891,0.024972,1
177.979698,0.192500,0.000000,1.228280,0.030743,1
178.079698,0.192500,0.000000,1.219869,0.032879,1
178.179698,0.192500,0.000000,1.194926,0.027608,1
178.279698,0.192500,0.000000,1.185652,0.031667,1
178.379698,0.194997,0.000000,1.186818,0.026374,1
178.479698,0.195000,0.000000,1.192790,0.039701,1
178.579698,0.195000,0.000000,1.201966,0.039441,1
178.679698,0.195000,0.000000,1.204571,0.034915,1
178.779698,0.195000,0.000000,1.202803,0.034958,1
178.879698,0.195000,0.000000,1.190665,0.037441,1
178.979698,0.195000,0.000000,1.171605,0.041488,1
179.079698,0.195000,0.000000,1.184509,0.040904,1
179.179698,0.195000,0.000000,1.218788,0.037657,1
179.279698,0.195000,0.000000,1.227882,0.039237,1
179.379698,0.165019,0.000000,1.220202,0.039237,1
179.479698,0.145013,0.000000,1.198706,0.040765,1
179.579698,0.105035,0.000000,1.167992,0.039925,1
179.679698,0.000044,0.000000,1.112632,0.022359,1
179.779698,0.000000,0.000000,1.040845,0.024565,1
179.879698,0.000000,0.000000,0.972092,0.014382,1
179.979698,0.000000,0.000000,0.905358,0.027861,1
180.079698,0.000000,0.000000,0.859143,0.022880,1
180.179698,0.000000,0.000000,0.826632,0.021636,1
180.279698,0.000000,0.000000,0.811093,0.019079,1
180.379698,0.000000,0.000000,0.806884,0.013085,1
180.479698,0.000000,0.000000,0.799415,0.008367,1
180.579698,0.000000,0.000000,0.791130,0.006231,1
180.679698,0.000000,0.000000,0.785375,0.003345,1
180.779698,0.000000,0.000000,0.781305,0.004339,1
180.879698,0.000000,0.000000,0.747398,0.004932,1
180.979698,0.000000,0.000000,0.693619,0.007764,1
181.079698,0.000000,0.000000,0.652865,0.005611,1
181.179698,0.000000,0.000000,0.620810,0.005738,1
181.279698,0.000000,0.000000,0.613889,0.002932,1
181.379698,0.000000,0.000000,0.623721,0.002511,1
181.479698,0.000000,0.000000,0.612284,-0.004027,1
181.579698,0.000000,0.000000,0.586670,0.000263,1
181.679698,0.000000,0.000000,0.580095,0.000412,1
181.779698,0.000000,0.000000,0.586223,-0.005058,1
181.879698,0.000000,0.000000,0.583292,-0.003067,1
181.979698,0.000000,0.000000,0.578091,-0.004422,1
182.079698,0.000000,0.000000,0.559736,-0.004347,1
182.179698,0.000000,0.000000,0.532597,-0.007578,1
182.279698,0.000000,0.000000,0.518631,-0.010621,1
182.379698,0.000000,0.000000,0.513465,-0.011476,1
182.479698,0.000000,0.000000,0.482943,-0.012997,1
182.579698,0.000000,0.000000,0.435531,-0.009360,1
182.679698,0.000000,0.000000,0.430438,-0.007947,1
182.779698,0.000000,0.000000,0.453637,-0.003198,1
182.879698,0.000000,0.000000,0.444298,0.004199,1
182.979698,0.000000,0.000000,0.413312,0.006167,1
183.079698,0.000000,0.000000,0.392254,0.004966,1
183.179698,0.000000,0.000000,0.377823,0.011120,1
183.279698,0.000000,0.000000,0.383057,0.009808,1
183.379698,0.000000,0.000000,0.401383,0.014363,1
183.479698,0.000000,0.000000,0.393252,0.014354,1
183.579698,0.000000,0.000000,0.367468,0.007010,1
183.679698,0.000000,0.000000,0.362783,0.015890,1
183.779698,0.000000,0.000000,0.372183,0.013836,1
183.879698,0.000000,0.000000,0.353165,0.007031,1
183.979698,0.000000,0.000000,0.315213,0.009072,1
184.079698,0.000000,0.000000,0.317732,0.006030,1
184.179698,0.000000,0.000000,0.347248,0.011669,1
184.279698,0.000000,0.000000,0.320660,0.006294,1
184.379698,0.000000,0.000000,0.279986,0.009226,1
184.479698,0.000000,0.000000,0.295004,0.013267,1
184.579698,0.000000,0.000000,0.324048,0.017135,1
184.679698,0.000000,0.000000,0.295606,0.020565,1
184.779698,0.000000,0.000000,0.252777,0.024413,1
184.879698,0.000000,0.000000,0.259583,0.024011,1
184.979698,0.000000,0.000000,0.278850,0.025150,1
185.079698,0.000000,0.000000,0.271671,0.026473,1
185.179698,0.000000,0.000000,0.246828,0.029634,1
185.279698,0.000000,0.000000,0.241687,0.029971,1
185.379698,0.000000,0.000000,0.249701,0.026475,1
185.479698,0.000000,0.000000,0.245118,0.026667,1
185.579698,0.000000,0.000000,0.237368,0.036606,1
185.679698,0.000000,0.000000,0.248174,0.041683,1
185.779698,0.000000,0.000000,0.271319,0.047426,1
185.879698,0.000000,0.000000,0.269221,0.055147,1
185.979698,0.000000,0.000000,0.260783,0.058117,1
186.079698,0.000000,0.000000,0.253712,0.051933,1
186.179698,0.000000,0.000000,0.247551,0.056045,1
186.279698,0.000000,0.000000,0.222093,0.059079,1
186.379698,0.000000,0.000000,0.183776,0.058023,1
186.479698,0.000000,0.000000,0.173712,0.059911,1
186.579698,0.000000,0.000000,0.182495,0.061189,1
186.679698,0.000000,0.000000,0.198331,0.066894,1
186.779698,0.000000,0.000000,0.218873,0.079843,1
186.879698,0.000000,0.000000,0.220726,0.083673,1
186.979698,0.000000,0.000000,0.210146,0.088990,1
187.079698,0.000000,0.000000,0.194199,0.095222,1
187.179698,0.000000,0.000000,0.174674,0.092023,1
187.279698,0.000000,0.000000,0.151505,0.083030,1
187.379698,0.000000,0.000000,0.127420,0.083473,1
187.479698,0.000000,0.000000,0.124038,0.085870,1
187.579698,0.000000,0.000000,0.125850,0.092798,1
187.679698,0.000000,0.000000,0.135581,0.100569,1
187.779698,0.000000,0.000000,0.150582,0.112295,1
187.879698,0.000000,0.000000,0.144614,0.123992,1
187.979698,0.000000,0.000000,0.124679,0.127954,1
188.079698,0.000000,0.000000,0.136574,0.119299,1
188.179698,0.000000,0.000000,0.169748,0.116180,1
188.279698,0.000000,0.000000,0.178839,0.116267,1
188.379698,0.000000,0.000000,0.171860,0.105846,1
188.479698,0.000000,0.000000,0.155802,0.106830,1
188.579698,0.000000,0.000000,0.137469,0.115477,1
188.679698,0.000000,0.000000,0.118837,0.121882,1
188.779698,0.000000,0.000000,0.100006,0.134358,1
188.879698,0.000000,0.000000,0.095095,0.140873,1
188.979698,0.000000,0.000000,0.099457,0.134581,1
189.079698,0.000000,0.000000,0.110160,0.120827,1
189.179698,0.000000,0.000000,0.125092,0.109287,1
189.279698,0.000000,0.000000,0.128986,0.103361,1
189.379698,0.000000,0.000000,0.125528,0.100500,1
189.479698,0.000000,0.000000,0.115909,0.109636,1
189.579698,0.000000,0.000000,0.102182,0.126008,1
189.679698,0.000000,0.000000,0.094051,0.142040,1
189.779698,0.000000,0.000000,0.089651,0.147611,1
189.879698,0.000000,0.000000,0.102633,0.140816,1
189.979698,0.000000,0.000000,0.119972,0.127268,1
190.079698,0.000000,0.000000,0.140737,0.110309,1
190.179698,0.000000,0.000000,0.163785,0.092180,1
190.279698,0.000000,0.000000,0.140068,0.096545,1
190.379698,0.000000,0.000000,0.085184,0.117920,1
190.479698,0.000000,0.000000,0.073194,0.135848,1
190.579698,0.000000,0.000000,0.089870,0.138674,1
190.679698,0.000000,0.000000,0.094790,0.150699,1
190.779698,0.000000,0.000000,0.091874,0.155550,1
190.879698,0.000000,0.000000,0.088863,0.123045,1
190.979698,0.000000,0.000000,0.085788,0.095604,1
191.079698,0.000000,0.000000,0.087693,0.096236,1
191.179698,0.000000,0.000000,0.097150,0.103295,1
191.279698,0.000000,0.000000,0.092125,0.107983,1
191.379698,0.000000,0.000000,0.083470,0.123418,1
191.479698,0.000000,0.000000,0.085311,0.149244,1
191.579698,0.000000,0.000000,0.094156,0.156855,1
191.679698,0.000000,0.000000,0.094894,0.134524,1
191.779698,0.000000,0.000000,0.090227,0.101792,1
191.879698,0.000000,0.000000,0.083753,0.083544,1
191.979698,0.000000,0.000000,0.076076,0.093050,1
192.079698,0.000000,0.000000,0.064421,0.100070,1
192.179698,0.000000,0.000000,0.050106,0.111268,1
192.279698,0.000000,0.000000,0.058976,0.142585,1
192.379698,0.000000,0.000000,0.083282,0.169592,1
192.479698,0.000000,0.000000,0.097350,0.153015,1
192.579698,0.000000,0.000000,0.104590,0.105382,1
192.679698,0.000000,0.000000,0.092702,0.098028,1
192.779698,0.000000,0.000000,0.076014,0.107013,1
192.879698,0.000000,0.000000,0.076525,0.090674,1
192.979698,0.000000,0.000000,0.088499,0.087593,1
193.079698,0.000000,0.000000,0.080188,0.133944,1
193.179698,0.000000,0.000000,0.058296,0.166869,1
193.279698,0.000000,0.000000,0.065249,0.149701,1
193.379698,0.000000,0.000000,0.091512,0.113041,1
193.479698,0.000000,0.000000,0.096046,0.087130,1
193.579698,0.000000,0.000000,0.086121,0.087623,1
193.679698,0.000000,0.000000,0.075773,0.097895,1
193.779698,0.000000,0.000000,0.065142,0.093972,1
193.879698,0.000000,0.000000,0.074405,0.104880,1
193.979698,0.000000,0.000000,0.088665,0.137661,1
194.079698,0.000000,0.000000,0.076512,0.151400,1
194.179698,0.000000,0.000000,0.057729,0.121073,1
194.279698,0.000000,0.000000,0.080852,0.075013,1
194.379698,0.000000,0.000000,0.131949,0.065917,1
194.479698,0.000000,0.000000,0.124415,0.093436,1
194.579698,0.000000,0.000000,0.077761,0.092833,1
194.679698,0.000000,0.000000,0.085043,0.086732,1
194.779698,0.000000,0.000000,0.128303,0.117617,1
194.879698,0.000000,0.000000,0.118168,0.145313,1
194.979698,0.000000,0.000000,0.072452,0.116066,1
195.079698,0.000000,0.000000,0.078759,0.066211,1
195.179698,0.000000,0.000000,0.119804,0.060877,1
195.279698,0.000000,0.000000,0.122826,0.086182,1
195.379698,0.000000,0.000000,0.100467,0.092776,1
195.479698,0.000000,0.000000,0.079339,0.089499,1
195.579698,0.000000,0.000000,0.059033,0.111083,1
195.679698,0.000000,0.000000,0.067505,0.126513,1
195.779698,0.000000,0.000000,0.095157,0.109009,1
195.879698,0.000000,0.000000,0.103178,0.081840,1
195.979698,0.000000,0.000000,0.098087,0.063557,1
196.079698,0.000000,0.000000,0.104020,0.068875,1
196.179698,0.000000,0.000000,0.117324,0.075561,1
196.279698,0.000000,0.000000,0.114307,0.084249,1
196.379698,0.000000,0.000000,0.100422,0.101324,1
196.479698,0.000000,0.000000,0.096193,0.106315,1
196.579698,0.000000,0.000000,0.098401,0.091997,1
196.679698,0.000000,0.000000,0.119133,0.068450,1
196.779698,0.000000,0.000000,0.144512,0.041777,1
196.879698,0.089956,0.000000,0.124272,0.041988,1
196.979698,0.124966,0.000000,0.092584,0.064364,1
197.079698,0.142480,0.000000,0.094170,0.075092,1
197.179698,0.162473,0.000000,0.117946,0.074872,1
197.279698,0.174990,0.000000,0.143695,0.087761,1
197.379698,0.179995,0.000000,0.170759,0.088085,1
197.479698,0.182497,0.000000,0.206259,0.088972,1
197.579698,0.184996,0.000000,0.243885,0.082866,1
197.679698,0.194996,0.000000,0.306199,0.069794,1
197.779698,0.199997,0.000000,0.384983,0.081855,1
197.879698,0.202498,0.000000,0.462813,0.131134,1
197.979698,0.204997,0.000000,0.540008,0.167146,1
198.079698,0.209996,0.000000,0.611823,0.152416,1
198.179698,0.212498,0.000000,0.682282,0.137486,1
198.279698,0.212500,0.000000,0.765576,0.147072,1
198.379698,0.212500,0.000000,0.857414,0.159404,1
198.479698,0.210003,0.000000,0.939145,0.141119,1
198.579698,0.205004,0.000000,1.014155,0.142917,1
198.679698,0.202503,0.000000,1.037660,0.148361,1
198.779698,0.202500,0.000000,1.048256,0.154610,1
198.879698,0.200002,0.000000,1.074120,0.171785,1
198.979698,0.200000,0.000000,1.103812,0.154092,1
199.079698,0.200000,0.000000,1.126662,0.118234,1
199.179698,0.200000,0.000000,1.147790,0.116735,1
199.279698,0.195002,0.000000,1.157935,0.110382,1
199.379698,0.195000,0.000000,1.160753,0.114421,1
199.479698,0.195000,0.000000,1.176192,0.120008,1
199.579698,0.195000,0.000000,1.194793,0.084299,1
199.679698,0.195000,0.000000,1.196799,0.074115,1
199.779698,0.195000,0.000000,1.187771,0.080347,1
199.879698,0.195000,0.000000,1.191558,0.091813,1
199.979698,0.195000,0.000000,1.198558,0.078888,1
200.079698,0.192502,0.000000,1.210157,0.083452,1
200.179698,0.192500,0.000000,1.224826,0.114765,1
200.279698,0.192500,0.000000,1.208039,0.122825,1
200.379698,0.192500,0.000000,1.170286,0.114890,1
200.479698,0.192500,0.000000,1.199116,0.103883,1
200.579698,0.192500,0.000000,1.244659,0.079999,1
200.679698,0.192500,0.000000,1.253724,0.080386,1
200.779698,0.192500,0.000000,1.238444,0.073789,1
200.879698,0.192500,0.000000,1.241139,0.047514,1
200.979698,0.192500,0.000000,1.248332,0.045473,1
201.079698,0.192500,0.000000,1.235136,0.043128,1
201.179698,0.192500,0.000000,1.208286,0.061034,1
201.279698,0.192500,0.000000,1.215406,0.080911,1
201.379698,0.190003,0.000000,1.231092,0.108402,1
201.479698,0.190000,0.000000,1.239581,0.110558,1
201.579698,0.190000,0.000000,1.246262,0.095516,1
201.679698,0.190000,0.000000,1.279557,0.073482,1
201.779698,0.190000,0.000000,1.319538,0.051375,1
201.879698,0.185007,0.000000,1.280986,0.039081,1
201.979698,0.185000,0.000000,1.222771,0.028229,1
202.079698,0.185000,0.000000,1.211165,0.059643,1
202.179698,0.185000,0.000000,1.211277,0.062650,1
202.279698,0.185000,0.000000,1.206209,0.086938,1
202.379698,0.185000,0.000000,1.199844,0.076801,1
202.479698,0.185000,0.000000,1.202563,0.038622,1
202.579698,0.185000,0.000000,1.207555,0.030700,1
202.679698,0.185000,0.000000,1.204875,0.009109,1
202.779698,0.185000,0.000000,1.200272,0.056497,1
202.879698,0.185000,0.000000,1.203828,0.077418,1
202.979698,0.185000,0.000000,1.209436,0.064121,1
203.079698,0.185000,0.000000,1.234362,0.026592,1
203.179698,0.185000,0.000000,1.272185,0.016089,1
203.279698,0.185000,0.000000,1.257029,0.024396,1
203.379698,0.185000,0.000000,1.228535,0.035269,1
203.479698,0.185000,0.000000,1.207717,0.043398,1
203.579698,0.185000,0.000000,1.188823,0.057371,1
203.679698,0.185000,0.000000,1.190804,0.085201,1
203.779698,0.185000,0.000000,1.198007,0.136686,1
203.879698,0.185000,0.000000,1.211241,0.163287,1
203.979698,0.185000,0.000000,1.225988,0.139918,1
204.079698,0.185000,0.000000,1.236456,0.081368,1
204.179698,0.185000,0.000000,1.245850,0.050543,1
204.279698,0.185000,0.000000,1.253910,0.029115,1
204.379698,0.185000,0.000000,1.261636,0.011868,1
204.479698,0.185000,0.000000,1.247208,0.056056,1
204.579698,0.185000,0.000000,1.227208,0.092262,1
204.679698,0.185000,0.000000,1.221184,0.105768,1
204.779698,0.185000,0.000000,1.218665,0.091050,1
204.879698,0.185000,0.000000,1.200180,0.085702,1
204.979698,0.185000,0.000000,1.177683,0.083035,1
205.079698,0.185000,0.000000,1.177688,0.053988,1
205.179698,0.185000,0.000000,1.192700,0.035951,1
205.279698,0.185000,0.000000,1.214392,0.007833,1
205.379698,0.185000,0.000000,1.240540,0.013830,1
205.479698,0.185000,0.000000,1.228998,0.022208,1
205.579698,0.185000,0.000000,1.192286,0.023461,1
205.679698,0.185000,0.000000,1.210108,0.034750,1
205.779698,0.185000,0.000000,1.241603,0.054399,1
205.879698,0.185000,0.000000,1.260049,0.070547,1
205.979698,0.185000,0.000000,1.275217,0.076585,1
206.079698,0.185000,0.000000,1.263343,0.065013,1
206.179698,0.185000,0.000000,1.244659,0.048006,1
206.279698,0.185000,0.000000,1.221948,0.039963,1
206.379698,0.185000,0.000000,1.198226,0.035227,1
206.479698,0.185000,0.000000,1.215918,0.038698,1
206.579698,0.185000,0.000000,1.243983,0.053932,1
206.679698,0.185000,0.000000,1.256545,0.051781,1
206.779698,0.185000,0.000000,1.258792,0.031874,1
206.879698,0.185000,0.000000,1.263783,0.030417,1
206.979698,0.185000,0.000000,1.269462,0.052444,1
207.079698,0.185000,0.000000,1.236123,0.069280,1
207.179698,0.185000,0.000000,1.192956,0.068317,1
207.279698,0.185000,0.000000,1.211781,0.068969,1
207.379698,0.185000,0.000000,1.246134,0.051150,1
207.479698,0.185000,0.000000,1.226836,0.052323,1
207.579698,0.185000,0.000000,1.171870,0.044220,1
207.679698,0.185000,0.000000,1.198877,0.041904,1
207.779698,0.185000,0.000000,1.246469,0.034742,1
207.879698,0.185000,0.000000,1.233469,0.044782,1
207.979698,0.185000,0.000000,1.205244,0.054734,1
208.079698,0.185000,0.000000,1.198177,0.061863,1
208.179698,0.185000,0.000000,1.196451,0.060227,1
208.279698,0.185000,0.000000,1.205857,0.060669,1
208.379698,0.185000,0.000000,1.218058,0.053064,1
208.479698,0.189994,0.000000,1.221535,0.053733,1
208.579698,0.185007,-0.102359,1.222827,0.057163,1
208.679698,0.189998,-0.262438,1.227894,0.041260,1
208.779698,0.190000,-0.359923,1.233910,0.001956,1
208.879698,0.190000,-0.362498,1.227770,-0.052939,1
208.979698,0.190000,-0.367493,1.218586,-0.100856,1
209.079698,0.190000,-0.362505,1.217200,-0.122243,1
209.179698,0.190000,-0.362500,1.221017,-0.150473,1
209.279698,0.190000,-0.362500,1.240284,-0.179799,1
209.379698,0.190000,-0.362500,1.263430,-0.198362,1
209.479698,0.190000,-0.362500,1.277989,-0.208226,1
209.579698,0.190000,-0.362500,1.290392,-0.204233,1
209.679698,0.190000,-0.360003,1.283314,-0.208122,1
209.779698,0.190000,-0.337530,1.263271,-0.197558,1
209.879698,0.190000,-0.327509,1.252925,-0.188487,1
209.979698,0.190000,-0.325004,1.245007,-0.190639,1
210.079698,0.190000,-0.325000,1.239601,-0.190371,1
210.179698,0.192497,-0.327497,1.234827,-0.193691,1
210.279698,0.192500,-0.327500,1.237329,-0.198478,1
210.379698,0.192500,-0.327500,1.241650,-0.184298,1
210.479698,0.192500,-0.327500,1.270357,-0.176979,1
210.579698,0.192500,-0.359981,1.305167,-0.190260,1
210.679698,0.192500,-0.409957,1.270076,-0.205127,1
210.779698,0.192500,-0.410000,1.217388,-0.216561,1
210.879698,0.192500,-0.410000,1.223757,-0.228355,1
210.979698,0.192500,-0.410000,1.244940,-0.233658,1
211.079698,0.192500,-0.410000,1.226035,-0.235032,1
211.179698,0.192500,-0.410000,1.197033,-0.234455,1
211.279698,0.192500,-0.410000,1.211971,-0.235001,1
211.379698,0.192500,-0.410000,1.237900,-0.236090,1
211.479698,0.192500,-0.410000,1.256429,-0.218062,1
211.579698,0.192500,-0.410000,1.273105,-0.208241,1
211.679698,0.192500,-0.410000,1.261177,-0.208298,1
211.779698,0.192500,-0.410000,1.242084,-0.215810,1
211.879698,0.192500,-0.410000,1.244457,-0.227654,1
211.979698,0.192500,-0.410000,1.252198,-0.248344,1
212.079698,0.192500,-0.410000,1.251249,-0.250810,1
212.179698,0.192500,-0.407501,1.248120,-0.272160,1
212.279698,0.192500,-0.407500,1.236773,-0.270702,1
212.379698,0.192500,-0.407500,1.223366,-0.254196,1
212.479698,0.192500,-0.407500,1.231602,-0.218395,1
212.579698,0.192500,-0.407500,1.245269,-0.204974,1
212.679698,0.192500,-0.407500,1.235941,-0.209313,1
212.779698,0.192500,-0.407500,1.220862,-0.249728,1
212.879698,0.192500,-0.407500,1.227400,-0.250002,1
212.979698,0.192500,-0.407500,1.239361,-0.227125,1
213.079698,0.192500,-0.407500,1.239383,-0.218804,1
213.179698,0.192500,-0.407500,1.236413,-0.215588,1
213.279698,0.192500,-0.407500,1.226140,-0.244261,1
213.379698,0.192500,-0.407500,1.214042,-0.246483,1
213.479698,0.192500,-0.407500,1.209855,-0.202718,1
213.579698,0.192500,-0.407500,1.207648,-0.237633,1
213.679698,0.194997,-0.407500,1.208843,-0.274732,1
213.779698,0.195000,-0.407500,1.210891,-0.263469,1
213.879698,0.195000,-0.407500,1.206033,-0.220463,1
213.979698,0.195000,-0.407500,1.199442,-0.227948,1
214.079698,0.195000,-0.407500,1.187450,-0.253968,1
214.179698,0.195000,-0.407500,1.171862,-0.212431,1
214.279698,0.195000,-0.407500,1.192662,-0.222287,1
214.379698,0.195000,-0.407500,1.222570,-0.256462,1
214.479698,0.195000,-0.407500,1.227202,-0.252837,1
214.579698,0.195000,-0.407500,1.225490,-0.232302,1
214.679698,0.195000,-0.405003,1.245313,-0.255381,1
214.779698,0.195000,-0.405000,1.279504,-0.251569,1
214.879698,0.195000,-0.400002,1.242835,-0.234871,1
214.979698,0.195000,-0.400000,1.188371,-0.256675,1
215.079698,0.195000,-0.400000,1.188414,-0.249260,1
215.179698,0.195000,-0.400000,1.224753,-0.227841,1
215.279698,0.195000,-0.400000,1.228509,-0.241790,1
215.379698,0.195000,-0.400000,1.210584,-0.226754,1
215.479698,0.195000,-0.395004,1.191184,-0.227446,1
215.579698,0.195000,-0.395000,1.171412,-0.249888,1
215.679698,0.195000,-0.395000,1.193787,-0.207907,1
215.779698,0.195000,-0.395000,1.226753,-0.237877,1
215.879698,0.195000,-0.395000,1.209041,-0.227299,1
215.979698,0.195000,-0.395000,1.178614,-0.244962,1
216.079698,0.195000,-0.395000,1.197413,-0.243835,1
216.179698,0.195000,-0.395000,1.228576,-0.254270,1
216.279698,0.195000,-0.395000,1.229299,-0.252392,1
216.379698,0.195000,-0.395000,1.222401,-0.264090,1
216.479698,0.195000,-0.395000,1.222637,-0.264703,1
216.579698,0.195000,-0.395000,1.227614,-0.276088,1
216.679698,0.195000,-0.395000,1.244660,-0.270390,1
216.779698,0.195000,-0.395000,1.264732,-0.256373,1
216.879698,0.195000,-0.395000,1.247685,-0.256808,1
216.979698,0.195000,-0.395000,1.221318,-0.255147,1
217.079698,0.195000,-0.395000,1.218977,-0.235245,1
217.179698,0.195000,-0.395000,1.222694,-0.241624,1
217.279698,0.195000,-0.395000,1.218587,-0.242191,1
217.379698,0.195000,-0.395000,1.209277,-0.234785,1
217.479698,0.195000,-0.395000,1.226792,-0.247997,1
217.579698,0.195000,-0.395000,1.251038,-0.231894,1
217.679698,0.195000,-0.395000,1.243227,-0.252335,1
217.779698,0.195000,-0.395000,1.227395,-0.265931,1
217.879698,0.195000,-0.399994,1.214292,-0.257530,1
217.979698,0.195000,-0.400000,1.201872,-0.256747,1
218.079698,0.195000,-0.395004,1.221534,-0.252005,1
218.179698,0.195000,-0.395000,1.249260,-0.259562,1
218.279698,0.195000,-0.399996,1.248803,-0.259776,1
218.379698,0.195000,-0.400000,1.229594,-0.256653,1
218.479698,0.195000,-0.395004,1.237197,-0.264562,1
218.579698,0.195000,-0.395000,1.251560,-0.246868,1
218.679698,0.195000,-0.395000,1.247098,-0.252601,1
218.779698,0.195000,-0.399996,1.237910,-0.254759,1
218.879698,0.195000,-0.400000,1.224631,-0.263100,1
218.979698,0.195000,-0.400000,1.208633,-0.256763,1
219.079698,0.195000,-0.400000,1.202589,-0.268193,1
219.179698,0.195000,-0.400000,1.199044,-0.273581,1
219.279698,0.195000,-0.400000,1.215394,-0.261889,1
219.379698,0.195000,-0.400000,1.244986,-0.264583,1
219.479698,0.195000,-0.400000,1.242241,-0.260173,1
219.579698,0.195000,-0.400000,1.231391,-0.264199,1
219.679698,0.195000,-0.400000,1.221893,-0.265421,1
219.779698,0.195000,-0.400000,1.213294,-0.265036,1
219.879698,0.195000,-0.400000,1.212197,-0.277231,1
219.979698,0.195000,-0.400000,1.212979,-0.282759,1
220.079698,0.195000,-0.400000,1.214304,-0.281449,1
220.179698,0.195000,-0.400000,1.215766,-0.287566,1
220.279698,0.195000,-0.400000,1.225339,-0.272701,1
220.379698,0.195000,-0.400000,1.236949,-0.271466,1
220.479698,0.195000,-0.400000,1.254633,-0.272095,1
220.579698,0.195000,-0.400000,1.273843,-0.278515,1
220.679698,0.195000,-0.400000,1.261927,-0.271719,1
220.779698,0.195000,-0.400000,1.242195,-0.288864,1
220.879698,0.195000,-0.400000,1.198432,-0.277824,1
220.979698,0.199992,-0.400000,1.148653,-0.316942,1
221.079698,0.200000,-0.400000,1.160690,-0.285077,1
221.179698,0.200000,-0.400000,1.213997,-0.283697,1
221.279698,0.200000,-0.400000,1.206970,-0.283896,1
221.379698,0.200000,-0.400000,1.184815,-0.285069,1
221.479698,0.200000,-0.400000,1.209430,-0.283668,1
221.579698,0.200000,-0.400000,1.245746,-0.276847,1
221.679698,0.200000,-0.400000,1.227808,-0.290304,1
221.779698,0.200000,-0.400000,1.196208,-0.283458,1
221.879698,0.200000,-0.400000,1.215754,-0.290584,1
221.979698,0.200000,-0.400000,1.248109,-0.312450,1
222.079698,0.200000,-0.400000,1.262094,-0.313125,1
222.179698,0.200000,-0.400000,1.271478,-0.281519,1
222.279698,0.200000,-0.400000,1.275691,-0.306224,1
222.379698,0.200000,-0.400000,1.278606,-0.310595,1
222.479698,0.200000,-0.400000,1.263719,-0.312946,1
222.579698,0.200000,-0.400000,1.244377,-0.304373,1
222.679698,0.200000,-0.400000,1.272206,-0.301860,1
222.779698,0.200000,-0.400000,1.311867,-0.335239,1
222.879698,0.200000,-0.400000,1.298362,-0.308559,1
222.979698,0.200000,-0.400000,1.271553,-0.296799,1
223.079698,0.200000,-0.400000,1.274904,-0.301787,1
223.179698,0.200000,-0.400000,1.285842,-0.339419,1
223.279698,0.200000,-0.400000,1.292195,-0.327350,1
223.379698,0.200000,-0.400000,1.297399,-0.297667,1
223.479698,0.200000,-0.400000,1.268946,-0.355317,1
223.579698,0.200000,-0.400000,1.218109,-0.348506,1
223.679698,0.200000,-0.400000,1.231386,-0.296364,1
223.779698,0.200000,-0.400000,1.260700,-0.338796,1
223.879698,0.200000,-0.400000,1.250166,-0.313361,1
223.979698,0.200000,-0.400000,1.229636,-0.287321,1
224.079698,0.200000,-0.057938,1.270617,-0.313209,1
224.179698,0.200000,-0.000072,1.327101,-0.299904,1
224.279698,0.200000,0.000000,1.304145,-0.188915,1
224.379698,0.200000,0.000000,1.228363,-0.097565,1
224.479698,0.200000,0.000000,1.223732,-0.047315,1
224.579698,0.200000,0.000000,1.236945,-0.018044,1
224.679698,0.200000,0.000000,1.253648,-0.005343,1
224.779698,0.200000,0.000000,1.271227,-0.020692,1
224.879698,0.200000,0.000000,1.308813,-0.030105,1
224.979698,0.200000,0.000000,1.351423,-0.015908,1
225.079698,0.200000,0.000000,1.293192,0.015232,1
225.179698,0.200000,0.000000,1.209562,0.029754,1
225.279698,0.200000,0.000000,1.217377,0.023942,1
225.379698,0.200000,0.000000,1.248088,0.024515,1
225.479698,0.200000,0.000000,1.286524,0.043477,1
225.579698,0.200000,0.000000,1.330100,0.010349,1
225.679698,0.200000,0.000000,1.341241,-0.003742,1
225.779698,0.200000,0.000000,1.344254,0.019348,1
225.879698,0.200000,0.000000,1.327581,0.015521,1
225.979698,0.200000,0.000000,1.305980,0.021271,1
226.079698,0.200000,0.000000,1.304457,0.018220,1
226.179698,0.200000,0.000000,1.316324,-0.014451,1
226.279698,0.200000,0.000000,1.313013,-0.014043,1
226.379698,0.200000,0.000000,1.299565,0.035766,1
226.479698,0.200000,0.000000,1.302612,0.036953,1
226.579698,0.200000,0.000000,1.316650,-0.007101,1
226.679698,0.200000,0.000000,1.320492,0.035293,1
226.779698,0.200000,0.000000,1.321782,0.028796,1
226.879698,0.200000,0.000000,1.295506,0.037288,1
226.979698,0.200000,0.000000,1.262330,0.011357,1
227.079698,0.200000,0.000000,1.263006,-0.019100,1
227.179698,0.200000,0.000000,1.286282,0.021053,1
227.279698,0.200000,0.000000,1.328445,0.018929,1
227.379698,0.200000,0.000000,1.383228,-0.034610,1
227.479698,0.200000,0.000000,1.329293,-0.056141,1
227.579698,0.200000,0.000000,1.247980,-0.018323,1
227.679698,0.200000,0.000000,1.263298,0.027379,1
227.779698,0.200000,0.000000,1.302824,0.044103,1
227.879698,0.200000,0.000000,1.305351,-0.008195,1
227.979698,0.200000,0.000000,1.298576,-0.028009,1
228.079698,0.200000,0.000000,1.316664,0.015128,1
228.179698,0.200000,0.000000,1.341014,0.015932,1
228.279698,0.200000,0.000000,1.330755,-0.017118,1
228.379698,0.200000,0.000000,1.297446,-0.002090,1
228.479698,0.200000,0.000000,1.287686,0.042888,1
228.579698,0.200000,0.000000,1.293625,-0.012565,1
228.679698,0.200000,0.000000,1.280455,-0.057031,1
228.779698,0.200000,0.000000,1.262498,-0.041909,1
228.879698,0.200000,0.000000,1.305212,0.007807,1
228.979698,0.200000,0.000000,1.363084,-0.022999,1
229.079698,0.200000,0.000000,1.345183,-0.022245,1
229.179698,0.200000,0.000000,1.276812,0.007979,1
229.279698,0.200000,0.000000,1.242435,-0.006491,1
229.379698,0.200000,0.000000,1.216577,-0.000912,1
229.479698,0.200000,0.000000,1.246924,0.033266,1
229.579698,0.200000,0.000000,1.291414,0.022186,1
229.679698,0.200000,0.000000,1.295301,-0.010869,1
229.779698,0.200000,0.000000,1.272179,-0.025614,1
229.879698,0.200000,0.000000,1.295100,-0.025987,1
229.979698,0.200000,0.000000,1.329548,-0.000244,1
230.079698,0.200000,0.000000,1.335056,0.021092,1
230.179698,0.200000,0.000000,1.333279,0.041104,1
230.279698,0.200000,0.000000,1.307296,0.086329,1
230.379698,0.200000,0.000000,1.275252,0.073218,1
230.479698,0.200000,0.000000,1.272765,0.011844,1
230.579698,0.200000,0.000000,1.277690,-0.005108,1
230.679698,0.200000,0.000000,1.304526,-0.001501,1
230.779698,0.200000,0.000000,1.336844,0.007823,1
230.879698,0.200000,0.000000,1.334644,0.009433,1
230.979698,0.200000,0.000000,1.309490,0.010095,1
231.079698,0.200000,0.000000,1.308671,0.011148,1
231.179698,0.200000,0.000000,1.313997,0.000855,1
231.279698,0.200000,0.000000,1.315716,-0.009701,1
231.379698,0.200000,0.000000,1.315037,0.017947,1
231.479698,0.200000,0.082305,1.332063,0.018524,1
231.579698,0.200000,0.359598,1.360887,0.003666,1
231.679698,0.200000,0.472342,1.326715,0.085294,1
231.779698,0.200000,0.410074,1.276722,0.206685,1
231.879698,0.200000,0.392520,1.263912,0.248982,1
231.979698,0.200000,0.370039,1.275901,0.280742,1
232.079698,0.200000,0.372496,1.266962,0.287008,1
232.179698,0.200000,0.372500,1.252763,0.303211,1
232.279698,0.200000,0.372500,1.209201,0.316020,1
232.379698,0.200000,0.372500,1.158273,0.307027,1
232.479698,0.200000,0.372500,1.179275,0.323120,1
232.579698,0.200000,0.372500,1.218362,0.321598,1
232.679698,0.200000,0.372500,1.206514,0.306709,1
232.779698,0.200000,0.372500,1.181887,0.322583,1
232.879698,0.200000,0.372500,1.154725,0.316096,1
232.979698,0.200000,0.372500,1.126925,0.287486,1
233.079698,0.200000,0.374994,1.144583,0.301540,1
233.179698,0.200000,0.379993,1.192556,0.298319,1
233.279698,0.200000,0.392488,1.215009,0.272555,1
233.379698,0.200000,0.394997,1.231041,0.300944,1
233.479698,0.200000,0.395000,1.207396,0.283258,1
233.579698,0.200000,0.395000,1.173813,0.308195,1
233.679698,0.200000,0.395000,1.159024,0.308489,1
233.779698,0.200000,0.395000,1.148938,0.310284,1
233.879698,0.200000,0.395000,1.157229,0.330871,1
233.979698,0.200000,0.395000,1.170124,0.318442,1
234.079698,0.200000,0.395000,1.118931,0.305226,1
234.179698,0.200000,0.395000,1.051584,0.304710,1
234.279698,0.200000,0.395000,1.081117,0.313121,1
234.379698,0.200000,0.395000,1.134996,0.319455,1
234.479698,0.200000,0.395000,1.139604,0.324179,1
234.579698,0.200000,0.395000,1.131825,0.322210,1
234.679698,0.200000,0.395000,1.112685,0.330591,1
234.779698,0.200000,0.395000,1.090701,0.331951,1
234.879698,0.200000,0.395000,1.098941,0.326884,1
234.979698,0.200000,0.395000,1.114748,0.311299,1
235.079698,0.200000,0.395000,1.097427,0.327000,1
235.179698,0.200000,0.395000,1.071786,0.281407,1
235.279698,0.200000,0.395000,1.077842,0.308861,1
235.379698,0.200000,0.395000,1.104978,0.299514,1
235.479698,0.200000,0.395000,1.115438,0.313562,1
235.579698,0.200000,0.395000,1.121722,0.319227,1
235.679698,0.200000,0.395000,1.106788,0.327395,1
235.779698,0.200000,0.395000,1.086519,0.336881,1
235.879698,0.200000,0.395000,1.084583,0.330792,1
235.979698,0.200000,0.395000,1.087252,0.321794,1
236.079698,0.200000,0.395000,1.101038,0.307302,1
236.179698,0.200000,0.395000,1.117623,0.315715,1
236.279698,0.200000,0.395000,1.114997,0.327870,1
236.379698,0.200000,0.395000,1.107555,0.339421,1
236.479698,0.200000,0.395000,1.099914,0.331835,1
236.579698,0.200000,0.395000,1.092223,0.352900,1
236.679698,0.200000,0.395000,1.100302,0.350601,1
236.779698,0.200000,0.395000,1.112329,0.349731,1
236.879698,0.200000,0.395000,1.093990,0.356095,1
236.979698,0.200000,0.395000,1.068048,0.367203,1
237.079698,0.200000,0.395000,1.068286,0.354476,1
237.179698,0.200000,0.395000,1.075110,0.374322,1
237.279698,0.200000,0.395000,1.079145,0.358055,1
237.379698,0.200000,0.395000,1.081324,0.355626,1
237.479698,0.200000,0.395000,1.084292,0.373507,1
237.579698,0.200000,0.395000,1.087457,0.381366,1
237.679698,0.200000,0.395000,1.082498,0.392239,1
237.779698,0.200000,0.395000,1.075507,0.395213,1
237.879698,0.200000,0.395000,1.077237,0.381478,1
237.979698,0.200000,0.395000,1.081152,0.367970,1
238.079698,0.200000,0.395000,1.096198,0.364703,1
238.179698,0.200000,0.395000,1.114048,0.382647,1
238.279698,0.200000,0.395000,1.106200,0.388632,1
238.379698,0.200000,0.395000,1.091936,0.403838,1
238.479698,0.200000,0.395000,1.073898,0.406181,1
238.579698,0.200000,0.395000,1.054915,0.414301,1
238.679698,0.200000,0.395000,1.057109,0.399189,1
238.779698,0.200000,0.395000,1.064622,0.403067,1
238.879698,0.200000,0.395000,1.064438,0.387437,1
238.979698,0.200000,0.395000,1.062324,0.390538,1
239.079698,0.200000,0.395000,1.074209,0.370246,1
239.179698,0.200000,0.395000,1.095429,0.396176,1
239.279698,0.200000,0.395000,1.095003,0.396894,1
239.379698,0.200000,0.395000,1.089164,0.400562,1
239.479698,0.200000,0.395000,1.085387,0.383028,1
239.579698,0.200000,0.395000,1.082127,0.391378,1
239.679698,0.200000,0.395000,1.101129,0.390610,1
239.779698,0.200000,0.395000,1.125707,0.393150,1
239.879698,0.200000,0.395000,1.130228,0.406480,1
239.979698,0.200000,0.395000,1.129732,0.418231,1
240.079698,0.200000,0.395000,1.117979,0.379141,1
240.179698,0.200000,0.395000,1.098721,0.390582,1
240.279698,0.200000,0.395000,1.095983,0.400071,1
240.379698,0.200000,0.395000,1.097396,0.413580,1
240.479698,0.200000,0.395000,1.113825,0.398970,1
240.579698,0.200000,0.395000,1.134023,0.391958,1
240.679698,0.200000,0.399998,1.129254,0.407987,1
240.779698,0.200000,0.400000,1.118212,0.387126,1
240.879698,0.200000,0.400000,1.096667,0.410232,1
240.979698,0.200000,0.400000,1.072496,0.437178,1
241.079698,0.200000,0.400000,1.098085,0.452146,1
241.179698,0.200000,0.400000,1.136191,0.418975,1
241.279698,0.200000,0.400000,1.159865,0.381083,1
241.379698,0.200000,0.400000,1.179928,0.404158,1
241.479698,0.200000,0.400000,1.170278,0.414984,1
241.579698,0.200000,0.400000,1.153193,0.411340,1
241.679698,0.200000,0.400000,1.154019,0.382781,1
241.779698,0.200000,0.400000,1.159334,0.375914,1
241.879698,0.200000,0.395004,1.145581,0.381794,1
241.979698,0.200000,0.399994,1.127037,0.391574,1
242.079698,0.200000,0.395005,1.137439,0.408810,1
242.179698,0.200000,0.395000,1.155122,0.404709,1
242.279698,0.200000,0.395000,1.171761,0.362137,1
242.379698,0.200000,0.395000,1.188138,0.348583,1
242.479698,0.200000,0.395000,1.169010,0.367868,1
242.579698,0.200000,0.395000,1.140991,0.394906,1
242.679698,0.200000,0.395000,1.136590,0.401571,1
242.779698,0.200000,0.395000,1.138118,0.400952,1
242.879698,0.200000,0.395000,1.159249,0.366459,1
242.979698,0.200000,0.395000,1.185285,0.353866,1
243.079698,0.200000,0.395000,1.174296,0.371517,1
243.179698,0.200000,0.395000,1.154024,0.385516,1
243.279698,0.200000,0.395000,1.187580,0.348944,1
243.379698,0.200000,0.395000,1.234600,0.340869,1
243.479698,0.200000,0.395000,1.216133,0.380379,1
243.579698,0.200000,0.395000,1.181190,0.361031,1
243.679698,0.200000,0.395000,1.191752,0.360555,1
243.779698,0.200000,0.395000,1.213717,0.339478,1
243.879698,0.200000,0.395000,1.195439,0.350391,1
243.979698,0.200000,0.395000,1.167035,0.355999,1
244.079698,0.200000,0.395000,1.185798,0.355555,1
244.179698,0.200000,0.395000,1.236014,0.374785,1
244.279698,0.200000,0.395000,1.241642,0.366583,1
244.379698,0.200000,0.395000,1.236106,0.373921,1
244.479698,0.200000,0.399993,1.213578,0.359444,1
244.579698,0.200000,0.400000,1.186790,0.350760,1
244.679698,0.200000,0.400000,1.189358,0.349286,1
244.779698,0.200000,0.400000,1.199271,0.349959,1
244.879698,0.200000,0.400000,1.200288,0.356636,1
244.979698,0.200000,0.400000,1.199072,0.377323,1
245.079698,0.200000,0.400000,1.199980,0.373317,1
245.179698,0.200000,0.400000,1.202308,0.368928,1
245.279698,0.200000,0.400000,1.215661,0.369171,1
245.379698,0.200000,0.395003,1.236370,0.373840,1
245.479698,0.200000,0.395000,1.230554,0.375973,1
245.579698,0.200000,0.399993,1.218097,0.360855,1
245.679698,0.200000,0.400000,1.225480,0.352387,1
245.779698,0.200000,0.400000,1.237835,0.359358,1
245.879698,0.200000,0.400000,1.213150,0.361102,1
245.979698,0.200000,0.400000,1.179186,0.365165,1
246.079698,0.200000,0.400000,1.199731,0.366346,1
246.179698,0.200000,0.400000,1.233964,0.353969,1
246.279698,0.200000,0.400000,1.220162,0.357576,1
246.379698,0.200000,0.400000,1.194338,0.349108,1
246.479698,0.200000,0.400000,1.211674,0.355215,1
246.579698,0.200000,0.400000,1.239853,0.364919,1
246.679698,0.200000,0.400000,1.231837,0.366225,1
246.779698,0.200000,0.400000,1.199698,0.365312,1
246.879698,0.200000,0.400000,1.178950,0.377008,1
246.979698,0.200000,0.400000,1.161066,0.368890,1
247.079698,0.200000,0.400000,1.189723,0.367750,1
247.179698,0.200000,0.400000,1.230049,0.366344,1
247.279698,0.200000,0.400000,1.234205,0.358753,1
247.379698,0.200000,0.404994,1.214290,0.358766,1
247.479698,0.200000,0.407497,1.206175,0.354776,1
247.579698,0.200000,0.407500,1.201030,0.351856,1
247.679698,0.200000,0.407500,1.225465,0.350902,1
247.779698,0.200000,0.407500,1.257297,0.365427,1
247.879698,0.200000,0.407500,1.237106,0.381359,1
247.979698,0.200000,0.407500,1.203888,0.371710,1
248.079698,0.200000,0.407500,1.190906,0.358207,1
248.179698,0.200000,0.407500,1.183018,0.356097,1
248.279698,0.200000,0.407500,1.189092,0.344931,1
248.379698,0.200000,0.407500,1.198675,0.327934,1
248.479698,0.200000,0.409998,1.190156,0.343980,1
248.579698,0.200000,0.067983,1.177080,0.342537,1
248.679698,0.200000,0.000075,1.184561,0.307899,1
248.779698,0.200000,0.000000,1.205724,0.221062,1
248.879698,0.200000,0.000000,1.138856,0.142168,1
248.979698,0.200000,0.000000,1.013380,0.111368,1
249.079698,0.200000,0.000000,1.004304,0.136329,1
249.179698,0.200000,0.000000,1.072975,0.120070,1
249.279698,0.200000,0.000000,1.113235,0.085937,1
249.379698,0.200000,0.000000,1.146366,0.058495,1
249.479698,0.200000,0.000000,1.198470,0.064333,1
249.579698,0.200000,0.000000,1.255334,0.070068,1
249.679698,0.200000,0.000000,1.267697,0.066130,1
249.779698,0.202498,0.000000,1.268861,0.062625,1
249.879698,0.200003,0.000000,1.286539,0.057060,1
249.979698,0.202496,0.000000,1.308364,0.029914,1
250.079698,0.200002,0.000000,1.311852,0.029431,1
250.179698,0.202497,0.000000,1.310720,0.035843,1
250.279698,0.202500,0.000000,1.307031,0.028535,1
250.379698,0.202500,0.000000,1.301640,0.025216,1
250.479698,0.202500,0.000000,1.289940,0.032003,1
250.579698,0.200003,0.000000,1.276657,0.031449,1
250.679698,0.202498,0.000000,1.295687,0.057048,1
250.779698,0.202500,0.000000,1.322823,0.065217,1
250.879698,0.202500,0.000000,1.322553,0.032859,1
250.979698,0.202500,0.000000,1.315425,0.021716,1
251.079698,0.202500,0.000000,1.296156,0.013599,1
251.179698,0.200002,0.000000,1.268795,0.020714,1
251.279698,0.202498,0.000000,1.265143,0.072898,1
251.379698,0.200002,0.000000,1.267457,0.076305,1
251.479698,0.200000,0.000000,1.271390,0.061256,1
251.579698,0.202498,0.000000,1.275729,0.044766,1
251.679698,0.200002,0.000000,1.315774,0.006937,1
251.779698,0.200000,0.000000,1.364806,-0.041438,1
251.879698,0.202497,0.000000,1.331633,-0.046694,1
251.979698,0.200004,0.000000,1.277869,-0.016014,1
252.079698,0.202497,0.000000,1.291199,0.004083,1
252.179698,0.200003,0.000000,1.321415,0.025019,1
252.279698,0.200000,0.000000,1.316054,0.029615,1
252.379698,0.202498,0.000000,1.301782,0.023042,1
252.479698,0.202500,0.000000,1.304022,0.026829,1
252.579698,0.202500,0.000000,1.310395,0.038489,1
252.679698,0.202500,0.000000,1.294187,0.017108,1
252.779698,0.202500,0.000000,1.272316,0.003933,1
252.879698,0.202500,0.000000,1.302579,0.001550,1
252.979698,0.202500,0.000000,1.345951,0.002856,1
253.079698,0.202500,0.000000,1.345875,0.013113,1
253.179698,0.202500,0.000000,1.316810,0.010311,1
253.279698,0.202500,0.000000,1.305599,0.026470,1
253.379698,0.202500,0.000000,1.298888,0.024530,1
253.479698,0.202500,0.000000,1.321417,-0.005451,1
253.579698,0.202500,0.000000,1.363424,-0.009627,1
253.679698,0.202500,0.000000,1.352782,0.008397,1
253.779698,0.202500,0.000000,1.328935,0.004206,1
253.879698,0.202500,0.000000,1.331744,-0.004407,1
253.979698,0.202500,0.000000,1.341235,0.035931,1
254.079698,0.202500,0.000000,1.324875,0.053680,1
254.179698,0.202500,0.000000,1.302026,0.047713,1
254.279698,0.202500,0.000000,1.301201,0.039578,1
254.379698,0.202500,0.000000,1.305910,0.013350,1
254.479698,0.202500,0.000000,1.311248,0.002179,1
254.579698,0.190012,0.000000,1.316744,-0.008032,1
254.679698,0.147539,0.000000,1.298085,-0.008097,1
254.779698,0.127518,0.000000,1.273361,-0.000104,1
254.879698,0.087544,0.000000,1.226123,-0.014449,1
254.979698,0.000152,0.000000,1.173253,-0.023863,1
255.079698,0.000000,0.000000,1.109742,-0.025660,1
255.179698,0.000000,0.000000,1.043556,-0.033060,1
255.279698,0.000000,0.000000,0.989053,-0.047799,1
255.379698,0.000000,0.000000,0.937488,-0.071028,1
255.479698,0.000000,0.000000,0.931829,-0.057846,1
255.579698,0.000000,0.000000,0.937695,-0.055635,1
255.679698,0.000000,0.000000,0.921204,-0.101268,1
255.779698,0.000000,0.000000,0.899116,-0.136849,1
255.879698,0.000000,0.000000,0.890600,-0.094085,1
255.979698,0.000000,0.000000,0.891107,-0.010840,1
256.079698,0.000000,0.000000,0.856257,0.014191,1
256.179698,0.000000,0.000000,0.797819,-0.021153,1
256.279698,0.000000,0.000000,0.786808,-0.053568,1
256.379698,0.000000,0.000000,0.807366,-0.052674,1
256.479698,0.000000,0.000000,0.771063,-0.042495,1
256.579698,0.099861,0.000000,0.720404,-0.032526,1
256.679698,0.104990,0.000000,0.711045,-0.010050,1
256.779698,0.107496,0.000000,0.712049,0.002092,1
256.879698,0.117487,0.000000,0.686959,0.000152,1
256.979698,0.142458,0.000000,0.644469,-0.006230,1
257.079698,0.162467,0.000000,0.633077,-0.023690,1
257.179698,0.162500,0.000000,0.642472,-0.041527,1
257.279698,0.192465,0.000000,0.662696,-0.034904,1
257.379698,0.202489,0.000000,0.690169,-0.000076,1
257.479698,0.204998,0.000000,0.765673,0.031333,1
257.579698,0.237461,0.000000,0.853288,0.044967,1
257.679698,0.242495,-0.082412,0.921643,0.063437,1
257.779698,0.242500,-0.184872,0.985165,0.084864,1
257.879698,0.242500,-0.559763,1.099431,0.043334,1
257.979698,0.242500,-0.956762,1.226455,-0.083480,1
258.079698,0.242500,-0.999932,1.279414,-0.253040,1
258.179698,0.242500,-1.000000,1.313795,-0.360379,1
258.279698,0.242500,-1.000000,1.325111,-0.400837,1
258.379698,0.242500,-1.000000,1.330654,-0.406065,1
258.479698,0.242500,-1.000000,1.328089,-0.419550,1
258.579698,0.240004,-1.000000,1.323489,-0.436487,1
258.679698,0.240000,-1.000000,1.353494,-0.461338,1
258.779698,0.240000,-1.000000,1.392159,-0.478580,1
258.879698,0.240000,-1.000000,1.364729,-0.501085,1
258.979698,0.242496,-1.000000,1.320753,-0.509892,1
259.079698,0.242500,-1.000000,1.331829,-0.513411,1
259.179698,0.242500,-1.000000,1.356810,-0.515958,1
259.279698,0.242500,-1.000000,1.366391,-0.516205,1
259.379698,0.242500,-1.000000,1.372104,-0.516037,1
259.479698,0.242500,-1.000000,1.386708,-0.503725,1
259.579698,0.242500,-1.000000,1.403550,-0.491329,1
259.679698,0.242500,-1.000000,1.396607,-0.488117,1
259.779698,0.247492,-1.000000,1.383705,-0.489831,1
259.879698,0.249997,-1.000000,1.374736,-0.492862,1
259.979698,0.257486,-1.000000,1.366751,-0.498183,1
260.079698,0.269980,-1.000000,1.399165,-0.499397,1
260.179698,0.277486,-1.000000,1.441739,-0.507707,1
260.279698,0.294990,-1.000000,1.446706,-0.515164,1
260.379698,0.302492,-1.000000,1.442268,-0.547076,1
260.479698,0.302500,-1.000000,1.460604,-0.592117,1
260.579698,0.302500,-1.000000,1.494098,-0.625169,1
260.679698,0.302500,-1.000000,1.524732,-0.645995,1
260.779698,0.302500,-1.000000,1.554647,-0.660900,1
260.879698,0.302500,-1.000000,1.569393,-0.661111,1
260.979698,0.302500,-1.000000,1.580332,-0.651946,1
261.079698,0.302500,-1.000000,1.547413,-0.656565,1
261.179698,0.302500,-1.000000,1.503429,-0.655828,1
261.279698,0.302500,-1.000000,1.504998,-0.638639,1
261.379698,0.302500,-1.000000,1.517974,-0.630819,1
261.479698,0.302500,-0.882670,1.526135,-0.637722,1
261.579698,0.302500,-0.001253,1.533090,-0.613809,1
261.679698,0.302500,0.184752,1.494446,-0.449835,1
261.779698,0.302500,0.444870,1.444374,-0.126634,1
261.879698,0.302500,0.629867,1.420128,0.189959,1
261.979698,0.302500,0.652470,1.402340,0.395564,1
262.079698,0.302500,0.694966,1.369392,0.468998,1
262.179698,0.302500,0.612572,1.332632,0.492261,1
262.279698,0.302500,0.000539,1.320148,0.507698,1
262.379698,0.302500,0.000000,1.313769,0.411082,1
262.479698,0.304996,0.000000,1.306166,0.220337,1
262.579698,0.312494,0.000000,1.298255,0.112488,1
262.679698,0.312500,0.000000,1.281467,0.086448,1
262.779698,0.339960,0.000000,1.262460,0.114803,1
262.879698,0.364964,0.000000,1.373289,0.123733,1
262.979698,0.369991,0.000000,1.516664,0.111855,1
263.079698,0.372494,0.000000,1.626215,0.085359,1
263.179698,0.372500,-0.359481,1.713086,0.034597,1
263.279698,0.374999,-0.372493,1.783867,-0.090253,1
263.379698,0.387479,-0.372500,1.850613,-0.264286,1
263.479698,0.389997,-0.657124,1.914408,-0.376486,1
263.579698,0.390000,-0.627531,1.977463,-0.543012,1
263.679698,0.390000,-0.490077,1.981361,-0.678514,1
263.779698,0.382506,-0.000416,1.970415,-0.639022,1
263.879698,0.380002,0.124886,1.952371,-0.403296,1
263.979698,0.380000,0.107524,1.932548,-0.037880,1
264.079698,0.380000,0.272369,1.893008,0.208785,1
264.179698,0.380000,0.417388,1.840301,0.333597,1
264.279698,0.380000,0.417500,1.837263,0.463570,1
264.379698,0.380000,0.147937,1.846681,0.519163,1
264.479698,0.380000,0.000202,1.851869,0.413309,1
264.579698,0.380000,0.000000,1.855996,0.202923,1
264.679698,0.380000,0.262164,1.895151,0.086238,1
264.779698,0.380000,0.047775,1.943086,0.148326,1
264.879698,0.380000,0.000024,1.946541,0.204416,1
264.979698,0.380000,0.000000,1.938820,0.123921,1
265.079698,0.380000,0.000000,1.960253,0.057893,1
265.179698,0.380000,0.000000,1.989003,0.039015,1
265.279698,0.380000,0.000000,2.016351,0.042189,1
265.379698,0.380000,-0.009985,2.042766,0.018441,1
265.479698,0.380000,-0.052459,2.053714,0.019316,1
265.579698,0.380000,-0.169924,2.060761,-0.014693,1
265.679698,0.380000,-0.000083,2.080358,-0.106200,1
265.779698,0.380000,0.000000,2.103108,-0.138280,1
265.879698,0.380000,0.000000,2.098857,-0.038328,1
265.979698,0.380000,0.000000,2.087837,0.064827,1
266.079698,0.380000,0.000000,2.093714,0.086754,1
266.179698,0.380000,0.000000,2.103838,0.090131,1
266.279698,0.380000,0.074882,2.114129,0.082362,1
266.379698,0.382497,0.139914,2.124532,0.081711,1
266.479698,0.382500,0.144997,2.112837,0.171888,1
266.579698,0.382500,0.080064,2.095608,0.262999,1
266.679698,0.382500,0.080000,2.117684,0.231012,1
266.779698,0.382500,0.000054,2.149594,0.166089,1
266.879698,0.382500,0.000000,2.169363,0.109887,1
266.979698,0.387493,0.000000,2.186071,0.070797,1
267.079698,0.387500,0.000000,2.191916,0.061718,1
267.179698,0.387500,-0.307337,2.190521,0.056737,1
267.279698,0.387500,-0.344968,2.221349,-0.033546,1
267.379698,0.387500,-0.342503,2.260274,-0.261109,1
267.479698,0.387500,-0.255117,2.363020,-0.411456,1
267.579698,0.387500,-0.100215,2.481750,-0.483962,1
267.679698,0.387500,-0.062534,2.483565,-0.369735,1
267.779698,0.387500,-0.062500,2.456129,-0.175466,1
267.879698,0.387500,-0.000071,2.485996,-0.063229,1
267.979698,0.382510,0.000000,2.530243,0.027572,1
268.079698,0.382500,0.000000,2.523003,0.032575,1
268.179698,0.382500,0.000000,2.502822,0.059159,1
268.279698,0.382500,0.000000,2.541097,0.078383,1
268.379698,0.382500,0.000000,2.594015,0.094246,1
268.479698,0.382500,0.000000,2.638344,0.070624,1
268.579698,0.382500,0.000000,2.676952,0.042671,1
268.679698,0.370003,0.000000,2.749250,0.065371,1
268.779698,0.350013,0.000000,2.830004,0.081567,1
268.879698,0.307553,0.000000,2.877336,0.097328,1
268.979698,0.267570,0.000000,2.916301,0.069577,1
269.079698,0.247531,0.000000,2.924838,0.069241,1
269.179698,0.205069,0.000000,2.913098,0.050810,1
269.279698,0.165056,0.000000,2.845848,0.029415,1
269.379698,0.145031,0.000000,2.764696,-0.023437,1
269.479698,0.105042,0.000000,2.583492,-0.038949,1
269.579698,0.000063,0.000000,2.377193,-0.032596,1
269.679698,0.000000,0.000000,2.193553,-0.033197,1
269.779698,0.000000,0.000000,2.015584,0.006773,1
269.879698,0.000000,0.000000,1.835514,0.034098,1
269.979698,0.000000,0.000000,1.654917,0.048360,1
270.079698,0.000000,0.000000,1.486145,0.033943,1
270.179698,0.000000,0.000000,1.320359,0.017546,1
270.279698,0.000000,0.000000,1.197680,0.015058,1
270.379698,0.000000,0.067456,1.085825,0.026709,1
270.479698,0.000000,0.067500,1.000429,0.043031,1
270.579698,0.000000,0.000094,0.932652,0.053991,1
270.679698,0.000000,0.000000,0.850920,0.038891,1
270.779698,0.000000,0.000000,0.765686,0.018253,1
270.879698,0.000000,0.000000,0.785811,-0.000424,1
270.979698,0.000000,0.000000,0.832337,0.013168,1
271.079698,0.000000,0.000000,0.841505,0.028004,1
271.179698,0.000000,0.000000,0.841259,0.026806,1
271.279698,0.000000,0.000000,0.849000,0.020153,1
271.379698,0.000000,0.000000,0.858742,0.021028,1
271.479698,0.000000,0.000000,0.845882,0.007878,1
271.579698,0.000000,0.000000,0.827345,0.009462,1
271.679698,0.000000,0.000000,0.825926,0.016414,1
271.779698,0.000000,0.000000,0.828806,0.016823,1
271.879698,0.000000,0.000000,0.817318,0.013446,1
271.979698,0.000000,0.000000,0.802213,0.016272,1
272.079698,0.000000,0.000000,0.762156,0.016798,1
272.179698,0.000000,0.000000,0.715814,0.018239,1
272.279698,0.000000,0.000000,0.687275,0.011180,1
272.379698,0.000000,0.000000,0.663202,-0.002610,1
272.479698,0.000000,0.000000,0.638360,-0.007672,1
272.579698,0.000000,0.000000,0.613325,-0.003686,1
272.679698,0.000000,0.000000,0.580081,-0.003027,1
272.779698,0.000000,0.000000,0.544775,0.001900,1
272.879698,0.000000,0.000000,0.536349,0.005603,1
272.979698,0.000000,0.000000,0.534650,0.007552,1
273.079698,0.000000,0.000000,0.538887,0.010708,1
273.179698,0.000000,0.000000,0.544619,0.006639,1
273.279698,0.000000,0.000000,0.549939,-0.001110,1
273.379698,0.000000,0.000000,0.555155,-0.004308,1
273.479698,0.000000,0.000000,0.564968,-0.005918,1
273.579698,0.000000,0.000000,0.575937,-0.011217,1
273.679698,0.000000,0.000000,0.553797,-0.008399,1
273.779698,0.000000,0.000000,0.523360,0.000352,1
273.879698,0.000000,0.000000,0.521024,-0.002794,1
273.979698,0.000000,0.000000,0.525729,-0.007316,1
274.079698,0.000000,0.000000,0.486590,-0.001952,1
274.179698,0.000000,0.000000,0.436438,0.004453,1
274.279698,0.000000,0.000000,0.440510,0.001940,1
274.379698,0.000000,0.000000,0.458159,-0.005927,1
274.479698,0.000000,0.000000,0.462840,-0.016851,1
274.579698,0.000000,0.000000,0.464274,-0.022100,1
274.679698,0.000000,0.000000,0.455221,-0.018202,1
274.779698,0.000000,0.000000,0.443532,-0.019728,1
274.879698,0.000000,0.000000,0.436102,-0.029058,1
274.979698,0.000000,0.000000,0.429742,-0.028243,1
275.079698,0.000000,0.000000,0.416703,-0.017474,1
275.179698,0.000000,0.000000,0.399217,-0.013250,1
275.279698,0.000000,0.000000,0.388024,-0.021109,1
275.379698,0.000000,0.000000,0.381022,-0.030344,1
275.479698,0.000000,0.000000,0.420388,-0.037061,1
275.579698,0.000000,0.000000,0.471395,-0.034131,1
275.679698,0.000000,0.000000,0.442946,-0.023351,1
275.779698,0.000000,0.000000,0.394588,-0.020603,1
275.879698,0.000000,0.000000,0.380537,-0.022792,1
275.979698,0.000000,0.000000,0.389287,-0.019843,1
276.079698,0.000000,0.000000,0.384023,-0.020687,1
276.179698,0.000000,0.000000,0.375241,-0.026413,1
276.279698,0.000000,0.000000,0.379272,-0.024338,1
276.379698,0.000000,0.000000,0.391828,-0.023101,1
276.479698,0.000000,0.000000,0.371046,-0.030762,1
276.579698,0.000000,0.000000,0.328042,-0.035217,1
276.679698,0.000000,0.000000,0.321473,-0.034242,1
276.779698,0.000000,0.000000,0.339182,-0.033906,1
276.879698,0.000000,0.000000,0.338864,-0.028324,1
276.979698,0.000000,0.000000,0.326555,-0.020668,1
277.079698,0.000000,0.000000,0.349893,-0.027468,1
277.179698,0.000000,0.000000,0.397069,-0.041940,1
277.279698,0.000000,0.000000,0.391240,-0.043877,1
277.379698,0.000000,0.000000,0.350015,-0.041178,1
277.479698,0.000000,0.000000,0.328506,-0.040113,1
277.579698,0.000000,0.000000,0.320122,-0.035283,1
277.679698,0.000000,0.000000,0.318337,-0.032265,1
277.779698,0.000000,0.000000,0.320955,-0.030895,1
277.879698,0.000000,0.000000,0.313032,-0.033586,1
277.979698,0.000000,0.000000,0.298087,-0.041056,1
278.079698,0.000000,0.000000,0.301937,-0.042173,1
278.179698,0.000000,0.000000,0.310519,-0.032863,1
278.279698,0.000000,0.000000,0.294143,-0.026351,1
278.379698,0.000000,0.000000,0.271520,-0.030389,1
278.479698,0.000000,0.000000,0.270976,-0.033209,1
278.579698,0.000000,0.000000,0.285106,-0.032107,1
278.679698,0.000000,0.000000,0.286830,-0.038684,1
278.779698,0.000000,0.000000,0.280263,-0.043027,1
278.879698,0.000000,0.000000,0.280226,-0.036053,1
278.979698,0.000000,0.000000,0.284546,-0.027222,1
279.079698,0.000000,0.000000,0.283307,-0.022886,1
279.179698,0.000000,0.000000,0.278361,-0.019204,1
279.279698,0.000000,0.000000,0.275437,-0.019638,1
279.379698,0.000000,0.000000,0.273860,-0.029068,1
279.479698,0.000000,0.000000,0.264381,-0.026865,1
279.579698,0.000000,0.000000,0.252905,-0.007741,1
279.679698,0.000000,0.000000,0.248736,0.001853,1
279.779698,0.000000,0.000000,0.246404,-0.010980,1
279.879698,0.000000,0.000000,0.238978,-0.028078,1
279.979698,0.000000,0.000000,0.230278,-0.035243,1
280.079698,0.000000,0.000000,0.240630,-0.033759,1
280.179698,0.000000,0.000000,0.255772,-0.023262,1
280.279698,0.000000,0.000000,0.254164,-0.011294,1
280.379698,0.000000,0.000000,0.248360,-0.009140,1
280.479698,0.000000,0.000000,0.259249,-0.015209,1
280.579698,0.000000,0.000000,0.274333,-0.020254,1
280.679698,0.000000,0.000000,0.271400,-0.024614,1
280.779698,0.000000,0.000000,0.256475,-0.021059,1
280.879698,0.000000,0.000000,0.235851,-0.004541,1
280.979698,0.000000,0.000000,0.213792,0.009466,1
281.079698,0.000000,0.000000,0.199675,0.007392,1
281.179698,0.000000,0.000000,0.187560,-0.001477,1
281.279698,0.000000,0.000000,0.207714,-0.009542,1
281.379698,0.000000,0.000000,0.235967,-0.015895,1
281.479698,0.000000,0.000000,0.213064,-0.016883,1
281.579698,0.000000,0.000000,0.177344,-0.011888,1
281.679698,0.000000,0.000000,0.203405,-0.012782,1
281.779698,0.000000,0.000000,0.244974,-0.018956,1
281.879698,0.000000,0.000000,0.227175,-0.018025,1
281.979698,0.000000,0.000000,0.194511,-0.007545,1
282.079698,0.000000,0.000000,0.175130,0.002377,1
282.179698,0.000000,0.000000,0.159089,0.007113,1
282.279698,0.000000,0.000000,0.191466,0.009665,1
282.379698,0.000000,0.000000,0.235957,0.008933,1
282.479698,0.000000,0.000000,0.217130,0.003926,1
282.579698,0.000000,0.000000,0.182374,0.000446,1
282.679698,0.000000,0.000000,0.164494,0.002117,1
282.779698,0.000000,0.000000,0.150862,-0.000679,1
282.879698,0.000000,0.000000,0.170713,-0.010898,1
282.979698,0.000000,0.000000,0.198986,-0.018442,1
283.079698,0.000000,0.000000,0.201807,-0.015288,1
283.179698,0.000000,0.000000,0.187656,-0.005041,1
283.279698,0.000000,0.000000,0.209062,0.001938,1
283.379698,0.000000,0.000000,0.239395,0.007107,1
283.479698,0.000000,0.000000,0.221817,0.012112,1
283.579698,0.000000,0.000000,0.192232,0.011961,1
283.679698,0.000000,0.000000,0.163422,0.009493,1
283.779698,0.000000,0.000000,0.134806,0.010836,1
283.879698,0.000000,0.000000,0.166520,0.012248,1
283.979698,0.000000,0.000000,0.213346,0.006137,1
284.079698,0.000000,0.000000,0.197127,-0.004542,1
284.179698,0.000000,0.000000,0.165030,-0.010649,1
284.279698,0.000000,0.000000,0.174776,-0.009448,1
284.379698,0.000000,0.000000,0.212384,-0.009821,1
284.479698,0.000000,0.000000,0.202513,-0.012683,1
284.579698,0.000000,0.000000,0.180761,-0.007735,1
284.679698,0.000000,0.000000,0.143711,0.006673,1
284.779698,0.000000,0.000000,0.102825,0.017649,1
284.879698,0.000000,0.000000,0.102476,0.018934,1
284.979698,0.000000,0.000000,0.112271,0.016657,1
285.079698,0.000000,0.000000,0.124412,0.033742,1
285.179698,0.000000,0.000000,0.137142,0.046467,1
285.279698,0.000000,0.000000,0.123909,0.052143,1
285.379698,0.000000,0.000000,0.093415,0.081234,1
285.479698,0.000000,0.000000,0.091256,0.123838,1
285.579698,0.000000,0.000000,0.096206,0.152291,1
285.679698,0.000000,0.000000,0.108474,0.176899,1
285.779698,0.000000,0.000000,0.122583,0.192568,1
285.879698,0.000000,0.000000,0.165569,0.187635,1
285.979698,0.000000,0.000000,0.215818,0.180799,1
286.079698,0.000000,0.000000,0.182648,0.178547,1
286.179698,0.000000,0.000000,0.128574,0.188860,1
286.279698,0.000000,0.000000,0.173877,0.185918,1
286.379698,0.000000,0.000000,0.285267,0.165899,1
286.479698,0.000000,0.000000,0.253697,0.150333,1
286.579698,0.000000,0.000000,0.186305,0.146272,1
286.679698,0.000000,0.000000,0.156542,0.141377,1
286.779698,0.000000,0.000000,0.136176,0.065414,1
286.879698,0.000000,0.000000,0.103267,0.001131,1
286.979698,0.000000,0.000000,0.067218,-0.111041,1
287.079698,0.000000,0.000000,0.066700,-0.216371,1
287.179698,0.000000,0.000000,0.089861,-0.297822,1
287.279698,0.000000,0.000000,0.126037,-0.346807,1
287.379698,0.000000,0.000000,0.170891,-0.397944,1
287.479698,0.000000,0.000000,0.213970,-0.454921,1
287.579698,0.000000,0.000000,0.256603,-0.459652,1
287.679698,0.000000,0.000000,0.259108,-0.460670,1
287.779698,0.000000,0.000000,0.251571,-0.430680,1
287.879698,0.000000,0.000000,0.286413,-0.359767,1
287.979698,0.000000,0.000000,0.331884,-0.289850,1
288.079698,0.000000,0.000000,0.289381,-0.247963,1
288.179698,0.000000,0.000000,0.224813,-0.230333,1
288.279698,0.000000,0.000000,0.186359,-0.219043,1
288.379698,0.000000,0.000000,0.154460,-0.198318,1
288.479698,0.000000,0.000000,0.172719,-0.183357,1
288.579698,0.000000,0.000000,0.203563,-0.188680,1
288.679698,0.000000,0.000000,0.204300,-0.194431,1
288.779698,0.000000,0.000000,0.197489,-0.179527,1
288.879698,0.000000,0.000000,0.208178,-0.156469,1
288.979698,0.000000,0.000000,0.223260,-0.142791,1
289.079698,0.000000,0.000000,0.213731,-0.134402,1
289.179698,0.000000,0.000000,0.198006,-0.121515,1
289.279698,0.000000,0.000000,0.180644,-0.102830,1
289.379698,0.000000,0.000000,0.162874,-0.142269,1
289.479698,0.000000,0.000000,0.173626,-0.268046,1
289.579698,0.000000,0.000000,0.191547,-0.352596,1
289.679698,0.000000,0.000000,0.168802,-0.377992,1
289.779698,0.000000,0.000000,0.135884,-0.392319,1
289.879698,0.000000,0.000000,0.147568,-0.407525,1
289.979698,0.000000,0.000000,0.170415,-0.394484,1
290.079698,0.000000,0.000000,0.186249,-0.357943,1
290.179698,0.000000,0.000000,0.200322,-0.305056,1
290.279698,0.000000,0.000000,0.179853,-0.276500,1
290.379698,0.000000,0.000000,0.150706,-0.286368,1
290.479698,0.000000,0.000000,0.128083,-0.286040,1
290.579698,0.000000,0.000000,0.107100,-0.236452,1
290.679698,0.000000,0.000000,0.096800,-0.207773,1
290.779698,0.000000,0.000000,0.089188,-0.170909,1
290.879698,0.000000,0.000000,0.074110,-0.116386,1
290.979698,0.000000,0.000000,0.057166,-0.018149,1
291.079698,0.000000,0.000000,0.058016,0.042193,1
291.179698,0.000000,0.000000,0.063345,0.045833,1
291.279698,0.000000,0.000000,0.081443,0.031901,1
291.379698,0.000000,0.000000,0.102740,0.028805,1
291.479698,0.000000,0.000000,0.115878,-0.078251,1
291.579698,0.000000,0.000000,0.126973,-0.225780,1
291.679698,0.000000,0.000000,0.105614,-0.293767,1
291.779698,0.000000,0.000000,0.076152,-0.301265,1
291.879698,0.000000,0.000000,0.113593,-0.303720,1
291.979698,0.000000,0.000000,0.167844,-0.343355,1
292.079698,0.000000,0.000000,0.184840,-0.384483,1
292.179698,0.000000,0.000000,0.176985,-0.405267,1
292.279698,0.000000,0.000000,0.159568,-0.439255,1
292.379698,0.000000,0.000000,0.139758,-0.468336,1
292.479698,0.000000,0.000000,0.183908,-0.452671,1
292.579698,0.000000,0.000000,0.244060,-0.348402,1
292.679698,0.000000,0.000000,0.218202,-0.225358,1
292.779698,0.000000,0.000000,0.170830,-0.134562,1
292.879698,0.000000,0.000000,0.154981,-0.076567,1
292.979698,0.000000,0.000000,0.160073,-0.082309,1
293.079698,0.000000,0.000000,0.150279,-0.145591,1
293.179698,0.000000,0.000000,0.130528,-0.209099,1
293.279698,0.000000,0.000000,0.150164,-0.165579,1
293.379698,0.000000,0.000000,0.179670,-0.140632,1
293.479698,0.000000,0.000000,0.206518,-0.137267,1
293.579698,0.000000,0.000000,0.232697,-0.016986,1
293.679698,0.000000,0.000000,0.287960,0.047498,1
293.779698,0.000000,0.000000,0.350526,0.101192,1
293.879698,0.000000,0.000000,0.294547,0.106753,1
293.979698,0.000000,0.000000,0.208946,-0.051324,1
294.079698,0.000000,0.000000,0.241034,-0.103804,1
294.179698,0.000000,0.000000,0.302662,0.035562,1
294.279698,0.000000,0.000000,0.308275,0.186413,1
294.379698,0.000000,0.000000,0.276578,0.435358,1
294.479698,0.000000,0.000000,0.357366,0.763856,1
294.579698,0.000000,0.000000,0.513202,0.807629,1
294.679698,0.000000,0.000000,0.477703,0.750518,1
294.779698,0.000000,0.000000,0.394253,0.664481,1
294.879698,0.000000,0.000000,0.543056,0.563400,1
294.979698,0.000000,0.000000,0.750151,0.446434,1
295.079698,0.000000,0.000000,0.838959,0.478182,1
295.179698,0.000000,0.000000,0.897973,0.459653,1
295.279698,0.000000,0.000000,0.845090,0.292535,1
295.379698,0.000000,0.000000,0.717796,0.245034,1
295.479698,0.000000,0.000000,0.798427,0.355641,1
295.579698,0.000000,0.000000,0.931104,0.386714,1
295.679698,0.000000,0.000000,1.147873,0.312317,1
295.779698,0.000000,0.000000,1.385713,-0.038474,1
295.879698,0.000000,0.000000,1.300030,-0.145998,1
295.979698,0.000000,0.000000,1.133349,0.079557,1
296.079698,0.000000,0.000000,1.221440,0.169889,1
296.179698,0.000000,0.000000,1.373575,-0.006159,1
296.279698,0.000000,0.000000,1.338611,-0.203618,1
296.379698,0.000000,0.000000,1.256733,-0.381290,1
296.479698,0.000000,0.000000,1.120843,-0.521915,1
296.579698,0.000000,0.000000,0.971381,-0.591177,1
296.679698,0.000000,0.000000,0.824628,-0.577905,1
296.779698,0.000000,0.000000,0.678554,-0.648589,1
296.879698,0.000000,0.000000,0.617169,-0.714713,1
296.979698,0.000000,0.000000,0.577113,-0.960811,1
297.079698,0.000000,0.000000,0.644578,-1.070304,1
297.179698,0.000000,0.000000,0.738981,-1.110845,1
297.279698,0.000000,0.000000,0.631311,-0.996856,1
297.379698,0.000000,0.000000,0.473084,-0.842556,1
297.479698,0.000000,0.000000,0.539903,-0.776836,1
297.579698,0.000000,0.000000,0.663050,-0.497136,1
297.679698,0.000000,0.000000,0.624704,-0.255221,1
297.779698,0.000000,0.000000,0.545956,-0.196144,1
297.879698,0.000000,0.000000,0.601714,-0.133231,1
297.979698,0.000000,0.000000,0.691143,-0.056630,1
298.079698,0.000000,0.000000,0.718108,-0.100349,1
298.179698,0.000000,0.000000,0.729360,-0.359222,1
298.279698,0.000000,0.000000,0.611981,-0.387179,1
298.379698,0.000000,0.000000,0.462304,-0.724693,1
298.479698,0.000000,0.000000,0.421489,-0.786352,1
298.579698,0.000000,0.000000,0.408054,-0.466906,1
298.679698,0.000000,0.000000,0.325843,-0.363648,1
298.779698,0.000000,0.000000,0.226420,-0.427286,1
298.879698,0.000000,0.000000,0.158175,-0.290587,1
298.979698,0.000000,0.000000,0.097730,-0.067881,1
299.079698,0.000000,0.000000,0.061035,0.000102,1
299.179698,0.000000,0.000000,0.040189,0.004399,1
299.279698,0.000000,0.000000,0.044657,0.001187,1
299.379698,0.000000,0.000000,0.055464,0.000979,1
299.479698,0.000000,0.000000,0.055943,0.000836,1
299.579698,0.000000,0.000000,0.053836,0.000771,1
299.679698,0.000000,0.000000,0.057648,0.000682,1
299.779698,0.000000,0.000000,0.062945,0.001049,1
299.879698,0.000000,0.000000,0.039234,0.001056,1
299.979698,0.000000,0.000000,0.008244,0.001238,1
300.079698,0.000000,0.000000,0.015744,0.000980,1
300.179698,0.000000,0.000000,0.032955,0.000651,1
300.279698,0.000000,0.000000,0.029701,0.001929,1
300.379698,0.000000,0.000000,0.021325,0.001001,1
300.479698,0.000000,0.000000,0.017694,0.001028,1
300.579698,0.000000,0.000000,0.015253,0.000110,1
300.679698,0.000000,0.000000,0.014196,0.001545,1
300.779698,0.000000,0.000000,0.013484,0.000737,1
300.879698,0.000000,0.000000,0.026350,0.001820,1
300.979698,0.000000,0.000000,0.042613,0.000165,1
301.079698,0.000000,0.000000,0.029333,0.001268,1
301.179698,0.000000,0.000000,0.008626,0.000910,1
301.279698,0.000000,0.000000,0.020915,0.000634,1
301.379698,0.000000,0.000000,0.041484,0.001142,1
301.479698,0.000000,0.000000,0.035924,0.001034,1
301.579698,0.000000,0.000000,0.023814,0.001172,1
301.679698,0.000000,0.000000,0.022425,0.000682,1
301.779698,0.000000,0.000000,0.023737,0.001620,1
301.879698,0.000000,0.000000,0.026563,0.001084,1
301.979698,0.000000,0.000000,0.029769,0.000709,1
302.079698,0.000000,0.000000,0.020299,0.000769,1
302.179698,0.000000,0.000000,0.007636,0.001458,1
302.279698,0.000000,0.000000,0.017989,0.001383,1
302.379698,0.000000,0.000000,0.034108,0.000553,1
302.479698,0.000000,0.000000,0.036454,0.001042,1
302.579698,0.000000,0.000000,0.035350,0.001478,1
302.679698,0.000000,0.000000,0.025504,0.000836,1
302.779698,0.000000,0.000000,0.013460,0.000682,1
302.879698,0.000000,0.000000,0.013835,0.000955,1
302.979698,0.000000,0.000000,0.017325,0.001203,1
303.079698,0.000000,0.000000,0.020422,0.000602,1
303.179698,0.000000,0.000000,0.023421,0.000934,1
303.279698,0.000000,0.000000,0.025278,0.001344,1
303.379698,0.000000,0.000000,0.026851,-0.000004,1
303.479698,0.000000,0.000000,0.031355,0.000253,1
303.579698,0.000000,0.000000,0.036594,0.001047,1
303.679698,0.000000,0.000000,0.027788,0.001247,1
303.779698,0.000000,0.000000,0.015465,0.001367,1
303.879698,0.000000,0.000000,0.016208,0.000839,1
303.979698,0.000000,0.000000,0.020219,0.002015,1
304.079698,0.000000,0.000000,0.016736,0.001109,1
304.179698,0.000000,0.000000,0.011372,0.000957,1
304.279698,0.000000,0.000000,0.018577,-0.000122,1
304.379698,0.000000,0.000000,0.028938,0.001595,1
304.479698,0.000000,0.000000,0.031534,-0.000278,1
304.579698,0.000000,0.000000,0.032181,0.001889,1
304.679698,0.000000,0.000000,0.034071,0.001689,1
304.779698,0.000000,0.000000,0.036274,0.001152,1
304.879698,0.000000,0.000000,0.033396,0.000432,1
304.979698,0.000000,0.000000,0.029245,0.000745,1
305.079698,0.000000,0.000000,0.028081,0.000888,1
305.179698,0.000000,0.000000,0.028904,0.001319,1
305.279698,0.000000,0.000000,0.030420,0.000409,1
305.379698,0.000000,0.000000,0.032111,0.000828,1
305.479698,0.000000,0.000000,0.033331,0.001690,1
305.579698,0.000000,0.000000,0.034434,0.000760,1
305.679698,0.000000,0.000000,0.027262,0.001054,1
305.779698,0.000000,0.000000,0.018014,0.001862,1
305.879698,0.000000,0.000000,0.017691,0.001168,1
305.979698,0.000000,0.000000,0.019614,0.000022,1
306.079698,0.000000,0.000000,0.024101,0.000901,1
306.179698,0.000000,0.000000,0.029234,0.001741,1
306.279698,0.000000,0.000000,0.036296,0.000369,1
306.379698,0.000000,0.000000,0.043844,-0.000013,1
306.479698,0.000000,0.000000,0.029745,0.001590,1
306.579698,0.000000,0.000000,0.010231,0.000669,1
306.679698,0.000000,0.000000,0.008476,0.000816,1
306.779698,0.000000,0.000000,0.011166,0.002028,1
306.879698,0.000000,0.000000,0.011584,0.001557,1
306.979698,0.000000,0.000000,0.011432,0.000994,1
307.079698,0.000000,0.000000,0.012222,0.001314,1
307.179698,0.000000,0.000000,0.013248,0.001072,1
307.279698,0.000000,0.000000,0.026201,0.000754,1
307.379698,0.000000,0.000000,0.042140,0.000768,1
307.479698,0.000000,0.000000,0.034428,0.001847,1
307.579698,0.000000,0.000000,0.020767,0.001389,1
307.679698,0.000000,0.000000,0.023617,-0.000494,1
307.779698,0.000000,0.000000,0.030608,0.000843,1
307.879698,0.000000,0.000000,0.023620,0.000808,1
307.979698,0.000000,0.000000,0.013108,0.001342,1
308.079698,0.000000,0.000000,0.009034,0.000978,1
308.179698,0.000000,0.000000,0.006575,0.000974,1
308.279698,0.000000,0.000000,0.014564,0.001223,1
308.379698,0.000000,0.000000,0.025167,0.000520,1
308.479698,0.000000,0.000000,0.023001,0.000844,1
308.579698,0.000000,0.000000,0.017629,0.001504,1
308.679698,0.000000,0.000000,0.022328,0.000799,1
308.779698,0.000000,0.000000,0.029549,0.000970,1
308.879698,0.000000,0.000000,0.025851,0.001366,1
308.979698,0.000000,0.000000,0.019407,0.001078,1
309.079698,0.000000,0.000000,0.020236,0.001517,1
309.179698,0.000000,0.000000,0.022897,0.001005,1
309.279698,0.000000,0.000000,0.023397,0.000764,1
309.379698,0.000000,0.000000,0.023354,0.000722,1
309.479698,0.000000,0.000000,0.018842,0.001046,1
309.579698,0.000000,0.000000,0.013211,0.000847,1
309.679698,0.000000,0.000000,0.021932,0.000638,1
309.779698,0.000000,0.000000,0.034248,0.001590,1
309.879698,0.000000,0.000000,0.025724,0.001971,1
309.979698,0.000000,0.000000,0.011979,0.001244,1
310.079698,0.000000,0.000000,0.013223,0.001344,1
310.179698,0.000000,0.000000,0.018233,0.000774,1
310.279698,0.000000,0.000000,0.017269,0.000672,1
310.379698,0.000000,0.000000,0.014811,0.000058,1
310.479698,0.000000,0.000000,0.021145,0.000875,1
310.579698,0.000000,0.000000,0.029687,0.000565,1
310.679698,0.000000,0.000000,0.034278,0.000523,1
310.779698,0.000000,0.000000,0.037878,0.002118,1
310.879698,0.000000,0.000000,0.037185,0.001881,1
310.979698,0.000000,0.000000,0.035414,0.000447,1
311.079698,0.000000,0.000000,0.036090,0.000696,1
311.179698,0.000000,0.000000,0.037384,0.000579,1
311.279698,0.000000,0.000000,0.026280,0.001703,1
311.379698,0.000000,0.000000,0.012070,0.000571,1
311.479698,0.000000,0.000000,0.010731,0.001106,1
311.579698,0.000000,0.000000,0.012621,0.001162,1
311.679698,0.000000,0.000000,0.013240,0.002205,1
311.779698,0.000000,0.000000,0.013541,0.000953,1
311.879698,0.000000,0.000000,0.019618,0.000351,1
311.979698,0.000000,0.000000,0.027141,0.000804,1
312.079698,0.000000,0.000000,0.026677,0.001249,1
312.179698,0.000000,0.000000,0.024203,0.000877,1
312.279698,0.000000,0.000000,0.030871,0.001224,1
312.379698,0.000000,0.000000,0.039831,0.002252,1
312.479698,0.000000,0.000000,0.030998,0.001032,1
312.579698,0.000000,0.000000,0.017697,0.000427,1
312.679698,0.000000,0.000000,0.022266,0.000864,1
312.779698,0.000000,0.000000,0.031310,0.000802,1
312.879698,0.000000,0.000000,0.036619,0.000566,1
312.979698,0.000000,0.000000,0.040992,0.001127,1
313.079698,0.000000,0.000000,0.035646,0.001879,1
313.179698,0.000000,0.000000,0.027862,0.000144,1
313.279698,0.000000,0.000000,0.027300,0.001215,1
313.379698,0.000000,0.000000,0.028543,0.000436,1
313.479698,0.000000,0.000000,0.022115,0.001286,1
313.579698,0.000000,0.000000,0.013764,0.001833,1
313.679698,0.000000,0.000000,0.019134,0.000019,1
313.779698,0.000000,0.000000,0.027962,0.001465,1
313.879698,0.000000,0.000000,0.023751,0.000162,1
313.979698,0.000000,0.000000,0.016270,0.001044,1
314.079698,0.000000,0.000000,0.022057,0.001118,1
314.179698,0.000000,0.000000,0.031186,0.001110,1
314.279698,0.000000,0.000000,0.047169,0.001361,1
314.379698,0.000000,0.000000,0.064867,0.000731,1
314.479698,0.000000,0.000000,0.066985,0.000784,1
314.579698,0.000000,0.000000,0.065203,0.000657,1
314.679698,0.000000,0.000000,0.052937,0.000863,1
314.779698,0.000000,0.000000,0.038039,0.000835,1
314.879698,0.000000,0.000000,0.036792,0.001164,1
314.979698,0.000000,0.000000,0.038960,0.001182,1
315.079698,0.000000,0.000000,0.032260,0.000803,1
315.179698,0.000000,0.000000,0.023334,0.000788,1
315.279698,0.000000,0.000000,0.018019,0.000999,1
315.379698,0.000000,0.000000,0.013612,0.001125,1
315.479698,0.000000,0.000000,0.015880,0.000237,1
315.579698,0.000000,0.000000,0.019823,-0.001135,1
315.679698,0.000000,0.000000,0.015202,0.003344,1
315.779698,0.000000,0.000000,0.008427,0.000606,1
315.879698,0.000000,0.000000,0.017298,0.000161,1
315.979698,0.000000,0.000000,0.030082,0.001227,1
316.079698,0.000000,0.000000,0.032490,0.001038,1
316.179698,0.000000,0.000000,0.032289,0.001243,1
316.279698,0.000000,0.000000,0.033887,-0.005791,1
316.379698,0.000000,0.000000,0.035935,-0.027335,1
316.479698,0.000000,0.000000,0.032400,0.001334,1
316.579698,0.000000,0.000000,0.027466,0.001703,1
316.679698,0.000000,0.000000,0.047878,0.000925,1
316.779698,0.000000,0.000000,0.074647,0.000691,1
316.879698,0.000000,0.000000,0.055009,0.000441,1
316.979698,0.000000,0.000000,0.023705,0.001566,1
317.079698,0.000000,0.000000,0.014522,-0.000046,1
317.179698,0.000000,0.000000,0.020092,0.000982,1
317.279698,0.000000,0.000000,0.023110,0.001418,1
317.379698,0.000000,0.000000,0.025485,0.001181,1
317.479698,0.000000,0.000000,0.021151,0.000851,1
317.579698,0.000000,0.000000,0.015133,0.000809,1
317.679698,0.000000,0.000000,0.012045,-0.000715,1
317.779698,0.000000,0.000000,0.009691,-0.000885,1
317.879698,0.000000,0.000000,0.016291,0.001118,1
317.979698,0.000000,0.000000,0.025134,0.001274,1
318.079698,0.000000,0.000000,0.017801,0.000826,1
318.179698,0.000000,0.000000,0.006409,0.001104,1
318.279698,0.000000,0.000000,0.006723,0.000036,1
318.379698,0.000000,0.000000,0.009976,0.001759,1
318.479698,0.000000,0.000000,0.018032,0.000868,1
318.579698,0.000000,0.000000,0.027296,0.001040,1
318.679698,0.000000,0.000000,0.026703,0.001046,1
318.779698,0.000000,0.000000,0.023636,0.000226,1
318.879698,0.000000,0.000000,0.016149,-0.000354,1
318.979698,0.000000,0.000000,0.007556,-0.005635,1
319.079698,0.000000,0.000000,0.010584,0.001331,1
319.179698,0.000000,0.000000,0.016530,0.001634,1
319.279698,0.000000,0.000000,0.021061,0.001475,1
319.379698,0.000000,0.000000,0.025238,0.001430,1
319.479698,0.000000,0.000000,0.024208,0.000528,1
319.579698,0.000000,0.000000,0.021869,0.000788,1
319.679698,0.000000,0.000000,0.016284,0.000268,1
319.779698,0.000000,0.000000,0.009887,0.000919,1
319.879698,0.000000,0.000000,0.011064,0.001238,1
319.979698,0.000000,0.000000,0.014145,0.001457,1
320.079698,0.000000,0.000000,0.059787,0.001142,1
320.179698,0.000000,0.000000,0.116157,0.001188,1
320.279698,0.000000,0.000000,0.106967,0.000892,1
320.379698,0.000000,0.000000,0.081307,0.000539,1
320.479698,0.000000,0.000000,0.084495,0.000635,1
320.579698,0.000000,0.000000,0.094925,0.000910,1
320.679698,0.000000,0.000000,0.063105,0.000855,1
320.779698,0.000000,0.000000,0.020695,0.000690,1
320.879698,0.000000,0.000000,0.023502,0.001696,1
320.979698,0.000000,0.000000,0.037624,0.001239,1
321.079698,0.000000,0.000000,0.028245,0.000216,1
321.179698,0.000000,0.000000,0.012960,0.001323,1
321.279698,0.000000,0.000000,0.022911,0.000712,1
321.379698,0.000000,0.000000,0.039179,0.001125,1
321.479698,0.000000,0.000000,0.027918,0.000678,1
321.579698,0.000000,0.000000,0.009729,0.000794,1
321.679698,0.000000,0.000000,0.006211,0.000324,1
321.779698,0.000000,0.000000,0.006371,0.000757,1
321.879698,0.000000,0.000000,0.013319,0.001291,1
321.979698,0.000000,0.000000,0.021970,0.001324,1
322.079698,0.000000,0.000000,0.026282,0.001051,1
322.179698,0.000000,0.000000,0.029505,0.001544,1
322.279698,0.000000,0.000000,0.025785,0.001034,1
322.379698,0.000000,0.000000,0.020329,0.001384,1
322.479698,0.000000,0.000000,0.018917,0.000908,1
322.579698,0.000000,0.000000,0.018519,0.000972,1
322.679698,0.000000,0.000000,0.045579,0.001333,1
322.779698,0.000000,0.000000,0.079514,0.000121,1
322.879698,0.000000,0.000000,0.057937,0.000232,1
322.979698,0.000000,0.000000,0.022451,0.000863,1
323.079698,0.000000,0.000000,0.034364,0.001540,1
323.179698,0.000000,0.000000,0.058245,0.001295,1
323.279698,0.000000,0.000000,0.043559,0.001078,1
323.379698,0.000000,0.000000,0.019203,0.000895,1
323.479698,0.000000,0.000000,0.017824,0.000651,1
323.579698,0.000000,0.000000,0.022209,0.001406,1
323.679698,0.000000,0.000000,0.016977,0.000900,1
323.779698,0.000000,0.000000,0.009339,0.001017,1
323.879698,0.000000,0.000000,0.006726,0.001766,1
323.979698,0.000000,0.000000,0.005371,0.000717,1
324.079698,0.000000,0.000000,0.004848,0.000339,1
324.179698,0.000000,0.000000,0.004535,0.001177,1
324.279698,0.000000,0.000000,0.013744,0.000951,1
324.379698,0.000000,0.000000,0.025335,0.001414,1
324.479698,0.000000,0.000000,0.022544,0.000934,1
324.579698,0.000000,0.000000,0.016148,0.000763,1
324.679698,0.000000,0.000000,0.016968,0.001075,1
324.779698,0.000000,0.000000,0.019597,0.000897,1
324.879698,0.000000,0.000000,0.015853,0.001056,1
324.979698,0.000000,0.000000,0.010509,0.001069,1
325.079698,0.000000,0.000000,0.019088,0.000751,1
325.179698,0.000000,0.000000,0.031175,0.000878,1
325.279698,0.000000,0.000000,0.028639,0.001105,1
325.379698,0.000000,0.000000,0.022433,0.000829,1
325.479698,0.000000,0.000000,0.022347,0.001367,1
325.579698,0.000000,0.000000,0.023794,0.001107,1
325.679698,0.000000,0.000000,0.022773,0.000498,1
325.779698,0.000000,0.000000,0.021137,0.001558,1
325.879698,0.000000,0.000000,0.016906,0.000778,1
325.979698,0.000000,0.000000,0.012025,0.001426,1
326.079698,0.000000,0.000000,0.024216,0.000789,1
326.179698,0.000000,0.000000,0.040695,0.000946,1
326.279698,0.000000,0.000000,0.042030,0.000388,1
326.379698,0.000000,0.000000,0.039549,0.001382,1
326.479698,0.000000,0.000000,0.030271,0.001134,1
326.579698,0.000000,0.000000,0.019288,0.001573,1
326.679698,0.000000,0.000000,0.033049,0.000939,1
326.779698,0.000000,0.000000,0.053007,0.000498,1
326.879698,0.000000,0.000000,0.045196,0.000807,1
326.979698,0.000000,0.000000,0.030422,0.001163,1
327.079698,0.000000,0.000000,0.017747,0.001044,1
327.179698,0.000000,0.000000,0.005600,0.001335,1
327.279698,0.000000,0.000000,0.009773,0.001111,1
327.379698,0.000000,0.000000,0.018042,0.000850,1
327.479698,0.000000,0.000000,0.020654,0.001469,1
327.579698,0.000000,0.000000,0.021851,0.001431,1
327.679698,0.000000,0.000000,0.018519,0.000800,1
327.779698,0.000000,0.000000,0.014050,0.000728,1
327.879698,0.000000,0.000000,0.023102,0.001190,1
327.979698,0.000000,0.000000,0.035551,0.000919,1
328.079698,0.000000,0.000000,0.032378,0.000426,1
328.179698,0.000000,0.000000,0.025277,0.000654,1
328.279698,0.000000,0.000000,0.019886,0.000961,1
328.379698,0.000000,0.000000,0.014923,0.000776,1
328.479698,0.000000,0.000000,0.024081,0.000919,1
328.579698,0.000000,0.000000,0.036779,0.000986,1
328.679698,0.000000,0.000000,0.045129,0.001031,1
328.779698,0.000000,0.000000,0.052393,0.001315,1
328.879698,0.000000,0.000000,0.037366,0.000850,1
328.979698,0.000000,0.000000,0.016737,0.001212,1
329.079698,0.000000,0.000000,0.009383,0.002104,1
329.179698,0.000000,0.000000,0.010880,0.000797,1
329.279698,0.000000,0.000000,0.008710,0.000512,1
329.379698,0.000000,0.000000,0.005620,0.001611,1
329.479698,0.000000,0.000000,0.010117,0.000947,1
329.579698,0.000000,0.000000,0.016519,0.000661,1
329.679698,0.000000,0.000000,0.019803,0.001362,1
329.779698,0.000000,0.000000,0.022303,0.000664,1
329.879698,0.000000,0.000000,0.018350,0.000626,1
329.979698,0.000000,0.000000,0.012780,0.001165,1
330.079698,0.000000,0.000000,0.021132,0.000704,1
330.179698,0.000000,0.000000,0.032982,0.000451,1
330.279698,0.000000,0.000000,0.043255,0.000696,1
330.379698,0.000000,0.000000,0.053133,0.001501,1
330.479698,0.000000,0.000000,0.044381,0.001178,1
330.579698,0.000000,0.000000,0.030970,0.000951,1
330.679698,0.000000,0.000000,0.021284,0.000752,1
330.779698,0.000000,0.000000,0.012530,0.000861,1
330.879698,0.000000,0.000000,0.023994,0.001218,1
330.979698,0.000000,0.000000,0.040547,0.001344,1
331.079698,0.000000,0.000000,0.042302,0.001403,1
331.179698,0.000000,0.000000,0.034186,0.000744,1
331.279698,0.000000,0.000000,0.031727,0.000801,1
331.379698,0.000000,0.000000,0.030688,0.000914,1
331.479698,0.000000,0.000000,0.044097,0.001540,1
331.579698,0.000000,0.000000,0.061128,0.000788,1
331.679698,0.000000,0.000000,0.045238,0.000593,1
331.779698,0.000000,0.000000,0.021109,0.001000,1
331.879698,0.000000,0.000000,0.023624,0.000389,1
331.979698,0.000000,0.000000,0.032808,0.001069,1
332.079698,0.000000,0.000000,0.029743,0.000354,1
332.179698,0.000000,0.000000,0.023592,0.000953,1
332.279698,0.000000,0.000000,0.040650,0.001152,1
332.379698,0.000000,0.000000,0.063520,0.000988,1
332.479698,0.000000,0.000000,0.050565,0.000760,1
332.579698,0.000000,0.000000,0.028595,0.001142,1
332.679698,0.000000,0.000000,0.032126,0.001096,1
332.779698,0.000000,0.000000,0.042058,0.000535,1
332.879698,0.000000,0.000000,0.034432,0.001030,1
332.979698,0.000000,0.000000,0.022414,0.001044,1
333.079698,0.000000,0.000000,0.021682,0.000836,1
333.179698,0.000000,0.000000,0.023786,0.001666,1
333.279698,0.000000,0.000000,0.016316,0.000981,1
333.379698,0.000000,0.000000,0.006450,0.001300,1
333.479698,0.000000,0.000000,0.004333,0.000924,1
333.579698,0.000000,0.000000,0.004158,0.000761,1
333.679698,0.000000,0.000000,0.018114,0.002020,1
333.779698,0.000000,0.000000,0.035608,0.001233,1
333.879698,0.000000,0.000000,0.036427,0.001029,1
333.979698,0.000000,0.000000,0.033065,0.001048,1
334.079698,0.000000,0.000000,0.029469,0.000764,1
334.179698,0.000000,0.000000,0.025813,0.000251,1
334.279698,0.000000,0.000000,0.026709,0.000337,1
334.379698,0.000000,0.000000,0.028746,0.001382,1
334.479698,0.000000,0.000000,0.021498,0.001221,1
334.579698,0.000000,0.000000,0.011923,0.000382,1
334.679698,0.000000,0.000000,0.009395,0.001441,1
334.779698,0.000000,0.000000,0.008637,0.000517,1
334.879698,0.000000,0.000000,0.026994,0.002279,1
334.979698,0.000000,0.000000,0.050137,0.000168,1
335.079698,0.000000,0.000000,0.042634,0.001589,1
335.179698,0.000000,0.000000,0.014658,0.001050,1
335.279698,0.000000,0.000000,0.025796,0.000668,1
335.379698,0.000000,0.000000,0.046729,-0.000623,1
335.479698,0.000000,0.000000,0.053388,0.001104,1
335.579698,0.000000,0.000000,0.056462,0.002167,1
335.679698,0.000000,0.000000,0.047358,0.001017,1
335.779698,0.000000,0.000000,0.035197,0.001240,1
335.879698,0.000000,0.000000,0.020794,0.000941,1
335.979698,0.000000,0.000000,0.005827,0.000660,1
336.079698,0.000000,0.000000,0.039863,0.001327,1
336.179698,0.000000,0.000000,0.086176,0.001117,1
336.279698,0.000000,0.000000,0.068296,0.000848,1
336.379698,0.000000,0.000000,0.034318,0.000972,1
336.479698,0.000000,0.000000,0.026533,0.001213,1
336.579698,0.000000,0.000000,0.025306,0.001271,1
336.679698,0.000000,0.000000,0.030174,0.000901,1
336.779698,0.000000,0.000000,0.036573,0.000884,1
336.879698,0.000000,0.000000,0.026973,0.001235,1
336.979698,0.000000,0.000000,0.013366,0.001214,1
337.079698,0.000000,0.000000,0.028257,0.001147,1
337.179698,0.000000,0.000000,0.050320,0.000777,1
337.279698,0.000000,0.000000,0.044961,0.000948,1
337.379698,0.000000,0.000000,0.032723,0.000943,1
337.479698,0.000000,0.000000,0.027525,0.001625,1
337.579698,0.000000,0.000000,0.024096,0.000481,1
337.679698,0.000000,0.000000,0.029972,0.000728,1
337.779698,0.000000,0.000000,0.038177,0.001279,1
337.879698,0.000000,0.000000,0.035191,0.003680,1
337.979698,0.000000,0.000000,0.029393,0.002331,1
338.079698,0.000000,0.000000,0.031214,0.002509,1
338.179698,0.000000,0.000000,0.034944,0.002838,1
338.279698,0.000000,0.000000,0.032167,-0.002121,1
338.379698,0.000000,0.000000,0.027754,-0.000639,1
338.479698,0.000000,0.000000,0.016694,0.001125,1
338.579698,0.000000,0.000000,0.003966,-0.000498,1
338.679698,0.000000,0.000000,0.010968,0.000995,1
338.779698,0.000000,0.000000,0.022918,0.003925,1
338.879698,0.000000,0.000000,0.021142,0.004313,1
338.979698,0.000000,0.000000,0.015918,0.002873,1
339.079698,0.000000,0.000000,0.016433,0.002722,1
339.179698,0.000000,0.000000,0.018395,-0.000290,1
339.279698,0.000000,0.000000,0.019273,-0.000065,1
339.379698,0.000000,0.000000,0.019878,-0.000296,1
339.479698,0.000000,0.000000,0.023459,0.000796,1
339.579698,0.000000,0.000000,0.027787,0.000709,1
339.679698,0.000000,0.000000,0.023246,0.001169,1
339.779698,0.000000,0.000000,0.016486,0.000855,1
339.879698,0.000000,0.000000,0.020391,0.000780,1
339.979698,0.000000,0.000000,0.026965,0.001104,1
340.079698,0.000000,0.000000,0.033941,0.002612,1
340.179698,0.000000,0.000000,0.041017,0.001682,1
340.279698,0.000000,0.000000,0.035080,0.001918,1
340.379698,0.000000,0.000000,0.025872,0.002332,1
340.479698,0.000000,0.000000,0.015862,0.001971,1
340.579698,0.000000,0.000000,0.005650,-0.001026,1
340.679698,0.000000,0.000000,0.006280,0.000220,1
340.779698,0.000000,0.000000,0.009625,0.001354,1
340.879698,0.000000,0.000000,0.009805,0.000691,1
340.979698,0.000000,0.000000,0.009190,0.001846,1
341.079698,0.000000,0.000000,0.014967,0.000983,1
341.179698,0.000000,0.000000,0.025008,0.000081,1
