time_s,boot_time_s,throttle_norm,rudder_norm,speed_mps,yaw_rate_rps,pitch_deg,throttle_pwm,rudder_pwm,gps_status,gps_num_sats,gps_hdop,mode_num,source_group,source_log,source_path,segment_id
0.0,218.111424,0.0,0.0,0.1304008548832055,0.07838238776966407,-4.23121598332493,1500.0,1500.0,3.0,17.0,0.64,0,data_1,data_1_00000003,data_1/00000003.BIN,data_1_00000003_manual_00_quality_00
0.1,218.211424,0.0,0.0,0.13474321468480174,0.07605199765991576,-4.081096131067332,1500.0,1500.0,3.0,17.0,0.64,0,data_1,data_1_00000003,data_1/00000003.BIN,data_1_00000003_manual_00_quality_00
0.2,218.311424,0.0,0.0,0.14878887107732186,0.0783221583083407,-4.007475560877587,1500.0,1500.0,3.0,17.0,0.64,0,data_1,data_1_00000003,data_1/00000003.BIN,data_1_00000003_manual_00_quality_00
0.3,218.411424,0.0,0.0,0.15699791381441508,0.08794362506498629,-4.1126875571697425,1500.0,1500.0,3.0,18.0,0.64,0,data_1,data_1_00000003,data_1/00000003.BIN,data_1_00000003_manual_00_quality_00
0.4,218.511424,0.0,0.0,0.1613217138950089,0.08811952671462096,-4.264282078363129,1500.0,1500.0,3.0,18.0,0.64,0,data_1,data_1_00000003,data_1/00000003.BIN,data_1_00000003_manual_00_quality_00
0.5,218.611424,0.0,0.0,0.15876804420926194,0.06987897097638521,-4.25087783022828,1500.0,1500.0,3.0,18.0,0.62,0,data_1,data_1_00000003,data_1/00000003.BIN,data_1_00000003_manual_00_quality_00
0.6,218.711424,0.0,0.0,0.151638938767222,0.07867286139211016,-4.091490610095383,1500.0,1500.0,3.0,18.0,0.62,0,data_1,data_1_00000003,data_1/00000003.BIN,data_1_00000003_manual_00_quality_00
0.7,218.811424,0.0,0.0,0.14579524437410396,0.09193648128033305,-4.057577329472983,1500.0,1500.0,3.0,18.0,0.62,0,data_1,data_1_00000003,data_1/00000003.BIN,data_1_00000003_manual_00_quality_00
0.8,218.911424,0.0,0.0,0.14080791953877086,0.07697013339271541,-4.2443330171842275,1500.0,1500.0,3.0,18.0,0.62,0,data_1,data_1_00000003,data_1/00000003.BIN,data_1_00000003_manual_00_quality_00
0.9,219.011424,0.0,0.0,0.13626710984533774,0.06677774822980093,-4.37418921325686,1500.0,1500.0,3.0,18.0,0.62,0,data_1,data_1_00000003,data_1/00000003.BIN,data_1_00000003_manual_00_quality_00
1.0,219.111424,0.0,0.0,0.1320240141246259,0.07956534487034202,-4.225112309999716,1500.0,1500.0,3.0,18.0,0.62,0,data_1,data_1_00000003,data_1/00000003.BIN,data_1_00000003_manual_00_quality_00
1.1,219.211424,0.0,0.0,0.1334588244212606,0.08457606130166957,-3.9921554620013042,1500.0,1500.0,3.0,18.0,0.62,0,data_1,data_1_00000003,data_1/00000003.BIN,data_1_00000003_manual_00_quality_00
1.2,219.311424,0.0,0.0,0.1434947399100537,0.07289507324209422,-4.026830634707308,1500.0,1500.0,3.0,18.0,0.62,0,data_1,data_1_00000003,data_1/00000003.BIN,data_1_00000003_manual_00_quality_00
1.3,219.411424,0.0,0.0,0.14672522639157334,0.06766062030532412,-4.251275841648705,1500.0,1500.0,3.0,18.0,0.62,0,data_1,data_1_00000003,data_1/00000003.BIN,data_1_00000003_manual_00_quality_00
1.4,219.511424,0.0,0.0,0.14541195068685867,0.08579230365009081,-4.354572657478701,1500.0,1500.0,3.0,18.0,0.62,0,data_1,data_1_00000003,data_1/00000003.BIN,data_1_00000003_manual_00_quality_00
1.5,219.611424,0.0,0.0,0.14808755707123783,0.0818761207213799,-4.327445196484763,1500.0,1500.0,3.0,18.0,0.62,0,data_1,data_1_00000003,data_1/00000003.BIN,data_1_00000003_manual_00_quality_00
1.6,219.711424,0.0,0.0,0.15342629852502102,0.049078912246026285,-4.302237425591333,1500.0,1500.0,3.0,18.0,0.62,0,data_1,data_1_00000003,data_1/00000003.BIN,data_1_00000003_manual_00_quality_00
1.7,219.811424,0.0,0.0,0.13471151314751656,0.04316627896255738,-4.282674579588028,1500.0,1500.0,3.0,18.0,0.62,0,data_1,data_1_00000003,data_1/00000003.BIN,data_1_00000003_manual_00_quality_00
1.8,219.911424,0.0,0.0,0.09993965089383397,0.06932525573063436,-4.197043118603208,1500.0,1500.0,3.0,18.0,0.62,0,data_1,data_1_00000003,data_1/00000003.BIN,data_1_00000003_manual_00_quality_00
1.9,220.011424,0.0,0.0,0.08682189393352886,0.07729847724387895,-4.091062232364388,1500.0,1500.0,3.0,18.0,0.62,0,data_1,data_1_00000003,data_1/00000003.BIN,data_1_00000003_manual_00_quality_00
2.0,220.111424,0.0,0.0,0.08815344508704884,0.06797714772224348,-4.0953821516508,1500.0,1500.0,3.0,18.0,0.62,0,data_1,data_1_00000003,data_1/00000003.BIN,data_1_00000003_manual_00_quality_00
2.1,220.211424,0.0,0.0,0.09806518931809759,0.06208048751056015,-4.306002265143859,1500.0,1500.0,3.0,18.0,0.62,0,data_1,data_1_00000003,data_1/00000003.BIN,data_1_00000003_manual_00_quality_00
2.2,220.311424,0.0,0.0,0.12095555621455306,0.0471517374435233,-4.520298849781185,1500.0,1500.0,3.0,18.0,0.62,0,data_1,data_1_00000003,data_1/00000003.BIN,data_1_00000003_manual_00_quality_00
2.3,220.411424,0.0,0.0,0.14381297529425957,0.049904907601468845,-4.457952146803308,1500.0,1500.0,3.0,18.0,0.62,0,data_1,data_1_00000003,data_1/00000003.BIN,data_1_00000003_manual_00_quality_00
2.4,220.511424,0.0,0.0,0.16664849132710136,0.06992029086331301,-4.175366754597673,1500.0,1500.0,3.0,18.0,0.62,0,data_1,data_1_00000003,data_1/00000003.BIN,data_1_00000003_manual_00_quality_00
2.5,220.611424,0.0,0.0,0.1657861580463756,0.0740911054232671,-4.005528083011297,1500.0,1500.0,3.0,18.0,0.62,0,data_1,data_1_00000003,data_1/00000003.BIN,data_1_00000003_manual_00_quality_00
2.6,220.711424,0.0,0.0,0.14911340607620005,0.07012592909523829,-4.009212869514345,1500.0,1500.0,3.0,18.0,0.62,0,data_1,data_1_00000003,data_1/00000003.BIN,data_1_00000003_manual_00_quality_00
2.7,220.811424,0.0,0.0,0.12845642663744,0.060383325901558926,-4.228060039721025,1500.0,1500.0,3.0,18.0,0.62,0,data_1,data_1_00000003,data_1/00000003.BIN,data_1_00000003_manual_00_quality_00
2.8,220.911424,0.0,0.0,0.10514241005100118,0.05703340191601255,-4.448377310086934,1500.0,1500.0,3.0,18.0,0.62,0,data_1,data_1_00000003,data_1/00000003.BIN,data_1_00000003_manual_00_quality_00
2.9,221.011424,0.0,0.0,0.10069668510815609,0.05992350769486456,-4.4439834788496135,1500.0,1500.0,3.0,18.0,0.62,0,data_1,data_1_00000003,data_1/00000003.BIN,data_1_00000003_manual_00_quality_00
3.0,221.111424,0.0,0.0,0.10886340070870357,0.062059220514799146,-4.221753252287043,1500.0,1500.0,3.0,18.0,0.62,0,data_1,data_1_00000003,data_1/00000003.BIN,data_1_00000003_manual_00_quality_00
3.1,221.211424,0.0,0.0,0.1148324519431137,0.07619010262864717,-4.049387355222771,1500.0,1500.0,3.0,18.0,0.62,0,data_1,data_1_00000003,data_1/00000003.BIN,data_1_00000003_manual_00_quality_00
3.2,221.311424,0.0,0.0,0.11747614885567056,0.06798562815174004,-4.171164894046764,1500.0,1500.0,3.0,18.0,0.62,0,data_1,data_1_00000003,data_1/00000003.BIN,data_1_00000003_manual_00_quality_00
3.3,221.411424,0.0,0.0,0.1142533427789569,0.04116543432122948,-4.429085039662461,1500.0,1500.0,3.0,18.0,0.62,0,data_1,data_1_00000003,data_1/00000003.BIN,data_1_00000003_manual_00_quality_00
3.4,221.511424,0.0,0.0,0.10712523492884031,0.05527925855202091,-4.42757365202676,1500.0,1500.0,3.0,18.0,0.62,0,data_1,data_1_00000003,data_1/00000003.BIN,data_1_00000003_manual_00_quality_00
3.5,221.611424,0.0,0.0,0.1113452141120689,0.09384530107912478,-4.178487267117776,1500.0,1500.0,3.0,18.0,0.62,0,data_1,data_1_00000003,data_1/00000003.BIN,data_1_00000003_manual_00_quality_00
3.6,221.711424,0.0,0.0,0.12311074632879432,0.08718719289384595,-4.064106919652225,1500.0,1500.0,3.0,18.0,0.62,0,data_1,data_1_00000003,data_1/00000003.BIN,data_1_00000003_manual_00_quality_00
3.7,221.811424,0.0,0.0,0.12494872195156234,0.06922668539985377,-4.17629232313855,1500.0,1500.0,3.0,18.0,0.62,0,data_1,data_1_00000003,data_1/00000003.BIN,data_1_00000003_manual_00_quality_00
3.8,221.911424,0.0,0.0,0.12017907437855203,0.06873401520397898,-4.317567640188145,1500.0,1500.0,3.0,18.0,0.62,0,data_1,data_1_00000003,data_1/00000003.BIN,data_1_00000003_manual_00_quality_00
3.9,222.011424,0.0,0.0,0.11726229903457672,0.07604132392733663,-4.294097739987189,1500.0,1500.0,3.0,18.0,0.62,0,data_1,data_1_00000003,data_1/00000003.BIN,data_1_00000003_manual_00_quality_00
4.0,222.111424,0.0,0.0,0.11558113216603962,0.06788030622162619,-4.273540857542985,1500.0,1500.0,3.0,18.0,0.62,0,data_1,data_1_00000003,data_1/00000003.BIN,data_1_00000003_manual_00_quality_00
4.1,222.211424,0.0,0.0,0.113528698909277,0.07160149929527565,-4.343655601843633,1500.0,1500.0,3.0,18.0,0.62,0,data_1,data_1_00000003,data_1/00000003.BIN,data_1_00000003_manual_00_quality_00
4.2,222.311424,0.0,0.0,0.11122875472703075,0.07666258496942521,-4.364665139604067,1500.0,1500.0,3.0,18.0,0.62,0,data_1,data_1_00000003,data_1/00000003.BIN,data_1_00000003_manual_00_quality_00
4.3,222.411424,0.0,0.0,0.10440426632114061,0.06853320272263853,-4.206148492666632,1500.0,1500.0,3.0,18.0,0.62,0,data_1,data_1_00000003,data_1/00000003.BIN,data_1_00000003_manual_00_quality_00
4.4,222.511424,0.0,0.0,0.09456278663819953,0.06403158100452278,-4.066957960205689,1500.0,1500.0,3.0,18.0,0.62,0,data_1,data_1_00000003,data_1/00000003.BIN,data_1_00000003_manual_00_quality_00
4.5,222.611424,0.0,0.0,0.11799406250661602,0.06829232746204394,-4.137145643344899,1500.0,1500.0,3.0,18.0,0.62,0,data_1,data_1_00000003,data_1/00000003.BIN,data_1_00000003_manual_00_quality_00
4.6,222.711424,0.0,0.0,0.16366453776271558,0.07164306106584307,-4.35860454578402,1500.0,1500.0,3.0,18.0,0.62,0,data_1,data_1_00000003,data_1/00000003.BIN,data_1_00000003_manual_00_quality_00
4.7,222.811424,0.0,0.0,0.15751241633170324,0.06197620395555996,-4.4613885055012945,1500.0,1500.0,3.0,18.0,0.62,0,data_1,data_1_00000003,data_1/00000003.BIN,data_1_00000003_manual_00_quality_00
4.8,222.911424,0.0,0.0,0.11675571944736635,0.052211693375754986,-4.312997453895246,1500.0,1500.0,3.0,18.0,0.62,0,data_1,data_1_00000003,data_1/00000003.BIN,data_1_00000003_manual_00_quality_00
4.9,223.011424,0.0,0.0,0.10857302547243575,0.0690582271158322,-4.005574250320018,1500.0,1500.0,3.0,18.0,0.62,0,data_1,data_1_00000003,data_1/00000003.BIN,data_1_00000003_manual_00_quality_00
5.0,223.111424,0.0,0.0,0.12217065272064541,0.09366858670805002,-3.9003776517819353,1500.0,1500.0,3.0,18.0,0.62,0,data_1,data_1_00000003,data_1/00000003.BIN,data_1_00000003_manual_00_quality_00
5.1,223.211424,0.0,0.0,0.1279822071215066,0.07949315055717202,-4.2193980692693795,1500.0,1500.0,3.0,18.0,0.62,0,data_1,data_1_00000003,data_1/00000003.BIN,data_1_00000003_manual_00_quality_00
5.2,223.311424,0.0,0.0,0.12859828638987714,0.054113974921641814,-4.611384186816979,1500.0,1500.0,3.0,18.0,0.62,0,data_1,data_1_00000003,data_1/00000003.BIN,data_1_00000003_manual_00_quality_00
5.3,223.411424,0.0,0.0,0.10577422689328216,0.0543758501366662,-4.612010065046245,1500.0,1500.0,3.0,18.0,0.62,0,data_1,data_1_00000003,data_1/00000003.BIN,data_1_00000003_manual_00_quality_00
5.4,223.511424,0.0,0.0,0.0673071235606339,0.06913303639565925,-4.226462616808749,1500.0,1500.0,3.0,18.0,0.62,0,data_1,data_1_00000003,data_1/00000003.BIN,data_1_00000003_manual_00_quality_00
0.0,922.231455,0.0,0.0,0.13840033572384353,-0.026451030947901428,-0.48167634937056886,1500.0,1500.0,3.0,17.0,0.64,0,data_1,data_1_00000009,data_1/00000009.BIN,data_1_00000009_manual_00_quality_00
0.1,922.331455,0.0,0.0,0.13771427066233452,-0.047669134732987874,-0.5389991589726775,1500.0,1500.0,3.0,17.0,0.64,0,data_1,data_1_00000009,data_1/00000009.BIN,data_1_00000009_manual_00_quality_00
0.2,922.431455,0.0,-0.26,0.13807647795440212,-0.05448423364332299,-0.5163661053908565,1500.0,1396.0,3.0,17.0,0.64,0,data_1,data_1_00000009,data_1/00000009.BIN,data_1_00000009_manual_00_quality_00
0.3,922.5314549999999,0.0,-0.88,0.1384271310501086,-0.043841341000397514,-0.4637968810136122,1500.0,1148.0,3.0,17.0,0.64,0,data_1,data_1_00000009,data_1/00000009.BIN,data_1_00000009_manual_00_quality_00
0.4,922.631455,0.0,-0.985,0.1344619239731513,-0.033661227260515195,-0.3738743901469135,1500.0,1106.0,3.0,17.0,0.64,0,data_1,data_1_00000009,data_1/00000009.BIN,data_1_00000009_manual_00_quality_00
0.5,922.731455,0.0,-0.985,0.13053477085517853,-0.036870518704865136,-0.3003479569948239,1500.0,1106.0,3.0,17.0,0.64,0,data_1,data_1_00000009,data_1/00000009.BIN,data_1_00000009_manual_00_quality_00
0.6,922.831455,0.192,-0.985,0.14167034115711563,-0.044194835273963236,-0.24263677227245042,1596.0,1106.0,3.0,17.0,0.64,0,data_1,data_1_00000009,data_1/00000009.BIN,data_1_00000009_manual_00_quality_00
0.7,922.931455,0.23,-0.985,0.15279940549387264,-0.04822225522417968,-0.150739287262998,1615.0,1106.0,3.0,17.0,0.64,0,data_1,data_1_00000009,data_1/00000009.BIN,data_1_00000009_manual_00_quality_00
0.8,923.0314549999999,0.3,-0.985,0.1613735721819991,-0.04122826937031745,0.012391034780730005,1650.0,1106.0,3.0,17.0,0.64,0,data_1,data_1_00000009,data_1/00000009.BIN,data_1_00000009_manual_00_quality_00
0.9,923.131455,0.306,-0.985,0.1699477388701353,-0.045462934637584586,0.5877352317459485,1653.0,1106.0,3.0,17.0,0.64,0,data_1,data_1_00000009,data_1/00000009.BIN,data_1_00000009_manual_00_quality_00
1.0,923.231455,0.312,-0.985,0.43332236001516494,-0.09343594164113551,1.321513543286023,1656.0,1106.0,3.0,17.0,0.64,0,data_1,data_1_00000009,data_1/00000009.BIN,data_1_00000009_manual_00_quality_00
1.1,923.331455,0.294,-0.985,0.7592541848072547,-0.17497300027200616,1.753762379654358,1647.0,1106.0,3.0,17.0,0.64,0,data_1,data_1_00000009,data_1/00000009.BIN,data_1_00000009_manual_00_quality_00
1.2,923.431455,0.256,-0.985,1.0001943910966467,-0.3219601891236812,1.8014897048163323,1628.0,1106.0,3.0,17.0,0.64,0,data_1,data_1_00000009,data_1/00000009.BIN,data_1_00000009_manual_00_quality_00
1.3,923.5314549999999,0.236,-0.985,1.2405414675673205,-0.4434067582444005,1.8302921682695525,1618.0,1106.0,3.0,17.0,0.64,0,data_1,data_1_00000009,data_1/00000009.BIN,data_1_00000009_manual_00_quality_00
1.4,923.631455,0.224,-0.985,1.281099978392253,-0.5093177290534601,2.088078518137977,1612.0,1106.0,3.0,17.0,0.64,0,data_1,data_1_00000009,data_1/00000009.BIN,data_1_00000009_manual_00_quality_00
1.5,923.731455,0.224,-0.985,1.321490726355663,-0.5145152270654282,2.419576036035832,1612.0,1106.0,3.0,17.0,0.64,0,data_1,data_1_00000009,data_1/00000009.BIN,data_1_00000009_manual_00_quality_00
1.6,923.831455,0.23,-0.985,1.2952114437279334,-0.5053490229413171,2.6367012367558926,1615.0,1106.0,3.0,17.0,0.64,0,data_1,data_1_00000009,data_1/00000009.BIN,data_1_00000009_manual_00_quality_00
1.7,923.931455,0.23,-0.985,1.2691407166240034,-0.5263619118718669,2.5996699331405986,1615.0,1106.0,3.0,17.0,0.64,0,data_1,data_1_00000009,data_1/00000009.BIN,data_1_00000009_manual_00_quality_00
1.8,924.0314549999999,0.236,-0.985,1.313319381214389,-0.5262002822493135,2.566191556236147,1618.0,1106.0,3.0,17.0,0.64,0,data_1,data_1_00000009,data_1/00000009.BIN,data_1_00000009_manual_00_quality_00
1.9,924.131455,0.236,-0.985,1.357375464834909,-0.5342802506091242,2.544259611081052,1618.0,1106.0,3.0,17.0,0.64,0,data_1,data_1_00000009,data_1/00000009.BIN,data_1_00000009_manual_00_quality_00
2.0,924.231455,0.23,-0.985,1.3576182979107614,-0.5437119943319076,2.653586794716062,1615.0,1106.0,3.0,17.0,0.64,0,data_1,data_1_00000009,data_1/00000009.BIN,data_1_00000009_manual_00_quality_00
2.1,924.331455,0.23,-0.985,1.3578626724379703,-0.5345019974034768,2.883692238182685,1615.0,1106.0,3.0,17.0,0.64,0,data_1,data_1_00000009,data_1/00000009.BIN,data_1_00000009_manual_00_quality_00
2.2,924.431455,0.236,-0.985,1.358767072619784,-0.5170120107681737,2.663583213968385,1618.0,1106.0,3.0,17.0,0.64,0,data_1,data_1_00000009,data_1/00000009.BIN,data_1_00000009_manual_00_quality_00
2.3,924.5314549999999,0.216,-0.985,1.359704607276476,-0.5264666832245364,2.415886304324366,1608.0,1106.0,3.0,17.0,0.64,0,data_1,data_1_00000009,data_1/00000009.BIN,data_1_00000009_manual_00_quality_00
2.4,924.631455,0.192,-0.985,1.3754011837510647,-0.5542880850915037,2.526371828335917,1596.0,1106.0,3.0,17.0,0.64,0,data_1,data_1_00000009,data_1/00000009.BIN,data_1_00000009_manual_00_quality_00
2.5,924.731455,0.192,-0.985,1.390881643129748,-0.5115976981271163,2.664220510024634,1596.0,1106.0,3.0,17.0,0.64,0,data_1,data_1_00000009,data_1/00000009.BIN,data_1_00000009_manual_00_quality_00
2.6,924.831455,0.0,-0.985,1.3328181185982622,-0.49652316310652267,2.3413334455087385,1500.0,1106.0,3.0,17.0,0.64,0,data_1,data_1_00000009,data_1/00000009.BIN,data_1_00000009_manual_00_quality_00
2.7,924.931455,0.0,-0.985,1.274661009579483,-0.5144293002825522,1.8942685846565204,1500.0,1106.0,3.0,17.0,0.64,0,data_1,data_1_00000009,data_1/00000009.BIN,data_1_00000009_manual_00_quality_00
2.8,925.0314549999999,0.0,-0.985,1.1835287616324288,-0.5176642958925403,1.4666356400441072,1500.0,1106.0,3.0,17.0,0.64,0,data_1,data_1_00000009,data_1/00000009.BIN,data_1_00000009_manual_00_quality_00
2.9,925.131455,0.0,-0.985,1.0924331687421038,-0.5126005214482977,0.9374817218306241,1500.0,1106.0,3.0,17.0,0.64,0,data_1,data_1_00000009,data_1/00000009.BIN,data_1_00000009_manual_00_quality_00
3.0,925.231455,0.0,-0.985,1.0169654749985504,-0.52564288477881,0.1902391156164835,1500.0,1106.0,3.0,17.0,0.64,0,data_1,data_1_00000009,data_1/00000009.BIN,data_1_00000009_manual_00_quality_00
3.1,925.331455,0.0,-0.985,0.9415918844941635,-0.5648850909392835,-0.4191838047564049,1500.0,1106.0,3.0,17.0,0.64,0,data_1,data_1_00000009,data_1/00000009.BIN,data_1_00000009_manual_00_quality_00
3.2,925.431455,0.0,-0.985,0.9042226681369475,-0.5693332887413888,-0.6836529778255234,1500.0,1106.0,3.0,17.0,0.64,0,data_1,data_1_00000009,data_1/00000009.BIN,data_1_00000009_manual_00_quality_00
3.3,925.5314549999999,0.0,-0.985,0.8669048188676728,-0.5819848848046445,-0.9350578828366003,1500.0,1106.0,3.0,17.0,0.64,0,data_1,data_1_00000009,data_1/00000009.BIN,data_1_00000009_manual_00_quality_00
3.4,925.631455,0.0,-0.985,0.8570046334749135,-0.6140721605847489,-1.1167291506570403,1500.0,1106.0,3.0,17.0,0.64,0,data_1,data_1_00000009,data_1/00000009.BIN,data_1_00000009_manual_00_quality_00
3.5,925.731455,0.0,-0.985,0.8469582888082111,-0.6161472236068121,-0.9703434124617393,1500.0,1106.0,3.0,17.0,0.64,0,data_1,data_1_00000009,data_1/00000009.BIN,data_1_00000009_manual_00_quality_00
3.6,925.831455,0.0,-0.985,0.7861315271210929,-0.5661099951550495,-0.49061510828181837,1500.0,1106.0,3.0,17.0,0.64,0,data_1,data_1_00000009,data_1/00000009.BIN,data_1_00000009_manual_00_quality_00
3.7,925.931455,0.0,-0.985,0.7253110758641592,-0.5289793164644995,-0.40217105297851213,1500.0,1106.0,3.0,17.0,0.64,0,data_1,data_1_00000009,data_1/00000009.BIN,data_1_00000009_manual_00_quality_00
3.8,926.0314549999999,0.0,-0.985,0.6669589926805098,-0.5030618524415383,-0.22285666165818505,1500.0,1106.0,3.0,17.0,0.64,0,data_1,data_1_00000009,data_1/00000009.BIN,data_1_00000009_manual_00_quality_00
3.9,926.131455,0.0,-0.985,0.6086118898830281,-0.46644083203515785,0.16599371836204352,1500.0,1106.0,3.0,17.0,0.64,0,data_1,data_1_00000009,data_1/00000009.BIN,data_1_00000009_manual_00_quality_00
4.0,926.231455,0.0,-0.985,0.5520774659088001,-0.42757780518988064,0.5802923792682537,1500.0,1106.0,3.0,17.0,0.64,0,data_1,data_1_00000009,data_1/00000009.BIN,data_1_00000009_manual_00_quality_00
4.1,926.331455,0.0,-0.985,0.49580061617574195,-0.37788445206601734,0.6472652563747687,1500.0,1106.0,3.0,17.0,0.64,0,data_1,data_1_00000009,data_1/00000009.BIN,data_1_00000009_manual_00_quality_00
4.2,926.431455,0.192,-0.985,0.5329295526310579,-0.3480226696638538,0.6034190387610904,1596.0,1106.0,3.0,17.0,0.64,0,data_1,data_1_00000009,data_1/00000009.BIN,data_1_00000009_manual_00_quality_00
4.3,926.5314549999999,0.192,-0.985,0.5701112496345967,-0.3335598040519007,0.7168734502156779,1596.0,1106.0,3.0,17.0,0.64,0,data_1,data_1_00000009,data_1/00000009.BIN,data_1_00000009_manual_00_quality_00
4.4,926.631455,0.184,-0.985,0.6298841982227303,-0.31519013784589084,0.9090665128323938,1592.0,1106.0,3.0,17.0,0.64,0,data_1,data_1_00000009,data_1/00000009.BIN,data_1_00000009_manual_00_quality_00
4.5,926.731455,0.166,-0.985,0.6895837446197196,-0.29167210635824603,0.7269952597477438,1583.0,1106.0,3.0,17.0,0.64,0,data_1,data_1_00000009,data_1/00000009.BIN,data_1_00000009_manual_00_quality_00
4.6,926.831455,0.166,-0.985,0.7193966151836225,-0.3122543856671131,0.41536465199785166,1583.0,1106.0,3.0,17.0,0.64,0,data_1,data_1_00000009,data_1/00000009.BIN,data_1_00000009_manual_00_quality_00
4.7,926.931455,0.0,-0.985,0.749221163712871,-0.33681121612236814,0.462453661314041,1500.0,1106.0,3.0,17.0,0.64,0,data_1,data_1_00000009,data_1/00000009.BIN,data_1_00000009_manual_00_quality_00
4.8,927.0314549999999,0.0,-0.8425,0.7845949701545383,-0.37254766930121647,0.25443502820249186,1500.0,1163.0,3.0,17.0,0.64,0,data_1,data_1_00000009,data_1/00000009.BIN,data_1_00000009_manual_00_quality_00
4.9,927.131455,0.0,-0.9025,0.81986155948393,-0.41036678645791624,-0.024490683667980722,1500.0,1139.0,3.0,17.0,0.64,0,data_1,data_1_00000009,data_1/00000009.BIN,data_1_00000009_manual_00_quality_00
5.0,927.231455,0.0,-0.985,0.751141082090727,-0.4260137424661198,-0.41147464471851786,1500.0,1106.0,3.0,17.0,0.64,0,data_1,data_1_00000009,data_1/00000009.BIN,data_1_00000009_manual_00_quality_00
5.1,927.331455,0.0,-0.985,0.6824938086048793,-0.43388917539731064,-0.20115230050166777,1500.0,1106.0,3.0,17.0,0.64,0,data_1,data_1_00000009,data_1/00000009.BIN,data_1_00000009_manual_00_quality_00
5.2,927.431455,0.0,-0.985,0.65209998428275,-0.4292235794436741,-0.25714545213885265,1500.0,1106.0,3.0,17.0,0.64,0,data_1,data_1_00000009,data_1/00000009.BIN,data_1_00000009_manual_00_quality_00
5.3,927.5314549999999,0.0,-0.985,0.6216999765811249,-0.4130449937426736,-0.2677321839761799,1500.0,1106.0,3.0,17.0,0.64,0,data_1,data_1_00000009,data_1/00000009.BIN,data_1_00000009_manual_00_quality_00
5.4,927.631455,0.0,-0.73,0.5877928684329171,-0.4097496155871874,-0.10534848223602125,1500.0,1208.0,3.0,17.0,0.64,0,data_1,data_1_00000009,data_1/00000009.BIN,data_1_00000009_manual_00_quality_00
5.5,927.731455,0.0,-0.2275,0.5539148211897693,-0.3972341678647975,-0.05135971528290631,1500.0,1409.0,3.0,17.0,0.64,0,data_1,data_1_00000009,data_1/00000009.BIN,data_1_00000009_manual_00_quality_00
5.6,927.831455,0.0,0.0,0.5361526602970468,-0.3372695153108542,0.08593996047659389,1500.0,1500.0,3.0,17.0,0.64,0,data_1,data_1_00000009,data_1/00000009.BIN,data_1_00000009_manual_00_quality_00
5.7,927.931455,0.0,0.0,0.5183743741064918,-0.2699103646487374,0.15930590867157285,1500.0,1500.0,3.0,17.0,0.64,0,data_1,data_1_00000009,data_1/00000009.BIN,data_1_00000009_manual_00_quality_00
5.8,928.0314549999999,0.0,0.0,0.49324906351908915,-0.24748500362229142,0.0741831619065971,1500.0,1500.0,3.0,17.0,0.64,0,data_1,data_1_00000009,data_1/00000009.BIN,data_1_00000009_manual_00_quality_00
5.9,928.131455,0.0,0.0,0.46811387708089036,-0.2446217429637889,-0.0597599229024116,1500.0,1500.0,3.0,17.0,0.64,0,data_1,data_1_00000009,data_1/00000009.BIN,data_1_00000009_manual_00_quality_00
6.0,928.231455,0.0,0.0,0.4373452231981037,-0.21352704609716086,-0.2135843297716499,1500.0,1500.0,3.0,17.0,0.64,0,data_1,data_1_00000009,data_1/00000009.BIN,data_1_00000009_manual_00_quality_00
6.1,928.331455,0.0,0.0,0.40664119526432674,-0.205698107966424,-0.455750454269565,1500.0,1500.0,3.0,17.0,0.64,0,data_1,data_1_00000009,data_1/00000009.BIN,data_1_00000009_manual_00_quality_00
6.2,928.431455,0.0,0.0,0.4255848098456082,-0.2091532159341187,-0.5597517805476516,1500.0,1500.0,3.0,17.0,0.64,0,data_1,data_1_00000009,data_1/00000009.BIN,data_1_00000009_manual_00_quality_00
6.3,928.5314549999999,0.0,0.2375,0.4444503423434796,-0.18132068705503918,-0.43620514953575645,1500.0,1595.0,3.0,17.0,0.64,0,data_1,data_1_00000009,data_1/00000009.BIN,data_1_00000009_manual_00_quality_00
6.4,928.631455,0.0,0.36,0.4229369188927878,-0.15724522280841943,-0.16432102806399354,1500.0,1644.0,3.0,17.0,0.64,0,data_1,data_1_00000009,data_1/00000009.BIN,data_1_00000009_manual_00_quality_00
6.5,928.731455,0.0,0.5775,0.40141151576563305,-0.14341456958793733,0.017548046492798657,1500.0,1731.0,3.0,17.0,0.64,0,data_1,data_1_00000009,data_1/00000009.BIN,data_1_00000009_manual_00_quality_00
6.6,928.831455,0.0,0.53,0.3713411805549078,-0.11025129309363756,0.03376398995533003,1500.0,1712.0,3.0,17.0,0.64,0,data_1,data_1_00000009,data_1/00000009.BIN,data_1_00000009_manual_00_quality_00
6.7,928.931455,0.0,0.05,0.3412886026494674,-0.09978298317847135,0.07475214345193547,1500.0,1520.0,3.0,17.0,0.64,0,data_1,data_1_00000009,data_1/00000009.BIN,data_1_00000009_manual_00_quality_00
6.8,929.0314549999999,0.0,0.0,0.32027811707053344,-0.11645553011145113,0.013129116627032153,1500.0,1500.0,3.0,17.0,0.64,0,data_1,data_1_00000009,data_1/00000009.BIN,data_1_00000009_manual_00_quality_00
6.9,929.131455,0.166,0.0,0.29926763149157554,-0.13499517513812864,-0.17270426389769686,1583.0,1500.0,3.0,17.0,0.64,0,data_1,data_1_00000009,data_1/00000009.BIN,data_1_00000009_manual_00_quality_00
7.0,929.231455,0.0,0.0,0.3467879993771067,-0.10891048154235017,-0.11777018952851656,1500.0,1500.0,3.0,17.0,0.64,0,data_1,data_1_00000009,data_1/00000009.BIN,data_1_00000009_manual_00_quality_00
7.1,929.331455,0.0,0.0,0.4109693386281238,-0.07117445442993799,-0.094316575335083,1500.0,1500.0,3.0,17.0,0.64,0,data_1,data_1_00000009,data_1/00000009.BIN,data_1_00000009_manual_00_quality_00
7.2,929.431455,0.0,0.0,0.3602544534316656,-0.07141221571518308,-0.06255304397734415,1500.0,1500.0,3.0,17.0,0.64,0,data_1,data_1_00000009,data_1/00000009.BIN,data_1_00000009_manual_00_quality_00
7.3,929.5314549999999,0.0,0.0,0.3096023104239602,-0.08312891521062775,-0.10725741246068464,1500.0,1500.0,3.0,17.0,0.64,0,data_1,data_1_00000009,data_1/00000009.BIN,data_1_00000009_manual_00_quality_00
7.4,929.631455,0.0,0.0,0.2886230596911096,-0.06084166058343564,-0.16316709696165668,1500.0,1500.0,3.0,17.0,0.64,0,data_1,data_1_00000009,data_1/00000009.BIN,data_1_00000009_manual_00_quality_00
7.5,929.731455,0.172,0.0,0.2677799966615464,-0.029777390983797995,-0.09611845441596582,1586.0,1500.0,3.0,17.0,0.64,0,data_1,data_1_00000009,data_1/00000009.BIN,data_1_00000009_manual_00_quality_00
7.6,929.831455,0.184,0.0,0.31388828451305634,-0.019295560410928794,0.22524359122649681,1592.0,1500.0,3.0,17.0,0.64,0,data_1,data_1_00000009,data_1/00000009.BIN,data_1_00000009_manual_00_quality_00
7.7,929.931455,0.192,0.0,0.36008817742968563,-0.010929711297718607,0.43773899221446483,1596.0,1500.0,3.0,17.0,0.64,0,data_1,data_1_00000009,data_1/00000009.BIN,data_1_00000009_manual_00_quality_00
7.8,930.0314549999999,0.21,0.0,0.4812825842110427,-0.00022520702374621767,0.4766447849925,1605.0,1500.0,3.0,17.0,0.64,0,data_1,data_1_00000009,data_1/00000009.BIN,data_1_00000009_manual_00_quality_00
7.9,930.131455,0.216,0.0,0.6025188276980051,0.003893785586833958,0.5095395379684668,1608.0,1500.0,3.0,17.0,0.64,0,data_1,data_1_00000009,data_1/00000009.BIN,data_1_00000009_manual_00_quality_00
8.0,930.231455,0.21,0.0,0.7459668012199421,0.02349849850201464,0.8530953895491152,1605.0,1500.0,3.0,17.0,0.64,0,data_1,data_1_00000009,data_1/00000009.BIN,data_1_00000009_manual_00_quality_00
8.1,930.331455,0.21,0.0,0.889342532229888,0.04278599388175206,1.5293416224029999,1605.0,1500.0,3.0,17.0,0.64,0,data_1,data_1_00000009,data_1/00000009.BIN,data_1_00000009_manual_00_quality_00
8.2,930.431455,0.198,0.0025,0.9710447690314198,0.05376039764057632,1.6608931276448968,1599.0,1501.0,3.0,17.0,0.64,0,data_1,data_1_00000009,data_1/00000009.BIN,data_1_00000009_manual_00_quality_00
8.3,930.5314549999999,0.172,0.59,1.0525335153970776,0.1119326363307372,1.517263542234399,1586.0,1736.0,3.0,17.0,0.64,0,data_1,data_1_00000009,data_1/00000009.BIN,data_1_00000009_manual_00_quality_00
8.4,930.631455,0.0,0.905,1.0142973050576092,0.24388721779497274,1.757039672947949,1500.0,1862.0,3.0,17.0,0.64,0,data_1,data_1_00000009,data_1/00000009.BIN,data_1_00000009_manual_00_quality_00
8.5,930.731455,0.0,0.9575,0.9759168722415577,0.38608134043559217,1.5019444328612972,1500.0,1883.0,3.0,17.0,0.64,0,data_1,data_1_00000009,data_1/00000009.BIN,data_1_00000009_manual_00_quality_00
8.6,930.831455,0.0,0.7,0.8601416959909867,0.42538805992495216,1.6444176662435614,1500.0,1780.0,3.0,17.0,0.64,0,data_1,data_1_00000009,data_1/00000009.BIN,data_1_00000009_manual_00_quality_00
8.7,930.931455,0.0,0.0,0.7446204371521191,0.40436354809937214,1.381915136760294,1500.0,1500.0,3.0,17.0,0.64,0,data_1,data_1_00000009,data_1/00000009.BIN,data_1_00000009_manual_00_quality_00
8.8,931.0314549999999,0.0,0.0,0.7312313139847197,0.3513668427820257,1.087994565236663,1500.0,1500.0,3.0,17.0,0.64,0,data_1,data_1_00000009,data_1/00000009.BIN,data_1_00000009_manual_00_quality_00
8.9,931.131455,0.0,0.0,0.7177839523790546,0.29063462157117526,0.6604326603847963,1500.0,1500.0,3.0,17.0,0.64,0,data_1,data_1_00000009,data_1/00000009.BIN,data_1_00000009_manual_00_quality_00
9.0,931.231455,0.0,0.0,0.6754204818157078,0.2422760057163431,-0.06089135491732661,1500.0,1500.0,3.0,17.0,0.64,0,data_1,data_1_00000009,data_1/00000009.BIN,data_1_00000009_manual_00_quality_00
9.1,931.331455,0.0,0.0,0.633075302939626,0.23222446313695339,-0.5546021766424905,1500.0,1500.0,3.0,17.0,0.64,0,data_1,data_1_00000009,data_1/00000009.BIN,data_1_00000009_manual_00_quality_00
9.2,931.431455,0.0,0.0,0.6060829981398876,0.22073746670939587,-0.8030727391887755,1500.0,1500.0,3.0,17.0,0.64,0,data_1,data_1_00000009,data_1/00000009.BIN,data_1_00000009_manual_00_quality_00
9.3,931.5314549999999,0.0,0.0,0.5791631588162465,0.20459836966721048,-0.9499203853876822,1500.0,1500.0,3.0,17.0,0.64,0,data_1,data_1_00000009,data_1/00000009.BIN,data_1_00000009_manual_00_quality_00
9.4,931.631455,0.0,0.0,0.5875198667427101,0.18971926983562584,-0.9355454177765593,1500.0,1500.0,3.0,17.0,0.64,0,data_1,data_1_00000009,data_1/00000009.BIN,data_1_00000009_manual_00_quality_00
9.5,931.731455,0.0,0.0,0.5958357469216919,0.16772395412877353,-0.5570404217261224,1500.0,1500.0,3.0,17.0,0.64,0,data_1,data_1_00000009,data_1/00000009.BIN,data_1_00000009_manual_00_quality_00
9.6,931.831455,0.0,0.0,0.5836759988222631,0.13549104043324406,-0.06062896531807974,1500.0,1500.0,3.0,17.0,0.64,0,data_1,data_1_00000009,data_1/00000009.BIN,data_1_00000009_manual_00_quality_00
9.7,931.931455,0.0,0.0,0.5715306183160501,0.10466042075116053,0.3502081606388323,1500.0,1500.0,3.0,17.0,0.64,0,data_1,data_1_00000009,data_1/00000009.BIN,data_1_00000009_manual_00_quality_00
9.8,932.0314549999999,0.0,0.0,0.5662125812705705,0.09520821169860724,0.5482144490384973,1500.0,1500.0,3.0,17.0,0.64,0,data_1,data_1_00000009,data_1/00000009.BIN,data_1_00000009_manual_00_quality_00
9.9,932.131455,0.0,0.0,0.5608833719711127,0.062442740970492884,0.45205392926707677,1500.0,1500.0,3.0,17.0,0.64,0,data_1,data_1_00000009,data_1/00000009.BIN,data_1_00000009_manual_00_quality_00
10.0,932.231455,0.0,0.0,0.5484492495904784,0.023710986063756965,0.19824568512339144,1500.0,1500.0,3.0,17.0,0.64,0,data_1,data_1_00000009,data_1/00000009.BIN,data_1_00000009_manual_00_quality_00
10.1,932.331455,0.0,0.0,0.5359808721609979,0.03162175650955936,0.23232990809695012,1500.0,1500.0,3.0,17.0,0.64,0,data_1,data_1_00000009,data_1/00000009.BIN,data_1_00000009_manual_00_quality_00
10.2,932.431455,0.0,0.0,0.5015883851439499,0.03627741707713075,0.363006326593413,1500.0,1500.0,3.0,17.0,0.64,0,data_1,data_1_00000009,data_1/00000009.BIN,data_1_00000009_manual_00_quality_00
10.3,932.5314549999999,0.0,0.0,0.46727252133151354,0.011791843744790928,0.23175311807782,1500.0,1500.0,3.0,17.0,0.64,0,data_1,data_1_00000009,data_1/00000009.BIN,data_1_00000009_manual_00_quality_00
10.4,932.631455,0.0,0.0,0.4670868220869979,-0.006125796022065064,-0.27751012216131665,1500.0,1500.0,3.0,17.0,0.64,0,data_1,data_1_00000009,data_1/00000009.BIN,data_1_00000009_manual_00_quality_00
10.5,932.731455,0.0,0.0,0.4668846355125313,-0.0009291564633265879,-0.5881309647149294,1500.0,1500.0,3.0,17.0,0.64,0,data_1,data_1_00000009,data_1/00000009.BIN,data_1_00000009_manual_00_quality_00
10.6,932.831455,0.0,0.0,0.45881026164754835,0.020751992525099166,-0.3732585996140489,1500.0,1500.0,3.0,17.0,0.64,0,data_1,data_1_00000009,data_1/00000009.BIN,data_1_00000009_manual_00_quality_00
10.7,932.931455,0.0,0.0,0.4507274276917281,0.0408218536965694,-0.08489801253035169,1500.0,1500.0,3.0,16.0,0.64,0,data_1,data_1_00000009,data_1/00000009.BIN,data_1_00000009_manual_00_quality_00
10.8,933.0314549999999,0.0,0.0,0.436610131799596,0.04551774993819802,0.09331296364501704,1500.0,1500.0,3.0,16.0,0.64,0,data_1,data_1_00000009,data_1/00000009.BIN,data_1_00000009_manual_00_quality_00
10.9,933.131455,0.0,0.0,0.4225457125592861,0.03267711905577987,-0.19953678807104552,1500.0,1500.0,3.0,16.0,0.64,0,data_1,data_1_00000009,data_1/00000009.BIN,data_1_00000009_manual_00_quality_00
11.0,933.231455,0.0,0.0,0.4373227619350937,0.0005752592783501403,-0.5675602387738613,1500.0,1500.0,3.0,16.0,0.64,0,data_1,data_1_00000009,data_1/00000009.BIN,data_1_00000009_manual_00_quality_00
11.1,933.331455,0.0,0.0,0.45207858246788235,-0.0029147469811065356,-0.5271844599636044,1500.0,1500.0,3.0,16.0,0.64,0,data_1,data_1_00000009,data_1/00000009.BIN,data_1_00000009_manual_00_quality_00
11.2,933.431455,0.0,0.0,0.412422701047162,0.005075041042429909,-0.07731449368494604,1500.0,1500.0,3.0,16.0,0.64,0,data_1,data_1_00000009,data_1/00000009.BIN,data_1_00000009_manual_00_quality_00
11.3,933.5314549999999,0.0,0.0,0.3728326179911612,0.010222230110715635,0.45562290830432,1500.0,1500.0,3.0,16.0,0.66,0,data_1,data_1_00000009,data_1/00000009.BIN,data_1_00000009_manual_00_quality_00
11.4,933.631455,0.0,0.2075,0.36511769030603614,0.01654976418316553,0.6475277751631229,1500.0,1583.0,3.0,16.0,0.66,0,data_1,data_1_00000009,data_1/00000009.BIN,data_1_00000009_manual_00_quality_00
11.5,933.731455,0.0,0.4625,0.35742094743903596,0.002648414465835358,0.22337527376349933,1500.0,1685.0,3.0,16.0,0.66,0,data_1,data_1_00000009,data_1/00000009.BIN,data_1_00000009_manual_00_quality_00
11.6,933.831455,0.0,0.54,0.36182923184018073,0.004505263568558979,-0.21603423022245458,1500.0,1716.0,3.0,16.0,0.66,0,data_1,data_1_00000009,data_1/00000009.BIN,data_1_00000009_manual_00_quality_00
11.7,933.931455,0.0,0.0,0.36618328380077036,0.02698415653969963,-0.41816165434410557,1500.0,1500.0,3.0,17.0,0.66,0,data_1,data_1_00000009,data_1/00000009.BIN,data_1_00000009_manual_00_quality_00
11.8,934.0314549999999,0.0,0.0,0.3349123310113051,0.047348703651819805,-0.12028298608072853,1500.0,1500.0,3.0,17.0,0.66,0,data_1,data_1_00000009,data_1/00000009.BIN,data_1_00000009_manual_00_quality_00
11.9,934.131455,0.0,0.0,0.3037459761842983,0.05556138392887005,0.350314699852548,1500.0,1500.0,3.0,17.0,0.66,0,data_1,data_1_00000009,data_1/00000009.BIN,data_1_00000009_manual_00_quality_00
12.0,934.231455,0.0,0.0,0.32349841974903903,0.052520800086694006,0.24004205677488763,1500.0,1500.0,3.0,17.0,0.66,0,data_1,data_1_00000009,data_1/00000009.BIN,data_1_00000009_manual_00_quality_00
12.1,934.331455,0.0,0.0,0.3432814898509783,0.040544397142095304,-0.5351706461101313,1500.0,1500.0,3.0,17.0,0.66,0,data_1,data_1_00000009,data_1/00000009.BIN,data_1_00000009_manual_00_quality_00
12.2,934.431455,0.178,0.0,0.38023985318969394,0.026039791116312234,-1.0002139009585835,1589.0,1500.0,3.0,17.0,0.66,0,data_1,data_1_00000009,data_1/00000009.BIN,data_1_00000009_manual_00_quality_00
12.3,934.5314549999999,0.178,0.0,0.4171598284498115,0.03888963728258577,-0.5810249450831736,1589.0,1500.0,3.0,17.0,0.64,0,data_1,data_1_00000009,data_1/00000009.BIN,data_1_00000009_manual_00_quality_00
12.4,934.631455,0.184,0.0,0.43012564268148423,0.050902150588657186,0.41960371834192156,1592.0,1500.0,3.0,17.0,0.64,0,data_1,data_1_00000009,data_1/00000009.BIN,data_1_00000009_manual_00_quality_00
12.5,934.731455,0.18,0.0,0.44324169805261404,0.07465294815253237,1.5637458637188746,1590.0,1500.0,3.0,17.0,0.64,0,data_1,data_1_00000009,data_1/00000009.BIN,data_1_00000009_manual_00_quality_00
12.6,934.831455,0.0,0.0,0.5383064955974187,0.1070584552085686,1.81914636757784,1500.0,1500.0,3.0,17.0,0.64,0,data_1,data_1_00000009,data_1/00000009.BIN,data_1_00000009_manual_00_quality_00
12.7,934.931455,0.0,0.0,0.6331740860710168,0.08036453265281636,0.8571207185060267,1500.0,1500.0,3.0,17.0,0.64,0,data_1,data_1_00000009,data_1/00000009.BIN,data_1_00000009_manual_00_quality_00
12.8,935.0314549999999,0.0,-0.2025,0.5853352088207359,0.045408649900176415,-0.04966771334590606,1500.0,1419.0,3.0,17.0,0.64,0,data_1,data_1_00000009,data_1/00000009.BIN,data_1_00000009_manual_00_quality_00
12.9,935.131455,0.0,-0.755,0.5375863454981933,0.045825172160532744,0.059424727638072085,1500.0,1198.0,3.0,17.0,0.64,0,data_1,data_1_00000009,data_1/00000009.BIN,data_1_00000009_manual_00_quality_00
13.0,935.231455,0.0,-0.985,0.5371232197239174,0.008320311741515016,0.4096470925172113,1500.0,1106.0,3.0,17.0,0.64,0,data_1,data_1_00000009,data_1/00000009.BIN,data_1_00000009_manual_00_quality_00
13.1,935.331455,0.0,-0.985,0.5366565808310375,-0.03210122232201664,-0.10615875219631239,1500.0,1106.0,3.0,17.0,0.64,0,data_1,data_1_00000009,data_1/00000009.BIN,data_1_00000009_manual_00_quality_00
13.2,935.431455,0.0,-0.8575,0.5343346621444042,-0.06586422599880389,-1.3572900626430386,1500.0,1157.0,3.0,17.0,0.64,0,data_1,data_1_00000009,data_1/00000009.BIN,data_1_00000009_manual_00_quality_00
13.3,935.5314549999999,0.0,-0.845,0.53197491819826,-0.09305409708675955,-1.4181625222859957,1500.0,1162.0,3.0,16.0,0.66,0,data_1,data_1_00000009,data_1/00000009.BIN,data_1_00000009_manual_00_quality_00
13.4,935.631455,0.0,-0.97,0.5089834587931503,-0.07773147281257235,-0.5716735290357158,1500.0,1112.0,3.0,16.0,0.66,0,data_1,data_1_00000009,data_1/00000009.BIN,data_1_00000009_manual_00_quality_00
13.5,935.731455,0.0,-0.3375,0.48603302438916957,-0.06281681580087467,0.7652537841686364,1500.0,1365.0,3.0,16.0,0.66,0,data_1,data_1_00000009,data_1/00000009.BIN,data_1_00000009_manual_00_quality_00
13.6,935.831455,0.0,-0.12,0.48305376066292216,-0.07591844233177984,1.1678084664749102,1500.0,1452.0,3.0,16.0,0.66,0,data_1,data_1_00000009,data_1/00000009.BIN,data_1_00000009_manual_00_quality_00
13.7,935.931455,0.0,0.0,0.480099334474983,-0.10567305778107684,-0.28178162113318017,1500.0,1500.0,3.0,16.0,0.66,0,data_1,data_1_00000009,data_1/00000009.BIN,data_1_00000009_manual_00_quality_00
13.8,936.0314549999999,0.0,0.0,0.49005628861198725,-0.11574978063833516,-1.106883615739179,1500.0,1500.0,3.0,16.0,0.66,0,data_1,data_1_00000009,data_1/00000009.BIN,data_1_00000009_manual_00_quality_00
13.9,936.131455,0.0,0.0,0.4999129245850557,-0.07613624773666641,-0.28025329493362744,1500.0,1500.0,3.0,16.0,0.66,0,data_1,data_1_00000009,data_1/00000009.BIN,data_1_00000009_manual_00_quality_00
14.0,936.231455,0.0,-0.27,0.43444268778742146,-0.05936777628613739,0.7154351896035045,1500.0,1392.0,3.0,16.0,0.66,0,data_1,data_1_00000009,data_1/00000009.BIN,data_1_00000009_manual_00_quality_00
14.1,936.331455,0.0,-0.985,0.3691310104066367,-0.0696103056598339,0.9342412935925124,1500.0,1106.0,3.0,16.0,0.66,0,data_1,data_1_00000009,data_1/00000009.BIN,data_1_00000009_manual_00_quality_00
14.2,936.431455,0.0,-0.985,0.3875546449679641,-0.08296784951840833,-0.006242295798557698,1500.0,1106.0,3.0,16.0,0.66,0,data_1,data_1_00000009,data_1/00000009.BIN,data_1_00000009_manual_00_quality_00
14.3,936.5314549999999,0.0,-0.985,0.40589152418998037,-0.11252583184268167,-1.1866235993327252,1500.0,1106.0,3.0,16.0,0.66,0,data_1,data_1_00000009,data_1/00000009.BIN,data_1_00000009_manual_00_quality_00
14.4,936.631455,0.0,-0.985,0.3854114191403902,-0.14568691026183458,-1.1623874977754964,1500.0,1106.0,3.0,16.0,0.66,0,data_1,data_1_00000009,data_1/00000009.BIN,data_1_00000009_manual_00_quality_00
14.5,936.731455,0.0,-0.985,0.36494013940217196,-0.12310602375486566,0.12562498877958528,1500.0,1106.0,3.0,16.0,0.66,0,data_1,data_1_00000009,data_1/00000009.BIN,data_1_00000009_manual_00_quality_00
14.6,936.831455,0.0,-0.985,0.34898583505699815,-0.09999257491911451,0.8998519835129061,1500.0,1106.0,3.0,16.0,0.66,0,data_1,data_1_00000009,data_1/00000009.BIN,data_1_00000009_manual_00_quality_00
14.7,936.931455,0.0,-0.58,0.3331148228540749,-0.10973118554978968,0.14405805339734337,1500.0,1268.0,3.0,16.0,0.66,0,data_1,data_1_00000009,data_1/00000009.BIN,data_1_00000009_manual_00_quality_00
14.8,937.0314549999999,0.0,-0.505,0.35739826837947153,-0.15143184690033007,-1.1831895082178363,1500.0,1298.0,3.0,16.0,0.66,0,data_1,data_1_00000009,data_1/00000009.BIN,data_1_00000009_manual_00_quality_00
14.9,937.131455,0.0,-0.505,0.38153643795031544,-0.1478351192670129,-1.2456664274126397,1500.0,1298.0,3.0,16.0,0.66,0,data_1,data_1_00000009,data_1/00000009.BIN,data_1_00000009_manual_00_quality_00
15.0,937.231455,0.0,-0.3925,0.31269427153374707,-0.12586094785745683,-0.2631431937496149,1500.0,1343.0,3.0,16.0,0.66,0,data_1,data_1_00000009,data_1/00000009.BIN,data_1_00000009_manual_00_quality_00
15.1,937.331455,0.0,-0.2175,0.2440305966106531,-0.11756607789312633,0.6547061271640982,1500.0,1413.0,3.0,16.0,0.66,0,data_1,data_1_00000009,data_1/00000009.BIN,data_1_00000009_manual_00_quality_00
15.2,937.431455,0.0,0.0,0.2657932492362722,-0.11963810759267829,0.6979923307401388,1500.0,1500.0,3.0,16.0,0.66,0,data_1,data_1_00000009,data_1/00000009.BIN,data_1_00000009_manual_00_quality_00
15.3,937.5314549999999,0.0,0.0,0.2875455445841449,-0.11838267129795904,-0.061981823232770746,1500.0,1500.0,3.0,16.0,0.66,0,data_1,data_1_00000009,data_1/00000009.BIN,data_1_00000009_manual_00_quality_00
15.4,937.631455,0.0,0.0,0.3039967727360915,-0.12115809170914493,-0.8616612352883939,1500.0,1500.0,3.0,16.0,0.66,0,data_1,data_1_00000009,data_1/00000009.BIN,data_1_00000009_manual_00_quality_00
15.5,937.731455,0.0,0.0,0.32037689622286836,-0.10791579175331123,-0.8676969098026415,1500.0,1500.0,3.0,16.0,0.66,0,data_1,data_1_00000009,data_1/00000009.BIN,data_1_00000009_manual_00_quality_00
15.6,937.831455,0.0,0.0,0.28296095379487024,-0.09077978173223845,-0.29533411629255857,1500.0,1500.0,3.0,16.0,0.66,0,data_1,data_1_00000009,data_1/00000009.BIN,data_1_00000009_manual_00_quality_00
15.7,937.931455,0.0,0.0,0.2456663008533992,-0.07634141295628406,0.17888064298440892,1500.0,1500.0,3.0,16.0,0.66,0,data_1,data_1_00000009,data_1/00000009.BIN,data_1_00000009_manual_00_quality_00
15.8,938.0314549999999,0.0,0.0,0.27077071227999727,-0.058394874216345434,-0.059892064406112,1500.0,1500.0,3.0,16.0,0.66,0,data_1,data_1_00000009,data_1/00000009.BIN,data_1_00000009_manual_00_quality_00
15.9,938.131455,0.0,0.0,0.29584271764564546,-0.05574665269627375,-0.7901120609180958,1500.0,1500.0,3.0,16.0,0.66,0,data_1,data_1_00000009,data_1/00000009.BIN,data_1_00000009_manual_00_quality_00
16.0,938.231455,0.0,0.0,0.29276794559726543,-0.07205719397246321,-1.1162074376301396,1500.0,1500.0,3.0,16.0,0.66,0,data_1,data_1_00000009,data_1/00000009.BIN,data_1_00000009_manual_00_quality_00
16.1,938.331455,0.0,0.0,0.28964608172427236,-0.07525770405103256,-0.5344856489964775,1500.0,1500.0,3.0,16.0,0.66,0,data_1,data_1_00000009,data_1/00000009.BIN,data_1_00000009_manual_00_quality_00
16.2,938.431455,0.0,0.0,0.2573217291796597,-0.06028046993572258,0.38487014795048163,1500.0,1500.0,3.0,16.0,0.66,0,data_1,data_1_00000009,data_1/00000009.BIN,data_1_00000009_manual_00_quality_00
16.3,938.5314549999999,0.0,0.0,0.22506782391842511,-0.04030016187053326,0.7358963062222242,1500.0,1500.0,3.0,17.0,0.66,0,data_1,data_1_00000009,data_1/00000009.BIN,data_1_00000009_manual_00_quality_00
16.4,938.631455,0.0,0.0,0.2318808510325706,-0.04251154323365009,0.08556534746907911,1500.0,1500.0,3.0,17.0,0.66,0,data_1,data_1_00000009,data_1/00000009.BIN,data_1_00000009_manual_00_quality_00
16.5,938.731455,0.0,0.0,0.23866268169295796,-0.05943985453827035,-0.907438905903402,1500.0,1500.0,3.0,17.0,0.66,0,data_1,data_1_00000009,data_1/00000009.BIN,data_1_00000009_manual_00_quality_00
16.6,938.831455,0.0,0.0,0.2304774137259925,-0.06660272112992743,-1.0625458522154816,1500.0,1500.0,3.0,17.0,0.66,0,data_1,data_1_00000009,data_1/00000009.BIN,data_1_00000009_manual_00_quality_00
16.7,938.931455,0.0,0.0,0.22227354143017825,-0.05961714098510396,-0.48098073748447623,1500.0,1500.0,3.0,17.0,0.66,0,data_1,data_1_00000009,data_1/00000009.BIN,data_1_00000009_manual_00_quality_00
16.8,939.0314549999999,0.0,0.0,0.204692147785276,-0.045049132408193776,-0.0027972520127263097,1500.0,1500.0,3.0,17.0,0.66,0,data_1,data_1_00000009,data_1/00000009.BIN,data_1_00000009_manual_00_quality_00
16.9,939.131455,0.0,0.0,0.18714180735911534,-0.036431336644797106,-0.06449154049179771,1500.0,1500.0,3.0,17.0,0.66,0,data_1,data_1_00000009,data_1/00000009.BIN,data_1_00000009_manual_00_quality_00
17.0,939.231455,0.0,0.0,0.19656321265209545,-0.03634819395946079,-0.4981601876920493,1500.0,1500.0,3.0,17.0,0.66,0,data_1,data_1_00000009,data_1/00000009.BIN,data_1_00000009_manual_00_quality_00
17.1,939.331455,0.0,0.0,0.20595546672679996,-0.057511631117557485,-0.562559871090269,1500.0,1500.0,3.0,17.0,0.66,0,data_1,data_1_00000009,data_1/00000009.BIN,data_1_00000009_manual_00_quality_00
17.2,939.431455,0.0,0.0,0.1910841901311428,-0.061124959151214193,-0.23330503677479114,1500.0,1500.0,3.0,17.0,0.66,0,data_1,data_1_00000009,data_1/00000009.BIN,data_1_00000009_manual_00_quality_00
17.3,939.5314549999999,0.0,0.0625,0.1762380524791299,-0.045191505231146636,0.09782328376359715,1500.0,1525.0,3.0,17.0,0.64,0,data_1,data_1_00000009,data_1/00000009.BIN,data_1_00000009_manual_00_quality_00
17.4,939.631455,0.0,0.2375,0.17598244079102113,-0.03461174976888961,0.08200560750526223,1500.0,1595.0,3.0,17.0,0.64,0,data_1,data_1_00000009,data_1/00000009.BIN,data_1_00000009_manual_00_quality_00
17.5,939.731455,0.0,0.315,0.17572720974941528,-0.03337766057464678,-0.29774086148814916,1500.0,1626.0,3.0,17.0,0.64,0,data_1,data_1_00000009,data_1/00000009.BIN,data_1_00000009_manual_00_quality_00
17.6,939.831455,0.0,0.58,0.17587654114955661,-0.03883119171011219,-0.7213444032594062,1500.0,1732.0,3.0,17.0,0.64,0,data_1,data_1_00000009,data_1/00000009.BIN,data_1_00000009_manual_00_quality_00
17.7,939.931455,0.0,0.685,0.17601167296712386,-0.03623914858539777,-0.8715795992258222,1500.0,1774.0,3.0,17.0,0.64,0,data_1,data_1_00000009,data_1/00000009.BIN,data_1_00000009_manual_00_quality_00
17.8,940.0314549999999,0.0,0.705,0.1688037076998675,-0.017402414937920285,-0.6776211558567004,1500.0,1782.0,3.0,17.0,0.64,0,data_1,data_1_00000009,data_1/00000009.BIN,data_1_00000009_manual_00_quality_00
17.9,940.131455,0.0,0.9275,0.16159882285771185,-0.003077386254403931,-0.28044737660957597,1500.0,1871.0,3.0,17.0,0.64,0,data_1,data_1_00000009,data_1/00000009.BIN,data_1_00000009_manual_00_quality_00
18.0,940.231455,0.0,1.0,0.1562691655845232,-0.01008011768104609,-0.0027474895607307813,1500.0,1900.0,3.0,17.0,0.64,0,data_1,data_1_00000009,data_1/00000009.BIN,data_1_00000009_manual_00_quality_00
18.1,940.331455,0.0,1.0,0.15094731250122165,-0.009315424775613994,-0.05167521246805938,1500.0,1900.0,3.0,17.0,0.64,0,data_1,data_1_00000009,data_1/00000009.BIN,data_1_00000009_manual_00_quality_00
18.2,940.431455,0.0,0.99,0.14946208374277706,0.0029480615984030308,-0.33457767577259806,1500.0,1896.0,3.0,17.0,0.64,0,data_1,data_1_00000009,data_1/00000009.BIN,data_1_00000009_manual_00_quality_00
18.3,940.5314549999999,0.0,0.71,0.14797300510626682,0.009799602948330323,-0.5675850012238404,1500.0,1784.0,3.0,17.0,0.64,0,data_1,data_1_00000009,data_1/00000009.BIN,data_1_00000009_manual_00_quality_00
18.4,940.631455,0.0,0.5375,0.14450330311688755,-0.00939471306959739,-0.44478125743606167,1500.0,1715.0,3.0,17.0,0.64,0,data_1,data_1_00000009,data_1/00000009.BIN,data_1_00000009_manual_00_quality_00
18.5,940.731455,0.0,0.0,0.14104307885431452,-0.0208417050230077,-0.17658082916864729,1500.0,1500.0,3.0,17.0,0.64,0,data_1,data_1_00000009,data_1/00000009.BIN,data_1_00000009_manual_00_quality_00
18.6,940.831455,0.0,0.0,0.14364884276844028,0.0017986743584039772,-0.19397888466900293,1500.0,1500.0,3.0,17.0,0.64,0,data_1,data_1_00000009,data_1/00000009.BIN,data_1_00000009_manual_00_quality_00
18.7,940.931455,0.0,0.0,0.14624971701185907,0.009789269933218698,-0.4066102733258129,1500.0,1500.0,3.0,17.0,0.64,0,data_1,data_1_00000009,data_1/00000009.BIN,data_1_00000009_manual_00_quality_00
18.8,941.0314549999999,0.0,0.0,0.14621241567877977,-0.01472319877592844,-0.3802895226343309,1500.0,1500.0,3.0,17.0,0.64,0,data_1,data_1_00000009,data_1/00000009.BIN,data_1_00000009_manual_00_quality_00
18.9,941.131455,0.0,0.11,0.14617511434570044,-0.015274978324613856,-0.24903463320773148,1500.0,1544.0,3.0,17.0,0.64,0,data_1,data_1_00000009,data_1/00000009.BIN,data_1_00000009_manual_00_quality_00
19.0,941.231455,0.216,0.1525,0.13788591888726928,0.00119560762049465,-0.1755286351161457,1608.0,1561.0,3.0,17.0,0.64,0,data_1,data_1_00000009,data_1/00000009.BIN,data_1_00000009_manual_00_quality_00
19.1,941.331455,0.216,0.1875,0.1276411573302973,-0.0014829927713754484,-0.2683088439073745,1608.0,1575.0,3.0,17.0,0.64,0,data_1,data_1_00000009,data_1/00000009.BIN,data_1_00000009_manual_00_quality_00
19.2,941.431455,0.216,0.2725,0.16209157945143493,0.00183277242045441,-0.0986663367629933,1608.0,1609.0,3.0,17.0,0.64,0,data_1,data_1_00000009,data_1/00000009.BIN,data_1_00000009_manual_00_quality_00
19.3,941.5314549999999,0.216,0.29,0.19674042298337582,0.019785445138277822,0.0820069514833575,1608.0,1616.0,3.0,17.0,0.64,0,data_1,data_1_00000009,data_1/00000009.BIN,data_1_00000009_manual_00_quality_00
19.4,941.631455,0.232,0.36,0.32798177725246014,0.03889298457730492,0.3836380952991426,1616.0,1644.0,3.0,17.0,0.64,0,data_1,data_1_00000009,data_1/00000009.BIN,data_1_00000009_manual_00_quality_00
19.5,941.731455,0.216,0.4,0.45918585871727763,0.08463175670022668,0.6546487152448083,1608.0,1660.0,3.0,17.0,0.64,0,data_1,data_1_00000009,data_1/00000009.BIN,data_1_00000009_manual_00_quality_00
19.6,941.831455,0.0,0.415,0.56850203400916,0.15519507417131653,0.6790359172171807,1500.0,1666.0,3.0,17.0,0.64,0,data_1,data_1_00000009,data_1/00000009.BIN,data_1_00000009_manual_00_quality_00
19.7,941.931455,0.0,0.64,0.6775064661362973,0.22274375145197,0.6985885119357321,1500.0,1756.0,3.0,17.0,0.64,0,data_1,data_1_00000009,data_1/00000009.BIN,data_1_00000009_manual_00_quality_00
19.8,942.0314549999999,0.0,0.93,0.6444741643857167,0.24381988573420996,0.7383794255967497,1500.0,1872.0,3.0,17.0,0.64,0,data_1,data_1_00000009,data_1/00000009.BIN,data_1_00000009_manual_00_quality_00
19.9,942.131455,0.0,1.0,0.6114084924005558,0.28114473391696015,0.6637990711522446,1500.0,1900.0,3.0,17.0,0.64,0,data_1,data_1_00000009,data_1/00000009.BIN,data_1_00000009_manual_00_quality_00
20.0,942.231455,0.0,1.0,0.562485602766713,0.3162989195465864,0.12175488714135582,1500.0,1900.0,3.0,17.0,0.64,0,data_1,data_1_00000009,data_1/00000009.BIN,data_1_00000009_manual_00_quality_00
20.1,942.331455,0.0,0.405,0.5136259779738468,0.30902973691817637,-0.6331154469033689,1500.0,1662.0,3.0,17.0,0.64,0,data_1,data_1_00000009,data_1/00000009.BIN,data_1_00000009_manual_00_quality_00
20.2,942.431455,0.0,0.0,0.5052574735655713,0.27009645931051046,-0.8983142458393235,1500.0,1500.0,3.0,17.0,0.64,0,data_1,data_1_00000009,data_1/00000009.BIN,data_1_00000009_manual_00_quality_00
20.3,942.5314549999999,0.0,0.0,0.4969931409900346,0.24967872991660534,-0.70253461711536,1500.0,1500.0,3.0,17.0,0.64,0,data_1,data_1_00000009,data_1/00000009.BIN,data_1_00000009_manual_00_quality_00
20.4,942.631455,0.0,0.0,0.5384676187663223,0.22987150245172028,-0.5102888001736865,1500.0,1500.0,3.0,17.0,0.64,0,data_1,data_1_00000009,data_1/00000009.BIN,data_1_00000009_manual_00_quality_00
20.5,942.731455,0.0,0.0,0.5797942576650272,0.1946972818362576,-0.3946438629719034,1500.0,1500.0,3.0,17.0,0.64,0,data_1,data_1_00000009,data_1/00000009.BIN,data_1_00000009_manual_00_quality_00
20.6,942.831455,0.0,0.0,0.5353158996475383,0.15858681902563204,-0.30153200411458325,1500.0,1500.0,3.0,17.0,0.64,0,data_1,data_1_00000009,data_1/00000009.BIN,data_1_00000009_manual_00_quality_00
20.7,942.931455,0.0,-0.8425,0.49085529249981097,0.1325179540075556,-0.24450541031849407,1500.0,1163.0,3.0,17.0,0.64,0,data_1,data_1_00000009,data_1/00000009.BIN,data_1_00000009_manual_00_quality_00
20.8,943.0314549999999,0.0,-0.985,0.4614200444442419,0.09442879922036913,-0.20678669903479258,1500.0,1106.0,3.0,17.0,0.64,0,data_1,data_1_00000009,data_1/00000009.BIN,data_1_00000009_manual_00_quality_00
20.9,943.131455,0.0,-0.985,0.43199730322813756,0.0505076796876253,-0.2863312569665397,1500.0,1106.0,3.0,17.0,0.64,0,data_1,data_1_00000009,data_1/00000009.BIN,data_1_00000009_manual_00_quality_00
21.0,943.231455,0.0,-0.985,0.410899948173443,0.01869436503149083,-0.306650705559227,1500.0,1106.0,3.0,17.0,0.64,0,data_1,data_1_00000009,data_1/00000009.BIN,data_1_00000009_manual_00_quality_00
21.1,943.331455,0.0,-0.53,0.38985084648080487,-0.002356580663466385,-0.2104016251274553,1500.0,1288.0,3.0,17.0,0.64,0,data_1,data_1_00000009,data_1/00000009.BIN,data_1_00000009_manual_00_quality_00
21.2,943.431455,0.0,0.0,0.3952663277215754,-0.007636276141447517,-0.11797594608036001,1500.0,1500.0,3.0,17.0,0.64,0,data_1,data_1_00000009,data_1/00000009.BIN,data_1_00000009_manual_00_quality_00
21.3,943.5314549999999,0.0,0.0,0.40063102220612234,-0.01025304173533265,-0.07423814394960906,1500.0,1500.0,3.0,17.0,0.64,0,data_1,data_1_00000009,data_1/00000009.BIN,data_1_00000009_manual_00_quality_00
21.4,943.631455,0.0,0.0,0.3812724760161885,-0.013438618205616025,-0.12754325590588178,1500.0,1500.0,3.0,17.0,0.64,0,data_1,data_1_00000009,data_1/00000009.BIN,data_1_00000009_manual_00_quality_00
21.5,943.731455,0.0,0.0,0.3619848409676606,-0.012588782581835028,-0.1935313246712569,1500.0,1500.0,3.0,17.0,0.64,0,data_1,data_1_00000009,data_1/00000009.BIN,data_1_00000009_manual_00_quality_00
21.6,943.831455,0.0,0.0,0.3789909826852141,-0.018740481401597228,-0.30573020629782127,1500.0,1500.0,3.0,17.0,0.64,0,data_1,data_1_00000009,data_1/00000009.BIN,data_1_00000009_manual_00_quality_00
21.7,943.931455,0.0,0.0,0.395940799273582,-0.012169822110608181,-0.7047403777841167,1500.0,1500.0,3.0,17.0,0.64,0,data_1,data_1_00000009,data_1/00000009.BIN,data_1_00000009_manual_00_quality_00
21.8,944.0314549999999,0.0,0.0,0.36752344972267886,0.0026376597710887724,-0.8838109060551852,1500.0,1500.0,3.0,17.0,0.64,0,data_1,data_1_00000009,data_1/00000009.BIN,data_1_00000009_manual_00_quality_00
21.9,944.131455,0.0,0.0,0.33919444733624615,-0.004310173498286333,-0.6174397112432318,1500.0,1500.0,3.0,17.0,0.64,0,data_1,data_1_00000009,data_1/00000009.BIN,data_1_00000009_manual_00_quality_00
22.0,944.231455,0.0,0.0,0.35931949586497836,-0.008755043329686726,-0.1921004431256498,1500.0,1500.0,3.0,17.0,0.64,0,data_1,data_1_00000009,data_1/00000009.BIN,data_1_00000009_manual_00_quality_00
22.1,944.331455,0.0,-0.345,0.3794024195937736,-0.015046644846623242,-0.01789274105457124,1500.0,1362.0,3.0,17.0,0.64,0,data_1,data_1_00000009,data_1/00000009.BIN,data_1_00000009_manual_00_quality_00
22.2,944.431455,0.0,-0.9175,0.3704758819539998,-0.022793950664334216,-0.06752394184573124,1500.0,1133.0,3.0,17.0,0.64,0,data_1,data_1_00000009,data_1/00000009.BIN,data_1_00000009_manual_00_quality_00
22.3,944.5314549999999,0.0,-0.985,0.3615404768030369,-0.05297074573252616,-0.17056770330669077,1500.0,1106.0,3.0,17.0,0.64,0,data_1,data_1_00000009,data_1/00000009.BIN,data_1_00000009_manual_00_quality_00
22.4,944.631455,0.0,-0.94,0.34787195456430553,-0.07986305577966413,-0.2447549246527065,1500.0,1124.0,3.0,17.0,0.64,0,data_1,data_1_00000009,data_1/00000009.BIN,data_1_00000009_manual_00_quality_00
22.5,944.731455,0.0,-0.09,0.3342351086600658,-0.08714075526347917,-0.28061017760674417,1500.0,1464.0,3.0,17.0,0.64,0,data_1,data_1_00000009,data_1/00000009.BIN,data_1_00000009_manual_00_quality_00
22.6,944.831455,0.0,0.0,0.33750580272858166,-0.07954579834122026,-0.33022234801014494,1500.0,1500.0,3.0,17.0,0.64,0,data_1,data_1_00000009,data_1/00000009.BIN,data_1_00000009_manual_00_quality_00
22.7,944.931455,0.0,0.0,0.3407597279449412,-0.07439692741639699,-0.2890909869792136,1500.0,1500.0,3.0,17.0,0.64,0,data_1,data_1_00000009,data_1/00000009.BIN,data_1_00000009_manual_00_quality_00
22.8,945.0314549999999,0.0,0.0,0.3336792787099953,-0.07550274385319979,-0.2713726901171568,1500.0,1500.0,3.0,17.0,0.64,0,data_1,data_1_00000009,data_1/00000009.BIN,data_1_00000009_manual_00_quality_00
22.9,945.131455,0.0,0.0,0.32659270779483146,-0.06612054883942962,-0.4441125364449828,1500.0,1500.0,3.0,17.0,0.64,0,data_1,data_1_00000009,data_1/00000009.BIN,data_1_00000009_manual_00_quality_00
23.0,945.231455,0.0,0.0,0.3164360373481466,-0.051758123877594195,-0.5898242221409733,1500.0,1500.0,3.0,17.0,0.64,0,data_1,data_1_00000009,data_1/00000009.BIN,data_1_00000009_manual_00_quality_00
23.1,945.331455,0.0,0.0,0.30627464941474264,-0.0520153746518062,-0.49595973087519,1500.0,1500.0,3.0,17.0,0.64,0,data_1,data_1_00000009,data_1/00000009.BIN,data_1_00000009_manual_00_quality_00
23.2,945.431455,0.0,0.0,0.2934375887869035,-0.06232931238914967,-0.29391753032873014,1500.0,1500.0,3.0,17.0,0.64,0,data_1,data_1_00000009,data_1/00000009.BIN,data_1_00000009_manual_00_quality_00
23.3,945.5314549999999,0.0,0.0,0.2806245977823307,-0.053884447223053036,-0.20410814084499507,1500.0,1500.0,3.0,17.0,0.64,0,data_1,data_1_00000009,data_1/00000009.BIN,data_1_00000009_manual_00_quality_00
23.4,945.631455,0.0,0.0,0.2885372123832534,-0.04457119380345085,-0.16989914357136252,1500.0,1500.0,3.0,17.0,0.64,0,data_1,data_1_00000009,data_1/00000009.BIN,data_1_00000009_manual_00_quality_00
23.5,945.731455,0.0,0.0,0.29639634906919715,-0.051969536023522014,-0.09806644507205968,1500.0,1500.0,3.0,17.0,0.64,0,data_1,data_1_00000009,data_1/00000009.BIN,data_1_00000009_manual_00_quality_00
23.6,945.831455,0.0,0.0,0.2747631542890947,-0.05319179564285223,-0.13474074989674972,1500.0,1500.0,3.0,17.0,0.64,0,data_1,data_1_00000009,data_1/00000009.BIN,data_1_00000009_manual_00_quality_00
23.7,945.931455,0.0,0.0,0.2531626231701473,-0.04998375973389943,-0.41844889682608544,1500.0,1500.0,3.0,17.0,0.64,0,data_1,data_1_00000009,data_1/00000009.BIN,data_1_00000009_manual_00_quality_00
23.8,946.0314549999999,0.0,0.0,0.25502846519389094,-0.05308812940163888,-0.6232916717176961,1500.0,1500.0,3.0,17.0,0.64,0,data_1,data_1_00000009,data_1/00000009.BIN,data_1_00000009_manual_00_quality_00
23.9,946.131455,0.0,0.0,0.2568772241073454,-0.04815315009325809,-0.47325542488530603,1500.0,1500.0,3.0,17.0,0.64,0,data_1,data_1_00000009,data_1/00000009.BIN,data_1_00000009_manual_00_quality_00
24.0,946.231455,0.0,0.0,0.24898128882253495,-0.04007883222979175,-0.23885566553635607,1500.0,1500.0,3.0,17.0,0.64,0,data_1,data_1_00000009,data_1/00000009.BIN,data_1_00000009_manual_00_quality_00
24.1,946.331455,0.0,0.0,0.24111438317189007,-0.043888145670890596,-0.2920061172888795,1500.0,1500.0,3.0,17.0,0.64,0,data_1,data_1_00000009,data_1/00000009.BIN,data_1_00000009_manual_00_quality_00
24.2,946.431455,0.0,0.0,0.2493460224234838,-0.045627658981948316,-0.30024553982137786,1500.0,1500.0,3.0,17.0,0.64,0,data_1,data_1_00000009,data_1/00000009.BIN,data_1_00000009_manual_00_quality_00
24.3,946.5314549999999,0.0,0.0,0.25755478122264897,-0.03808862273615156,-0.16797490518378572,1500.0,1500.0,3.0,17.0,0.64,0,data_1,data_1_00000009,data_1/00000009.BIN,data_1_00000009_manual_00_quality_00
24.4,946.631455,0.0,0.0,0.2552908000938661,-0.039199264380536634,-0.1156401146483621,1500.0,1500.0,3.0,17.0,0.64,0,data_1,data_1_00000009,data_1/00000009.BIN,data_1_00000009_manual_00_quality_00
24.5,946.731455,0.0,0.0,0.25300426046521773,-0.04666059834919826,-0.2880424833325232,1500.0,1500.0,3.0,17.0,0.64,0,data_1,data_1_00000009,data_1/00000009.BIN,data_1_00000009_manual_00_quality_00
24.6,946.831455,0.0,0.0,0.24014943433065425,-0.04217550824947527,-0.5240244445245933,1500.0,1500.0,3.0,17.0,0.64,0,data_1,data_1_00000009,data_1/00000009.BIN,data_1_00000009_manual_00_quality_00
24.7,946.931455,0.0,0.0,0.22730293886717112,-0.04187857779387098,-0.5331834696077958,1500.0,1500.0,3.0,17.0,0.64,0,data_1,data_1_00000009,data_1/00000009.BIN,data_1_00000009_manual_00_quality_00
24.8,947.0314549999999,0.0,0.0,0.21923585473239784,-0.04206891436299982,-0.35325797968686756,1500.0,1500.0,3.0,17.0,0.64,0,data_1,data_1_00000009,data_1/00000009.BIN,data_1_00000009_manual_00_quality_00
24.9,947.131455,0.0,0.0,0.2111687705976154,-0.042068916594367706,-0.24254364682772553,1500.0,1500.0,3.0,17.0,0.64,0,data_1,data_1_00000009,data_1/00000009.BIN,data_1_00000009_manual_00_quality_00
25.0,947.231455,0.0,0.0,0.22043063790338155,-0.04724832457198604,-0.2884636051580825,1500.0,1500.0,3.0,17.0,0.64,0,data_1,data_1_00000009,data_1/00000009.BIN,data_1_00000009_manual_00_quality_00
25.1,947.331455,0.0,0.0,0.23392536161656546,-0.04591547068294981,-0.3391838915117154,1500.0,1500.0,3.0,17.0,0.64,0,data_1,data_1_00000009,data_1/00000009.BIN,data_1_00000009_manual_00_quality_00
25.2,947.431455,0.0,0.0,0.22466117137625402,-0.03456210432720978,-0.3226937909834157,1500.0,1500.0,3.0,17.0,0.64,0,data_1,data_1_00000009,data_1/00000009.BIN,data_1_00000009_manual_00_quality_00
25.3,947.5314549999999,0.0,0.0,0.2154090222460699,-0.03940270758473047,-0.3088340339271038,1500.0,1500.0,3.0,17.0,0.64,0,data_1,data_1_00000009,data_1/00000009.BIN,data_1_00000009_manual_00_quality_00
25.4,947.631455,0.0,0.0,0.21204733696670142,-0.048449363402140205,-0.33641458746275593,1500.0,1500.0,3.0,17.0,0.64,0,data_1,data_1_00000009,data_1/00000009.BIN,data_1_00000009_manual_00_quality_00
25.5,947.731455,0.0,0.0,0.20870006654712123,-0.04248025852791469,-0.3390515723044479,1500.0,1500.0,3.0,17.0,0.64,0,data_1,data_1_00000009,data_1/00000009.BIN,data_1_00000009_manual_00_quality_00
25.6,947.831455,0.0,0.0,0.21412792992304794,-0.05200127102343265,-0.2608754953215194,1500.0,1500.0,3.0,17.0,0.64,0,data_1,data_1_00000009,data_1/00000009.BIN,data_1_00000009_manual_00_quality_00
25.7,947.931455,0.0,0.0,0.2195556373225531,-0.06630822643006395,-0.27857605651534323,1500.0,1500.0,3.0,17.0,0.64,0,data_1,data_1_00000009,data_1/00000009.BIN,data_1_00000009_manual_00_quality_00
25.8,948.0314549999999,0.0,0.0,0.22490512058717088,-0.06202052794661426,-0.47988265027474736,1500.0,1500.0,3.0,17.0,0.64,0,data_1,data_1_00000009,data_1/00000009.BIN,data_1_00000009_manual_00_quality_00
25.9,948.131455,0.0,0.0,0.23018728164960364,-0.04754336574564447,-0.5427998388483162,1500.0,1500.0,3.0,17.0,0.64,0,data_1,data_1_00000009,data_1/00000009.BIN,data_1_00000009_manual_00_quality_00
26.0,948.231455,0.0,0.0,0.20347857338313619,-0.045521983400128724,-0.34021919533706335,1500.0,1500.0,3.0,17.0,0.64,0,data_1,data_1_00000009,data_1/00000009.BIN,data_1_00000009_manual_00_quality_00
26.1,948.331455,0.0,0.0,0.17683156422787222,-0.0629019269889072,-0.08301654607967313,1500.0,1500.0,3.0,17.0,0.64,0,data_1,data_1_00000009,data_1/00000009.BIN,data_1_00000009_manual_00_quality_00
26.2,948.431455,0.0,0.0,0.18176342581543442,-0.061631657220467526,-0.16693046847831905,1500.0,1500.0,3.0,17.0,0.64,0,data_1,data_1_00000009,data_1/00000009.BIN,data_1_00000009_manual_00_quality_00
26.3,948.5314549999999,0.0,0.0,0.18667380126204683,-0.04987876396752417,-0.3927438956121659,1500.0,1500.0,3.0,17.0,0.64,0,data_1,data_1_00000009,data_1/00000009.BIN,data_1_00000009_manual_00_quality_00
26.4,948.631455,0.0,0.0,0.1789667564052972,-0.05081368261426891,-0.44444855375514253,1500.0,1500.0,3.0,17.0,0.64,0,data_1,data_1_00000009,data_1/00000009.BIN,data_1_00000009_manual_00_quality_00
26.5,948.731455,0.0,0.0,0.1712524188886183,-0.06287616387713207,-0.19108325137458268,1500.0,1500.0,3.0,17.0,0.64,0,data_1,data_1_00000009,data_1/00000009.BIN,data_1_00000009_manual_00_quality_00
26.6,948.831455,0.0,0.0,0.15736515374914842,-0.07008310157232829,-0.11913928721201719,1500.0,1500.0,3.0,17.0,0.64,0,data_1,data_1_00000009,data_1/00000009.BIN,data_1_00000009_manual_00_quality_00
26.7,948.931455,0.0,0.0,0.1435158068104912,-0.06737690448159715,-0.32589150970438036,1500.0,1500.0,3.0,17.0,0.64,0,data_1,data_1_00000009,data_1/00000009.BIN,data_1_00000009_manual_00_quality_00
26.8,949.0314549999999,0.0,0.0,0.15093090167751222,-0.06667798622694913,-0.5136904419616398,1500.0,1500.0,3.0,17.0,0.64,0,data_1,data_1_00000009,data_1/00000009.BIN,data_1_00000009_manual_00_quality_00
26.9,949.131455,0.0,0.0,0.15834599654454168,-0.07178434159393841,-0.4672641436006226,1500.0,1500.0,3.0,17.0,0.64,0,data_1,data_1_00000009,data_1/00000009.BIN,data_1_00000009_manual_00_quality_00
27.0,949.231455,0.0,0.0,0.1579837909370971,-0.0620929267022294,-0.4279028023716364,1500.0,1500.0,3.0,17.0,0.64,0,data_1,data_1_00000009,data_1/00000009.BIN,data_1_00000009_manual_00_quality_00
27.1,949.331455,0.0,0.0,0.15572993387196124,-0.06113857799093528,-0.5427582541096669,1500.0,1500.0,3.0,17.0,0.64,0,data_1,data_1_00000009,data_1/00000009.BIN,data_1_00000009_manual_00_quality_00
27.2,949.431455,0.0,0.0,0.16930714023999613,-0.06704227456663459,-0.44492313651405274,1500.0,1500.0,3.0,17.0,0.64,0,data_1,data_1_00000009,data_1/00000009.BIN,data_1_00000009_manual_00_quality_00
27.3,949.5314549999999,0.0,0.0,0.18285478632836752,-0.08313940192763027,-0.07913126569374751,1500.0,1500.0,3.0,18.0,0.6,0,data_1,data_1_00000009,data_1/00000009.BIN,data_1_00000009_manual_00_quality_00
27.4,949.631455,0.0,0.0,0.18127287492524108,-0.08700013671344911,0.34612357851894954,1500.0,1500.0,3.0,18.0,0.6,0,data_1,data_1_00000009,data_1/00000009.BIN,data_1_00000009_manual_00_quality_00
27.5,949.731455,0.0,0.0,0.17971364625225528,-0.08690924932645872,0.10500737773371172,1500.0,1500.0,3.0,18.0,0.6,0,data_1,data_1_00000009,data_1/00000009.BIN,data_1_00000009_manual_00_quality_00
27.6,949.831455,0.0,0.0,0.1892507202154862,-0.07933296205698794,-0.4724331125794355,1500.0,1500.0,3.0,18.0,0.6,0,data_1,data_1_00000009,data_1/00000009.BIN,data_1_00000009_manual_00_quality_00
27.7,949.931455,0.0,0.0,0.19870082674450285,-0.07085306119504997,-0.7997558988504339,1500.0,1500.0,3.0,18.0,0.6,0,data_1,data_1_00000009,data_1/00000009.BIN,data_1_00000009_manual_00_quality_00
27.8,950.0314549999999,0.0,0.0,0.16475418361443342,-0.07073584720478092,-0.5654295312142562,1500.0,1500.0,3.0,18.0,0.6,0,data_1,data_1_00000009,data_1/00000009.BIN,data_1_00000009_manual_00_quality_00
27.9,950.131455,0.0,0.0,0.13086414353251472,-0.07809856523523968,-0.36571612841357487,1500.0,1500.0,3.0,18.0,0.6,0,data_1,data_1_00000009,data_1/00000009.BIN,data_1_00000009_manual_00_quality_00
28.0,950.231455,0.0,0.0,0.1318576536203431,-0.08395297871915829,-0.3711125221319032,1500.0,1500.0,3.0,18.0,0.6,0,data_1,data_1_00000009,data_1/00000009.BIN,data_1_00000009_manual_00_quality_00
28.1,950.331455,0.0,0.0,0.13287054318811667,-0.09759737564307776,-0.3361566827701171,1500.0,1500.0,3.0,18.0,0.6,0,data_1,data_1_00000009,data_1/00000009.BIN,data_1_00000009_manual_00_quality_00
28.2,950.431455,0.0,0.0,0.14575330477290674,-0.10236460160805548,0.007852462656383997,1500.0,1500.0,3.0,18.0,0.6,0,data_1,data_1_00000009,data_1/00000009.BIN,data_1_00000009_manual_00_quality_00
28.3,950.5314549999999,0.0,0.0,0.15864602824764212,-0.08923521490677369,0.11079728585558263,1500.0,1500.0,3.0,18.0,0.6,0,data_1,data_1_00000009,data_1/00000009.BIN,data_1_00000009_manual_00_quality_00
28.4,950.631455,0.0,0.0,0.17907567617180972,-0.08200207476826345,-0.17775774352717807,1500.0,1500.0,3.0,18.0,0.6,0,data_1,data_1_00000009,data_1/00000009.BIN,data_1_00000009_manual_00_quality_00
28.5,950.731455,0.0,0.0,0.19943726025358344,-0.08329119365363204,-0.6063316576978496,1500.0,1500.0,3.0,18.0,0.6,0,data_1,data_1_00000009,data_1/00000009.BIN,data_1_00000009_manual_00_quality_00
28.6,950.831455,0.0,0.0,0.16068095823762338,-0.08432778855255324,-0.6782764108086562,1500.0,1500.0,3.0,18.0,0.6,0,data_1,data_1_00000009,data_1/00000009.BIN,data_1_00000009_manual_00_quality_00
28.7,950.931455,0.0,0.0,0.1220473876961414,-0.08042427488314147,-0.4206968252916212,1500.0,1500.0,3.0,18.0,0.6,0,data_1,data_1_00000009,data_1/00000009.BIN,data_1_00000009_manual_00_quality_00
28.8,951.0314549999999,0.0,0.0,0.14316009760584064,-0.07960186826553438,-0.13240211664458493,1500.0,1500.0,3.0,18.0,0.6,0,data_1,data_1_00000009,data_1/00000009.BIN,data_1_00000009_manual_00_quality_00
28.9,951.131455,0.0,0.0,0.16420279609273714,-0.08709448469907376,-0.038577435040472154,1500.0,1500.0,3.0,18.0,0.6,0,data_1,data_1_00000009,data_1/00000009.BIN,data_1_00000009_manual_00_quality_00
29.0,951.231455,0.0,0.0,0.1466351618988096,-0.09744142304740833,-0.19713146088872777,1500.0,1500.0,3.0,18.0,0.6,0,data_1,data_1_00000009,data_1/00000009.BIN,data_1_00000009_manual_00_quality_00
29.1,951.331455,0.0,0.0,0.1290880250645693,-0.10286932695316207,-0.4040874382100667,1500.0,1500.0,3.0,18.0,0.6,0,data_1,data_1_00000009,data_1/00000009.BIN,data_1_00000009_manual_00_quality_00
29.2,951.431455,0.0,0.0,0.12379425894440982,-0.08400410565882951,-0.4942202112854993,1500.0,1500.0,3.0,18.0,0.6,0,data_1,data_1_00000009,data_1/00000009.BIN,data_1_00000009_manual_00_quality_00
29.3,951.5314549999999,0.0,0.0,0.11853324655982708,-0.06032640770511802,-0.39301712764283125,1500.0,1500.0,3.0,18.0,0.6,0,data_1,data_1_00000009,data_1/00000009.BIN,data_1_00000009_manual_00_quality_00
29.4,951.631455,0.0,0.0,0.12883649738371394,-0.0778565839249116,-0.23248729773813814,1500.0,1500.0,3.0,18.0,0.6,0,data_1,data_1_00000009,data_1/00000009.BIN,data_1_00000009_manual_00_quality_00
29.5,951.731455,0.0,0.0,0.13915541744108384,-0.10860549597371166,-0.2203358072484247,1500.0,1500.0,3.0,18.0,0.6,0,data_1,data_1_00000009,data_1/00000009.BIN,data_1_00000009_manual_00_quality_00
29.6,951.831455,0.0,0.0,0.1651279017519735,-0.09751344805837879,-0.4447350335741226,1500.0,1500.0,3.0,18.0,0.6,0,data_1,data_1_00000009,data_1/00000009.BIN,data_1_00000009_manual_00_quality_00
29.7,951.931455,0.0,0.0,0.19095353357952666,-0.07294144676112428,-0.49324605921769493,1500.0,1500.0,3.0,18.0,0.6,0,data_1,data_1_00000009,data_1/00000009.BIN,data_1_00000009_manual_00_quality_00
29.8,952.0314549999999,0.0,0.0,0.1416170521062412,-0.07889394125262462,-0.17894329581974966,1500.0,1500.0,3.0,18.0,0.6,0,data_1,data_1_00000009,data_1/00000009.BIN,data_1_00000009_manual_00_quality_00
29.9,952.131455,0.0,0.0,0.09236887021062967,-0.0948052045224389,0.1397225386544263,1500.0,1500.0,3.0,18.0,0.6,0,data_1,data_1_00000009,data_1/00000009.BIN,data_1_00000009_manual_00_quality_00
30.0,952.231455,0.0,0.0,0.10843948335199859,-0.08504617202468258,0.01909145540851369,1500.0,1500.0,3.0,18.0,0.6,0,data_1,data_1_00000009,data_1/00000009.BIN,data_1_00000009_manual_00_quality_00
30.1,952.331455,0.0,0.0,0.12447874250926602,-0.06378184698259835,-0.496342038426919,1500.0,1500.0,3.0,18.0,0.6,0,data_1,data_1_00000009,data_1/00000009.BIN,data_1_00000009_manual_00_quality_00
30.2,952.431455,0.0,0.0,0.1219967023392263,-0.0470964470799944,-0.8196892643536705,1500.0,1500.0,3.0,18.0,0.6,0,data_1,data_1_00000009,data_1/00000009.BIN,data_1_00000009_manual_00_quality_00
30.3,952.5314549999999,0.0,0.0,0.11948967802635549,-0.04233177288933265,-0.638147016301102,1500.0,1500.0,3.0,18.0,0.6,0,data_1,data_1_00000009,data_1/00000009.BIN,data_1_00000009_manual_00_quality_00
30.4,952.631455,0.0,0.0,0.10511042697874522,-0.05900887226924833,-0.22478309118275272,1500.0,1500.0,3.0,18.0,0.6,0,data_1,data_1_00000009,data_1/00000009.BIN,data_1_00000009_manual_00_quality_00
30.5,952.731455,0.0,0.0,0.09073262706293139,-0.08323949281688149,-0.0871584091313865,1500.0,1500.0,3.0,18.0,0.6,0,data_1,data_1_00000009,data_1/00000009.BIN,data_1_00000009_manual_00_quality_00
30.6,952.831455,0.0,0.0,0.07713355440056718,-0.0805478518987931,-0.2528975640656413,1500.0,1500.0,3.0,18.0,0.6,0,data_1,data_1_00000009,data_1/00000009.BIN,data_1_00000009_manual_00_quality_00
30.7,952.931455,0.0,0.0,0.06362624540868655,-0.05798043020573416,-0.4251458161405568,1500.0,1500.0,3.0,18.0,0.6,0,data_1,data_1_00000009,data_1/00000009.BIN,data_1_00000009_manual_00_quality_00
30.8,953.0314549999999,0.0,0.0,0.09708546528360866,-0.040785767227675095,-0.37429291200957304,1500.0,1500.0,3.0,18.0,0.6,0,data_1,data_1_00000009,data_1/00000009.BIN,data_1_00000009_manual_00_quality_00
30.9,953.131455,0.0,0.0,0.1305446851585688,-0.06134302035700418,-0.21806791835495629,1500.0,1500.0,3.0,18.0,0.6,0,data_1,data_1_00000009,data_1/00000009.BIN,data_1_00000009_manual_00_quality_00
31.0,953.231455,0.0,0.0,0.10838451831803064,-0.08133666069515541,-0.18988421771799788,1500.0,1500.0,3.0,18.0,0.6,0,data_1,data_1_00000009,data_1/00000009.BIN,data_1_00000009_manual_00_quality_00
31.1,953.331455,0.0,0.0,0.07252391149168694,-0.06622339646770851,-0.3191672655775269,1500.0,1500.0,3.0,18.0,0.6,0,data_1,data_1_00000009,data_1/00000009.BIN,data_1_00000009_manual_00_quality_00
31.2,953.431455,0.0,0.0,0.09179809342129573,-0.05764001745730297,-0.4267437015477685,1500.0,1500.0,3.0,18.0,0.6,0,data_1,data_1_00000009,data_1/00000009.BIN,data_1_00000009_manual_00_quality_00
31.3,953.5314549999999,0.0,0.0,0.11103468059643573,-0.08187426127496208,-0.36007652955409203,1500.0,1500.0,3.0,18.0,0.6,0,data_1,data_1_00000009,data_1/00000009.BIN,data_1_00000009_manual_00_quality_00
31.4,953.631455,0.0,0.0,0.11031165271174807,-0.10244623388179899,-0.32034147104632243,1500.0,1500.0,3.0,18.0,0.6,0,data_1,data_1_00000009,data_1/00000009.BIN,data_1_00000009_manual_00_quality_00
31.5,953.731455,0.0,0.0,0.10955893842347547,-0.08523316701508803,-0.3085597672868423,1500.0,1500.0,3.0,18.0,0.6,0,data_1,data_1_00000009,data_1/00000009.BIN,data_1_00000009_manual_00_quality_00
31.6,953.831455,0.0,0.0,0.09476652495588297,-0.05653810643261026,-0.31448270748082924,1500.0,1500.0,3.0,18.0,0.6,0,data_1,data_1_00000009,data_1/00000009.BIN,data_1_00000009_manual_00_quality_00
31.7,953.931455,0.0,0.0,0.08001503566018889,-0.0561123367723828,-0.25861958434499666,1500.0,1500.0,3.0,18.0,0.6,0,data_1,data_1_00000009,data_1/00000009.BIN,data_1_00000009_manual_00_quality_00
31.8,954.0314549999999,0.0,0.0,0.08860786327567569,-0.0682944208362286,-0.2622796549410423,1500.0,1500.0,3.0,18.0,0.6,0,data_1,data_1_00000009,data_1/00000009.BIN,data_1_00000009_manual_00_quality_00
31.9,954.131455,0.0,0.0,0.09719678715361034,-0.07367822063302328,-0.2954603610297654,1500.0,1500.0,3.0,18.0,0.6,0,data_1,data_1_00000009,data_1/00000009.BIN,data_1_00000009_manual_00_quality_00
32.0,954.231455,0.0,0.0,0.10359650377933603,-0.07593865013896206,-0.3023818605432468,1500.0,1500.0,3.0,18.0,0.6,0,data_1,data_1_00000009,data_1/00000009.BIN,data_1_00000009_manual_00_quality_00
32.1,954.331455,0.0,0.0,0.10997642728173677,-0.1009741819094824,-0.2610431326013451,1500.0,1500.0,3.0,18.0,0.6,0,data_1,data_1_00000009,data_1/00000009.BIN,data_1_00000009_manual_00_quality_00
32.2,954.431455,0.0,0.0,0.10352346641973172,-0.13987087665954204,-0.3042360857135795,1500.0,1500.0,3.0,18.0,0.6,0,data_1,data_1_00000009,data_1/00000009.BIN,data_1_00000009_manual_00_quality_00
32.3,954.5314549999999,0.0,0.0,0.09706590404586714,-0.13577241706253013,-0.5025740259073562,1500.0,1500.0,3.0,18.0,0.6,0,data_1,data_1_00000009,data_1/00000009.BIN,data_1_00000009_manual_00_quality_00
32.4,954.631455,0.0,0.0,0.08812563947187646,-0.08717632353911481,-0.6952993128175948,1500.0,1500.0,3.0,18.0,0.6,0,data_1,data_1_00000009,data_1/00000009.BIN,data_1_00000009_manual_00_quality_00
32.5,954.731455,0.0,0.0,0.07926651270879324,-0.07792829645822563,-0.6002425546667298,1500.0,1500.0,3.0,18.0,0.6,0,data_1,data_1_00000009,data_1/00000009.BIN,data_1_00000009_manual_00_quality_00
32.6,954.831455,0.0,0.0,0.11325630682110169,-0.1319553464974349,-0.13616576001719438,1500.0,1500.0,3.0,18.0,0.6,0,data_1,data_1_00000009,data_1/00000009.BIN,data_1_00000009_manual_00_quality_00
32.7,954.931455,0.0,0.0,0.14716954336109242,-0.14169534203247908,0.18216555814889593,1500.0,1500.0,3.0,18.0,0.6,0,data_1,data_1_00000009,data_1/00000009.BIN,data_1_00000009_manual_00_quality_00
32.8,955.0314549999999,0.0,0.0,0.1240268208195908,-0.09663270272741806,-0.009473190636510042,1500.0,1500.0,3.0,18.0,0.6,0,data_1,data_1_00000009,data_1/00000009.BIN,data_1_00000009_manual_00_quality_00
32.9,955.131455,0.0,0.0,0.10088409827806283,-0.08827744113276988,-0.3811129406925553,1500.0,1500.0,3.0,18.0,0.6,0,data_1,data_1_00000009,data_1/00000009.BIN,data_1_00000009_manual_00_quality_00
33.0,955.231455,0.0,0.0,0.10530983593568799,-0.14078551987573884,-0.3695735853199468,1500.0,1500.0,3.0,18.0,0.6,0,data_1,data_1_00000009,data_1/00000009.BIN,data_1_00000009_manual_00_quality_00
33.1,955.331455,0.0,0.0,0.11647786018943615,-0.16296576559038325,-0.18488089655168752,1500.0,1500.0,3.0,18.0,0.6,0,data_1,data_1_00000009,data_1/00000009.BIN,data_1_00000009_manual_00_quality_00
33.2,955.431455,0.0,0.0,0.09455532148624951,-0.12540202590981667,-0.30638665809470195,1500.0,1500.0,3.0,18.0,0.6,0,data_1,data_1_00000009,data_1/00000009.BIN,data_1_00000009_manual_00_quality_00
33.3,955.5314549999999,0.0,0.0,0.0726691073168344,-0.1035290828070445,-0.6116898702617408,1500.0,1500.0,3.0,18.0,0.6,0,data_1,data_1_00000009,data_1/00000009.BIN,data_1_00000009_manual_00_quality_00
33.4,955.631455,0.0,0.0,0.07186548359405347,-0.12809574411825192,-0.6158809913661832,1500.0,1500.0,3.0,18.0,0.6,0,data_1,data_1_00000009,data_1/00000009.BIN,data_1_00000009_manual_00_quality_00
33.5,955.731455,0.0,0.0,0.07109079992188055,-0.15057684479137304,-0.17183201565812967,1500.0,1500.0,3.0,18.0,0.6,0,data_1,data_1_00000009,data_1/00000009.BIN,data_1_00000009_manual_00_quality_00
33.6,955.831455,0.0,0.0,0.08584634319390079,-0.14914518131209947,0.16401037629448917,1500.0,1500.0,3.0,18.0,0.6,0,data_1,data_1_00000009,data_1/00000009.BIN,data_1_00000009_manual_00_quality_00
33.7,955.931455,0.0,0.0,0.10059487527138995,-0.1332754331276596,-0.03100135251717566,1500.0,1500.0,3.0,18.0,0.6,0,data_1,data_1_00000009,data_1/00000009.BIN,data_1_00000009_manual_00_quality_00
33.8,956.0314549999999,0.0,0.0,0.11226178659131701,-0.1359687808823898,-0.5868890115382392,1500.0,1500.0,3.0,18.0,0.6,0,data_1,data_1_00000009,data_1/00000009.BIN,data_1_00000009_manual_00_quality_00
33.9,956.131455,0.0,0.0,0.12387585894614248,-0.14808731304132947,-0.9110749902405402,1500.0,1500.0,3.0,18.0,0.6,0,data_1,data_1_00000009,data_1/00000009.BIN,data_1_00000009_manual_00_quality_00
34.0,956.231455,0.0,0.0,0.10682594139777962,-0.17007447592727873,-0.6924149581295392,1500.0,1500.0,3.0,18.0,0.6,0,data_1,data_1_00000009,data_1/00000009.BIN,data_1_00000009_manual_00_quality_00
34.1,956.331455,0.0,0.0,0.08978338815893701,-0.18860584796486327,-0.2696199907401124,1500.0,1500.0,3.0,18.0,0.6,0,data_1,data_1_00000009,data_1/00000009.BIN,data_1_00000009_manual_00_quality_00
34.2,956.431455,0.0,0.0,0.07701504591252063,-0.1698000563882047,-0.08936986895192776,1500.0,1500.0,3.0,18.0,0.6,0,data_1,data_1_00000009,data_1/00000009.BIN,data_1_00000009_manual_00_quality_00
34.3,956.5314549999999,0.0,0.0,0.06426310836208918,-0.13256050504955938,-0.11228416350834129,1500.0,1500.0,3.0,18.0,0.6,0,data_1,data_1_00000009,data_1/00000009.BIN,data_1_00000009_manual_00_quality_00
34.4,956.631455,0.0,0.0,0.07125946007875529,-0.10808785795882225,0.028536305018988597,1500.0,1500.0,3.0,18.0,0.6,0,data_1,data_1_00000009,data_1/00000009.BIN,data_1_00000009_manual_00_quality_00
34.5,956.731455,0.0,0.0,0.07829665140056263,-0.11890723266478447,0.36957985496539203,1500.0,1500.0,3.0,18.0,0.6,0,data_1,data_1_00000009,data_1/00000009.BIN,data_1_00000009_manual_00_quality_00
34.6,956.831455,0.0,0.0,0.1079816726400997,-0.14739482531982273,0.35016099066241185,1500.0,1500.0,3.0,18.0,0.6,0,data_1,data_1_00000009,data_1/00000009.BIN,data_1_00000009_manual_00_quality_00
34.7,956.931455,0.0,0.0,0.1375663405305294,-0.15972905164110998,-0.3702746503640319,1500.0,1500.0,3.0,18.0,0.6,0,data_1,data_1_00000009,data_1/00000009.BIN,data_1_00000009_manual_00_quality_00
34.8,957.0314549999999,0.0,0.0,0.11300630819492527,-0.15534169970811804,-1.2851169409789054,1500.0,1500.0,3.0,18.0,0.6,0,data_1,data_1_00000009,data_1/00000009.BIN,data_1_00000009_manual_00_quality_00
34.9,957.131455,0.0,0.0,0.08848155678765966,-0.15203962749289376,-1.5182028995215753,1500.0,1500.0,3.0,17.0,0.6,0,data_1,data_1_00000009,data_1/00000009.BIN,data_1_00000009_manual_00_quality_00
35.0,957.231455,0.0,0.0,0.08842216915478905,-0.15417149842638123,-0.8918916703207498,1500.0,1500.0,3.0,17.0,0.6,0,data_1,data_1_00000009,data_1/00000009.BIN,data_1_00000009_manual_00_quality_00
35.1,957.331455,0.0,0.0,0.08837533622398194,-0.16171678979770945,-0.024895555544566694,1500.0,1500.0,3.0,17.0,0.6,0,data_1,data_1_00000009,data_1/00000009.BIN,data_1_00000009_manual_00_quality_00
35.2,957.431455,0.0,0.0,0.09488909103368445,-0.14922545507963494,0.47630652863733824,1500.0,1500.0,3.0,17.0,0.6,0,data_1,data_1_00000009,data_1/00000009.BIN,data_1_00000009_manual_00_quality_00
35.3,957.5314549999999,0.0,0.0,0.10135089435975644,-0.12073450699221158,0.482245384716124,1500.0,1500.0,3.0,17.0,0.62,0,data_1,data_1_00000009,data_1/00000009.BIN,data_1_00000009_manual_00_quality_00
35.4,957.631455,0.0,0.0,0.08080658477818539,-0.10563842032722194,0.15162053194738634,1500.0,1500.0,3.0,17.0,0.62,0,data_1,data_1_00000009,data_1/00000009.BIN,data_1_00000009_manual_00_quality_00
35.5,957.731455,0.0,0.0,0.06034914886915247,-0.12247017778931586,-0.3150406578819561,1500.0,1500.0,3.0,17.0,0.62,0,data_1,data_1_00000009,data_1/00000009.BIN,data_1_00000009_manual_00_quality_00
35.6,957.831455,0.0,0.0,0.08806799069757867,-0.16222116814091445,-0.6899798005002897,1500.0,1500.0,3.0,17.0,0.62,0,data_1,data_1_00000009,data_1/00000009.BIN,data_1_00000009_manual_00_quality_00
35.7,957.931455,0.0,0.0,0.11574226189854404,-0.18613789086727664,-0.8866828830858118,1500.0,1500.0,3.0,17.0,0.62,0,data_1,data_1_00000009,data_1/00000009.BIN,data_1_00000009_manual_00_quality_00
35.8,958.0314549999999,0.0,0.0,0.11644860224180935,-0.16818716409463128,-0.9048114375248865,1500.0,1500.0,3.0,17.0,0.62,0,data_1,data_1_00000009,data_1/00000009.BIN,data_1_00000009_manual_00_quality_00
35.9,958.131455,0.0,0.0,0.11711562867177633,-0.12986784940353285,-0.6633700809449238,1500.0,1500.0,3.0,17.0,0.62,0,data_1,data_1_00000009,data_1/00000009.BIN,data_1_00000009_manual_00_quality_00
36.0,958.231455,0.0,0.0,0.0945592984120532,-0.11355370061478366,-0.012763751605552553,1500.0,1500.0,3.0,17.0,0.62,0,data_1,data_1_00000009,data_1/00000009.BIN,data_1_00000009_manual_00_quality_00
36.1,958.331455,0.0,0.0,0.07205915922427601,-0.14742891372392225,0.7794190443886903,1500.0,1500.0,3.0,17.0,0.62,0,data_1,data_1_00000009,data_1/00000009.BIN,data_1_00000009_manual_00_quality_00
36.2,958.431455,0.0,0.0,0.10058562166607662,-0.17231846091718467,0.9685158548807093,1500.0,1500.0,3.0,17.0,0.62,0,data_1,data_1_00000009,data_1/00000009.BIN,data_1_00000009_manual_00_quality_00
36.3,958.5314549999999,0.0,0.0,0.1290531460867702,-0.14477385568701867,0.17292042105504798,1500.0,1500.0,3.0,17.0,0.62,0,data_1,data_1_00000009,data_1/00000009.BIN,data_1_00000009_manual_00_quality_00
36.4,958.631455,0.0,0.0,0.12119811402280425,-0.12311644249890895,-1.0654775016409261,1500.0,1500.0,3.0,17.0,0.62,0,data_1,data_1_00000009,data_1/00000009.BIN,data_1_00000009_manual_00_quality_00
36.5,958.731455,0.0,0.0,0.11339887317144408,-0.1493525894039499,-1.6967144694716052,1500.0,1500.0,3.0,17.0,0.62,0,data_1,data_1_00000009,data_1/00000009.BIN,data_1_00000009_manual_00_quality_00
36.6,958.831455,0.0,0.0,0.13522001802860156,-0.18455435673577503,-1.4193404268624057,1500.0,1500.0,3.0,17.0,0.62,0,data_1,data_1_00000009,data_1/00000009.BIN,data_1_00000009_manual_00_quality_00
36.7,958.931455,0.0,0.0,0.1569584425321355,-0.18270367270436078,-0.6908423116800017,1500.0,1500.0,3.0,17.0,0.62,0,data_1,data_1_00000009,data_1/00000009.BIN,data_1_00000009_manual_00_quality_00
36.8,959.0314549999999,0.0,0.0,0.13123915427655114,-0.15150664683800427,-0.03144494158606241,1500.0,1500.0,3.0,17.0,0.62,0,data_1,data_1_00000009,data_1/00000009.BIN,data_1_00000009_manual_00_quality_00
36.9,959.131455,0.0,0.0,0.10551986602093757,-0.13363576009197564,0.4875124316292268,1500.0,1500.0,3.0,17.0,0.62,0,data_1,data_1_00000009,data_1/00000009.BIN,data_1_00000009_manual_00_quality_00
37.0,959.231455,0.0,0.0,0.110349596176212,-0.12246989386571538,0.9174256022244321,1500.0,1500.0,3.0,17.0,0.62,0,data_1,data_1_00000009,data_1/00000009.BIN,data_1_00000009_manual_00_quality_00
37.1,959.331455,0.0,0.0,0.12271949274670482,-0.11112969072969747,0.969189579719735,1500.0,1500.0,3.0,17.0,0.62,0,data_1,data_1_00000009,data_1/00000009.BIN,data_1_00000009_manual_00_quality_00
37.2,959.431455,0.0,0.0,0.13105926747413155,-0.12698965006505966,0.4707464830971583,1500.0,1500.0,3.0,17.0,0.62,0,data_1,data_1_00000009,data_1/00000009.BIN,data_1_00000009_manual_00_quality_00
37.3,959.5314549999999,0.0,0.0,0.1393646730541188,-0.17097528912960416,-0.48663218215066195,1500.0,1500.0,3.0,17.0,0.62,0,data_1,data_1_00000009,data_1/00000009.BIN,data_1_00000009_manual_00_quality_00
37.4,959.631455,0.0,0.0,0.12186298352740225,-0.18878862486923176,-1.4872009249034432,1500.0,1500.0,3.0,17.0,0.62,0,data_1,data_1_00000009,data_1/00000009.BIN,data_1_00000009_manual_00_quality_00
37.5,959.731455,0.0,0.0,0.10444304404138997,-0.16352705137949716,-1.9745190705693312,1500.0,1500.0,3.0,17.0,0.62,0,data_1,data_1_00000009,data_1/00000009.BIN,data_1_00000009_manual_00_quality_00
37.6,959.831455,0.0,0.0,0.13137072446501866,-0.13820582270551401,-1.6585153590639143,1500.0,1500.0,3.0,17.0,0.62,0,data_1,data_1_00000009,data_1/00000009.BIN,data_1_00000009_manual_00_quality_00
37.7,959.931455,0.0,0.0,0.1582193479875599,-0.14082308160393628,-0.7006760078682449,1500.0,1500.0,3.0,17.0,0.62,0,data_1,data_1_00000009,data_1/00000009.BIN,data_1_00000009_manual_00_quality_00
37.8,960.0314549999999,0.0,0.0,0.1347923143615127,-0.15823488845170303,0.393688390158829,1500.0,1500.0,3.0,17.0,0.62,0,data_1,data_1_00000009,data_1/00000009.BIN,data_1_00000009_manual_00_quality_00
37.9,960.131455,0.0,0.0,0.11141265989846152,-0.16577151439498955,1.0822887102442798,1500.0,1500.0,3.0,17.0,0.62,0,data_1,data_1_00000009,data_1/00000009.BIN,data_1_00000009_manual_00_quality_00
38.0,960.231455,0.0,0.0,0.11978372226827325,-0.1533256240908786,1.1132196743519456,1500.0,1500.0,3.0,17.0,0.62,0,data_1,data_1_00000009,data_1/00000009.BIN,data_1_00000009_manual_00_quality_00
38.1,960.331455,0.0,0.0,0.12813885525290464,-0.13955456873309258,0.6261376434229,1500.0,1500.0,3.0,17.0,0.62,0,data_1,data_1_00000009,data_1/00000009.BIN,data_1_00000009_manual_00_quality_00
38.2,960.431455,0.0,0.0,0.12713969104745887,-0.1383047682598396,-0.10256431856878778,1500.0,1500.0,3.0,17.0,0.62,0,data_1,data_1_00000009,data_1/00000009.BIN,data_1_00000009_manual_00_quality_00
38.3,960.5314549999999,0.0,0.0,0.1261553971384716,-0.14708965477505134,-0.7982150141957646,1500.0,1500.0,3.0,17.0,0.62,0,data_1,data_1_00000009,data_1/00000009.BIN,data_1_00000009_manual_00_quality_00
38.4,960.631455,0.0,0.0,0.13173601012993177,-0.15562236697152876,-1.3474459507613081,1500.0,1500.0,3.0,17.0,0.62,0,data_1,data_1_00000009,data_1/00000009.BIN,data_1_00000009_manual_00_quality_00
38.5,960.731455,0.0,0.0,0.13722162887909356,-0.153226175152196,-1.6110168094714015,1500.0,1500.0,3.0,17.0,0.62,0,data_1,data_1_00000009,data_1/00000009.BIN,data_1_00000009_manual_00_quality_00
38.6,960.831455,0.0,0.0,0.091730068587766,-0.134903103223312,-1.315090091338766,1500.0,1500.0,3.0,17.0,0.62,0,data_1,data_1_00000009,data_1/00000009.BIN,data_1_00000009_manual_00_quality_00
38.7,960.931455,0.0,0.0,0.04643954572288842,-0.12240459259783718,-0.5421418198232071,1500.0,1500.0,3.0,17.0,0.62,0,data_1,data_1_00000009,data_1/00000009.BIN,data_1_00000009_manual_00_quality_00
38.8,961.0314549999999,0.0,0.0,0.10675715726118598,-0.12273649937327206,0.2579570151974133,1500.0,1500.0,3.0,17.0,0.62,0,data_1,data_1_00000009,data_1/00000009.BIN,data_1_00000009_manual_00_quality_00
38.9,961.131455,0.0,0.0,0.16700183495432444,-0.12481592771147969,0.67801537907251,1500.0,1500.0,3.0,17.0,0.62,0,data_1,data_1_00000009,data_1/00000009.BIN,data_1_00000009_manual_00_quality_00
39.0,961.231455,0.0,0.0,0.1660305008855844,-0.13304028551033495,0.6067613456149613,1500.0,1500.0,3.0,17.0,0.62,0,data_1,data_1_00000009,data_1/00000009.BIN,data_1_00000009_manual_00_quality_00
39.1,961.331455,0.0,0.0,0.1650201527781033,-0.1409235282955179,0.215579055439329,1500.0,1500.0,3.0,17.0,0.62,0,data_1,data_1_00000009,data_1/00000009.BIN,data_1_00000009_manual_00_quality_00
39.2,961.431455,0.0,0.0,0.13750865629505565,-0.13670007509123833,-0.28307083847923986,1500.0,1500.0,3.0,17.0,0.62,0,data_1,data_1_00000009,data_1/00000009.BIN,data_1_00000009_manual_00_quality_00
39.3,961.5314549999999,0.0,0.0,0.11008355943315823,-0.1120370521991159,-0.7552563608754354,1500.0,1500.0,3.0,17.0,0.62,0,data_1,data_1_00000009,data_1/00000009.BIN,data_1_00000009_manual_00_quality_00
39.4,961.631455,0.0,0.0,0.13691144732232655,-0.0873516834291469,-1.0155880949654004,1500.0,1500.0,3.0,17.0,0.62,0,data_1,data_1_00000009,data_1/00000009.BIN,data_1_00000009_manual_00_quality_00
39.5,961.731455,0.0,0.0,0.1636572951270759,-0.09289344805781723,-0.9370003136184293,1500.0,1500.0,3.0,17.0,0.62,0,data_1,data_1_00000009,data_1/00000009.BIN,data_1_00000009_manual_00_quality_00
39.6,961.831455,0.0,0.0,0.14946514079648177,-0.11172970108531977,-0.6252539603423296,1500.0,1500.0,3.0,17.0,0.62,0,data_1,data_1_00000009,data_1/00000009.BIN,data_1_00000009_manual_00_quality_00
39.7,961.931455,0.0,0.0,0.1352715093449115,-0.11767747707324885,-0.2801105368334081,1500.0,1500.0,3.0,17.0,0.62,0,data_1,data_1_00000009,data_1/00000009.BIN,data_1_00000009_manual_00_quality_00
39.8,962.0314549999999,0.0,0.0,0.12029365236738336,-0.10421347689104747,-0.010956846919185413,1500.0,1500.0,3.0,17.0,0.62,0,data_1,data_1_00000009,data_1/00000009.BIN,data_1_00000009_manual_00_quality_00
39.9,962.131455,0.0,0.0,0.10542137805844837,-0.09495082671788241,0.10049043570309109,1500.0,1500.0,3.0,17.0,0.62,0,data_1,data_1_00000009,data_1/00000009.BIN,data_1_00000009_manual_00_quality_00
40.0,962.231455,0.0,0.0,0.1500947462817594,-0.1027130636222585,0.009292831309290324,1500.0,1500.0,3.0,17.0,0.62,0,data_1,data_1_00000009,data_1/00000009.BIN,data_1_00000009_manual_00_quality_00
40.1,962.331455,0.0,0.0,0.19461371612967854,-0.10822725454171571,-0.2714883178856911,1500.0,1500.0,3.0,17.0,0.62,0,data_1,data_1_00000009,data_1/00000009.BIN,data_1_00000009_manual_00_quality_00
40.2,962.431455,0.0,0.0,0.13837311347875528,-0.10993164231575485,-0.6103773956018876,1500.0,1500.0,3.0,17.0,0.62,0,data_1,data_1_00000009,data_1/00000009.BIN,data_1_00000009_manual_00_quality_00
40.3,962.5314549999999,0.0,0.0,0.08226205498334178,-0.1179533708664393,-0.7220352034193941,1500.0,1500.0,3.0,17.0,0.62,0,data_1,data_1_00000009,data_1/00000009.BIN,data_1_00000009_manual_00_quality_00
40.4,962.631455,0.0,0.0,0.10453306172948779,-0.10616967857390884,-0.48115366441878277,1500.0,1500.0,3.0,17.0,0.62,0,data_1,data_1_00000009,data_1/00000009.BIN,data_1_00000009_manual_00_quality_00
40.5,962.731455,-0.26,0.0,0.12679647229477828,-0.06589267221418045,-0.17142509063342393,1448.0,1500.0,3.0,17.0,0.62,0,data_1,data_1_00000009,data_1/00000009.BIN,data_1_00000009_manual_00_quality_00
40.6,962.831455,-0.31,0.0,0.14222407286153504,-0.05871123056240577,-0.01857677031870071,1438.0,1500.0,3.0,17.0,0.62,0,data_1,data_1_00000009,data_1/00000009.BIN,data_1_00000009_manual_00_quality_00
40.7,962.931455,-0.405,0.0,0.15757738370835986,-0.09404341748590836,-0.005432321840447566,1419.0,1500.0,3.0,17.0,0.62,0,data_1,data_1_00000009,data_1/00000009.BIN,data_1_00000009_manual_00_quality_00
40.8,963.0314549999999,-0.495,0.0,0.1330642746311148,-0.1154329785705612,-0.3131898013880864,1401.0,1500.0,3.0,17.0,0.62,0,data_1,data_1_00000009,data_1/00000009.BIN,data_1_00000009_manual_00_quality_00
40.9,963.131455,-0.51,0.0,0.10863409440624054,-0.09295065670151188,-0.6089453589815547,1398.0,1500.0,3.0,17.0,0.62,0,data_1,data_1_00000009,data_1/00000009.BIN,data_1_00000009_manual_00_quality_00
41.0,963.231455,-0.535,0.0,0.1255854115387179,-0.06639211230335805,-0.8196306849433228,1393.0,1500.0,3.0,17.0,0.62,0,data_1,data_1_00000009,data_1/00000009.BIN,data_1_00000009_manual_00_quality_00
41.1,963.331455,-0.555,0.0,0.14250715718651286,-0.06611052816382866,-0.8329911050519956,1389.0,1500.0,3.0,17.0,0.62,0,data_1,data_1_00000009,data_1/00000009.BIN,data_1_00000009_manual_00_quality_00
41.2,963.431455,-0.575,0.0,0.12105394877384601,-0.08335933572857206,-0.5918871256143391,1385.0,1500.0,3.0,17.0,0.62,0,data_1,data_1_00000009,data_1/00000009.BIN,data_1_00000009_manual_00_quality_00
41.3,963.5314549999999,-0.565,0.0,0.09962835547787202,-0.09857197581026081,-0.43938241409974155,1387.0,1500.0,3.0,17.0,0.62,0,data_1,data_1_00000009,data_1/00000009.BIN,data_1_00000009_manual_00_quality_00
41.4,963.631455,-0.565,0.0,0.09351687855735454,-0.0935031742514907,-0.23787721844400253,1387.0,1500.0,3.0,17.0,0.62,0,data_1,data_1_00000009,data_1/00000009.BIN,data_1_00000009_manual_00_quality_00
41.5,963.731455,-0.565,0.0,0.08737457872523326,-0.09882592403433546,-0.13686499801181667,1387.0,1500.0,3.0,18.0,0.62,0,data_1,data_1_00000009,data_1/00000009.BIN,data_1_00000009_manual_00_quality_00
41.6,963.831455,-0.555,0.525,0.06692686385117248,-0.1277877564495418,-0.031058597260343122,1389.0,1710.0,3.0,18.0,0.62,0,data_1,data_1_00000009,data_1/00000009.BIN,data_1_00000009_manual_00_quality_00
41.7,963.931455,-0.555,0.875,0.04654928721405919,-0.14613625959434084,-0.06661130275017182,1389.0,1850.0,3.0,18.0,0.62,0,data_1,data_1_00000009,data_1/00000009.BIN,data_1_00000009_manual_00_quality_00
41.8,964.0314549999999,-0.575,0.9925,0.06225530271063141,-0.1599625992714892,-0.41040966976426657,1385.0,1897.0,3.0,18.0,0.62,0,data_1,data_1_00000009,data_1/00000009.BIN,data_1_00000009_manual_00_quality_00
41.9,964.131455,-0.605,1.0,0.07797256131947991,-0.16833280009196702,-0.7099933334658707,1379.0,1900.0,3.0,18.0,0.62,0,data_1,data_1_00000009,data_1/00000009.BIN,data_1_00000009_manual_00_quality_00
42.0,964.231455,-0.615,1.0,0.10061876957109837,-0.17374838090474476,-0.9042227563201506,1377.0,1900.0,3.0,18.0,0.62,0,data_1,data_1_00000009,data_1/00000009.BIN,data_1_00000009_manual_00_quality_00
42.1,964.331455,-0.63,1.0,0.12319767271653237,-0.17639863002229428,-0.9865652043928806,1374.0,1900.0,3.0,17.0,0.62,0,data_1,data_1_00000009,data_1/00000009.BIN,data_1_00000009_manual_00_quality_00
42.2,964.431455,-0.645,1.0,0.08575003619186139,-0.1900289720557332,-0.7584703940306796,1371.0,1900.0,3.0,17.0,0.62,0,data_1,data_1_00000009,data_1/00000009.BIN,data_1_00000009_manual_00_quality_00
42.3,964.5314549999999,-0.68,1.0,0.04840834721863479,-0.19640999963680983,-0.1947648871065301,1364.0,1900.0,3.0,18.0,0.6,0,data_1,data_1_00000009,data_1/00000009.BIN,data_1_00000009_manual_00_quality_00
42.4,964.631455,-0.71,1.0,0.06672257986015212,-0.21299993713298648,0.21654416357476808,1358.0,1900.0,3.0,18.0,0.6,0,data_1,data_1_00000009,data_1/00000009.BIN,data_1_00000009_manual_00_quality_00
42.5,964.731455,-0.78,1.0,0.08505967327715967,-0.25191055429646464,0.28458395602548586,1344.0,1900.0,3.0,18.0,0.6,0,data_1,data_1_00000009,data_1/00000009.BIN,data_1_00000009_manual_00_quality_00
42.6,964.831455,-0.87,1.0,0.1147474260660468,-0.2824085617794128,0.16203215329753473,1326.0,1900.0,3.0,18.0,0.6,0,data_1,data_1_00000009,data_1/00000009.BIN,data_1_00000009_manual_00_quality_00
42.7,964.931455,-0.915,1.0,0.1443935858652931,-0.30682180500860085,-0.2843386973643267,1317.0,1900.0,3.0,18.0,0.6,0,data_1,data_1_00000009,data_1/00000009.BIN,data_1_00000009_manual_00_quality_00
42.8,965.0314549999999,-0.995,1.0,0.14559298957972552,-0.3073076019671825,-0.9983945857794897,1301.0,1900.0,3.0,18.0,0.6,0,data_1,data_1_00000009,data_1/00000009.BIN,data_1_00000009_manual_00_quality_00
42.9,965.131455,-0.965,0.87,0.14679239329415933,-0.3008043501270875,-1.5409056627969433,1307.0,1848.0,3.0,18.0,0.6,0,data_1,data_1_00000009,data_1/00000009.BIN,data_1_00000009_manual_00_quality_00
43.0,965.231455,-0.915,0.4625,0.10865607152752074,-0.31330035695984315,-1.4547731344565638,1317.0,1685.0,3.0,18.0,0.6,0,data_1,data_1_00000009,data_1/00000009.BIN,data_1_00000009_manual_00_quality_00
43.1,965.331455,-0.82,0.0,0.06094890320368001,-0.3004924371857259,-0.9518570122623758,1336.0,1500.0,3.0,18.0,0.6,0,data_1,data_1_00000009,data_1/00000009.BIN,data_1_00000009_manual_00_quality_00
43.2,965.431455,-0.725,0.0,0.09351674655819951,-0.27528450398602766,-0.2715760461386417,1355.0,1500.0,3.0,18.0,0.6,0,data_1,data_1_00000009,data_1/00000009.BIN,data_1_00000009_manual_00_quality_00
43.3,965.5314549999999,-0.68,0.0,0.1259903640205902,-0.27411260303829454,0.2724477037576938,1364.0,1500.0,3.0,18.0,0.6,0,data_1,data_1_00000009,data_1/00000009.BIN,data_1_00000009_manual_00_quality_00
43.4,965.631455,-0.58,-0.01,0.1139013864620075,-0.26679372708061094,0.6331625740436221,1384.0,1496.0,3.0,18.0,0.6,0,data_1,data_1_00000009,data_1/00000009.BIN,data_1_00000009_manual_00_quality_00
43.5,965.731455,-0.485,-0.6525,0.10184832595244901,-0.2679708434296958,0.5891707839497944,1403.0,1239.0,3.0,18.0,0.6,0,data_1,data_1_00000009,data_1/00000009.BIN,data_1_00000009_manual_00_quality_00
43.6,965.831455,-0.44,-0.9225,0.11064135363801711,-0.256344079522018,0.06837834507031158,1412.0,1131.0,3.0,18.0,0.6,0,data_1,data_1_00000009,data_1/00000009.BIN,data_1_00000009_manual_00_quality_00
43.7,965.931455,-0.34,-0.985,0.11939235753133447,-0.216770233499033,-0.8054962971831282,1432.0,1106.0,3.0,18.0,0.6,0,data_1,data_1_00000009,data_1/00000009.BIN,data_1_00000009_manual_00_quality_00
43.8,966.0314549999999,-0.245,-0.985,0.10346550742608662,-0.1753800220291813,-1.4459853684699988,1451.0,1106.0,3.0,18.0,0.6,0,data_1,data_1_00000009,data_1/00000009.BIN,data_1_00000009_manual_00_quality_00
43.9,966.131455,0.0,-0.985,0.08757439245051349,-0.14106434373106447,-1.4746151145022628,1500.0,1106.0,3.0,18.0,0.6,0,data_1,data_1_00000009,data_1/00000009.BIN,data_1_00000009_manual_00_quality_00
44.0,966.231455,0.294,-0.985,0.10504485982853175,-0.11986382990346196,-1.0057549223299098,1647.0,1106.0,3.0,18.0,0.6,0,data_1,data_1_00000009,data_1/00000009.BIN,data_1_00000009_manual_00_quality_00
44.1,966.331455,0.39,-0.985,0.12250654504986508,-0.09782938589211299,-0.157215401623096,1695.0,1106.0,3.0,18.0,0.6,0,data_1,data_1_00000009,data_1/00000009.BIN,data_1_00000009_manual_00_quality_00
44.2,966.431455,0.43,-0.985,0.13528067195422375,-0.081263524547496,1.0188201624397755,1715.0,1106.0,3.0,18.0,0.6,0,data_1,data_1_00000009,data_1/00000009.BIN,data_1_00000009_manual_00_quality_00
44.3,966.5314549999999,0.448,-0.985,0.14865775158433525,-0.1345499267777557,1.8667722180520676,1724.0,1106.0,3.0,18.0,0.6,0,data_1,data_1_00000009,data_1/00000009.BIN,data_1_00000009_manual_00_quality_00
44.4,966.631455,0.448,-0.985,0.47711393390976425,-0.14607747486688996,2.124873450767344,1724.0,1106.0,3.0,18.0,0.6,0,data_1,data_1_00000009,data_1/00000009.BIN,data_1_00000009_manual_00_quality_00
44.5,966.731455,0.422,-0.985,0.8054981583277139,-0.22487230765959232,1.738678568109356,1711.0,1106.0,3.0,18.0,0.6,0,data_1,data_1_00000009,data_1/00000009.BIN,data_1_00000009_manual_00_quality_00
44.6,966.831455,0.336,-0.985,1.0974274840567277,-0.32370893244440896,1.6733315191436713,1668.0,1106.0,3.0,18.0,0.6,0,data_1,data_1_00000009,data_1/00000009.BIN,data_1_00000009_manual_00_quality_00
44.7,966.931455,0.28,-0.985,1.3888368804717042,-0.44936212178242535,2.1823202166372413,1640.0,1106.0,3.0,18.0,0.6,0,data_1,data_1_00000009,data_1/00000009.BIN,data_1_00000009_manual_00_quality_00
44.8,967.0314549999999,0.288,-0.985,1.4331808186088584,-0.5827902982463998,2.9076778174204896,1644.0,1106.0,3.0,18.0,0.6,0,data_1,data_1_00000009,data_1/00000009.BIN,data_1_00000009_manual_00_quality_00
44.9,967.131455,0.336,-0.985,1.4775247567460632,-0.6637366882592345,3.360656407454093,1668.0,1106.0,3.0,18.0,0.6,0,data_1,data_1_00000009,data_1/00000009.BIN,data_1_00000009_manual_00_quality_00
45.0,967.231455,0.368,-0.985,1.5612244793541104,-0.7102435730560127,3.5210026861787846,1684.0,1106.0,3.0,18.0,0.6,0,data_1,data_1_00000009,data_1/00000009.BIN,data_1_00000009_manual_00_quality_00
45.1,967.331455,0.36,-0.985,1.6545539005921277,-0.7339538666487274,3.661526389019608,1680.0,1106.0,3.0,18.0,0.6,0,data_1,data_1_00000009,data_1/00000009.BIN,data_1_00000009_manual_00_quality_00
45.2,967.431455,0.36,-0.985,1.6704549906755382,-0.7301162522194615,4.0287397927600725,1680.0,1106.0,3.0,18.0,0.6,0,data_1,data_1_00000009,data_1/00000009.BIN,data_1_00000009_manual_00_quality_00
45.3,967.5314549999999,0.36,-0.985,1.686440128961938,-0.7283966473087595,4.389327584354489,1680.0,1106.0,3.0,17.0,0.64,0,data_1,data_1_00000009,data_1/00000009.BIN,data_1_00000009_manual_00_quality_00
45.4,967.631455,0.36,-0.985,1.7441562454283095,-0.707856742892195,4.502793144661748,1680.0,1106.0,3.0,17.0,0.64,0,data_1,data_1_00000009,data_1/00000009.BIN,data_1_00000009_manual_00_quality_00
45.5,967.731455,0.352,-0.985,1.8017000696157772,-0.6725167499175596,4.362484407944245,1676.0,1106.0,3.0,17.0,0.64,0,data_1,data_1_00000009,data_1/00000009.BIN,data_1_00000009_manual_00_quality_00
45.6,967.831455,0.352,-0.985,1.7586604674385162,-0.6394943371117772,4.377171363030294,1676.0,1106.0,3.0,17.0,0.64,0,data_1,data_1_00000009,data_1/00000009.BIN,data_1_00000009_manual_00_quality_00
45.7,967.931455,0.342,-0.985,1.7157364876684909,-0.6135656206734673,4.597442530697847,1671.0,1106.0,3.0,17.0,0.64,0,data_1,data_1_00000009,data_1/00000009.BIN,data_1_00000009_manual_00_quality_00
45.8,968.0314549999999,0.352,-0.985,1.7305080890905662,-0.587570945973058,4.582854154893388,1676.0,1106.0,3.0,17.0,0.64,0,data_1,data_1_00000009,data_1/00000009.BIN,data_1_00000009_manual_00_quality_00
45.9,968.131455,0.342,-0.985,1.7452813016338118,-0.5745119058944312,4.444819143199578,1671.0,1106.0,3.0,17.0,0.64,0,data_1,data_1_00000009,data_1/00000009.BIN,data_1_00000009_manual_00_quality_00
46.0,968.231455,0.336,-0.985,1.761373494166023,-0.5869902567448324,4.37393173957534,1668.0,1106.0,3.0,17.0,0.64,0,data_1,data_1_00000009,data_1/00000009.BIN,data_1_00000009_manual_00_quality_00
46.1,968.331455,0.328,-0.985,1.7773763913299823,-0.6152671928166837,4.468196196386253,1664.0,1106.0,3.0,17.0,0.64,0,data_1,data_1_00000009,data_1/00000009.BIN,data_1_00000009_manual_00_quality_00
46.2,968.431455,0.31,-0.985,1.7553081700756632,-0.6244559671225878,4.5221903557641525,1655.0,1106.0,3.0,17.0,0.64,0,data_1,data_1_00000009,data_1/00000009.BIN,data_1_00000009_manual_00_quality_00
46.3,968.5314549999999,0.294,-0.985,1.7332174233496025,-0.6357702845650623,4.622864970107736,1647.0,1106.0,3.0,17.0,0.64,0,data_1,data_1_00000009,data_1/00000009.BIN,data_1_00000009_manual_00_quality_00
46.4,968.631455,0.256,-0.985,1.700161167083769,-0.632009725934227,4.6380680710975,1628.0,1106.0,3.0,17.0,0.64,0,data_1,data_1_00000009,data_1/00000009.BIN,data_1_00000009_manual_00_quality_00
46.5,968.731455,0.24,-0.985,1.667071363326148,-0.6218948374267921,4.504234824170655,1620.0,1106.0,3.0,17.0,0.64,0,data_1,data_1_00000009,data_1/00000009.BIN,data_1_00000009_manual_00_quality_00
46.6,968.831455,0.24,-0.985,1.616542455084937,-0.6051382202745355,4.264036662057537,1620.0,1106.0,3.0,17.0,0.64,0,data_1,data_1_00000009,data_1/00000009.BIN,data_1_00000009_manual_00_quality_00
46.7,968.931455,0.24,-0.985,1.5660074112453901,-0.5963841790575563,4.115858763733601,1620.0,1106.0,3.0,17.0,0.64,0,data_1,data_1_00000009,data_1/00000009.BIN,data_1_00000009_manual_00_quality_00
46.8,969.0314549999999,0.24,-0.985,1.5115454271495894,-0.5874266327003945,3.850764874461737,1620.0,1106.0,3.0,17.0,0.64,0,data_1,data_1_00000009,data_1/00000009.BIN,data_1_00000009_manual_00_quality_00
46.9,969.131455,0.24,-0.985,1.4571187312886849,-0.6000736078810165,3.5878331648122153,1620.0,1106.0,3.0,17.0,0.64,0,data_1,data_1_00000009,data_1/00000009.BIN,data_1_00000009_manual_00_quality_00
47.0,969.231455,0.256,-0.985,1.4276838641869227,-0.6004718132588929,3.3426989406265486,1628.0,1106.0,3.0,17.0,0.64,0,data_1,data_1_00000009,data_1/00000009.BIN,data_1_00000009_manual_00_quality_00
47.1,969.331455,0.256,-0.985,1.3983357599533832,-0.6138174321347268,3.149307460332257,1628.0,1106.0,3.0,17.0,0.64,0,data_1,data_1_00000009,data_1/00000009.BIN,data_1_00000009_manual_00_quality_00
47.2,969.431455,0.256,-0.985,1.4322314536005067,-0.6268827150582076,3.0591445400814172,1628.0,1106.0,3.0,17.0,0.64,0,data_1,data_1_00000009,data_1/00000009.BIN,data_1_00000009_manual_00_quality_00
47.3,969.5314549999999,0.264,-0.985,1.4660499922730075,-0.6278796382980013,3.0399798815394163,1632.0,1106.0,3.0,17.0,0.64,0,data_1,data_1_00000009,data_1/00000009.BIN,data_1_00000009_manual_00_quality_00
47.4,969.631455,0.264,-0.985,1.465501500820785,-0.6259221613187111,3.075839936232368,1632.0,1106.0,3.0,17.0,0.64,0,data_1,data_1_00000009,data_1/00000009.BIN,data_1_00000009_manual_00_quality_00
47.5,969.731455,0.256,-0.985,1.464957832612788,-0.6060881485804669,3.12004426217853,1628.0,1106.0,3.0,17.0,0.64,0,data_1,data_1_00000009,data_1/00000009.BIN,data_1_00000009_manual_00_quality_00
47.6,969.831455,0.256,-0.985,1.4670306695441293,-0.5833160228901546,3.0742113722029454,1628.0,1106.0,3.0,17.0,0.64,0,data_1,data_1_00000009,data_1/00000009.BIN,data_1_00000009_manual_00_quality_00
47.7,969.931455,0.248,-0.985,1.4690545999963713,-0.5775204147723035,3.010286181001488,1624.0,1106.0,3.0,17.0,0.64,0,data_1,data_1_00000009,data_1/00000009.BIN,data_1_00000009_manual_00_quality_00
47.8,970.0314549999999,0.248,-0.985,1.4510837979579958,-0.5887290044432588,2.961832709359693,1624.0,1106.0,3.0,17.0,0.64,0,data_1,data_1_00000009,data_1/00000009.BIN,data_1_00000009_manual_00_quality_00
47.9,970.131455,0.248,-0.985,1.4332193291393567,-0.5942335751326165,2.925769686217762,1624.0,1106.0,3.0,17.0,0.64,0,data_1,data_1_00000009,data_1/00000009.BIN,data_1_00000009_manual_00_quality_00
48.0,970.231455,0.232,-0.985,1.4739961623263378,-0.6090484229160352,2.8439548691661845,1616.0,1106.0,3.0,17.0,0.64,0,data_1,data_1_00000009,data_1/00000009.BIN,data_1_00000009_manual_00_quality_00
48.1,970.331455,0.24,-0.985,1.5146105334798028,-0.6133294948206889,2.7291796263202395,1620.0,1106.0,3.0,17.0,0.64,0,data_1,data_1_00000009,data_1/00000009.BIN,data_1_00000009_manual_00_quality_00
48.2,970.431455,0.232,-0.985,1.4641165613232157,-0.6259732431536126,2.597126963757485,1616.0,1106.0,3.0,17.0,0.64,0,data_1,data_1_00000009,data_1/00000009.BIN,data_1_00000009_manual_00_quality_00
48.3,970.5314549999999,0.224,-0.985,1.4137083895942086,-0.6306694709680066,2.501397114278164,1612.0,1106.0,3.0,18.0,0.6,0,data_1,data_1_00000009,data_1/00000009.BIN,data_1_00000009_manual_00_quality_00
48.4,970.631455,0.232,-0.985,1.4240657844812206,-0.6339700077421281,2.45177396169985,1616.0,1106.0,3.0,18.0,0.6,0,data_1,data_1_00000009,data_1/00000009.BIN,data_1_00000009_manual_00_quality_00
48.5,970.731455,0.224,-0.985,1.4334351566810375,-0.6441668467348308,2.3846552976174324,1612.0,1106.0,3.0,18.0,0.6,0,data_1,data_1_00000009,data_1/00000009.BIN,data_1_00000009_manual_00_quality_00
48.6,970.831455,0.0,-0.985,1.4388899430869375,-0.6327672149164083,2.2939462338463734,1500.0,1106.0,3.0,18.0,0.6,0,data_1,data_1_00000009,data_1/00000009.BIN,data_1_00000009_manual_00_quality_00
48.7,970.931455,0.0,-0.985,1.4440617397546958,-0.6383554175095016,2.0752288389149287,1500.0,1106.0,3.0,18.0,0.6,0,data_1,data_1_00000009,data_1/00000009.BIN,data_1_00000009_manual_00_quality_00
48.8,971.0314549999999,0.0,-0.985,1.3197047196843854,-0.6510147582295819,1.4962291514564665,1500.0,1106.0,3.0,18.0,0.6,0,data_1,data_1_00000009,data_1/00000009.BIN,data_1_00000009_manual_00_quality_00
48.9,971.131455,0.0,-0.985,1.1953476996139338,-0.6513668326832361,0.7748958169319645,1500.0,1106.0,3.0,18.0,0.6,0,data_1,data_1_00000009,data_1/00000009.BIN,data_1_00000009_manual_00_quality_00
49.0,971.231455,0.0,-0.985,1.0773909749587773,-0.6675258824739868,0.1418182892820291,1500.0,1106.0,3.0,18.0,0.6,0,data_1,data_1_00000009,data_1/00000009.BIN,data_1_00000009_manual_00_quality_00
49.1,971.331455,0.0,-0.985,0.961208608739946,-0.6691478418867134,-0.2732983216691317,1500.0,1106.0,3.0,18.0,0.6,0,data_1,data_1_00000009,data_1/00000009.BIN,data_1_00000009_manual_00_quality_00
49.2,971.431455,0.0,-0.985,0.9411305628755147,-0.6686140016334572,-0.609702977821706,1500.0,1106.0,3.0,18.0,0.6,0,data_1,data_1_00000009,data_1/00000009.BIN,data_1_00000009_manual_00_quality_00
49.3,971.5314549999999,0.0,-0.985,0.9210268708195042,-0.6792549419364127,-0.7528558151658407,1500.0,1106.0,3.0,18.0,0.6,0,data_1,data_1_00000009,data_1/00000009.BIN,data_1_00000009_manual_00_quality_00
49.4,971.631455,0.0,-0.985,0.8900817946139248,-0.6338134340884571,-0.7688065159515881,1500.0,1106.0,3.0,18.0,0.6,0,data_1,data_1_00000009,data_1/00000009.BIN,data_1_00000009_manual_00_quality_00
49.5,971.731455,0.0,0.0,0.8590669380810555,-0.5896358982934048,-0.7985476620998871,1500.0,1500.0,3.0,18.0,0.6,0,data_1,data_1_00000009,data_1/00000009.BIN,data_1_00000009_manual_00_quality_00
49.6,971.831455,0.0,0.245,0.7895691948639351,-0.5388666112315833,-0.6730367843638346,1500.0,1598.0,3.0,18.0,0.6,0,data_1,data_1_00000009,data_1/00000009.BIN,data_1_00000009_manual_00_quality_00
49.7,971.931455,0.0,0.0,0.7201942975026261,-0.42711930463281605,-0.18550209855510444,1500.0,1500.0,3.0,18.0,0.6,0,data_1,data_1_00000009,data_1/00000009.BIN,data_1_00000009_manual_00_quality_00
49.8,972.0314549999999,0.0,0.0,0.7167427133291309,-0.336395431033679,-0.15913276322086883,1500.0,1500.0,3.0,18.0,0.6,0,data_1,data_1_00000009,data_1/00000009.BIN,data_1_00000009_manual_00_quality_00
49.9,972.131455,0.0,0.0,0.7131216727707411,-0.3075600451604183,0.09053769704238737,1500.0,1500.0,3.0,18.0,0.6,0,data_1,data_1_00000009,data_1/00000009.BIN,data_1_00000009_manual_00_quality_00
50.0,972.231455,0.0,0.0,0.6150017171513937,-0.24342592969924526,0.4755936903117771,1500.0,1500.0,3.0,18.0,0.6,0,data_1,data_1_00000009,data_1/00000009.BIN,data_1_00000009_manual_00_quality_00
50.1,972.331455,0.0,-0.6025,0.516965656544568,-0.18535240152250967,0.4939462802829228,1500.0,1259.0,3.0,18.0,0.6,0,data_1,data_1_00000009,data_1/00000009.BIN,data_1_00000009_manual_00_quality_00
50.2,972.431455,0.0,-0.94,0.4726245550847925,-0.18956452371157456,0.29367248223274867,1500.0,1124.0,3.0,18.0,0.6,0,data_1,data_1_00000009,data_1/00000009.BIN,data_1_00000009_manual_00_quality_00
50.3,972.5314549999999,0.0,-0.985,0.428387389374402,-0.22617567387355123,0.16651144098772822,1500.0,1106.0,3.0,18.0,0.6,0,data_1,data_1_00000009,data_1/00000009.BIN,data_1_00000009_manual_00_quality_00
50.4,972.631455,0.0,-0.985,0.43261439509979,-0.23476295995843693,-0.1368860306582313,1500.0,1106.0,3.0,18.0,0.6,0,data_1,data_1_00000009,data_1/00000009.BIN,data_1_00000009_manual_00_quality_00
50.5,972.731455,0.0,-0.985,0.43680615800129974,-0.2640903143857425,-0.49684098121598735,1500.0,1106.0,3.0,18.0,0.6,0,data_1,data_1_00000009,data_1/00000009.BIN,data_1_00000009_manual_00_quality_00
50.6,972.831455,0.0,-0.985,0.41689424325758884,-0.2953691402026896,-0.5549944724233279,1500.0,1106.0,3.0,18.0,0.6,0,data_1,data_1_00000009,data_1/00000009.BIN,data_1_00000009_manual_00_quality_00
50.7,972.931455,0.0,-0.985,0.3970864642787607,-0.29992280722527487,-0.5184977377582182,1500.0,1106.0,3.0,18.0,0.6,0,data_1,data_1_00000009,data_1/00000009.BIN,data_1_00000009_manual_00_quality_00
50.8,973.0314549999999,0.0,-0.985,0.4319828468489576,-0.3305906685261319,-0.6529961718730872,1500.0,1106.0,3.0,18.0,0.6,0,data_1,data_1_00000009,data_1/00000009.BIN,data_1_00000009_manual_00_quality_00
50.9,973.131455,0.0,-0.985,0.46676796441089163,-0.35297227642349704,-0.5414750106942645,1500.0,1106.0,3.0,18.0,0.6,0,data_1,data_1_00000009,data_1/00000009.BIN,data_1_00000009_manual_00_quality_00
51.0,973.231455,0.216,-0.985,0.45587627771233985,-0.3190781103938834,0.314963755944406,1608.0,1106.0,3.0,18.0,0.6,0,data_1,data_1_00000009,data_1/00000009.BIN,data_1_00000009_manual_00_quality_00
51.1,973.331455,0.216,-0.985,0.4452469397441806,-0.2817199999177689,0.8586163111169821,1608.0,1106.0,3.0,18.0,0.6,0,data_1,data_1_00000009,data_1/00000009.BIN,data_1_00000009_manual_00_quality_00
51.2,973.431455,0.224,-0.985,0.5777152150145314,-0.28832705195694847,0.9541501255278523,1612.0,1106.0,3.0,18.0,0.6,0,data_1,data_1_00000009,data_1/00000009.BIN,data_1_00000009_manual_00_quality_00
51.3,973.5314549999999,0.216,-0.985,0.7101393624374759,-0.33225309896097005,1.1967653689207287,1608.0,1106.0,3.0,18.0,0.6,0,data_1,data_1_00000009,data_1/00000009.BIN,data_1_00000009_manual_00_quality_00
51.4,973.631455,0.216,-0.985,0.8157004137593834,-0.348885366240633,1.6006698907490733,1608.0,1106.0,3.0,18.0,0.6,0,data_1,data_1_00000009,data_1/00000009.BIN,data_1_00000009_manual_00_quality_00
51.5,973.731455,0.216,-0.985,0.921169802012156,-0.37378546419175135,1.8206543096172372,1608.0,1106.0,3.0,18.0,0.6,0,data_1,data_1_00000009,data_1/00000009.BIN,data_1_00000009_manual_00_quality_00
51.6,973.831455,0.0,-0.985,0.9820171610593686,-0.4071244016583328,1.8790761560344384,1500.0,1106.0,3.0,18.0,0.6,0,data_1,data_1_00000009,data_1/00000009.BIN,data_1_00000009_manual_00_quality_00
51.7,973.931455,0.0,-0.985,1.0426741319411366,-0.4263163192075725,1.5287299049483667,1500.0,1106.0,3.0,17.0,0.6,0,data_1,data_1_00000009,data_1/00000009.BIN,data_1_00000009_manual_00_quality_00
51.8,974.0314549999999,0.0,-0.985,0.9581870135610866,-0.4413388197738733,1.0744356598174065,1500.0,1106.0,3.0,17.0,0.6,0,data_1,data_1_00000009,data_1/00000009.BIN,data_1_00000009_manual_00_quality_00
51.9,974.131455,0.0,-0.315,0.8737542346924779,-0.46055373508609626,0.5982479370696919,1500.0,1374.0,3.0,17.0,0.6,0,data_1,data_1_00000009,data_1/00000009.BIN,data_1_00000009_manual_00_quality_00
52.0,974.231455,0.0,-0.0575,0.8155180880780976,-0.43440774268132337,0.12336880701787774,1500.0,1477.0,3.0,17.0,0.6,0,data_1,data_1_00000009,data_1/00000009.BIN,data_1_00000009_manual_00_quality_00
52.1,974.331455,0.0,0.0,0.7573612132151847,-0.367746653298791,-0.39707737335675336,1500.0,1500.0,3.0,17.0,0.6,0,data_1,data_1_00000009,data_1/00000009.BIN,data_1_00000009_manual_00_quality_00
52.2,974.431455,0.0,0.0,0.7417442878233561,-0.3332384389976631,-0.8929687660793562,1500.0,1500.0,3.0,17.0,0.6,0,data_1,data_1_00000009,data_1/00000009.BIN,data_1_00000009_manual_00_quality_00
52.3,974.5314549999999,0.0,0.0,0.7260747327021531,-0.3249176093238138,-1.2356745405491603,1500.0,1500.0,3.0,17.0,0.64,0,data_1,data_1_00000009,data_1/00000009.BIN,data_1_00000009_manual_00_quality_00
52.4,974.631455,0.0,0.4625,0.6840107071068582,-0.2933252610686639,-0.9574357895373369,1500.0,1685.0,3.0,17.0,0.64,0,data_1,data_1_00000009,data_1/00000009.BIN,data_1_00000009_manual_00_quality_00
52.5,974.731455,0.0,0.8775,0.6419778862464713,-0.21111826261789704,-0.531953012267393,1500.0,1851.0,3.0,17.0,0.64,0,data_1,data_1_00000009,data_1/00000009.BIN,data_1_00000009_manual_00_quality_00
52.6,974.831455,0.0,1.0,0.6137826317214164,-0.13333849266273892,-0.16916207257273552,1500.0,1900.0,3.0,17.0,0.64,0,data_1,data_1_00000009,data_1/00000009.BIN,data_1_00000009_manual_00_quality_00
52.7,974.931455,0.0,1.0,0.585558867049059,-0.10458888088149,0.03711399094014151,1500.0,1900.0,3.0,17.0,0.64,0,data_1,data_1_00000009,data_1/00000009.BIN,data_1_00000009_manual_00_quality_00
52.8,975.0314549999999,0.0,1.0,0.5409784703976361,-0.056838670145410074,0.09517799017220371,1500.0,1900.0,3.0,17.0,0.64,0,data_1,data_1_00000009,data_1/00000009.BIN,data_1_00000009_manual_00_quality_00
52.9,975.131455,0.0,1.0,0.4964555621734729,-0.05076982322434281,0.12541348405240837,1500.0,1900.0,3.0,17.0,0.64,0,data_1,data_1_00000009,data_1/00000009.BIN,data_1_00000009_manual_00_quality_00
53.0,975.231455,0.0,1.0,0.4957594611752697,-0.03418171127250806,-0.20103418791294858,1500.0,1900.0,3.0,17.0,0.64,0,data_1,data_1_00000009,data_1/00000009.BIN,data_1_00000009_manual_00_quality_00
53.1,975.331455,0.0,1.0,0.49502889036572445,-0.03692651082186182,-0.333592490677446,1500.0,1900.0,3.0,17.0,0.64,0,data_1,data_1_00000009,data_1/00000009.BIN,data_1_00000009_manual_00_quality_00
53.2,975.431455,0.0,1.0,0.47609479394632115,-0.056949618292573695,-0.13589564940442095,1500.0,1900.0,3.0,17.0,0.64,0,data_1,data_1_00000009,data_1/00000009.BIN,data_1_00000009_manual_00_quality_00
53.3,975.5314549999999,0.208,1.0,0.457195218299639,-0.057636628313486586,-0.14472664723145837,1604.0,1900.0,3.0,17.0,0.64,0,data_1,data_1_00000009,data_1/00000009.BIN,data_1_00000009_manual_00_quality_00
53.4,975.631455,0.216,1.0,0.45810064643142434,-0.03243408415323262,-0.23235918532247235,1608.0,1900.0,3.0,17.0,0.64,0,data_1,data_1_00000009,data_1/00000009.BIN,data_1_00000009_manual_00_quality_00
53.5,975.731455,0.216,1.0,0.4592474495389599,-0.014067590743530848,0.20063290337609524,1608.0,1900.0,3.0,17.0,0.64,0,data_1,data_1_00000009,data_1/00000009.BIN,data_1_00000009_manual_00_quality_00
53.6,975.831455,0.216,1.0,0.5885438222323344,0.028111360269552424,0.8471963683628398,1608.0,1900.0,3.0,17.0,0.64,0,data_1,data_1_00000009,data_1/00000009.BIN,data_1_00000009_manual_00_quality_00
53.7,975.931455,0.224,1.0,0.7178517057468645,0.11930808219233242,1.26909198361625,1612.0,1900.0,3.0,17.0,0.64,0,data_1,data_1_00000009,data_1/00000009.BIN,data_1_00000009_manual_00_quality_00
53.8,976.0314549999999,0.232,1.0,0.854526809947213,0.23674243832649025,1.232670413368971,1616.0,1900.0,3.0,17.0,0.64,0,data_1,data_1_00000009,data_1/00000009.BIN,data_1_00000009_manual_00_quality_00
53.9,976.131455,0.0,1.0,0.990863606516212,0.31341361623792546,1.472782827582512,1500.0,1900.0,3.0,17.0,0.64,0,data_1,data_1_00000009,data_1/00000009.BIN,data_1_00000009_manual_00_quality_00
54.0,976.231455,0.0,1.0,0.9513368192803747,0.37379094628941617,1.6300260728604408,1500.0,1900.0,3.0,17.0,0.64,0,data_1,data_1_00000009,data_1/00000009.BIN,data_1_00000009_manual_00_quality_00
54.1,976.331455,0.0,1.0,0.9117772710017455,0.38893719805097055,1.5294356905712294,1500.0,1900.0,3.0,17.0,0.64,0,data_1,data_1_00000009,data_1/00000009.BIN,data_1_00000009_manual_00_quality_00
54.2,976.431455,0.0,0.6875,0.8554499489975421,0.3921544225112858,1.1041171076779182,1500.0,1775.0,3.0,17.0,0.64,0,data_1,data_1_00000009,data_1/00000009.BIN,data_1_00000009_manual_00_quality_00
54.3,976.5314549999999,0.0,0.0,0.7991231142203856,0.3509672984344543,0.4979689760440955,1500.0,1500.0,3.0,17.0,0.64,0,data_1,data_1_00000009,data_1/00000009.BIN,data_1_00000009_manual_00_quality_00
54.4,976.631455,0.0,0.0,0.7430840922062846,0.2877048085322107,-0.20401521285093624,1500.0,1500.0,3.0,17.0,0.64,0,data_1,data_1_00000009,data_1/00000009.BIN,data_1_00000009_manual_00_quality_00
54.5,976.731455,0.0,0.0,0.6870721008023184,0.25001574148654293,-0.5605430933910192,1500.0,1500.0,3.0,17.0,0.64,0,data_1,data_1_00000009,data_1/00000009.BIN,data_1_00000009_manual_00_quality_00
54.6,976.831455,0.0,0.0,0.6499356033608329,0.21981677543270492,-0.4857484155146769,1500.0,1500.0,3.0,17.0,0.64,0,data_1,data_1_00000009,data_1/00000009.BIN,data_1_00000009_manual_00_quality_00
54.7,976.931455,0.0,0.0,0.6128687788379499,0.19556935324468996,-0.2889502834654646,1500.0,1500.0,3.0,17.0,0.64,0,data_1,data_1_00000009,data_1/00000009.BIN,data_1_00000009_manual_00_quality_00
54.8,977.0314549999999,0.0,0.0,0.6258566832722963,0.19292773840482919,-0.1921847280604409,1500.0,1500.0,3.0,17.0,0.64,0,data_1,data_1_00000009,data_1/00000009.BIN,data_1_00000009_manual_00_quality_00
54.9,977.131455,0.0,0.0,0.6388445877066573,0.17707831714409542,-0.35932807195736405,1500.0,1500.0,3.0,17.0,0.64,0,data_1,data_1_00000009,data_1/00000009.BIN,data_1_00000009_manual_00_quality_00
55.0,977.231455,0.0,0.0,0.6156841163104223,0.1457740564539448,-0.33636014573297013,1500.0,1500.0,3.0,17.0,0.64,0,data_1,data_1_00000009,data_1/00000009.BIN,data_1_00000009_manual_00_quality_00
55.1,977.331455,0.0,0.0,0.5836574104856725,0.11830520243523655,-0.356444720390527,1500.0,1500.0,3.0,17.0,0.64,0,data_1,data_1_00000009,data_1/00000009.BIN,data_1_00000009_manual_00_quality_00
55.2,977.431455,0.0,0.0,0.5754348398654344,0.11129583564564487,-0.1736837767486495,1500.0,1500.0,3.0,17.0,0.64,0,data_1,data_1_00000009,data_1/00000009.BIN,data_1_00000009_manual_00_quality_00
55.3,977.5314549999999,0.0,0.0,0.5672179454812128,0.08318541033816398,0.2951253914030399,1500.0,1500.0,3.0,17.0,0.64,0,data_1,data_1_00000009,data_1/00000009.BIN,data_1_00000009_manual_00_quality_00
55.4,977.631455,0.0,0.0,0.5624564943790643,0.060624267732971866,0.3648295938252471,1500.0,1500.0,3.0,17.0,0.64,0,data_1,data_1_00000009,data_1/00000009.BIN,data_1_00000009_manual_00_quality_00
55.5,977.731455,0.0,0.0,0.557616001048227,0.07072051915013952,0.5478893103986094,1500.0,1500.0,3.0,17.0,0.64,0,data_1,data_1_00000009,data_1/00000009.BIN,data_1_00000009_manual_00_quality_00
55.6,977.831455,0.0,0.0,0.5076875621271504,0.05316406424112321,0.35611981207838467,1500.0,1500.0,3.0,17.0,0.64,0,data_1,data_1_00000009,data_1/00000009.BIN,data_1_00000009_manual_00_quality_00
55.7,977.931455,0.0,0.0,0.4578847566577893,0.04931156265966979,0.05746181501146865,1500.0,1500.0,3.0,17.0,0.64,0,data_1,data_1_00000009,data_1/00000009.BIN,data_1_00000009_manual_00_quality_00
55.8,978.0314549999999,0.0,0.0,0.4720550175674726,0.0468739081730949,0.0051601043249236735,1500.0,1500.0,3.0,17.0,0.64,0,data_1,data_1_00000009,data_1/00000009.BIN,data_1_00000009_manual_00_quality_00
55.9,978.131455,0.0,0.0,0.48615683518308966,0.029652444091099406,-0.14151529821636596,1500.0,1500.0,3.0,17.0,0.64,0,data_1,data_1_00000009,data_1/00000009.BIN,data_1_00000009_manual_00_quality_00
56.0,978.231455,0.0,0.0,0.4593430876404773,0.04700629906384773,-0.3009930571810017,1500.0,1500.0,3.0,17.0,0.64,0,data_1,data_1_00000009,data_1/00000009.BIN,data_1_00000009_manual_00_quality_00
56.1,978.331455,0.0,0.0,0.43258017640274055,0.047539631949854215,-0.34990507068760207,1500.0,1500.0,3.0,17.0,0.64,0,data_1,data_1_00000009,data_1/00000009.BIN,data_1_00000009_manual_00_quality_00
56.2,978.431455,0.0,0.0,0.44884804314574744,0.032378336753723695,-0.44550340246540343,1500.0,1500.0,3.0,17.0,0.64,0,data_1,data_1_00000009,data_1/00000009.BIN,data_1_00000009_manual_00_quality_00
56.3,978.5314549999999,0.0,0.0,0.4650042247978645,0.0462310739529681,-0.4636566643368834,1500.0,1500.0,3.0,17.0,0.64,0,data_1,data_1_00000009,data_1/00000009.BIN,data_1_00000009_manual_00_quality_00
56.4,978.631455,0.0,0.0,0.41817317010692406,0.05321251641234194,-0.22411758380950703,1500.0,1500.0,3.0,17.0,0.64,0,data_1,data_1_00000009,data_1/00000009.BIN,data_1_00000009_manual_00_quality_00
56.5,978.731455,0.0,0.0,0.37141698207666846,0.05032897357813367,-0.07565005523251551,1500.0,1500.0,3.0,17.0,0.64,0,data_1,data_1_00000009,data_1/00000009.BIN,data_1_00000009_manual_00_quality_00
56.6,978.831455,0.0,0.0,0.38803225003799247,0.05281555103018319,-0.10765086866764421,1500.0,1500.0,3.0,17.0,0.64,0,data_1,data_1_00000009,data_1/00000009.BIN,data_1_00000009_manual_00_quality_00
56.7,978.931455,0.0,0.0,0.4046195036325164,0.039177451137304704,0.005042103949377075,1500.0,1500.0,3.0,17.0,0.64,0,data_1,data_1_00000009,data_1/00000009.BIN,data_1_00000009_manual_00_quality_00
56.8,979.0314549999999,0.0,0.0,0.40455955326351517,0.04119816979293235,0.043023198183871465,1500.0,1500.0,3.0,17.0,0.64,0,data_1,data_1_00000009,data_1/00000009.BIN,data_1_00000009_manual_00_quality_00
56.9,979.131455,0.0,0.0,0.40446872772290215,0.04846421547162541,0.08273961831175973,1500.0,1500.0,3.0,17.0,0.64,0,data_1,data_1_00000009,data_1/00000009.BIN,data_1_00000009_manual_00_quality_00
57.0,979.231455,0.0,0.0,0.3870631753253737,0.029755767310713804,0.007759737819462452,1500.0,1500.0,3.0,17.0,0.64,0,data_1,data_1_00000009,data_1/00000009.BIN,data_1_00000009_manual_00_quality_00
57.1,979.331455,0.0,0.0,0.36972693322874245,0.020084248003105168,-0.159651374733172,1500.0,1500.0,3.0,17.0,0.64,0,data_1,data_1_00000009,data_1/00000009.BIN,data_1_00000009_manual_00_quality_00
57.2,979.431455,0.0,0.0,0.38629701851702736,0.026178697958380105,-0.16692587627529124,1500.0,1500.0,3.0,17.0,0.64,0,data_1,data_1_00000009,data_1/00000009.BIN,data_1_00000009_manual_00_quality_00
57.3,979.5314549999999,0.0,0.0,0.40275751678374433,0.02999256255302802,-0.1892120554939986,1500.0,1500.0,3.0,17.0,0.64,0,data_1,data_1_00000009,data_1/00000009.BIN,data_1_00000009_manual_00_quality_00
57.4,979.631455,0.0,0.0,0.3525062474391601,0.03333993695247903,-0.4716984808476364,1500.0,1500.0,3.0,17.0,0.64,0,data_1,data_1_00000009,data_1/00000009.BIN,data_1_00000009_manual_00_quality_00
57.5,979.731455,0.0,0.0,0.3023618833437123,0.043808296493810094,-0.5637011509736347,1500.0,1500.0,3.0,17.0,0.64,0,data_1,data_1_00000009,data_1/00000009.BIN,data_1_00000009_manual_00_quality_00
57.6,979.831455,0.0,0.0,0.32957818584123943,0.052656401291587634,-0.30294279090145854,1500.0,1500.0,3.0,17.0,0.64,0,data_1,data_1_00000009,data_1/00000009.BIN,data_1_00000009_manual_00_quality_00
57.7,979.931455,0.0,0.0,0.35668279434781225,0.048657998100550416,-0.14232930692799206,1500.0,1500.0,3.0,17.0,0.64,0,data_1,data_1_00000009,data_1/00000009.BIN,data_1_00000009_manual_00_quality_00
57.8,980.0314549999999,0.0,0.0,0.325725143248633,0.045199319620258444,-0.11941044707313918,1500.0,1500.0,3.0,17.0,0.64,0,data_1,data_1_00000009,data_1/00000009.BIN,data_1_00000009_manual_00_quality_00
57.9,980.131455,0.0,0.0,0.2948422030727003,0.042553972219984575,-0.18090476203506112,1500.0,1500.0,3.0,17.0,0.64,0,data_1,data_1_00000009,data_1/00000009.BIN,data_1_00000009_manual_00_quality_00
58.0,980.231455,0.0,0.0,0.3063339401992361,0.028733572664225875,-0.24975675408758605,1500.0,1500.0,3.0,17.0,0.64,0,data_1,data_1_00000009,data_1/00000009.BIN,data_1_00000009_manual_00_quality_00
58.1,980.331455,0.0,0.0,0.3177707272446222,0.026921201079776576,-0.29769647637614916,1500.0,1500.0,3.0,17.0,0.64,0,data_1,data_1_00000009,data_1/00000009.BIN,data_1_00000009_manual_00_quality_00
58.2,980.431455,0.0,0.0,0.29873464151025214,0.038622891545262744,-0.17335225071641908,1500.0,1500.0,3.0,17.0,0.64,0,data_1,data_1_00000009,data_1/00000009.BIN,data_1_00000009_manual_00_quality_00
58.3,980.5314549999999,0.0,0.0,0.27971821547115794,0.03916295358910259,-0.145052643491968,1500.0,1500.0,3.0,17.0,0.64,0,data_1,data_1_00000009,data_1/00000009.BIN,data_1_00000009_manual_00_quality_00
58.4,980.631455,0.0,0.0,0.27320422862919796,0.03677641792636284,-0.24181760145715717,1500.0,1500.0,3.0,17.0,0.64,0,data_1,data_1_00000009,data_1/00000009.BIN,data_1_00000009_manual_00_quality_00
58.5,980.731455,0.0,0.0,0.26669121752562097,0.046428096460270116,-0.3196875935723057,1500.0,1500.0,3.0,17.0,0.64,0,data_1,data_1_00000009,data_1/00000009.BIN,data_1_00000009_manual_00_quality_00
58.6,980.831455,0.0,0.0,0.26081496818906413,0.047795244191319586,-0.41955159751659477,1500.0,1500.0,3.0,17.0,0.64,0,data_1,data_1_00000009,data_1/00000009.BIN,data_1_00000009_manual_00_quality_00
58.7,980.931455,0.0,0.0,0.2549210530489567,0.04230817505729325,-0.48718299837330126,1500.0,1500.0,3.0,17.0,0.64,0,data_1,data_1_00000009,data_1/00000009.BIN,data_1_00000009_manual_00_quality_00
58.8,981.0314549999999,0.0,0.0,0.24059226613005807,0.04257664302372941,-0.41998127026795135,1500.0,1500.0,3.0,17.0,0.64,0,data_1,data_1_00000009,data_1/00000009.BIN,data_1_00000009_manual_00_quality_00
58.9,981.131455,0.0,0.0,0.22624392204981705,0.04078350401644975,-0.19592227680875718,1500.0,1500.0,3.0,17.0,0.64,0,data_1,data_1_00000009,data_1/00000009.BIN,data_1_00000009_manual_00_quality_00
59.0,981.231455,0.0,0.0,0.20203778092353922,0.03134947035393591,-0.2218946896114566,1500.0,1500.0,3.0,17.0,0.64,0,data_1,data_1_00000009,data_1/00000009.BIN,data_1_00000009_manual_00_quality_00
59.1,981.331455,0.0,0.0,0.17792012186118744,0.02903366532866056,-0.31404736207597667,1500.0,1500.0,3.0,17.0,0.64,0,data_1,data_1_00000009,data_1/00000009.BIN,data_1_00000009_manual_00_quality_00
59.2,981.431455,0.0,0.0,0.21270202336711866,0.032838648181239716,-0.23117294105964714,1500.0,1500.0,3.0,17.0,0.64,0,data_1,data_1_00000009,data_1/00000009.BIN,data_1_00000009_manual_00_quality_00
59.3,981.5314549999999,0.0,0.0,0.24736793156617698,0.025837738262079954,-0.3106458382537196,1500.0,1500.0,3.0,17.0,0.64,0,data_1,data_1_00000009,data_1/00000009.BIN,data_1_00000009_manual_00_quality_00
59.4,981.631455,0.0,0.0,0.2255677321604288,0.02131183281653889,-0.4161306965147006,1500.0,1500.0,3.0,17.0,0.64,0,data_1,data_1_00000009,data_1/00000009.BIN,data_1_00000009_manual_00_quality_00
59.5,981.731455,0.0,0.0,0.20380765570043236,0.030766272846749945,-0.42725240548282867,1500.0,1500.0,3.0,17.0,0.64,0,data_1,data_1_00000009,data_1/00000009.BIN,data_1_00000009_manual_00_quality_00
59.6,981.831455,0.0,0.0,0.22253568433597648,0.03629966711910112,-0.3919421478864093,1500.0,1500.0,3.0,17.0,0.64,0,data_1,data_1_00000009,data_1/00000009.BIN,data_1_00000009_manual_00_quality_00
59.7,981.931455,0.0,0.0,0.24119624626109035,0.016410749108467577,-0.442958132669814,1500.0,1500.0,3.0,17.0,0.64,0,data_1,data_1_00000009,data_1/00000009.BIN,data_1_00000009_manual_00_quality_00
59.8,982.0314549999999,0.0,0.0,0.22223337521553568,0.019018740751141777,-0.38367882114003654,1500.0,1500.0,3.0,17.0,0.64,0,data_1,data_1_00000009,data_1/00000009.BIN,data_1_00000009_manual_00_quality_00
59.9,982.131455,0.0,0.0,0.20331922667559557,0.03857966962295641,-0.2821502809639824,1500.0,1500.0,3.0,17.0,0.64,0,data_1,data_1_00000009,data_1/00000009.BIN,data_1_00000009_manual_00_quality_00
60.0,982.231455,0.0,0.0,0.2130166530778972,0.03264933161629905,-0.3291566709101464,1500.0,1500.0,3.0,17.0,0.64,0,data_1,data_1_00000009,data_1/00000009.BIN,data_1_00000009_manual_00_quality_00
60.1,982.331455,0.0,0.0,0.22267098789237433,0.014357975467360829,-0.41373174638972965,1500.0,1500.0,3.0,17.0,0.64,0,data_1,data_1_00000009,data_1/00000009.BIN,data_1_00000009_manual_00_quality_00
60.2,982.431455,0.0,0.0,0.2077446498253609,0.020150271522517343,-0.3348130920238612,1500.0,1500.0,3.0,17.0,0.64,0,data_1,data_1_00000009,data_1/00000009.BIN,data_1_00000009_manual_00_quality_00
60.3,982.5314549999999,0.0,0.0,0.1928790888817159,0.02302548315722366,-0.20810704717070597,1500.0,1500.0,3.0,18.0,0.6,0,data_1,data_1_00000009,data_1/00000009.BIN,data_1_00000009_manual_00_quality_00
60.4,982.631455,0.0,0.0,0.2027597399428481,0.013794653927380666,-0.2808632352671054,1500.0,1500.0,3.0,18.0,0.6,0,data_1,data_1_00000009,data_1/00000009.BIN,data_1_00000009_manual_00_quality_00
60.5,982.731455,0.0,0.0,0.21263318083436003,0.013041161065827186,-0.4419907331541223,1500.0,1500.0,3.0,18.0,0.6,0,data_1,data_1_00000009,data_1/00000009.BIN,data_1_00000009_manual_00_quality_00
60.6,982.831455,0.0,0.0,0.2181440321266477,0.023513440018320095,-0.48599088145639513,1500.0,1500.0,3.0,18.0,0.6,0,data_1,data_1_00000009,data_1/00000009.BIN,data_1_00000009_manual_00_quality_00
60.7,982.931455,0.0,0.0,0.22362297349067492,0.031412128061301614,-0.5208611906675668,1500.0,1500.0,3.0,17.0,0.6,0,data_1,data_1_00000009,data_1/00000009.BIN,data_1_00000009_manual_00_quality_00
60.8,983.0314549999999,0.0,0.0,0.206662044315083,0.024885001224035752,-0.5555231119421424,1500.0,1500.0,3.0,17.0,0.6,0,data_1,data_1_00000009,data_1/00000009.BIN,data_1_00000009_manual_00_quality_00
60.9,983.131455,0.0,0.0,0.18970111513947183,0.018346730243739513,-0.4990673948787712,1500.0,1500.0,3.0,17.0,0.6,0,data_1,data_1_00000009,data_1/00000009.BIN,data_1_00000009_manual_00_quality_00
61.0,983.231455,0.0,0.0,0.18233128402401172,0.029763317415738337,-0.35978453262913657,1500.0,1500.0,3.0,17.0,0.6,0,data_1,data_1_00000009,data_1/00000009.BIN,data_1_00000009_manual_00_quality_00
61.1,983.331455,0.0,0.0,0.17734745624511827,0.03010952329312204,-0.26149019862936995,1500.0,1500.0,3.0,17.0,0.6,0,data_1,data_1_00000009,data_1/00000009.BIN,data_1_00000009_manual_00_quality_00
61.2,983.431455,0.0,0.0,0.1824027623070428,0.017841438682670713,-0.36929105827295755,1500.0,1500.0,3.0,17.0,0.6,0,data_1,data_1_00000009,data_1/00000009.BIN,data_1_00000009_manual_00_quality_00
61.3,983.5314549999999,0.0,0.0,0.18741613138541183,0.015731592055356576,-0.5588438668891467,1500.0,1500.0,3.0,17.0,0.64,0,data_1,data_1_00000009,data_1/00000009.BIN,data_1_00000009_manual_00_quality_00
61.4,983.631455,0.0,0.0,0.16992467209617357,0.022763768860132583,-0.6182226704790583,1500.0,1500.0,3.0,17.0,0.64,0,data_1,data_1_00000009,data_1/00000009.BIN,data_1_00000009_manual_00_quality_00
61.5,983.731455,0.0,0.0,0.15246737611667333,0.02633003701240294,-0.5261121961352216,1500.0,1500.0,3.0,17.0,0.64,0,data_1,data_1_00000009,data_1/00000009.BIN,data_1_00000009_manual_00_quality_00
61.6,983.831455,0.0,0.0,0.15495446053120124,0.03468385477289112,-0.4051465404924116,1500.0,1500.0,3.0,17.0,0.64,0,data_1,data_1_00000009,data_1/00000009.BIN,data_1_00000009_manual_00_quality_00
61.7,983.931455,0.0,0.0,0.15746279747070457,0.04383780506006778,-0.36082591542600373,1500.0,1500.0,3.0,17.0,0.64,0,data_1,data_1_00000009,data_1/00000009.BIN,data_1_00000009_manual_00_quality_00
61.8,984.0314549999999,0.0,0.0,0.1689935095352907,0.0428349292187501,-0.3610071051829952,1500.0,1500.0,3.0,17.0,0.64,0,data_1,data_1_00000009,data_1/00000009.BIN,data_1_00000009_manual_00_quality_00
61.9,984.131455,0.0,0.0,0.18049551561567995,0.03682265470840196,-0.32894556506805034,1500.0,1500.0,3.0,17.0,0.64,0,data_1,data_1_00000009,data_1/00000009.BIN,data_1_00000009_manual_00_quality_00
62.0,984.231455,0.0,0.0,0.1787364201700867,0.024853437425720194,-0.4162115938087748,1500.0,1500.0,3.0,17.0,0.64,0,data_1,data_1_00000009,data_1/00000009.BIN,data_1_00000009_manual_00_quality_00
62.1,984.331455,0.0,0.0,0.17695967769064905,0.027051992780080147,-0.584719172146948,1500.0,1500.0,3.0,17.0,0.64,0,data_1,data_1_00000009,data_1/00000009.BIN,data_1_00000009_manual_00_quality_00
62.2,984.431455,0.0,0.0,0.1645054102205973,0.044881878513771824,-0.6139490214645501,1500.0,1500.0,3.0,17.0,0.64,0,data_1,data_1_00000009,data_1/00000009.BIN,data_1_00000009_manual_00_quality_00
62.3,984.5314549999999,0.0,0.0,0.15207159361271916,0.04661599864071579,-0.5873274895765566,1500.0,1500.0,3.0,17.0,0.64,0,data_1,data_1_00000009,data_1/00000009.BIN,data_1_00000009_manual_00_quality_00
62.4,984.631455,0.0,0.0,0.15381931375560312,0.03506436656336406,-0.4904425036361907,1500.0,1500.0,3.0,17.0,0.64,0,data_1,data_1_00000009,data_1/00000009.BIN,data_1_00000009_manual_00_quality_00
62.5,984.731455,0.0,0.0,0.15550864588236848,0.04886514118685292,-0.31969081636683877,1500.0,1500.0,3.0,17.0,0.64,0,data_1,data_1_00000009,data_1/00000009.BIN,data_1_00000009_manual_00_quality_00
62.6,984.831455,0.0,0.0,0.12835140754278188,0.061626936759637825,-0.2521157659851844,1500.0,1500.0,3.0,17.0,0.64,0,data_1,data_1_00000009,data_1/00000009.BIN,data_1_00000009_manual_00_quality_00
62.7,984.931455,0.0,0.0,0.10128854685130129,0.04533616762690449,-0.34095359732466074,1500.0,1500.0,3.0,17.0,0.64,0,data_1,data_1_00000009,data_1/00000009.BIN,data_1_00000009_manual_00_quality_00
62.8,985.0314549999999,0.0,0.0,0.1334883198792452,0.027415005686429742,-0.5308787776873268,1500.0,1500.0,3.0,17.0,0.64,0,data_1,data_1_00000009,data_1/00000009.BIN,data_1_00000009_manual_00_quality_00
62.9,985.131455,0.0,0.0,0.1656880929072257,0.032242585857074936,-0.6008351584776871,1500.0,1500.0,3.0,17.0,0.64,0,data_1,data_1_00000009,data_1/00000009.BIN,data_1_00000009_manual_00_quality_00
63.0,985.231455,0.0,0.0,0.16080220054388467,0.043518134175827373,-0.6176689781673843,1500.0,1500.0,3.0,17.0,0.64,0,data_1,data_1_00000009,data_1/00000009.BIN,data_1_00000009_manual_00_quality_00
63.1,985.331455,0.0,0.0,0.14678280336458893,0.046006841816592044,-0.6006375237123599,1500.0,1500.0,3.0,17.0,0.64,0,data_1,data_1_00000009,data_1/00000009.BIN,data_1_00000009_manual_00_quality_00
63.2,985.431455,0.0,0.0,0.15508403695863882,0.049789098049756876,-0.5298665697516592,1500.0,1500.0,3.0,17.0,0.64,0,data_1,data_1_00000009,data_1/00000009.BIN,data_1_00000009_manual_00_quality_00
63.3,985.5314549999999,0.0,0.0,0.16333408996003485,0.05156807840892262,-0.4665333782392665,1500.0,1500.0,3.0,17.0,0.64,0,data_1,data_1_00000009,data_1/00000009.BIN,data_1_00000009_manual_00_quality_00
63.4,985.631455,0.0,0.0,0.1423892705975938,0.05535424261801124,-0.369995376737889,1500.0,1500.0,3.0,17.0,0.64,0,data_1,data_1_00000009,data_1/00000009.BIN,data_1_00000009_manual_00_quality_00
63.5,985.731455,0.0,0.0,0.12150053580085035,0.05763891732402862,-0.3576696417800569,1500.0,1500.0,3.0,17.0,0.64,0,data_1,data_1_00000009,data_1/00000009.BIN,data_1_00000009_manual_00_quality_00
63.6,985.831455,0.0,0.0,0.12593334797460562,0.05728212392257643,-0.46258970483497014,1500.0,1500.0,3.0,17.0,0.64,0,data_1,data_1_00000009,data_1/00000009.BIN,data_1_00000009_manual_00_quality_00
63.7,985.931455,0.0,0.0,0.1303279705439499,0.05524479037518931,-0.580240193344795,1500.0,1500.0,3.0,17.0,0.64,0,data_1,data_1_00000009,data_1/00000009.BIN,data_1_00000009_manual_00_quality_00
63.8,986.0314549999999,0.0,0.0,0.11585503796526618,0.05712484932163906,-0.5943926488539976,1500.0,1500.0,3.0,17.0,0.64,0,data_1,data_1_00000009,data_1/00000009.BIN,data_1_00000009_manual_00_quality_00
63.9,986.131455,0.0,0.0,0.1014094559092051,0.06666802693662895,-0.578848213581479,1500.0,1500.0,3.0,17.0,0.64,0,data_1,data_1_00000009,data_1/00000009.BIN,data_1_00000009_manual_00_quality_00
64.0,986.231455,0.0,0.0,0.1088169414572167,0.07779263110071256,-0.5334466113019645,1500.0,1500.0,3.0,17.0,0.64,0,data_1,data_1_00000009,data_1/00000009.BIN,data_1_00000009_manual_00_quality_00
64.1,986.331455,0.0,0.0,0.11622424599534434,0.08697628562683868,-0.4300310084059517,1500.0,1500.0,3.0,17.0,0.64,0,data_1,data_1_00000009,data_1/00000009.BIN,data_1_00000009_manual_00_quality_00
64.2,986.431455,0.0,0.0,0.12353172608260095,0.08906602315568082,-0.3911415593749577,1500.0,1500.0,3.0,17.0,0.64,0,data_1,data_1_00000009,data_1/00000009.BIN,data_1_00000009_manual_00_quality_00
64.3,986.5314549999999,0.0,0.0,0.1308132203072057,0.08820277558148651,-0.44932180205851185,1500.0,1500.0,3.0,18.0,0.6,0,data_1,data_1_00000009,data_1/00000009.BIN,data_1_00000009_manual_00_quality_00
64.4,986.631455,0.0,0.0,0.11187235428389863,0.08207658159551853,-0.5507648147007,1500.0,1500.0,3.0,18.0,0.6,0,data_1,data_1_00000009,data_1/00000009.BIN,data_1_00000009_manual_00_quality_00
64.5,986.731455,0.0,0.0,0.09295019171799447,0.0794754764215555,-0.5550662462141748,1500.0,1500.0,3.0,18.0,0.6,0,data_1,data_1_00000009,data_1/00000009.BIN,data_1_00000009_manual_00_quality_00
64.6,986.831455,0.0,0.0,0.0854838394437634,0.08612878044285358,-0.5349780330377654,1500.0,1500.0,3.0,18.0,0.6,0,data_1,data_1_00000009,data_1/00000009.BIN,data_1_00000009_manual_00_quality_00
64.7,986.931455,0.0,0.0,0.07804844350851978,0.08887391065022832,-0.5311745301308648,1500.0,1500.0,3.0,18.0,0.6,0,data_1,data_1_00000009,data_1/00000009.BIN,data_1_00000009_manual_00_quality_00
64.8,987.0314549999999,0.0,0.0,0.08645713686266637,0.09336849920482898,-0.49399853064646626,1500.0,1500.0,3.0,18.0,0.6,0,data_1,data_1_00000009,data_1/00000009.BIN,data_1_00000009_manual_00_quality_00
64.9,987.131455,0.0,0.0,0.0948485723371925,0.1057437008093949,-0.43670551425003085,1500.0,1500.0,3.0,18.0,0.6,0,data_1,data_1_00000009,data_1/00000009.BIN,data_1_00000009_manual_00_quality_00
65.0,987.231455,0.0,0.0,0.09544827038400913,0.11818480584177726,-0.3790773191939387,1500.0,1500.0,3.0,18.0,0.6,0,data_1,data_1_00000009,data_1/00000009.BIN,data_1_00000009_manual_00_quality_00
65.1,987.331455,0.0,0.0,0.09603229835855646,0.12023673913993686,-0.46103318144852323,1500.0,1500.0,3.0,18.0,0.6,0,data_1,data_1_00000009,data_1/00000009.BIN,data_1_00000009_manual_00_quality_00
65.2,987.431455,0.0,0.0,0.08811565278030109,0.10102013199520905,-0.6078609174948562,1500.0,1500.0,3.0,18.0,0.6,0,data_1,data_1_00000009,data_1/00000009.BIN,data_1_00000009_manual_00_quality_00
65.3,987.5314549999999,0.0,0.0,0.08023024667496068,0.09032565335020945,-0.7164153320794836,1500.0,1500.0,3.0,18.0,0.6,0,data_1,data_1_00000009,data_1/00000009.BIN,data_1_00000009_manual_00_quality_00
65.4,987.631455,0.0,0.0,0.09101987230690257,0.10388102444023403,-0.6749038894484523,1500.0,1500.0,3.0,18.0,0.6,0,data_1,data_1_00000009,data_1/00000009.BIN,data_1_00000009_manual_00_quality_00
65.5,987.731455,0.0,0.0,0.10176022909540132,0.13119179905292885,-0.4895653374040068,1500.0,1500.0,3.0,18.0,0.6,0,data_1,data_1_00000009,data_1/00000009.BIN,data_1_00000009_manual_00_quality_00
65.6,987.831455,0.0,0.0,0.08661888449068807,0.13702492117966023,-0.32021951472763616,1500.0,1500.0,3.0,18.0,0.6,0,data_1,data_1_00000009,data_1/00000009.BIN,data_1_00000009_manual_00_quality_00
65.7,987.931455,0.0,0.0,0.0715000168161025,0.12372221025693515,-0.28788207547795924,1500.0,1500.0,3.0,18.0,0.6,0,data_1,data_1_00000009,data_1/00000009.BIN,data_1_00000009_manual_00_quality_00
65.8,988.0314549999999,0.0,0.0,0.0686411476914935,0.1352766231276212,-0.22603884121528434,1500.0,1500.0,3.0,18.0,0.6,0,data_1,data_1_00000009,data_1/00000009.BIN,data_1_00000009_manual_00_quality_00
65.9,988.131455,0.0,0.0,0.06577591476399133,0.1519417139870889,-0.3941961151790263,1500.0,1500.0,3.0,18.0,0.6,0,data_1,data_1_00000009,data_1/00000009.BIN,data_1_00000009_manual_00_quality_00
66.0,988.231455,0.0,0.0,0.05945845711206384,0.15753850868023964,-0.6145401783533898,1500.0,1500.0,3.0,18.0,0.6,0,data_1,data_1_00000009,data_1/00000009.BIN,data_1_00000009_manual_00_quality_00
66.1,988.331455,0.0,0.0,0.05314791495925394,0.15071028218677626,-0.7574093781922014,1500.0,1500.0,3.0,18.0,0.6,0,data_1,data_1_00000009,data_1/00000009.BIN,data_1_00000009_manual_00_quality_00
66.2,988.431455,0.0,0.0,0.05132104115130917,0.15769842987165492,-0.6258445264915578,1500.0,1500.0,3.0,18.0,0.6,0,data_1,data_1_00000009,data_1/00000009.BIN,data_1_00000009_manual_00_quality_00
66.3,988.5314549999999,0.24,-0.01,0.04965037810827146,0.17138736480188194,-0.4174539106481058,1620.0,1496.0,3.0,18.0,0.6,0,data_1,data_1_00000009,data_1/00000009.BIN,data_1_00000009_manual_00_quality_00
66.4,988.631455,0.24,-0.055,0.13412779435837177,0.21802600159335483,-0.021964600605714476,1620.0,1478.0,3.0,18.0,0.6,0,data_1,data_1_00000009,data_1/00000009.BIN,data_1_00000009_manual_00_quality_00
66.5,988.731455,0.248,-0.2825,0.2188160335591161,0.2474390345629258,0.35554227354313456,1624.0,1387.0,3.0,18.0,0.6,0,data_1,data_1_00000009,data_1/00000009.BIN,data_1_00000009_manual_00_quality_00
66.6,988.831455,0.264,-0.6925,0.3915038894221609,0.24715197169011974,0.7210100783288245,1632.0,1223.0,3.0,18.0,0.6,0,data_1,data_1_00000009,data_1/00000009.BIN,data_1_00000009_manual_00_quality_00
66.7,988.931455,0.248,-0.82,0.5641824880530566,0.19075163421713237,1.0241024507194518,1624.0,1172.0,3.0,18.0,0.6,0,data_1,data_1_00000009,data_1/00000009.BIN,data_1_00000009_manual_00_quality_00
66.8,989.0314549999999,0.208,-0.985,0.732737650992248,0.09698661555645746,1.0742585700537162,1604.0,1106.0,3.0,18.0,0.6,0,data_1,data_1_00000009,data_1/00000009.BIN,data_1_00000009_manual_00_quality_00
66.9,989.131455,0.0,-0.985,0.901292813931631,0.006338571637331429,1.2581552150065969,1500.0,1106.0,3.0,18.0,0.6,0,data_1,data_1_00000009,data_1/00000009.BIN,data_1_00000009_manual_00_quality_00
67.0,989.231455,0.0,-0.985,0.9369686658255043,-0.05792410702098878,1.1690687229317958,1500.0,1106.0,3.0,18.0,0.6,0,data_1,data_1_00000009,data_1/00000009.BIN,data_1_00000009_manual_00_quality_00
67.1,989.331455,0.0,-0.985,0.939633828334221,-0.1093360642788204,0.9355083414648115,1500.0,1106.0,3.0,18.0,0.6,0,data_1,data_1_00000009,data_1/00000009.BIN,data_1_00000009_manual_00_quality_00
67.2,989.431455,0.0,-0.985,0.8444304929130475,-0.13129158201304356,0.6633968260844172,1500.0,1106.0,3.0,18.0,0.6,0,data_1,data_1_00000009,data_1/00000009.BIN,data_1_00000009_manual_00_quality_00
67.3,989.5314549999999,0.0,-0.985,0.7493473169346733,-0.16402155379212643,0.2582339611729865,1500.0,1106.0,3.0,18.0,0.6,0,data_1,data_1_00000009,data_1/00000009.BIN,data_1_00000009_manual_00_quality_00
67.4,989.631455,0.0,-0.985,0.7399721548718123,-0.17514724152929334,-0.25951025998667193,1500.0,1106.0,3.0,18.0,0.6,0,data_1,data_1_00000009,data_1/00000009.BIN,data_1_00000009_manual_00_quality_00
67.5,989.731455,0.0,-0.985,0.7305333931569671,-0.19105443866769004,-0.7532251072466574,1500.0,1106.0,3.0,18.0,0.6,0,data_1,data_1_00000009,data_1/00000009.BIN,data_1_00000009_manual_00_quality_00
67.6,989.831455,0.0,-0.985,0.6901340106044432,-0.20870698078212,-1.008742400833683,1500.0,1106.0,3.0,18.0,0.6,0,data_1,data_1_00000009,data_1/00000009.BIN,data_1_00000009_manual_00_quality_00
67.7,989.931455,0.0,-0.985,0.6499003362361784,-0.22693631465469655,-0.9882707212096564,1500.0,1106.0,3.0,18.0,0.6,0,data_1,data_1_00000009,data_1/00000009.BIN,data_1_00000009_manual_00_quality_00
67.8,990.0314549999999,0.0,-0.985,0.6858641722289016,-0.25356149786050336,-0.9554380968866479,1500.0,1106.0,3.0,18.0,0.6,0,data_1,data_1_00000009,data_1/00000009.BIN,data_1_00000009_manual_00_quality_00
67.9,990.131455,0.0,-0.985,0.7217382161376702,-0.25458258504771025,-0.7149528792977594,1500.0,1106.0,3.0,18.0,0.6,0,data_1,data_1_00000009,data_1/00000009.BIN,data_1_00000009_manual_00_quality_00
68.0,990.231455,0.0,-0.985,0.7104430605475752,-0.26829222184755086,-0.5181631617362614,1500.0,1106.0,3.0,18.0,0.6,0,data_1,data_1_00000009,data_1/00000009.BIN,data_1_00000009_manual_00_quality_00
68.1,990.331455,0.0,-0.985,0.6990772758816063,-0.2845429174003923,-0.3429669272012605,1500.0,1106.0,3.0,18.0,0.6,0,data_1,data_1_00000009,data_1/00000009.BIN,data_1_00000009_manual_00_quality_00
68.2,990.431455,0.0,-0.985,0.6531600242838579,-0.2942085656407691,-0.30799329203078996,1500.0,1106.0,3.0,18.0,0.6,0,data_1,data_1_00000009,data_1/00000009.BIN,data_1_00000009_manual_00_quality_00
68.3,990.5314549999999,0.0,-0.985,0.6072690279009084,-0.30093587056875815,-0.16433034812677175,1500.0,1106.0,3.0,18.0,0.6,0,data_1,data_1_00000009,data_1/00000009.BIN,data_1_00000009_manual_00_quality_00
68.4,990.631455,0.0,-0.985,0.5742853796303156,-0.3145879705150007,-0.05179103554615161,1500.0,1106.0,3.0,18.0,0.6,0,data_1,data_1_00000009,data_1/00000009.BIN,data_1_00000009_manual_00_quality_00
68.5,990.731455,0.0,-0.985,0.5413583081838658,-0.30985035480227774,0.02371176473927595,1500.0,1106.0,3.0,18.0,0.6,0,data_1,data_1_00000009,data_1/00000009.BIN,data_1_00000009_manual_00_quality_00
68.6,990.831455,0.0,-0.985,0.5435155444885071,-0.29961694528434724,-0.01646471433088811,1500.0,1106.0,3.0,18.0,0.6,0,data_1,data_1_00000009,data_1/00000009.BIN,data_1_00000009_manual_00_quality_00
68.7,990.931455,0.0,-0.985,0.5455935331188222,-0.3018434357048915,-0.17825947282802831,1500.0,1106.0,3.0,18.0,0.6,0,data_1,data_1_00000009,data_1/00000009.BIN,data_1_00000009_manual_00_quality_00
68.8,991.0314549999999,0.0,-0.985,0.5085192474911971,-0.29683059579808796,-0.10711108221811037,1500.0,1106.0,3.0,18.0,0.6,0,data_1,data_1_00000009,data_1/00000009.BIN,data_1_00000009_manual_00_quality_00
0.0,1280.911603,0.294,0.0,0.09372472829069603,-0.1257195331578586,0.46184217383733395,1647.0,1500.0,3.0,18.0,0.6,0,data_1,data_1_00000013,data_1/00000013.BIN,data_1_00000013_manual_00_quality_00
0.1,1281.011603,0.304,0.0,0.367282314320669,-0.10189604620064244,0.9908644947057366,1652.0,1500.0,3.0,18.0,0.6,0,data_1,data_1_00000013,data_1/00000013.BIN,data_1_00000013_manual_00_quality_00
0.2,1281.111603,0.288,0.0825,0.6403358504609454,-0.054011862489802324,1.1610606068181475,1644.0,1533.0,3.0,18.0,0.6,0,data_1,data_1_00000013,data_1/00000013.BIN,data_1_00000013_manual_00_quality_00
0.3,1281.211603,0.248,0.635,0.7734895673672254,0.0017283585705663517,1.1807046233856564,1624.0,1754.0,3.0,18.0,0.6,0,data_1,data_1_00000013,data_1/00000013.BIN,data_1_00000013_manual_00_quality_00
0.4,1281.311603,0.224,1.0,0.9061554574133597,0.1578429592600427,1.3677548013496899,1612.0,1900.0,3.0,18.0,0.6,0,data_1,data_1_00000013,data_1/00000013.BIN,data_1_00000013_manual_00_quality_00
0.5,1281.411603,0.224,1.0,0.9038017130842982,0.3167718408832797,1.121466619522783,1612.0,1900.0,3.0,18.0,0.6,0,data_1,data_1_00000013,data_1/00000013.BIN,data_1_00000013_manual_00_quality_00
0.6,1281.511603,0.216,1.0,0.9012564337267357,0.3594809270389478,0.9632073613920269,1608.0,1900.0,3.0,18.0,0.6,0,data_1,data_1_00000013,data_1/00000013.BIN,data_1_00000013_manual_00_quality_00
0.7,1281.611603,0.224,1.0,0.8469961775895584,0.34214129822858724,1.2207068394628753,1612.0,1900.0,3.0,18.0,0.6,0,data_1,data_1_00000013,data_1/00000013.BIN,data_1_00000013_manual_00_quality_00
0.8,1281.711603,0.232,1.0,0.793373703459251,0.40538240162662437,1.4463066792747166,1616.0,1900.0,3.0,18.0,0.6,0,data_1,data_1_00000013,data_1/00000013.BIN,data_1_00000013_manual_00_quality_00
0.9,1281.811603,0.256,1.0,0.9502995423277494,0.5072533578087838,1.2034835756775235,1628.0,1900.0,3.0,18.0,0.6,0,data_1,data_1_00000013,data_1/00000013.BIN,data_1_00000013_manual_00_quality_00
1.0,1281.911603,0.232,1.0,1.1068856163865288,0.5294023378405182,1.2560359465688646,1616.0,1900.0,3.0,18.0,0.6,0,data_1,data_1_00000013,data_1/00000013.BIN,data_1_00000013_manual_00_quality_00
1.1,1282.011603,0.0,1.0,1.1672873616916688,0.5649300509945039,1.663009292688929,1500.0,1900.0,3.0,18.0,0.6,0,data_1,data_1_00000013,data_1/00000013.BIN,data_1_00000013_manual_00_quality_00
1.2,1282.111603,0.0,1.0,1.2270238660884876,0.5485823931117833,1.9666270881482455,1500.0,1900.0,3.0,18.0,0.6,0,data_1,data_1_00000013,data_1/00000013.BIN,data_1_00000013_manual_00_quality_00
1.3,1282.211603,0.0,1.0,1.0821043434090345,0.5533160425071326,1.785476824903791,1500.0,1900.0,3.0,18.0,0.6,0,data_1,data_1_00000013,data_1/00000013.BIN,data_1_00000013_manual_00_quality_00
1.4,1282.311603,0.0,1.0,0.9374311446220468,0.5355853023738268,1.4159823932354407,1500.0,1900.0,3.0,18.0,0.6,0,data_1,data_1_00000013,data_1/00000013.BIN,data_1_00000013_manual_00_quality_00
1.5,1282.411603,0.0,1.0,0.8641174047232043,0.5025340217800384,0.686454152741353,1500.0,1900.0,3.0,18.0,0.6,0,data_1,data_1_00000013,data_1/00000013.BIN,data_1_00000013_manual_00_quality_00
1.6,1282.511603,0.232,1.0,0.7913426210937976,0.474293630630985,-0.1281309127050753,1616.0,1900.0,3.0,17.0,0.64,0,data_1,data_1_00000013,data_1/00000013.BIN,data_1_00000013_manual_00_quality_00
1.7,1282.611603,0.264,1.0,0.8648834505759119,0.45185201714411366,0.01952687504325114,1632.0,1900.0,3.0,17.0,0.64,0,data_1,data_1_00000013,data_1/00000013.BIN,data_1_00000013_manual_00_quality_00
1.8,1282.711603,0.248,1.0,0.9387296410912747,0.509828253923032,0.6745550973110166,1624.0,1900.0,3.0,17.0,0.64,0,data_1,data_1_00000013,data_1/00000013.BIN,data_1_00000013_manual_00_quality_00
1.9,1282.811603,0.224,1.0,1.0911751303614847,0.5729549751401994,1.148153069768088,1612.0,1900.0,3.0,17.0,0.64,0,data_1,data_1_00000013,data_1/00000013.BIN,data_1_00000013_manual_00_quality_00
2.0,1282.911603,0.0,1.0,1.2428786103446223,0.636041984119375,1.2788682029788894,1500.0,1900.0,3.0,17.0,0.64,0,data_1,data_1_00000013,data_1/00000013.BIN,data_1_00000013_manual_00_quality_00
2.1,1283.011603,0.0,1.0,1.1802489439950392,0.6572494552533155,1.2448016289663264,1500.0,1900.0,3.0,17.0,0.64,0,data_1,data_1_00000013,data_1/00000013.BIN,data_1_00000013_manual_00_quality_00
2.2,1283.111603,0.0,1.0,1.1176192776453138,0.6427079618207151,1.4754502689602995,1500.0,1900.0,3.0,17.0,0.64,0,data_1,data_1_00000013,data_1/00000013.BIN,data_1_00000013_manual_00_quality_00
2.3,1283.211603,0.0,1.0,1.01792194760944,0.6143086301865771,1.6508239914286327,1500.0,1900.0,3.0,17.0,0.64,0,data_1,data_1_00000013,data_1/00000013.BIN,data_1_00000013_manual_00_quality_00
2.4,1283.311603,0.0,0.7575,0.9092904795207646,0.5932653990887988,1.2626974754390055,1500.0,1803.0,3.0,17.0,0.64,0,data_1,data_1_00000013,data_1/00000013.BIN,data_1_00000013_manual_00_quality_00
2.5,1283.411603,0.0,0.0,0.82892181506359,0.5382736416900583,0.4693975892473083,1500.0,1500.0,3.0,17.0,0.64,0,data_1,data_1_00000013,data_1/00000013.BIN,data_1_00000013_manual_00_quality_00
2.6,1283.511603,0.0,0.0,0.7486325723583866,0.4453876014713984,-0.1840459070333793,1500.0,1500.0,3.0,17.0,0.64,0,data_1,data_1_00000013,data_1/00000013.BIN,data_1_00000013_manual_00_quality_00
2.7,1283.611603,0.0,0.0,0.6903255056708425,0.39676914531681196,-0.5253443955489688,1500.0,1500.0,3.0,17.0,0.64,0,data_1,data_1_00000013,data_1/00000013.BIN,data_1_00000013_manual_00_quality_00
2.8,1283.711603,0.0,0.0,0.632127161316022,0.403133713532974,-0.635766918264277,1500.0,1500.0,3.0,17.0,0.64,0,data_1,data_1_00000013,data_1/00000013.BIN,data_1_00000013_manual_00_quality_00
2.9,1283.811603,0.0,0.0,0.6133554883160918,0.3826205036451765,-0.7732492243448307,1500.0,1500.0,3.0,17.0,0.64,0,data_1,data_1_00000013,data_1/00000013.BIN,data_1_00000013_manual_00_quality_00
3.0,1283.911603,0.0,0.0,0.5945342572735279,0.35429509319101077,-0.5967910435963434,1500.0,1500.0,3.0,17.0,0.64,0,data_1,data_1_00000013,data_1/00000013.BIN,data_1_00000013_manual_00_quality_00
3.1,1284.011603,0.0,0.0,0.5599797681405758,0.3269963413092583,-0.5750534179586498,1500.0,1500.0,3.0,17.0,0.64,0,data_1,data_1_00000013,data_1/00000013.BIN,data_1_00000013_manual_00_quality_00
3.2,1284.111603,0.0,0.0,0.525505310206367,0.28670657657714305,-0.17542174809414882,1500.0,1500.0,3.0,17.0,0.64,0,data_1,data_1_00000013,data_1/00000013.BIN,data_1_00000013_manual_00_quality_00
3.3,1284.211603,0.0,0.0,0.5127576872316768,0.23205766211053264,-0.14295145564169845,1500.0,1500.0,3.0,17.0,0.64,0,data_1,data_1_00000013,data_1/00000013.BIN,data_1_00000013_manual_00_quality_00
3.4,1284.311603,0.0,0.0,0.5000291134833841,0.2058294467853789,-0.13989253258558715,1500.0,1500.0,3.0,17.0,0.64,0,data_1,data_1_00000013,data_1/00000013.BIN,data_1_00000013_manual_00_quality_00
3.5,1284.411603,0.0,0.0,0.4923477741302006,0.19096229140687732,-0.06192834515325956,1500.0,1500.0,3.0,17.0,0.64,0,data_1,data_1_00000013,data_1/00000013.BIN,data_1_00000013_manual_00_quality_00
3.6,1284.511603,0.0,0.0,0.4845291560484674,0.17988930160066874,0.036643639244250494,1500.0,1500.0,3.0,17.0,0.64,0,data_1,data_1_00000013,data_1/00000013.BIN,data_1_00000013_manual_00_quality_00
3.7,1284.611603,0.0,0.0,0.43964490921547333,0.15436790823323748,-0.010776644905457967,1500.0,1500.0,3.0,17.0,0.64,0,data_1,data_1_00000013,data_1/00000013.BIN,data_1_00000013_manual_00_quality_00
3.8,1284.711603,0.0,0.0,0.39487235240223734,0.15087069582003468,-0.1550678874136187,1500.0,1500.0,3.0,17.0,0.64,0,data_1,data_1_00000013,data_1/00000013.BIN,data_1_00000013_manual_00_quality_00
3.9,1284.811603,0.0,0.0,0.3835286520170779,0.14778603286925185,-0.4315602656057201,1500.0,1500.0,3.0,17.0,0.64,0,data_1,data_1_00000013,data_1/00000013.BIN,data_1_00000013_manual_00_quality_00
4.0,1284.911603,0.0,0.0,0.3722904918425866,0.1380149932160141,-0.7055150407729571,1500.0,1500.0,3.0,18.0,0.64,0,data_1,data_1_00000013,data_1/00000013.BIN,data_1_00000013_manual_00_quality_00
4.1,1285.011603,0.0,0.0,0.399047950520799,0.13521977732955578,-0.723598888424653,1500.0,1500.0,3.0,18.0,0.64,0,data_1,data_1_00000013,data_1/00000013.BIN,data_1_00000013_manual_00_quality_00
4.2,1285.111603,0.0,0.0,0.4255651983705554,0.12697770858011018,-0.21900738730308572,1500.0,1500.0,3.0,18.0,0.64,0,data_1,data_1_00000013,data_1/00000013.BIN,data_1_00000013_manual_00_quality_00
4.3,1285.211603,0.0,0.0,0.3814640056038914,0.10969796985237784,-0.0019250228397162774,1500.0,1500.0,3.0,18.0,0.64,0,data_1,data_1_00000013,data_1/00000013.BIN,data_1_00000013_manual_00_quality_00
4.4,1285.311603,0.0,0.0,0.33749910287078,0.10266280360520098,-0.1671971070471591,1500.0,1500.0,3.0,18.0,0.64,0,data_1,data_1_00000013,data_1/00000013.BIN,data_1_00000013_manual_00_quality_00
4.5,1285.411603,0.0,0.0,0.3308402270192724,0.08885914395734862,-0.29050574089289327,1500.0,1500.0,3.0,18.0,0.64,0,data_1,data_1_00000013,data_1/00000013.BIN,data_1_00000013_manual_00_quality_00
4.6,1285.511603,0.0,0.0,0.3241925231979433,0.07181244814990675,-0.48711183386421614,1500.0,1500.0,3.0,18.0,0.6,0,data_1,data_1_00000013,data_1/00000013.BIN,data_1_00000013_manual_00_quality_00
4.7,1285.611603,0.0,0.0,0.3206543261671776,0.08166372924222765,-0.4684444054466001,1500.0,1500.0,3.0,18.0,0.6,0,data_1,data_1_00000013,data_1/00000013.BIN,data_1_00000013_manual_00_quality_00
4.8,1285.711603,0.0,0.0,0.31717935147768683,0.08922145627098477,-0.22071190354589104,1500.0,1500.0,3.0,18.0,0.6,0,data_1,data_1_00000013,data_1/00000013.BIN,data_1_00000013_manual_00_quality_00
4.9,1285.811603,0.0,0.0,0.3329162584869567,0.07896524779408616,-0.05891549829756176,1500.0,1500.0,3.0,18.0,0.6,0,data_1,data_1_00000013,data_1/00000013.BIN,data_1_00000013_manual_00_quality_00
5.0,1285.911603,0.0,0.0,0.3484893978655111,0.07005016465205248,-0.22166408223784784,1500.0,1500.0,3.0,18.0,0.6,0,data_1,data_1_00000013,data_1/00000013.BIN,data_1_00000013_manual_00_quality_00
5.1,1286.011603,0.0,0.0,0.31139803693522017,0.06369504149216067,-0.521265399268518,1500.0,1500.0,3.0,18.0,0.6,0,data_1,data_1_00000013,data_1/00000013.BIN,data_1_00000013_manual_00_quality_00
5.2,1286.111603,0.0,0.0,0.2744577840602453,0.06832490428499403,-0.6184828125563993,1500.0,1500.0,3.0,18.0,0.6,0,data_1,data_1_00000013,data_1/00000013.BIN,data_1_00000013_manual_00_quality_00
5.3,1286.211603,0.0,0.0,0.28790423429368944,0.05682135677207034,-0.5539021233781646,1500.0,1500.0,3.0,18.0,0.6,0,data_1,data_1_00000013,data_1/00000013.BIN,data_1_00000013_manual_00_quality_00
5.4,1286.311603,0.0,0.0,0.30129065062591476,0.04346852811416615,-0.41274318792354225,1500.0,1500.0,3.0,18.0,0.6,0,data_1,data_1_00000013,data_1/00000013.BIN,data_1_00000013_manual_00_quality_00
5.5,1286.411603,0.0,0.0,0.29465887301948335,0.055542553373737834,-0.3410982310365553,1500.0,1500.0,3.0,18.0,0.6,0,data_1,data_1_00000013,data_1/00000013.BIN,data_1_00000013_manual_00_quality_00
5.6,1286.511603,0.0,0.0,0.28806120503917865,0.07678402450041795,-0.372037956419325,1500.0,1500.0,3.0,18.0,0.6,0,data_1,data_1_00000013,data_1/00000013.BIN,data_1_00000013_manual_00_quality_00
5.7,1286.611603,0.0,0.0,0.2952951291196542,0.05898346625296794,-0.440098732526682,1500.0,1500.0,3.0,18.0,0.6,0,data_1,data_1_00000013,data_1/00000013.BIN,data_1_00000013_manual_00_quality_00
5.8,1286.711603,0.0,0.0,0.3024285567295452,0.030981375957932933,-0.4913173781741175,1500.0,1500.0,3.0,18.0,0.6,0,data_1,data_1_00000013,data_1/00000013.BIN,data_1_00000013_manual_00_quality_00
5.9,1286.811603,0.0,0.0,0.2689756506113541,0.05046869792033898,-0.4389344181444418,1500.0,1500.0,3.0,18.0,0.6,0,data_1,data_1_00000013,data_1/00000013.BIN,data_1_00000013_manual_00_quality_00
6.0,1286.911603,0.0,0.0,0.23559106457621234,0.07970393963498898,-0.33909842212993757,1500.0,1500.0,3.0,18.0,0.6,0,data_1,data_1_00000013,data_1/00000013.BIN,data_1_00000013_manual_00_quality_00
6.1,1287.011603,0.0,0.0,0.23376782651455238,0.07648681523120843,-0.3353234583762893,1500.0,1500.0,3.0,18.0,0.6,0,data_1,data_1_00000013,data_1/00000013.BIN,data_1_00000013_manual_00_quality_00
6.2,1287.111603,0.0,0.0,0.2319483258443319,0.059753289421287555,-0.5490984271878518,1500.0,1500.0,3.0,18.0,0.6,0,data_1,data_1_00000013,data_1/00000013.BIN,data_1_00000013_manual_00_quality_00
6.3,1287.211603,0.0,0.0,0.23197528156508093,0.05712527026495798,-0.6730133112211382,1500.0,1500.0,3.0,18.0,0.6,0,data_1,data_1_00000013,data_1/00000013.BIN,data_1_00000013_manual_00_quality_00
6.4,1287.311603,0.0,0.0,0.23194856234933334,0.041829288916398706,-0.5865419443384515,1500.0,1500.0,3.0,18.0,0.6,0,data_1,data_1_00000013,data_1/00000013.BIN,data_1_00000013_manual_00_quality_00
6.5,1287.411603,0.0,0.0,0.21460498846040174,0.0461426305668623,-0.3710682084514046,1500.0,1500.0,3.0,18.0,0.6,0,data_1,data_1_00000013,data_1/00000013.BIN,data_1_00000013_manual_00_quality_00
6.6,1287.511603,0.0,0.0,0.1974132944050992,0.0655786599519151,-0.22366849820059306,1500.0,1500.0,3.0,18.0,0.6,0,data_1,data_1_00000013,data_1/00000013.BIN,data_1_00000013_manual_00_quality_00
6.7,1287.611603,0.0,0.0,0.2297036530893865,0.06769605786746735,-0.38118712912369795,1500.0,1500.0,3.0,18.0,0.6,0,data_1,data_1_00000013,data_1/00000013.BIN,data_1_00000013_manual_00_quality_00
6.8,1287.711603,0.0,0.0,0.2618135815156549,0.06258947449548649,-0.7791361521616559,1500.0,1500.0,3.0,18.0,0.6,0,data_1,data_1_00000013,data_1/00000013.BIN,data_1_00000013_manual_00_quality_00
6.9,1287.811603,0.0,0.0,0.2289666629324541,0.09217198215838791,-0.8631778396026211,1500.0,1500.0,3.0,18.0,0.6,0,data_1,data_1_00000013,data_1/00000013.BIN,data_1_00000013_manual_00_quality_00
7.0,1287.911603,0.0,0.0,0.1961827004565197,0.10221570487329461,-0.6607649932175436,1500.0,1500.0,3.0,18.0,0.6,0,data_1,data_1_00000013,data_1/00000013.BIN,data_1_00000013_manual_00_quality_00
7.1,1288.011603,0.0,0.0,0.18648140951778674,0.08302452419618118,-0.3970299559157442,1500.0,1500.0,3.0,18.0,0.6,0,data_1,data_1_00000013,data_1/00000013.BIN,data_1_00000013_manual_00_quality_00
7.2,1288.111603,0.0,0.0,0.17677831871798744,0.07253615427881213,-0.12744348158145374,1500.0,1500.0,3.0,18.0,0.6,0,data_1,data_1_00000013,data_1/00000013.BIN,data_1_00000013_manual_00_quality_00
7.3,1288.211603,0.0,0.0,0.1661680070496052,0.04696399284765361,-0.17082212041437342,1500.0,1500.0,3.0,18.0,0.6,0,data_1,data_1_00000013,data_1/00000013.BIN,data_1_00000013_manual_00_quality_00
7.4,1288.311603,0.0,0.0,0.15562978053707355,0.03868712817321165,-0.3952693508429003,1500.0,1500.0,3.0,18.0,0.6,0,data_1,data_1_00000013,data_1/00000013.BIN,data_1_00000013_manual_00_quality_00
7.5,1288.411603,0.0,0.0,0.1692905651190275,0.06393393648590313,-0.5534110157743886,1500.0,1500.0,3.0,18.0,0.6,0,data_1,data_1_00000013,data_1/00000013.BIN,data_1_00000013_manual_00_quality_00
7.6,1288.511603,0.0,0.0,0.18295872387495352,0.07915406963775458,-0.7008636135928273,1500.0,1500.0,3.0,18.0,0.6,0,data_1,data_1_00000013,data_1/00000013.BIN,data_1_00000013_manual_00_quality_00
7.7,1288.611603,0.0,0.0,0.19941275617347365,0.07552423563831677,-0.8823432058396868,1500.0,1500.0,3.0,18.0,0.6,0,data_1,data_1_00000013,data_1/00000013.BIN,data_1_00000013_manual_00_quality_00
7.8,1288.711603,0.0,0.0,0.21571042909475277,0.08461034176591067,-0.8485630139005178,1500.0,1500.0,3.0,18.0,0.6,0,data_1,data_1_00000013,data_1/00000013.BIN,data_1_00000013_manual_00_quality_00
7.9,1288.811603,0.0,0.0,0.1720262393977328,0.09395593672918948,-0.4739473630398469,1500.0,1500.0,3.0,18.0,0.6,0,data_1,data_1_00000013,data_1/00000013.BIN,data_1_00000013_manual_00_quality_00
8.0,1288.911603,0.0,0.0,0.12850427918239526,0.058293939168736125,-0.18325777628592202,1500.0,1500.0,3.0,18.0,0.6,0,data_1,data_1_00000013,data_1/00000013.BIN,data_1_00000013_manual_00_quality_00
8.1,1289.011603,0.0,0.0,0.13944281054873375,0.03390746469663179,-0.24133259071521238,1500.0,1500.0,3.0,18.0,0.6,0,data_1,data_1_00000013,data_1/00000013.BIN,data_1_00000013_manual_00_quality_00
8.2,1289.111603,0.0,0.0,0.15038134191509714,0.06064201075237954,-0.43821288401199626,1500.0,1500.0,3.0,18.0,0.6,0,data_1,data_1_00000013,data_1/00000013.BIN,data_1_00000013_manual_00_quality_00
8.3,1289.211603,0.0,0.0,0.15043037053444103,0.07205279469708784,-0.594585273252782,1500.0,1500.0,3.0,18.0,0.6,0,data_1,data_1_00000013,data_1/00000013.BIN,data_1_00000013_manual_00_quality_00
8.4,1289.311603,0.0,0.0,0.14781446041282537,0.053372379165087316,-0.6725558536979565,1500.0,1500.0,3.0,18.0,0.6,0,data_1,data_1_00000013,data_1/00000013.BIN,data_1_00000013_manual_00_quality_00
8.5,1289.411603,0.0,0.0,0.1606086198581213,0.05887791174319744,-0.6757472712983974,1500.0,1500.0,3.0,18.0,0.6,0,data_1,data_1_00000013,data_1/00000013.BIN,data_1_00000013_manual_00_quality_00
8.6,1289.511603,0.0,0.0,0.17713428319785762,0.0744338570148286,-0.6565288874829017,1500.0,1500.0,3.0,18.0,0.6,0,data_1,data_1_00000013,data_1/00000013.BIN,data_1_00000013_manual_00_quality_00
8.7,1289.611603,0.0,0.0,0.17565772800868604,0.058352265053394456,-0.6329461852547065,1500.0,1500.0,3.0,18.0,0.6,0,data_1,data_1_00000013,data_1/00000013.BIN,data_1_00000013_manual_00_quality_00
8.8,1289.711603,0.0,0.0,0.17413401101602155,0.039385671874173016,-0.5117277505819522,1500.0,1500.0,3.0,18.0,0.6,0,data_1,data_1_00000013,data_1/00000013.BIN,data_1_00000013_manual_00_quality_00
8.9,1289.811603,0.0,0.0,0.14645645388448084,0.05371377524982653,-0.3078209088377999,1500.0,1500.0,3.0,18.0,0.6,0,data_1,data_1_00000013,data_1/00000013.BIN,data_1_00000013_manual_00_quality_00
9.0,1289.911603,0.0,0.0,0.11884864420637413,0.06344962276478024,-0.2692571163803977,1500.0,1500.0,3.0,18.0,0.6,0,data_1,data_1_00000013,data_1/00000013.BIN,data_1_00000013_manual_00_quality_00
9.1,1290.011603,0.0,0.0,0.11884864793136643,0.06717264872516679,-0.4415699084742684,1500.0,1500.0,3.0,18.0,0.6,0,data_1,data_1_00000013,data_1/00000013.BIN,data_1_00000013_manual_00_quality_00
9.2,1290.111603,0.0,0.0,0.11889109210689572,0.06841494451219082,-0.6635801177406115,1500.0,1500.0,3.0,18.0,0.6,0,data_1,data_1_00000013,data_1/00000013.BIN,data_1_00000013_manual_00_quality_00
9.3,1290.211603,0.0,0.0,0.13687433757825923,0.05978164875021118,-0.7561922454487559,1500.0,1500.0,3.0,18.0,0.6,0,data_1,data_1_00000013,data_1/00000013.BIN,data_1_00000013_manual_00_quality_00
9.4,1290.311603,0.0,0.0,0.15476508220283125,0.047500618487593946,-0.7779711134004651,1500.0,1500.0,3.0,18.0,0.6,0,data_1,data_1_00000013,data_1/00000013.BIN,data_1_00000013_manual_00_quality_00
9.5,1290.411603,0.0,0.0,0.1402918901978682,0.05529298131566448,-0.6481025811085559,1500.0,1500.0,3.0,18.0,0.6,0,data_1,data_1_00000013,data_1/00000013.BIN,data_1_00000013_manual_00_quality_00
9.6,1290.511603,0.0,0.0,0.1259304701781116,0.06697162744526436,-0.4171795374903654,1500.0,1500.0,3.0,18.0,0.6,0,data_1,data_1_00000013,data_1/00000013.BIN,data_1_00000013_manual_00_quality_00
9.7,1290.611603,0.0,0.0,0.1463860235639089,0.058263383060317385,-0.37942744096768755,1500.0,1500.0,3.0,18.0,0.6,0,data_1,data_1_00000013,data_1/00000013.BIN,data_1_00000013_manual_00_quality_00
9.8,1290.711603,0.0,0.0,0.1666925320188488,0.05277601649801487,-0.4843295804561901,1500.0,1500.0,3.0,18.0,0.6,0,data_1,data_1_00000013,data_1/00000013.BIN,data_1_00000013_manual_00_quality_00
9.9,1290.811603,0.0,0.0,0.13391775296738156,0.08228593862987124,-0.4622189315565453,1500.0,1500.0,3.0,18.0,0.6,0,data_1,data_1_00000013,data_1/00000013.BIN,data_1_00000013_manual_00_quality_00
10.0,1290.911603,0.0,0.0,0.10136631237113279,0.08064437193545003,-0.4791541475612945,1500.0,1500.0,3.0,18.0,0.6,0,data_1,data_1_00000013,data_1/00000013.BIN,data_1_00000013_manual_00_quality_00
10.1,1291.011603,0.0,0.0,0.14230059441577309,0.057318699037144594,-0.6410765517799539,1500.0,1500.0,3.0,18.0,0.6,0,data_1,data_1_00000013,data_1/00000013.BIN,data_1_00000013_manual_00_quality_00
10.2,1291.111603,0.0,0.0,0.18323487646050646,0.05749189244965077,-0.736968078861656,1500.0,1500.0,3.0,18.0,0.6,0,data_1,data_1_00000013,data_1/00000013.BIN,data_1_00000013_manual_00_quality_00
10.3,1291.211603,0.0,0.0,0.14959578146606625,0.06980872334028222,-0.6538804663080012,1500.0,1500.0,3.0,18.0,0.6,0,data_1,data_1_00000013,data_1/00000013.BIN,data_1_00000013_manual_00_quality_00
10.4,1291.311603,0.0,0.0,0.09788044094752628,0.04890651351008645,-0.5246103992955916,1500.0,1500.0,3.0,18.0,0.6,0,data_1,data_1_00000013,data_1/00000013.BIN,data_1_00000013_manual_00_quality_00
10.5,1291.411603,0.0,0.0,0.08909206630204906,0.03593341573821951,-0.5130462081725323,1500.0,1500.0,3.0,18.0,0.6,0,data_1,data_1_00000013,data_1/00000013.BIN,data_1_00000013_manual_00_quality_00
10.6,1291.511603,0.0,0.0,0.0803968519993269,0.05992062080574033,-0.5981100127883665,1500.0,1500.0,3.0,18.0,0.6,0,data_1,data_1_00000013,data_1/00000013.BIN,data_1_00000013_manual_00_quality_00
10.7,1291.611603,0.0,0.0,0.1112511764027933,0.0760446129938316,-0.6471958293241816,1500.0,1500.0,3.0,18.0,0.6,0,data_1,data_1_00000013,data_1/00000013.BIN,data_1_00000013_manual_00_quality_00
10.8,1291.711603,0.0,0.0,0.1420162267902032,0.07049185427162828,-0.5278438379149006,1500.0,1500.0,3.0,18.0,0.6,0,data_1,data_1_00000013,data_1/00000013.BIN,data_1_00000013_manual_00_quality_00
10.9,1291.811603,0.0,0.0,0.12932225072326606,0.0666528118732403,-0.3551976055737965,1500.0,1500.0,3.0,18.0,0.6,0,data_1,data_1_00000013,data_1/00000013.BIN,data_1_00000013_manual_00_quality_00
11.0,1291.911603,0.0,0.0,0.11662088387152739,0.05825044492414336,-0.38730722688906805,1500.0,1500.0,3.0,18.0,0.6,0,data_1,data_1_00000013,data_1/00000013.BIN,data_1_00000013_manual_00_quality_00
11.1,1292.011603,0.0,0.0,0.10113793239826321,0.055125868880807234,-0.5963325306763938,1500.0,1500.0,3.0,18.0,0.6,0,data_1,data_1_00000013,data_1/00000013.BIN,data_1_00000013_manual_00_quality_00
11.2,1292.111603,0.0,0.0,0.08576718462106413,0.05813530017237194,-0.7475561947682808,1500.0,1500.0,3.0,18.0,0.6,0,data_1,data_1_00000013,data_1/00000013.BIN,data_1_00000013_manual_00_quality_00
11.3,1292.211603,0.0,0.0,0.10647897381047529,0.05222254950428225,-0.7177182410624706,1500.0,1500.0,3.0,18.0,0.6,0,data_1,data_1_00000013,data_1/00000013.BIN,data_1_00000013_manual_00_quality_00
11.4,1292.311603,0.0,0.0,0.12706168662963574,0.05242531488269144,-0.5837283922502262,1500.0,1500.0,3.0,18.0,0.6,0,data_1,data_1_00000013,data_1/00000013.BIN,data_1_00000013_manual_00_quality_00
11.5,1292.411603,0.0,0.0,0.10889505103893429,0.06216438542379634,-0.33524652247758446,1500.0,1500.0,3.0,18.0,0.6,0,data_1,data_1_00000013,data_1/00000013.BIN,data_1_00000013_manual_00_quality_00
11.6,1292.511603,0.0,0.0,0.09079208047113621,0.06509302372789344,-0.18674771601627976,1500.0,1500.0,3.0,18.0,0.6,0,data_1,data_1_00000013,data_1/00000013.BIN,data_1_00000013_manual_00_quality_00
11.7,1292.611603,0.0,0.0,0.09290092988864089,0.06003866561853006,-0.37405880095546223,1500.0,1500.0,3.0,18.0,0.6,0,data_1,data_1_00000013,data_1/00000013.BIN,data_1_00000013_manual_00_quality_00
11.8,1292.711603,0.0,0.0,0.0949730908352573,0.047301640184948035,-0.7449210109961856,1500.0,1500.0,3.0,18.0,0.6,0,data_1,data_1_00000013,data_1/00000013.BIN,data_1_00000013_manual_00_quality_00
11.9,1292.811603,0.0,0.0,0.07993779497323,0.051045071671642225,-0.8396419439994699,1500.0,1500.0,3.0,18.0,0.6,0,data_1,data_1_00000013,data_1/00000013.BIN,data_1_00000013_manual_00_quality_00
12.0,1292.911603,0.0,0.0,0.06502684012720512,0.05289239283818119,-0.640527605115101,1500.0,1500.0,3.0,18.0,0.6,0,data_1,data_1_00000013,data_1/00000013.BIN,data_1_00000013_manual_00_quality_00
12.1,1293.011603,0.0,0.0,0.10201707396660009,0.04215635834800435,-0.5029775385447541,1500.0,1500.0,3.0,18.0,0.6,0,data_1,data_1_00000013,data_1/00000013.BIN,data_1_00000013_manual_00_quality_00
12.2,1293.111603,0.0,0.0,0.13879801228208655,0.046089957712640794,-0.5288545349394241,1500.0,1500.0,3.0,18.0,0.6,0,data_1,data_1_00000013,data_1/00000013.BIN,data_1_00000013_manual_00_quality_00
12.3,1293.211603,0.0,0.0,0.08235274438777587,0.06323960399687603,-0.5289049843947827,1500.0,1500.0,3.0,18.0,0.6,0,data_1,data_1_00000013,data_1/00000013.BIN,data_1_00000013_manual_00_quality_00
12.4,1293.311603,0.0,0.0,0.026197559376851597,0.07135736116764023,-0.4531785922746427,1500.0,1500.0,3.0,18.0,0.6,0,data_1,data_1_00000013,data_1/00000013.BIN,data_1_00000013_manual_00_quality_00
12.5,1293.411603,0.0,0.0,0.06644658593834915,0.05429467661648978,-0.49950267793758196,1500.0,1500.0,3.0,18.0,0.6,0,data_1,data_1_00000013,data_1/00000013.BIN,data_1_00000013_manual_00_quality_00
12.6,1293.511603,0.0,0.0,0.10651984038615143,0.03624383337207497,-0.6244621900446884,1500.0,1500.0,3.0,18.0,0.6,0,data_1,data_1_00000013,data_1/00000013.BIN,data_1_00000013_manual_00_quality_00
12.7,1293.611603,0.0,0.0,0.09079048677020353,0.05538773433977814,-0.544132145247603,1500.0,1500.0,3.0,18.0,0.6,0,data_1,data_1_00000013,data_1/00000013.BIN,data_1_00000013_manual_00_quality_00
12.8,1293.711603,0.0,0.0,0.07515572841973783,0.07587337999954033,-0.335229919671089,1500.0,1500.0,3.0,18.0,0.6,0,data_1,data_1_00000013,data_1/00000013.BIN,data_1_00000013_manual_00_quality_00
12.9,1293.811603,0.0,0.0,0.09215830055635173,0.0634020221677426,-0.3452453369947619,1500.0,1500.0,3.0,18.0,0.6,0,data_1,data_1_00000013,data_1/00000013.BIN,data_1_00000013_manual_00_quality_00
13.0,1293.911603,0.0,0.0,0.10908932481300838,0.04888874203716177,-0.6070448826351947,1500.0,1500.0,3.0,18.0,0.6,0,data_1,data_1_00000013,data_1/00000013.BIN,data_1_00000013_manual_00_quality_00
13.1,1294.011603,0.0,0.0,0.10216284012392379,0.06654922764800826,-0.7466208118192129,1500.0,1500.0,3.0,18.0,0.6,0,data_1,data_1_00000013,data_1/00000013.BIN,data_1_00000013_manual_00_quality_00
13.2,1294.111603,0.0,0.0,0.09527602475651,0.07353611177463314,-0.6097554142543727,1500.0,1500.0,3.0,18.0,0.6,0,data_1,data_1_00000013,data_1/00000013.BIN,data_1_00000013_manual_00_quality_00
13.3,1294.211603,0.0,0.0,0.1013133706781244,0.0603795921517412,-0.31812287976511266,1500.0,1500.0,3.0,18.0,0.6,0,data_1,data_1_00000013,data_1/00000013.BIN,data_1_00000013_manual_00_quality_00
13.4,1294.311603,0.0,0.0,0.10732709474943265,0.06482792562201418,-0.26066709643423425,1500.0,1500.0,3.0,18.0,0.6,0,data_1,data_1_00000013,data_1/00000013.BIN,data_1_00000013_manual_00_quality_00
13.5,1294.411603,0.0,0.0,0.10372286911888706,0.07574066236438211,-0.5242939800916824,1500.0,1500.0,3.0,18.0,0.6,0,data_1,data_1_00000013,data_1/00000013.BIN,data_1_00000013_manual_00_quality_00
13.6,1294.511603,0.0,0.0,0.10010824067116562,0.06704862880165186,-0.7698117265918953,1500.0,1500.0,3.0,18.0,0.6,0,data_1,data_1_00000013,data_1/00000013.BIN,data_1_00000013_manual_00_quality_00
13.7,1294.611603,0.0,0.0,0.0931804312784196,0.053815373108767633,-0.5906865175921329,1500.0,1500.0,3.0,18.0,0.6,0,data_1,data_1_00000013,data_1/00000013.BIN,data_1_00000013_manual_00_quality_00
13.8,1294.711603,0.0,0.0,0.08622565672890241,0.06361084758183143,-0.2916058800065376,1500.0,1500.0,3.0,18.0,0.6,0,data_1,data_1_00000013,data_1/00000013.BIN,data_1_00000013_manual_00_quality_00
13.9,1294.811603,0.0,0.0,0.0663338296457284,0.08460602187843069,-0.36485578517434025,1500.0,1500.0,3.0,18.0,0.6,0,data_1,data_1_00000013,data_1/00000013.BIN,data_1_00000013_manual_00_quality_00
14.0,1294.911603,0.0,0.0,0.04656633630594823,0.07749751139006968,-0.7043466573472262,1500.0,1500.0,3.0,18.0,0.6,0,data_1,data_1_00000013,data_1/00000013.BIN,data_1_00000013_manual_00_quality_00
14.1,1295.011603,0.0,0.0,0.0821806446173594,0.05036322028525521,-0.7424665698164511,1500.0,1500.0,3.0,18.0,0.6,0,data_1,data_1_00000013,data_1/00000013.BIN,data_1_00000013_manual_00_quality_00
14.2,1295.111603,0.0,0.0,0.11779495292885153,0.06875509024082817,-0.3909577545134014,1500.0,1500.0,3.0,18.0,0.6,0,data_1,data_1_00000013,data_1/00000013.BIN,data_1_00000013_manual_00_quality_00
14.3,1295.211603,0.0,0.0,0.09822991957408249,0.10348671896204524,-0.18215023691911586,1500.0,1500.0,3.0,18.0,0.6,0,data_1,data_1_00000013,data_1/00000013.BIN,data_1_00000013_manual_00_quality_00
14.4,1295.311603,0.0,-0.285,0.06535565936211948,0.10158520760694179,-0.38122035817316824,1500.0,1386.0,3.0,18.0,0.6,0,data_1,data_1_00000013,data_1/00000013.BIN,data_1_00000013_manual_00_quality_00
14.5,1295.411603,0.0,-0.985,0.08140966846838815,0.07138300333074593,-0.674732778884965,1500.0,1106.0,3.0,18.0,0.6,0,data_1,data_1_00000013,data_1/00000013.BIN,data_1_00000013_manual_00_quality_00
14.6,1295.511603,0.0,-0.985,0.09736972735283397,0.06120633187114615,-0.6492764616801988,1500.0,1106.0,3.0,18.0,0.6,0,data_1,data_1_00000013,data_1/00000013.BIN,data_1_00000013_manual_00_quality_00
14.7,1295.611603,0.0,-0.985,0.0813588143165052,0.09427290012834053,-0.3583035368963582,1500.0,1106.0,3.0,18.0,0.6,0,data_1,data_1_00000013,data_1/00000013.BIN,data_1_00000013_manual_00_quality_00
14.8,1295.711603,0.0,-0.985,0.06549053316199324,0.10806615049220669,-0.2798675445062194,1500.0,1106.0,3.0,18.0,0.6,0,data_1,data_1_00000013,data_1/00000013.BIN,data_1_00000013_manual_00_quality_00
14.9,1295.811603,0.0,-0.985,0.10230624300729069,0.08673600511218041,-0.5884094384189371,1500.0,1106.0,3.0,18.0,0.6,0,data_1,data_1_00000013,data_1/00000013.BIN,data_1_00000013_manual_00_quality_00
15.0,1295.911603,0.0,-0.7275,0.13895098255347077,0.07370628754660744,-0.8871782983796683,1500.0,1209.0,3.0,18.0,0.6,0,data_1,data_1_00000013,data_1/00000013.BIN,data_1_00000013_manual_00_quality_00
15.1,1296.011603,0.0,0.0,0.09587402926696856,0.08830028299907783,-0.7228331072302798,1500.0,1500.0,3.0,18.0,0.6,0,data_1,data_1_00000013,data_1/00000013.BIN,data_1_00000013_manual_00_quality_00
15.2,1296.111603,0.0,0.0,0.05294076995322399,0.09038804843460217,-0.40312591167295875,1500.0,1500.0,3.0,18.0,0.6,0,data_1,data_1_00000013,data_1/00000013.BIN,data_1_00000013_manual_00_quality_00
15.3,1296.211603,0.0,0.0,0.07894745741048373,0.08396416318607354,-0.22535311526313057,1500.0,1500.0,3.0,18.0,0.6,0,data_1,data_1_00000013,data_1/00000013.BIN,data_1_00000013_manual_00_quality_00
15.4,1296.311603,0.0,0.0,0.10484249112615578,0.08690186645127931,-0.30337152995414013,1500.0,1500.0,3.0,18.0,0.6,0,data_1,data_1_00000013,data_1/00000013.BIN,data_1_00000013_manual_00_quality_00
15.5,1296.411603,0.0,-0.26,0.0852762228422046,0.10525046779650507,-0.4013784894163577,1500.0,1396.0,3.0,18.0,0.6,0,data_1,data_1_00000013,data_1/00000013.BIN,data_1_00000013_manual_00_quality_00
15.6,1296.511603,0.0,-0.4925,0.06581797807976539,0.10516300847917519,-0.49394936941420203,1500.0,1303.0,3.0,17.0,0.6,0,data_1,data_1_00000013,data_1/00000013.BIN,data_1_00000013_manual_00_quality_00
15.7,1296.611603,0.0,-0.6075,0.08483153891066136,0.0876002860064971,-0.5689403696264766,1500.0,1257.0,3.0,17.0,0.6,0,data_1,data_1_00000013,data_1/00000013.BIN,data_1_00000013_manual_00_quality_00
15.8,1296.711603,0.0,-0.7725,0.10372869417127531,0.0765953054117256,-0.6066577184352484,1500.0,1191.0,3.0,18.0,0.6,0,data_1,data_1_00000013,data_1/00000013.BIN,data_1_00000013_manual_00_quality_00
15.9,1296.811603,0.0,-0.985,0.083810626165034,0.09193661332933366,-0.5588778504679502,1500.0,1106.0,3.0,18.0,0.6,0,data_1,data_1_00000013,data_1/00000013.BIN,data_1_00000013_manual_00_quality_00
16.0,1296.911603,0.216,-0.985,0.06434072872943918,0.11090892607389029,-0.2820963388492857,1608.0,1106.0,3.0,18.0,0.6,0,data_1,data_1_00000013,data_1/00000013.BIN,data_1_00000013_manual_00_quality_00
16.1,1297.011603,0.216,-0.985,0.19184719056755734,0.1127769670932252,0.09252891679771848,1608.0,1106.0,3.0,18.0,0.6,0,data_1,data_1_00000013,data_1/00000013.BIN,data_1_00000013_manual_00_quality_00
16.2,1297.111603,0.224,-0.985,0.31938695733552225,0.08204467898619414,0.40152689073895287,1612.0,1106.0,3.0,18.0,0.6,0,data_1,data_1_00000013,data_1/00000013.BIN,data_1_00000013_manual_00_quality_00
16.3,1297.211603,0.208,-0.985,0.45753397174750504,0.05221866264609419,0.46681901307076884,1604.0,1106.0,3.0,18.0,0.6,0,data_1,data_1_00000013,data_1/00000013.BIN,data_1_00000013_manual_00_quality_00
16.4,1297.311603,0.0,-0.985,0.5953909263734906,0.01130816435143258,0.5735714715066897,1500.0,1106.0,3.0,18.0,0.6,0,data_1,data_1_00000013,data_1/00000013.BIN,data_1_00000013_manual_00_quality_00
16.5,1297.411603,0.0,-0.985,0.6338610382939984,-0.007525382161863439,0.5861688109129894,1500.0,1106.0,3.0,18.0,0.6,0,data_1,data_1_00000013,data_1/00000013.BIN,data_1_00000013_manual_00_quality_00
16.6,1297.511603,0.0,-0.985,0.67209929468446,-0.03945555569238298,0.28710881161598384,1500.0,1106.0,3.0,18.0,0.6,0,data_1,data_1_00000013,data_1/00000013.BIN,data_1_00000013_manual_00_quality_00
16.7,1297.611603,0.0,-0.985,0.5996337461966313,-0.08345574990411413,-0.16083631676187632,1500.0,1106.0,3.0,18.0,0.6,0,data_1,data_1_00000013,data_1/00000013.BIN,data_1_00000013_manual_00_quality_00
16.8,1297.711603,0.0,-0.985,0.5272719853173476,-0.08926206119231156,-0.5348224505230489,1500.0,1106.0,3.0,18.0,0.6,0,data_1,data_1_00000013,data_1/00000013.BIN,data_1_00000013_manual_00_quality_00
16.9,1297.811603,0.0,-0.985,0.5088624828693373,-0.12006791354659736,-0.8475134878651144,1500.0,1106.0,3.0,18.0,0.6,0,data_1,data_1_00000013,data_1/00000013.BIN,data_1_00000013_manual_00_quality_00
17.0,1297.911603,0.0,-0.985,0.49049215715720046,-0.14237549612510295,-0.889758487351834,1500.0,1106.0,3.0,18.0,0.6,0,data_1,data_1_00000013,data_1/00000013.BIN,data_1_00000013_manual_00_quality_00
17.1,1298.011603,0.0,-0.985,0.4845197137033333,-0.12497503440562951,-0.7038182719251191,1500.0,1106.0,3.0,18.0,0.6,0,data_1,data_1_00000013,data_1/00000013.BIN,data_1_00000013_manual_00_quality_00
17.2,1298.111603,0.0,-0.985,0.47871442950161036,-0.12671284805939761,-0.6064431593891285,1500.0,1106.0,3.0,18.0,0.6,0,data_1,data_1_00000013,data_1/00000013.BIN,data_1_00000013_manual_00_quality_00
17.3,1298.211603,0.0,-0.985,0.5305825577153541,-0.16491742444164809,-0.5496248084010624,1500.0,1106.0,3.0,18.0,0.6,0,data_1,data_1_00000013,data_1/00000013.BIN,data_1_00000013_manual_00_quality_00
17.4,1298.311603,0.0,-0.985,0.5821771863524943,-0.18084607644976297,-0.39522281887881106,1500.0,1106.0,3.0,18.0,0.6,0,data_1,data_1_00000013,data_1/00000013.BIN,data_1_00000013_manual_00_quality_00
17.5,1298.411603,0.0,-0.985,0.5509147441828971,-0.1872846438769241,-0.3296912008470368,1500.0,1106.0,3.0,18.0,0.6,0,data_1,data_1_00000013,data_1/00000013.BIN,data_1_00000013_manual_00_quality_00
17.6,1298.511603,0.0,-0.985,0.5196831882309931,-0.18813403056431913,-0.29810687759606297,1500.0,1106.0,3.0,18.0,0.6,0,data_1,data_1_00000013,data_1/00000013.BIN,data_1_00000013_manual_00_quality_00
17.7,1298.611603,0.0,-0.985,0.497751929655589,-0.1939392671540868,-0.19685416677474807,1500.0,1106.0,3.0,18.0,0.6,0,data_1,data_1_00000013,data_1/00000013.BIN,data_1_00000013_manual_00_quality_00
17.8,1298.711603,0.0,-0.985,0.4759313844478575,-0.20745816022915095,-0.09501849225583506,1500.0,1106.0,3.0,18.0,0.6,0,data_1,data_1_00000013,data_1/00000013.BIN,data_1_00000013_manual_00_quality_00
17.9,1298.811603,0.0,-0.985,0.49271109357815696,-0.2011175621420655,-0.1055302011480952,1500.0,1106.0,3.0,18.0,0.6,0,data_1,data_1_00000013,data_1/00000013.BIN,data_1_00000013_manual_00_quality_00
18.0,1298.911603,0.0,-0.985,0.5093288691318997,-0.19121149697589118,-0.2331137314657472,1500.0,1106.0,3.0,18.0,0.6,0,data_1,data_1_00000013,data_1/00000013.BIN,data_1_00000013_manual_00_quality_00
18.1,1299.011603,0.0,-0.985,0.4682751580718682,-0.20588918352206062,-0.41943553940570255,1500.0,1106.0,3.0,18.0,0.6,0,data_1,data_1_00000013,data_1/00000013.BIN,data_1_00000013_manual_00_quality_00
18.2,1299.111603,0.0,-0.985,0.42720784196731715,-0.20778754064376842,-0.5528386485582814,1500.0,1106.0,3.0,18.0,0.6,0,data_1,data_1_00000013,data_1/00000013.BIN,data_1_00000013_manual_00_quality_00
18.3,1299.211603,0.0,-0.985,0.38184873710304834,-0.2060952206105476,-0.6502654562159704,1500.0,1106.0,3.0,18.0,0.6,0,data_1,data_1_00000013,data_1/00000013.BIN,data_1_00000013_manual_00_quality_00
0.0,1318.931529,0.0,0.0,0.04396671596827019,-0.02380032995034576,-0.4320175187136673,1500.0,1500.0,3.0,16.0,0.64,0,data_1,data_1_00000014,data_1/00000014.BIN,data_1_00000014_manual_00_quality_00
0.1,1319.0315289999999,0.0,0.0,0.04279592133569294,-0.01762326275741501,-0.5729924420090283,1500.0,1500.0,3.0,16.0,0.64,0,data_1,data_1_00000014,data_1/00000014.BIN,data_1_00000014_manual_00_quality_00
0.2,1319.131529,0.0,0.0,0.04164001653713865,-0.04189690948760677,-0.5736601958019083,1500.0,1500.0,3.0,16.0,0.64,0,data_1,data_1_00000014,data_1/00000014.BIN,data_1_00000014_manual_00_quality_00
0.3,1319.231529,0.0,0.0,0.044628393420028965,-0.05434959726786433,-0.4956481997403217,1500.0,1500.0,3.0,16.0,0.64,0,data_1,data_1_00000014,data_1/00000014.BIN,data_1_00000014_manual_00_quality_00
0.4,1319.331529,0.0,0.0,0.04443243201838029,-0.032278261719567096,-0.5423025050636775,1500.0,1500.0,3.0,16.0,0.64,0,data_1,data_1_00000014,data_1/00000014.BIN,data_1_00000014_manual_00_quality_00
0.5,1319.431529,0.0,0.0,0.031721266010509966,-0.018254252694891993,-0.6141233103688728,1500.0,1500.0,3.0,16.0,0.64,0,data_1,data_1_00000014,data_1/00000014.BIN,data_1_00000014_manual_00_quality_00
0.6,1319.5315289999999,0.0,0.0,0.027488883916639176,-0.03767244763494351,-0.5338027227694567,1500.0,1500.0,3.0,17.0,0.64,0,data_1,data_1_00000014,data_1/00000014.BIN,data_1_00000014_manual_00_quality_00
0.7,1319.631529,0.0,0.0,0.05660075304941594,-0.04734907259794966,-0.388380756334489,1500.0,1500.0,3.0,17.0,0.64,0,data_1,data_1_00000014,data_1/00000014.BIN,data_1_00000014_manual_00_quality_00
0.8,1319.731529,0.0,0.0,0.08546358626117909,-0.025153095349190562,-0.40304651332853664,1500.0,1500.0,3.0,17.0,0.64,0,data_1,data_1_00000014,data_1/00000014.BIN,data_1_00000014_manual_00_quality_00
0.9,1319.831529,0.0,0.0,0.04798831074932551,-0.012694500939517187,-0.5415049918164642,1500.0,1500.0,3.0,17.0,0.64,0,data_1,data_1_00000014,data_1/00000014.BIN,data_1_00000014_manual_00_quality_00
1.0,1319.931529,0.208,0.0075,0.02230269338004256,-0.023204947987664724,-0.5472844486439022,1604.0,1503.0,3.0,17.0,0.64,0,data_1,data_1_00000014,data_1/00000014.BIN,data_1_00000014_manual_00_quality_00
1.1,1320.0315289999999,0.216,0.1,0.04297903147432573,-0.03242281128182108,-0.3648852628289373,1608.0,1540.0,3.0,17.0,0.64,0,data_1,data_1_00000014,data_1/00000014.BIN,data_1_00000014_manual_00_quality_00
1.2,1320.131529,0.27,0.32,0.08970744030644734,-0.011739509336279451,0.07973293660625702,1635.0,1628.0,3.0,17.0,0.64,0,data_1,data_1_00000014,data_1/00000014.BIN,data_1_00000014_manual_00_quality_00
1.3,1320.231529,0.24,0.62,0.23890904104399904,0.02190663198435345,0.5061284883634942,1620.0,1748.0,3.0,17.0,0.64,0,data_1,data_1_00000014,data_1/00000014.BIN,data_1_00000014_manual_00_quality_00
1.4,1320.331529,0.248,0.905,0.37993793831840117,0.07034153846405115,0.5517062086483701,1624.0,1862.0,3.0,17.0,0.64,0,data_1,data_1_00000014,data_1/00000014.BIN,data_1_00000014_manual_00_quality_00
1.5,1320.431529,0.224,1.0,0.4889116228153355,0.12149538909843012,0.5416506110807734,1612.0,1900.0,3.0,17.0,0.64,0,data_1,data_1_00000014,data_1/00000014.BIN,data_1_00000014_manual_00_quality_00
1.6,1320.5315289999999,0.0,1.0,0.584435909114097,0.17783523783456998,0.6492611692631797,1500.0,1900.0,3.0,17.0,0.64,0,data_1,data_1_00000014,data_1/00000014.BIN,data_1_00000014_manual_00_quality_00
1.7,1320.631529,0.0,1.0,0.6271922818179317,0.2707768992542472,0.379440456786575,1500.0,1900.0,3.0,17.0,0.64,0,data_1,data_1_00000014,data_1/00000014.BIN,data_1_00000014_manual_00_quality_00
1.8,1320.731529,0.0,1.0,0.6496597087848404,0.3060888055122246,0.1817655207231028,1500.0,1900.0,3.0,17.0,0.64,0,data_1,data_1_00000014,data_1/00000014.BIN,data_1_00000014_manual_00_quality_00
1.9,1320.831529,0.0,1.0,0.5920055809594242,0.2707124424014307,0.009943571407589544,1500.0,1900.0,3.0,17.0,0.64,0,data_1,data_1_00000014,data_1/00000014.BIN,data_1_00000014_manual_00_quality_00
2.0,1320.931529,0.0,1.0,0.5473371501499429,0.26408719817694853,-0.21968890751934178,1500.0,1900.0,3.0,18.0,0.64,0,data_1,data_1_00000014,data_1/00000014.BIN,data_1_00000014_manual_00_quality_00
2.1,1321.0315289999999,0.0,1.0,0.5536835004707175,0.3037628111743807,-0.5574708575459648,1500.0,1900.0,3.0,18.0,0.64,0,data_1,data_1_00000014,data_1/00000014.BIN,data_1_00000014_manual_00_quality_00
2.2,1321.131529,0.0,1.0,0.5535689653231944,0.3221818242327063,-0.8119971527920583,1500.0,1900.0,3.0,18.0,0.64,0,data_1,data_1_00000014,data_1/00000014.BIN,data_1_00000014_manual_00_quality_00
2.3,1321.231529,0.0,1.0,0.5279797441531048,0.32513263192899017,-0.8350955092082994,1500.0,1900.0,3.0,18.0,0.64,0,data_1,data_1_00000014,data_1/00000014.BIN,data_1_00000014_manual_00_quality_00
2.4,1321.331529,0.0,1.0,0.5036478597234744,0.3074470508688388,-0.7104630221366055,1500.0,1900.0,3.0,18.0,0.64,0,data_1,data_1_00000014,data_1/00000014.BIN,data_1_00000014_manual_00_quality_00
2.5,1321.431529,0.0,1.0,0.48424145100673643,0.3136368313593668,-0.7086882792126311,1500.0,1900.0,3.0,18.0,0.64,0,data_1,data_1_00000014,data_1/00000014.BIN,data_1_00000014_manual_00_quality_00
2.6,1321.5315289999999,0.0,1.0,0.46441777153190317,0.3555043305549754,-0.8609888422725582,1500.0,1900.0,3.0,18.0,0.6,0,data_1,data_1_00000014,data_1/00000014.BIN,data_1_00000014_manual_00_quality_00
2.7,1321.631529,0.0,1.0,0.4429555380227868,0.3533741239736415,-0.5620653837041577,1500.0,1900.0,3.0,18.0,0.6,0,data_1,data_1_00000014,data_1/00000014.BIN,data_1_00000014_manual_00_quality_00
2.8,1321.731529,0.0,1.0,0.42723576524824436,0.32136842674001975,-0.11796303796819568,1500.0,1900.0,3.0,18.0,0.6,0,data_1,data_1_00000014,data_1/00000014.BIN,data_1_00000014_manual_00_quality_00
2.9,1321.831529,0.0,1.0,0.43414817713185233,0.32732871943789926,0.08129337374096202,1500.0,1900.0,3.0,18.0,0.6,0,data_1,data_1_00000014,data_1/00000014.BIN,data_1_00000014_manual_00_quality_00
3.0,1321.931529,0.0,1.0,0.43114854332798586,0.3422041640788084,0.008877309977965315,1500.0,1900.0,3.0,18.0,0.6,0,data_1,data_1_00000014,data_1/00000014.BIN,data_1_00000014_manual_00_quality_00
3.1,1322.0315289999999,0.0,1.0,0.38929560203133384,0.32340880176149855,-0.10494582387631224,1500.0,1900.0,3.0,18.0,0.6,0,data_1,data_1_00000014,data_1/00000014.BIN,data_1_00000014_manual_00_quality_00
3.2,1322.131529,0.0,1.0,0.35338124534160753,0.3087727500690879,-0.28434646345217124,1500.0,1900.0,3.0,18.0,0.6,0,data_1,data_1_00000014,data_1/00000014.BIN,data_1_00000014_manual_00_quality_00
3.3,1322.231529,0.0,1.0,0.340832940644924,0.2932551696873251,-0.39603161503820533,1500.0,1900.0,3.0,18.0,0.6,0,data_1,data_1_00000014,data_1/00000014.BIN,data_1_00000014_manual_00_quality_00
3.4,1322.331529,0.0,1.0,0.33115781282355145,0.2882503418236872,-0.5185343853179412,1500.0,1900.0,3.0,18.0,0.6,0,data_1,data_1_00000014,data_1/00000014.BIN,data_1_00000014_manual_00_quality_00
3.5,1322.431529,0.0,1.0,0.33276936656327266,0.31304553548406944,-0.7661369908882636,1500.0,1900.0,3.0,18.0,0.6,0,data_1,data_1_00000014,data_1/00000014.BIN,data_1_00000014_manual_00_quality_00
3.6,1322.5315289999999,0.0,1.0,0.3334424761586553,0.31018529455982,-0.675518698208057,1500.0,1900.0,3.0,18.0,0.6,0,data_1,data_1_00000014,data_1/00000014.BIN,data_1_00000014_manual_00_quality_00
3.7,1322.631529,0.0,0.1875,0.3304293297981279,0.2904160452061404,-0.3526128596831466,1500.0,1575.0,3.0,18.0,0.6,0,data_1,data_1_00000014,data_1/00000014.BIN,data_1_00000014_manual_00_quality_00
3.8,1322.731529,0.0,0.0,0.3245965491018952,0.2908495119549772,-0.3363665479685502,1500.0,1500.0,3.0,18.0,0.6,0,data_1,data_1_00000014,data_1/00000014.BIN,data_1_00000014_manual_00_quality_00
3.9,1322.831529,0.0,0.0,0.30761513594398093,0.270618776044089,-0.5560008257479517,1500.0,1500.0,3.0,18.0,0.6,0,data_1,data_1_00000014,data_1/00000014.BIN,data_1_00000014_manual_00_quality_00
4.0,1322.931529,0.0,0.0,0.293103049091516,0.20001859995991603,-0.5363411005461215,1500.0,1500.0,3.0,17.0,0.6,0,data_1,data_1_00000014,data_1/00000014.BIN,data_1_00000014_manual_00_quality_00
4.1,1323.0315289999999,0.0,0.0,0.28827742162540043,0.16925230659303153,-0.34355445786477234,1500.0,1500.0,3.0,17.0,0.6,0,data_1,data_1_00000014,data_1/00000014.BIN,data_1_00000014_manual_00_quality_00
4.2,1323.131529,0.0,0.0,0.2856871661850912,0.1826745871797239,-0.15238733056233741,1500.0,1500.0,3.0,17.0,0.6,0,data_1,data_1_00000014,data_1/00000014.BIN,data_1_00000014_manual_00_quality_00
4.3,1323.231529,0.0,0.155,0.291877564866341,0.14573044645331787,0.017780688388114054,1500.0,1562.0,3.0,17.0,0.6,0,data_1,data_1_00000014,data_1/00000014.BIN,data_1_00000014_manual_00_quality_00
4.4,1323.331529,0.0,0.1275,0.29251668569268774,0.11055258665196294,-0.012066764729583245,1500.0,1551.0,3.0,17.0,0.6,0,data_1,data_1_00000014,data_1/00000014.BIN,data_1_00000014_manual_00_quality_00
4.5,1323.431529,0.0,0.2,0.27139586792754705,0.1364718903103697,-0.43066571980937235,1500.0,1580.0,3.0,17.0,0.6,0,data_1,data_1_00000014,data_1/00000014.BIN,data_1_00000014_manual_00_quality_00
4.6,1323.5315289999999,0.0,1.0,0.25255260437134985,0.1629870139318566,-0.8961987453918873,1500.0,1900.0,3.0,17.0,0.64,0,data_1,data_1_00000014,data_1/00000014.BIN,data_1_00000014_manual_00_quality_00
4.7,1323.631529,0.0,1.0,0.24263636282966664,0.15450323794271173,-0.895486048715219,1500.0,1900.0,3.0,17.0,0.64,0,data_1,data_1_00000014,data_1/00000014.BIN,data_1_00000014_manual_00_quality_00
4.8,1323.731529,0.0,1.0,0.23126862678681587,0.14066575749976212,-0.5569313610552247,1500.0,1900.0,3.0,17.0,0.64,0,data_1,data_1_00000014,data_1/00000014.BIN,data_1_00000014_manual_00_quality_00
4.9,1323.831529,0.0,1.0,0.2141898167714065,0.15157494550881798,-0.3711122703029211,1500.0,1900.0,3.0,17.0,0.64,0,data_1,data_1_00000014,data_1/00000014.BIN,data_1_00000014_manual_00_quality_00
5.0,1323.931529,0.0,0.9425,0.2035363049645159,0.15879273785101783,-0.38127886309606995,1500.0,1877.0,3.0,17.0,0.64,0,data_1,data_1_00000014,data_1/00000014.BIN,data_1_00000014_manual_00_quality_00
5.1,1324.0315289999999,0.0,0.2275,0.2181670059223981,0.1445578947421539,-0.375812094165439,1500.0,1591.0,3.0,17.0,0.64,0,data_1,data_1_00000014,data_1/00000014.BIN,data_1_00000014_manual_00_quality_00
5.2,1324.131529,0.0,0.0,0.22708865938626877,0.12890285939003893,-0.2934102374017832,1500.0,1500.0,3.0,17.0,0.64,0,data_1,data_1_00000014,data_1/00000014.BIN,data_1_00000014_manual_00_quality_00
5.3,1324.231529,0.0,0.0,0.21348749656208,0.13000872212571282,-0.26318237043447895,1500.0,1500.0,3.0,17.0,0.64,0,data_1,data_1_00000014,data_1/00000014.BIN,data_1_00000014_manual_00_quality_00
5.4,1324.331529,0.0,0.0,0.1984423769692393,0.12124363539902686,-0.3243445385128485,1500.0,1500.0,3.0,17.0,0.64,0,data_1,data_1_00000014,data_1/00000014.BIN,data_1_00000014_manual_00_quality_00
5.5,1324.431529,0.0,0.0,0.17769008117841453,0.09966358740103397,-0.40360417125314496,1500.0,1500.0,3.0,17.0,0.64,0,data_1,data_1_00000014,data_1/00000014.BIN,data_1_00000014_manual_00_quality_00
5.6,1324.5315289999999,0.0,0.0,0.16279228916423905,0.10397066919507116,-0.540641844215934,1500.0,1500.0,3.0,18.0,0.6,0,data_1,data_1_00000014,data_1/00000014.BIN,data_1_00000014_manual_00_quality_00
5.7,1324.631529,0.0,0.0,0.17097541459942506,0.12294766179863811,-0.6688511234890219,1500.0,1500.0,3.0,18.0,0.6,0,data_1,data_1_00000014,data_1/00000014.BIN,data_1_00000014_manual_00_quality_00
5.8,1324.731529,0.0,0.0,0.17913561048414453,0.11639135601251493,-0.613364073717632,1500.0,1500.0,3.0,18.0,0.6,0,data_1,data_1_00000014,data_1/00000014.BIN,data_1_00000014_manual_00_quality_00
5.9,1324.831529,0.0,0.0,0.18720507136548079,0.09135227667036673,-0.41678749961693884,1500.0,1500.0,3.0,18.0,0.6,0,data_1,data_1_00000014,data_1/00000014.BIN,data_1_00000014_manual_00_quality_00
6.0,1324.931529,0.0,0.0,0.19246029947684395,0.08162946213402096,-0.28122305342712917,1500.0,1500.0,3.0,17.0,0.6,0,data_1,data_1_00000014,data_1/00000014.BIN,data_1_00000014_manual_00_quality_00
6.1,1325.0315289999999,0.0,0.0,0.18660205190540605,0.08747167653207051,-0.3346348522127992,1500.0,1500.0,3.0,17.0,0.6,0,data_1,data_1_00000014,data_1/00000014.BIN,data_1_00000014_manual_00_quality_00
6.2,1325.131529,0.0,0.0,0.18074653493068507,0.0714252757335238,-0.4304565071038724,1500.0,1500.0,3.0,18.0,0.6,0,data_1,data_1_00000014,data_1/00000014.BIN,data_1_00000014_manual_00_quality_00
6.3,1325.231529,0.0,0.245,0.17590716673618828,0.051014077684590875,-0.5395207654175112,1500.0,1598.0,3.0,18.0,0.6,0,data_1,data_1_00000014,data_1/00000014.BIN,data_1_00000014_manual_00_quality_00
6.4,1325.331529,0.0,0.805,0.1741742164324364,0.06456237480043911,-0.5256043342097626,1500.0,1822.0,3.0,17.0,0.6,0,data_1,data_1_00000014,data_1/00000014.BIN,data_1_00000014_manual_00_quality_00
6.5,1325.431529,0.0,1.0,0.18469490505527536,0.09567918863123093,-0.5280834529018128,1500.0,1900.0,3.0,17.0,0.6,0,data_1,data_1_00000014,data_1/00000014.BIN,data_1_00000014_manual_00_quality_00
6.6,1325.5315289999999,0.0,1.0,0.18986189224760108,0.10061989888372562,-0.49323817612881865,1500.0,1900.0,3.0,17.0,0.64,0,data_1,data_1_00000014,data_1/00000014.BIN,data_1_00000014_manual_00_quality_00
6.7,1325.631529,0.0,1.0,0.1738436355943485,0.08597835979666411,-0.4776772959237381,1500.0,1900.0,3.0,17.0,0.64,0,data_1,data_1_00000014,data_1/00000014.BIN,data_1_00000014_manual_00_quality_00
6.8,1325.731529,0.0,0.47,0.16195000420985767,0.08631905444729003,-0.43923730086645074,1500.0,1688.0,3.0,17.0,0.64,0,data_1,data_1_00000014,data_1/00000014.BIN,data_1_00000014_manual_00_quality_00
6.9,1325.831529,0.0,0.005,0.16642270721049512,0.08990594067368517,-0.347270270853018,1500.0,1502.0,3.0,17.0,0.64,0,data_1,data_1_00000014,data_1/00000014.BIN,data_1_00000014_manual_00_quality_00
7.0,1325.931529,0.0,0.0,0.16605026959149363,0.058661374278322735,-0.297586382777629,1500.0,1500.0,3.0,17.0,0.64,0,data_1,data_1_00000014,data_1/00000014.BIN,data_1_00000014_manual_00_quality_00
7.1,1326.0315289999999,0.0,0.0,0.1464788029745417,0.0446228800123311,-0.3767568182861838,1500.0,1500.0,3.0,17.0,0.64,0,data_1,data_1_00000014,data_1/00000014.BIN,data_1_00000014_manual_00_quality_00
7.2,1326.131529,0.0,0.0,0.1340957921489085,0.06802534877572221,-0.5442484834726175,1500.0,1500.0,3.0,18.0,0.64,0,data_1,data_1_00000014,data_1/00000014.BIN,data_1_00000014_manual_00_quality_00
7.3,1326.231529,0.0,0.0,0.15009489206839402,0.08888064148925483,-0.6618088435201708,1500.0,1500.0,3.0,18.0,0.64,0,data_1,data_1_00000014,data_1/00000014.BIN,data_1_00000014_manual_00_quality_00
7.4,1326.331529,0.0,0.0,0.15925627513506674,0.06811515794798276,-0.6629548014069208,1500.0,1500.0,3.0,17.0,0.64,0,data_1,data_1_00000014,data_1/00000014.BIN,data_1_00000014_manual_00_quality_00
7.5,1326.431529,0.0,0.07,0.14147218902281625,0.045172416978269916,-0.5330747488162452,1500.0,1528.0,3.0,17.0,0.64,0,data_1,data_1_00000014,data_1/00000014.BIN,data_1_00000014_manual_00_quality_00
7.6,1326.5315289999999,0.0,0.1725,0.12399090910023984,0.057340958401224607,-0.3459029657117755,1500.0,1569.0,3.0,17.0,0.64,0,data_1,data_1_00000014,data_1/00000014.BIN,data_1_00000014_manual_00_quality_00
7.7,1326.631529,0.0,0.18,0.10770475120797264,0.06948456018937633,-0.3201138973236429,1500.0,1572.0,3.0,17.0,0.64,0,data_1,data_1_00000014,data_1/00000014.BIN,data_1_00000014_manual_00_quality_00
7.8,1326.731529,0.0,0.1675,0.0979775307024856,0.04692751980221026,-0.416133010565335,1500.0,1567.0,3.0,17.0,0.64,0,data_1,data_1_00000014,data_1/00000014.BIN,data_1_00000014_manual_00_quality_00
7.9,1326.831529,0.0,0.075,0.11419676178214946,0.02936627022841108,-0.5240335012585728,1500.0,1530.0,3.0,17.0,0.64,0,data_1,data_1_00000014,data_1/00000014.BIN,data_1_00000014_manual_00_quality_00
8.0,1326.931529,0.0,0.0,0.12599350234229054,0.048902654742605904,-0.6599687059150603,1500.0,1500.0,3.0,17.0,0.64,0,data_1,data_1_00000014,data_1/00000014.BIN,data_1_00000014_manual_00_quality_00
8.1,1327.0315289999999,0.0,0.0,0.12030620221778511,0.06927526342365968,-0.7558851026974651,1500.0,1500.0,3.0,17.0,0.64,0,data_1,data_1_00000014,data_1/00000014.BIN,data_1_00000014_manual_00_quality_00
8.2,1327.131529,0.0,0.0,0.11459341043893082,0.04459055932198526,-0.6659941052737368,1500.0,1500.0,3.0,17.0,0.64,0,data_1,data_1_00000014,data_1/00000014.BIN,data_1_00000014_manual_00_quality_00
8.3,1327.231529,0.0,0.0,0.09942965888452858,0.022280387124683394,-0.4652998855685893,1500.0,1500.0,3.0,17.0,0.64,0,data_1,data_1_00000014,data_1/00000014.BIN,data_1_00000014_manual_00_quality_00
8.4,1327.331529,0.0,0.0,0.08939577070356394,0.04097332124403633,-0.26861711080340867,1500.0,1500.0,3.0,17.0,0.64,0,data_1,data_1_00000014,data_1/00000014.BIN,data_1_00000014_manual_00_quality_00
8.5,1327.431529,0.0,0.0,0.09969166167971392,0.05521778697299388,-0.17257269908430412,1500.0,1500.0,3.0,17.0,0.64,0,data_1,data_1_00000014,data_1/00000014.BIN,data_1_00000014_manual_00_quality_00
8.6,1327.5315289999999,0.0,0.0,0.1082395810730532,0.033753181365436084,-0.2602002039886116,1500.0,1500.0,3.0,17.0,0.64,0,data_1,data_1_00000014,data_1/00000014.BIN,data_1_00000014_manual_00_quality_00
8.7,1327.631529,0.0,0.0,0.10986454798146573,0.020408281940195405,-0.5167552039633263,1500.0,1500.0,3.0,17.0,0.64,0,data_1,data_1_00000014,data_1/00000014.BIN,data_1_00000014_manual_00_quality_00
8.8,1327.731529,0.0,0.0,0.11186667508775269,0.04313095178176657,-0.708210040582098,1500.0,1500.0,3.0,17.0,0.64,0,data_1,data_1_00000014,data_1/00000014.BIN,data_1_00000014_manual_00_quality_00
8.9,1327.831529,0.0,0.0,0.11536321900034299,0.061895617298613495,-0.6719815983150441,1500.0,1500.0,3.0,17.0,0.64,0,data_1,data_1_00000014,data_1/00000014.BIN,data_1_00000014_manual_00_quality_00
9.0,1327.931529,0.0,0.0,0.1182398674802168,0.04073935851684782,-0.5725357600426435,1500.0,1500.0,3.0,17.0,0.64,0,data_1,data_1_00000014,data_1/00000014.BIN,data_1_00000014_manual_00_quality_00
9.1,1328.0315289999999,0.0,0.0,0.11867202149360072,0.02641629201124069,-0.5698430649861215,1500.0,1500.0,3.0,17.0,0.64,0,data_1,data_1_00000014,data_1/00000014.BIN,data_1_00000014_manual_00_quality_00
9.2,1328.131529,0.0,0.0,0.11712107774984193,0.03495846752700659,-0.6005616761023248,1500.0,1500.0,3.0,17.0,0.64,0,data_1,data_1_00000014,data_1/00000014.BIN,data_1_00000014_manual_00_quality_00
9.3,1328.231529,0.0,0.0,0.10774368607093977,0.035862621413352856,-0.5491084496963937,1500.0,1500.0,3.0,17.0,0.64,0,data_1,data_1_00000014,data_1/00000014.BIN,data_1_00000014_manual_00_quality_00
9.4,1328.331529,0.0,0.0,0.0998351799061563,0.02781391383716514,-0.452462105317302,1500.0,1500.0,3.0,18.0,0.64,0,data_1,data_1_00000014,data_1/00000014.BIN,data_1_00000014_manual_00_quality_00
9.5,1328.431529,0.0,0.0,0.09771369375054606,0.02827981466349379,-0.42176951538385116,1500.0,1500.0,3.0,18.0,0.64,0,data_1,data_1_00000014,data_1/00000014.BIN,data_1_00000014_manual_00_quality_00
9.6,1328.5315289999999,0.0,0.0,0.0985385008517115,0.036878498828787604,-0.504963332577391,1500.0,1500.0,3.0,17.0,0.64,0,data_1,data_1_00000014,data_1/00000014.BIN,data_1_00000014_manual_00_quality_00
9.7,1328.631529,0.0,0.0,0.1109997372104062,0.041356272960450004,-0.5643193687001367,1500.0,1500.0,3.0,17.0,0.64,0,data_1,data_1_00000014,data_1/00000014.BIN,data_1_00000014_manual_00_quality_00
9.8,1328.731529,0.0,0.0,0.11715626483841188,0.03417502529640646,-0.5395789187195457,1500.0,1500.0,3.0,17.0,0.64,0,data_1,data_1_00000014,data_1/00000014.BIN,data_1_00000014_manual_00_quality_00
9.9,1328.831529,0.0,0.0,0.0983239650344799,0.030895357777053833,-0.47684314652496623,1500.0,1500.0,3.0,17.0,0.64,0,data_1,data_1_00000014,data_1/00000014.BIN,data_1_00000014_manual_00_quality_00
10.0,1328.931529,0.0,0.0,0.08296447465909772,0.03831578676285814,-0.3440795839177367,1500.0,1500.0,3.0,17.0,0.64,0,data_1,data_1_00000014,data_1/00000014.BIN,data_1_00000014_manual_00_quality_00
10.1,1329.0315289999999,0.0,0.0,0.08132940882823494,0.042927184679729904,-0.23724440979539105,1500.0,1500.0,3.0,17.0,0.64,0,data_1,data_1_00000014,data_1/00000014.BIN,data_1_00000014_manual_00_quality_00
10.2,1329.131529,0.0,0.0,0.0795277219494899,0.03159004610813163,-0.3655980135797424,1500.0,1500.0,3.0,17.0,0.64,0,data_1,data_1_00000014,data_1/00000014.BIN,data_1_00000014_manual_00_quality_00
10.3,1329.231529,0.0,0.0,0.07706873757104014,0.014047563455855819,-0.6321618029850048,1500.0,1500.0,3.0,17.0,0.64,0,data_1,data_1_00000014,data_1/00000014.BIN,data_1_00000014_manual_00_quality_00
10.4,1329.331529,0.0,0.0,0.0752828013559598,0.013663205367370465,-0.7363158869133944,1500.0,1500.0,3.0,17.0,0.64,0,data_1,data_1_00000014,data_1/00000014.BIN,data_1_00000014_manual_00_quality_00
10.5,1329.431529,0.0,0.0,0.07615491404938976,0.028906184938363316,-0.7407620231640079,1500.0,1500.0,3.0,17.0,0.64,0,data_1,data_1_00000014,data_1/00000014.BIN,data_1_00000014_manual_00_quality_00
10.6,1329.5315289999999,0.0,0.0,0.07694603374995321,0.03859369342627813,-0.6862947738899892,1500.0,1500.0,3.0,17.0,0.64,0,data_1,data_1_00000014,data_1/00000014.BIN,data_1_00000014_manual_00_quality_00
10.7,1329.631529,0.0,0.0,0.07741798343514757,0.0349571723638234,-0.5549086577666891,1500.0,1500.0,3.0,17.0,0.64,0,data_1,data_1_00000014,data_1/00000014.BIN,data_1_00000014_manual_00_quality_00
10.8,1329.731529,0.0,0.0,0.0810578004182089,0.03397702874861608,-0.353283613836756,1500.0,1500.0,3.0,17.0,0.64,0,data_1,data_1_00000014,data_1/00000014.BIN,data_1_00000014_manual_00_quality_00
10.9,1329.831529,0.0,0.0,0.09721303787953343,0.03867883969181784,-0.31753311430713355,1500.0,1500.0,3.0,17.0,0.64,0,data_1,data_1_00000014,data_1/00000014.BIN,data_1_00000014_manual_00_quality_00
11.0,1329.931529,0.0,0.0,0.1132452449983532,0.032646514206739446,-0.45208007926566746,1500.0,1500.0,3.0,17.0,0.64,0,data_1,data_1_00000014,data_1/00000014.BIN,data_1_00000014_manual_00_quality_00
11.1,1330.0315289999999,0.0,0.0,0.08592686319058632,0.021349271674575922,-0.5706415153842933,1500.0,1500.0,3.0,17.0,0.64,0,data_1,data_1_00000014,data_1/00000014.BIN,data_1_00000014_manual_00_quality_00
11.2,1330.131529,0.0,0.0,0.06515551379536708,0.020667330875212008,-0.5887984040248927,1500.0,1500.0,3.0,17.0,0.64,0,data_1,data_1_00000014,data_1/00000014.BIN,data_1_00000014_manual_00_quality_00
11.3,1330.231529,0.0,0.0,0.07025941898103041,0.019016231322908063,-0.56288660301463,1500.0,1500.0,3.0,17.0,0.64,0,data_1,data_1_00000014,data_1/00000014.BIN,data_1_00000014_manual_00_quality_00
11.4,1330.331529,0.0,0.0,0.07366165353801013,0.016791189043425615,-0.5295756162872448,1500.0,1500.0,3.0,17.0,0.64,0,data_1,data_1_00000014,data_1/00000014.BIN,data_1_00000014_manual_00_quality_00
11.5,1330.431529,0.0,0.0,0.070357679734108,0.02199832252472548,-0.4826993282410901,1500.0,1500.0,3.0,17.0,0.64,0,data_1,data_1_00000014,data_1/00000014.BIN,data_1_00000014_manual_00_quality_00
11.6,1330.5315289999999,0.0,0.0,0.07139923898847818,0.029801203386496743,-0.5231911201282121,1500.0,1500.0,3.0,17.0,0.64,0,data_1,data_1_00000014,data_1/00000014.BIN,data_1_00000014_manual_00_quality_00
11.7,1330.631529,0.0,0.0,0.08964300683329915,0.033517479924789734,-0.5332810679506542,1500.0,1500.0,3.0,17.0,0.64,0,data_1,data_1_00000014,data_1/00000014.BIN,data_1_00000014_manual_00_quality_00
11.8,1330.731529,0.0,0.0,0.0987087061353592,0.035875827777668866,-0.39340564846849546,1500.0,1500.0,3.0,17.0,0.64,0,data_1,data_1_00000014,data_1/00000014.BIN,data_1_00000014_manual_00_quality_00
11.9,1330.831529,0.0,0.0,0.07133583112344687,0.035699082692076854,-0.2540617443701031,1500.0,1500.0,3.0,17.0,0.64,0,data_1,data_1_00000014,data_1/00000014.BIN,data_1_00000014_manual_00_quality_00
12.0,1330.931529,0.0,0.0,0.0495965917389233,0.03294233192835785,-0.29965802145491416,1500.0,1500.0,3.0,17.0,0.64,0,data_1,data_1_00000014,data_1/00000014.BIN,data_1_00000014_manual_00_quality_00
12.1,1331.0315289999999,0.0,0.0,0.05008679416573068,0.023705413342721256,-0.49545336437041954,1500.0,1500.0,3.0,17.0,0.64,0,data_1,data_1_00000014,data_1/00000014.BIN,data_1_00000014_manual_00_quality_00
12.2,1331.131529,0.0,0.0,0.05388001933068425,0.011418083918915085,-0.6698411102625187,1500.0,1500.0,3.0,17.0,0.64,0,data_1,data_1_00000014,data_1/00000014.BIN,data_1_00000014_manual_00_quality_00
12.3,1331.231529,0.0,0.0,0.0706798343297687,0.011169204973169956,-0.717406366770091,1500.0,1500.0,3.0,17.0,0.64,0,data_1,data_1_00000014,data_1/00000014.BIN,data_1_00000014_manual_00_quality_00
12.4,1331.331529,0.0,0.0,0.08520473512607238,0.021378044552771824,-0.6350848783102906,1500.0,1500.0,3.0,17.0,0.64,0,data_1,data_1_00000014,data_1/00000014.BIN,data_1_00000014_manual_00_quality_00
12.5,1331.431529,0.0,0.0,0.09077151534926414,0.03012493358375274,-0.5146220922696411,1500.0,1500.0,3.0,17.0,0.64,0,data_1,data_1_00000014,data_1/00000014.BIN,data_1_00000014_manual_00_quality_00
0.0,1229.1201,0.0,0.2925,0.22336923698885408,0.13489086845708761,8.367970992475277,1500.0,1617.0,3.0,16.0,1.34,0,data_2,data_2_00000024,data_2/00000024.BIN,data_2_00000024_manual_00_quality_00
0.1,1229.2201,0.0,0.0,0.21748504244904449,0.109530684806771,8.73298485848087,1500.0,1500.0,3.0,16.0,1.34,0,data_2,data_2_00000024,data_2/00000024.BIN,data_2_00000024_manual_00_quality_00
0.2,1229.3201000000001,0.0,0.0,0.20495593035381524,0.044991891423708345,9.048807516359823,1500.0,1500.0,3.0,16.0,1.34,0,data_2,data_2_00000024,data_2/00000024.BIN,data_2_00000024_manual_00_quality_00
0.3,1229.4201,0.0,0.0,0.1990794445252669,-0.0010577593426051425,9.240477089981646,1500.0,1500.0,3.0,16.0,1.34,0,data_2,data_2_00000024,data_2/00000024.BIN,data_2_00000024_manual_00_quality_00
0.4,1229.5201000000002,0.0,0.0,0.1948376276859195,0.006238149767047765,9.098725962296662,1500.0,1500.0,3.0,16.0,1.34,0,data_2,data_2_00000024,data_2/00000024.BIN,data_2_00000024_manual_00_quality_00
0.5,1229.6201,0.0,0.0,0.19057030402220893,0.03805632803717602,8.561282805591738,1500.0,1500.0,3.0,16.0,1.34,0,data_2,data_2_00000024,data_2/00000024.BIN,data_2_00000024_manual_00_quality_00
0.6,1229.7201,0.0,0.0,0.18629672830599694,0.05306520044484876,8.077849696195125,1500.0,1500.0,3.0,16.0,1.34,0,data_2,data_2_00000024,data_2/00000024.BIN,data_2_00000024_manual_00_quality_00
0.7,1229.8201000000001,0.0,0.0,0.18529474065912713,0.05961493733414123,8.074391732066228,1500.0,1500.0,3.0,16.0,1.34,0,data_2,data_2_00000024,data_2/00000024.BIN,data_2_00000024_manual_00_quality_00
0.8,1229.9201,0.25882352941176473,0.0,0.18509374880655569,0.06572438076497616,8.424583587952513,1544.0,1500.0,3.0,16.0,1.34,0,data_2,data_2_00000024,data_2/00000024.BIN,data_2_00000024_manual_00_quality_00
0.9,1230.0201000000002,0.2529411764705882,0.0,0.18627552815047083,0.04920643555473726,8.857062093307142,1543.0,1500.0,3.0,16.0,1.34,0,data_2,data_2_00000024,data_2/00000024.BIN,data_2_00000024_manual_00_quality_00
1.0,1230.1201,0.0,0.0,0.1877976586143212,0.01992504817245479,9.045485897616278,1500.0,1500.0,3.0,16.0,1.34,0,data_2,data_2_00000024,data_2/00000024.BIN,data_2_00000024_manual_00_quality_00
1.1,1230.2201,0.21176470588235294,0.005,0.18463968230091207,0.007006784021152832,8.855691039280956,1536.0,1502.0,3.0,16.0,1.34,0,data_2,data_2_00000024,data_2/00000024.BIN,data_2_00000024_manual_00_quality_00
1.2,1230.3201000000001,0.23529411764705882,0.14,0.18032939526135813,0.00934080893473359,8.554229543683583,1540.0,1556.0,3.0,16.0,1.34,0,data_2,data_2_00000024,data_2/00000024.BIN,data_2_00000024_manual_00_quality_00
1.3,1230.4201,0.31176470588235294,0.2,0.18947276886675612,0.03173810705790208,8.457154602053839,1553.0,1580.0,3.0,16.0,1.34,0,data_2,data_2_00000024,data_2/00000024.BIN,data_2_00000024_manual_00_quality_00
1.4,1230.5201000000002,0.37058823529411766,0.295,0.20193239226027732,0.047089493876205396,8.597319252673334,1563.0,1618.0,3.0,16.0,1.34,0,data_2,data_2_00000024,data_2/00000024.BIN,data_2_00000024_manual_00_quality_00
1.5,1230.6201,0.37058823529411766,0.3275,0.21607033798999217,0.03883536667144132,8.799070659106004,1563.0,1631.0,3.0,16.0,1.34,0,data_2,data_2_00000024,data_2/00000024.BIN,data_2_00000024_manual_00_quality_00
1.6,1230.7201,0.45294117647058824,0.3375,0.23061950612479465,0.026897351011937395,8.982667311659899,1577.0,1635.0,3.0,16.0,1.34,0,data_2,data_2_00000024,data_2/00000024.BIN,data_2_00000024_manual_00_quality_00
1.7,1230.8201000000001,0.4764705882352941,0.3625,0.2942757377954945,0.04248846008623475,9.183056066381441,1581.0,1645.0,3.0,16.0,1.34,0,data_2,data_2_00000024,data_2/00000024.BIN,data_2_00000024_manual_00_quality_00
1.8,1230.9201,0.4764705882352941,0.3625,0.36996189475757824,0.10341339548358135,9.359408195477299,1581.0,1645.0,3.0,16.0,1.34,0,data_2,data_2_00000024,data_2/00000024.BIN,data_2_00000024_manual_00_quality_00
1.9,1231.0201000000002,0.4588235294117647,0.3625,0.4565682053904797,0.16490991225795135,9.514507100640795,1578.0,1645.0,3.0,16.0,1.34,0,data_2,data_2_00000024,data_2/00000024.BIN,data_2_00000024_manual_00_quality_00
2.0,1231.1201,0.4117647058823529,0.3625,0.5458545736642715,0.1915707851005677,9.86052479472204,1570.0,1645.0,3.0,16.0,1.34,0,data_2,data_2_00000024,data_2/00000024.BIN,data_2_00000024_manual_00_quality_00
2.1,1231.2201,0.36470588235294116,0.405,0.6174880933388903,0.17194075028687536,10.106638046597746,1562.0,1662.0,3.0,16.0,1.34,0,data_2,data_2_00000024,data_2/00000024.BIN,data_2_00000024_manual_00_quality_00
2.2,1231.3201000000001,0.38235294117647056,0.41,0.6847976815329367,0.13687182406762852,10.014168780657547,1565.0,1664.0,3.0,16.0,1.34,0,data_2,data_2_00000024,data_2/00000024.BIN,data_2_00000024_manual_00_quality_00
2.3,1231.4201,0.4235294117647059,0.41,0.6824189737037368,0.12221612421281938,9.572252558384278,1572.0,1664.0,3.0,16.0,1.34,0,data_2,data_2_00000024,data_2/00000024.BIN,data_2_00000024_manual_00_quality_00
2.4,1231.5201000000002,0.4470588235294118,0.425,0.6629706459026687,0.15694332267918384,9.16015018671904,1576.0,1670.0,3.0,16.0,1.34,0,data_2,data_2_00000024,data_2/00000024.BIN,data_2_00000024_manual_00_quality_00
2.5,1231.6201,0.4588235294117647,0.4575,0.7242277952693944,0.22574371513746572,9.05996058299617,1578.0,1683.0,3.0,16.0,1.34,0,data_2,data_2_00000024,data_2/00000024.BIN,data_2_00000024_manual_00_quality_00
2.6,1231.7201,0.4823529411764706,0.47,0.8053169729714356,0.28856838129313245,9.30897774782346,1582.0,1688.0,3.0,16.0,1.34,0,data_2,data_2_00000024,data_2/00000024.BIN,data_2_00000024_manual_00_quality_00
2.7,1231.8201000000001,0.4823529411764706,0.4725,0.8664698230981189,0.30896057182474485,9.783786083928696,1582.0,1689.0,3.0,16.0,1.34,0,data_2,data_2_00000024,data_2/00000024.BIN,data_2_00000024_manual_00_quality_00
2.8,1231.9201,0.5117647058823529,0.485,0.9227304569430541,0.31294237241149253,10.324453328903799,1587.0,1694.0,3.0,16.0,1.34,0,data_2,data_2_00000024,data_2/00000024.BIN,data_2_00000024_manual_00_quality_00
2.9,1232.0201000000002,0.5117647058823529,0.505,0.9689863575326744,0.31820881965893305,10.7314237996616,1587.0,1702.0,3.0,16.0,1.34,0,data_2,data_2_00000024,data_2/00000024.BIN,data_2_00000024_manual_00_quality_00
3.0,1232.1201,0.5,0.505,1.0127792572441174,0.35184215920080497,10.972653523096582,1585.0,1702.0,3.0,16.0,1.34,0,data_2,data_2_00000024,data_2/00000024.BIN,data_2_00000024_manual_00_quality_00
3.1,1232.2201,0.4823529411764706,0.505,1.0370161166372769,0.3938984677989586,11.076751349287598,1582.0,1702.0,3.0,16.0,1.34,0,data_2,data_2_00000024,data_2/00000024.BIN,data_2_00000024_manual_00_quality_00
3.2,1232.3201000000001,0.49411764705882355,0.485,1.0564577184478683,0.4244949090783396,11.245933619956851,1584.0,1694.0,3.0,16.0,1.34,0,data_2,data_2_00000024,data_2/00000024.BIN,data_2_00000024_manual_00_quality_00
3.3,1232.4201,0.49411764705882355,0.4875,1.076961177068216,0.44334287692219376,11.2465582815169,1584.0,1695.0,3.0,16.0,1.34,0,data_2,data_2_00000024,data_2/00000024.BIN,data_2_00000024_manual_00_quality_00
3.4,1232.5201000000002,0.4764705882352941,0.4775,1.09772514103298,0.44736644392911196,11.212651056249044,1581.0,1691.0,3.0,16.0,1.34,0,data_2,data_2_00000024,data_2/00000024.BIN,data_2_00000024_manual_00_quality_00
3.5,1232.6201,0.49411764705882355,0.4775,1.0888685229083945,0.4297992178397517,11.299251244618818,1584.0,1691.0,3.0,16.0,1.34,0,data_2,data_2_00000024,data_2/00000024.BIN,data_2_00000024_manual_00_quality_00
3.6,1232.7201,0.49411764705882355,0.4775,1.0727726286237107,0.4251243015562626,11.469077627121465,1584.0,1691.0,3.0,16.0,1.34,0,data_2,data_2_00000024,data_2/00000024.BIN,data_2_00000024_manual_00_quality_00
3.7,1232.8201000000001,0.5117647058823529,0.4825,1.0762530864652775,0.4298759489353375,11.570584935306075,1587.0,1693.0,3.0,16.0,1.34,0,data_2,data_2_00000024,data_2/00000024.BIN,data_2_00000024_manual_00_quality_00
3.8,1232.9201,0.5235294117647059,0.49,1.0845246797035815,0.4230032332510699,11.738483734952034,1589.0,1696.0,3.0,16.0,1.34,0,data_2,data_2_00000024,data_2/00000024.BIN,data_2_00000024_manual_00_quality_00
3.9,1233.0201000000002,0.5235294117647059,0.4925,1.1123196976281042,0.426138028862029,11.786393972573107,1589.0,1697.0,3.0,16.0,1.34,0,data_2,data_2_00000024,data_2/00000024.BIN,data_2_00000024_manual_00_quality_00
4.0,1233.1201,0.5235294117647059,0.495,1.144908031457973,0.431989397399672,11.829909869499886,1589.0,1698.0,3.0,16.0,1.34,0,data_2,data_2_00000024,data_2/00000024.BIN,data_2_00000024_manual_00_quality_00
4.1,1233.2201,0.5176470588235295,0.495,1.1677204582084333,0.43317753204086784,11.75305100223937,1588.0,1698.0,3.0,16.0,1.34,0,data_2,data_2_00000024,data_2/00000024.BIN,data_2_00000024_manual_00_quality_00
4.2,1233.3201000000001,0.5176470588235295,0.495,1.188125610024932,0.4265867243068108,11.779585529018124,1588.0,1698.0,3.0,16.0,1.34,0,data_2,data_2_00000024,data_2/00000024.BIN,data_2_00000024_manual_00_quality_00
4.3,1233.4201,0.5176470588235295,0.495,1.1838159731622149,0.4064719820677363,11.811747235659574,1588.0,1698.0,3.0,16.0,1.34,0,data_2,data_2_00000024,data_2/00000024.BIN,data_2_00000024_manual_00_quality_00
4.4,1233.5201000000002,0.5235294117647059,0.495,1.173431553932052,0.40366046772303216,11.870685833305021,1589.0,1698.0,3.0,16.0,1.34,0,data_2,data_2_00000024,data_2/00000024.BIN,data_2_00000024_manual_00_quality_00
4.5,1233.6201,0.5235294117647059,0.495,1.1602721951184738,0.4110224696259193,11.872828712278354,1589.0,1698.0,3.0,16.0,1.34,0,data_2,data_2_00000024,data_2/00000024.BIN,data_2_00000024_manual_00_quality_00
4.6,1233.7201,0.5352941176470588,0.495,1.1464305534583408,0.42140838773464145,11.914965320846894,1591.0,1698.0,3.0,16.0,1.34,0,data_2,data_2_00000024,data_2/00000024.BIN,data_2_00000024_manual_00_quality_00
4.7,1233.8201000000001,0.5352941176470588,0.5125,1.1787995525737156,0.4335833952052041,11.991592817325138,1591.0,1705.0,3.0,16.0,1.34,0,data_2,data_2_00000024,data_2/00000024.BIN,data_2_00000024_manual_00_quality_00
4.8,1233.9201,0.5352941176470588,0.5125,1.2224717456248404,0.4336246150335997,12.1240812793118,1591.0,1705.0,3.0,16.0,1.34,0,data_2,data_2_00000024,data_2/00000024.BIN,data_2_00000024_manual_00_quality_00
4.9,1234.0201000000002,0.5352941176470588,0.5125,1.2301074550441868,0.42684878301240514,12.342275524856513,1591.0,1705.0,3.0,16.0,1.34,0,data_2,data_2_00000024,data_2/00000024.BIN,data_2_00000024_manual_00_quality_00
5.0,1234.1201,0.5235294117647059,0.495,1.2289023334853373,0.4151840394754415,12.416297244673126,1589.0,1698.0,3.0,16.0,1.34,0,data_2,data_2_00000024,data_2/00000024.BIN,data_2_00000024_manual_00_quality_00
5.1,1234.2201,0.5176470588235295,0.495,1.2440435366753,0.42181284327293056,12.371810006990033,1588.0,1698.0,3.0,16.0,1.34,0,data_2,data_2_00000024,data_2/00000024.BIN,data_2_00000024_manual_00_quality_00
5.2,1234.3201000000001,0.5176470588235295,0.4925,1.2631985336287803,0.4187705887309683,12.405449918565107,1588.0,1697.0,3.0,16.0,1.34,0,data_2,data_2_00000024,data_2/00000024.BIN,data_2_00000024_manual_00_quality_00
5.3,1234.4201,0.5176470588235295,0.5025,1.2317166138185591,0.4140483797747856,12.394878019769532,1588.0,1701.0,3.0,16.0,1.34,0,data_2,data_2_00000024,data_2/00000024.BIN,data_2_00000024_manual_00_quality_00
5.4,1234.5201000000002,0.5176470588235295,0.46,1.187837842876333,0.41927686875922815,12.196019862690505,1588.0,1684.0,3.0,16.0,1.34,0,data_2,data_2_00000024,data_2/00000024.BIN,data_2_00000024_manual_00_quality_00
5.5,1234.6201,0.5117647058823529,0.4575,1.1941676438362874,0.39313090552746316,12.093226588751675,1587.0,1683.0,3.0,16.0,1.34,0,data_2,data_2_00000024,data_2/00000024.BIN,data_2_00000024_manual_00_quality_00
5.6,1234.7201,0.5176470588235295,0.4575,1.2128104427668918,0.3707627751553219,12.11802873364773,1588.0,1683.0,3.0,16.0,1.34,0,data_2,data_2_00000024,data_2/00000024.BIN,data_2_00000024_manual_00_quality_00
5.7,1234.8201000000001,0.5176470588235295,0.4575,1.2161330329155127,0.3640885924818437,12.101252044092835,1588.0,1683.0,3.0,16.0,1.34,0,data_2,data_2_00000024,data_2/00000024.BIN,data_2_00000024_manual_00_quality_00
5.8,1234.9201,0.5176470588235295,0.4575,1.2156902233673332,0.38589005147480215,12.004841650581314,1588.0,1683.0,3.0,16.0,1.34,0,data_2,data_2_00000024,data_2/00000024.BIN,data_2_00000024_manual_00_quality_00
5.9,1235.0201000000002,0.5176470588235295,0.4425,1.2054544839286028,0.4044570198319942,11.852929086153782,1588.0,1677.0,3.0,16.0,1.34,0,data_2,data_2_00000024,data_2/00000024.BIN,data_2_00000024_manual_00_quality_00
6.0,1235.1201,0.5235294117647059,0.4275,1.192812294892017,0.41348589345810083,11.872266501861382,1589.0,1671.0,3.0,16.0,1.34,0,data_2,data_2_00000024,data_2/00000024.BIN,data_2_00000024_manual_00_quality_00
6.1,1235.2201,0.5352941176470588,0.43,1.1856817634311394,0.39967912195358163,12.0591513844649,1591.0,1672.0,3.0,16.0,1.34,0,data_2,data_2_00000024,data_2/00000024.BIN,data_2_00000024_manual_00_quality_00
6.2,1235.3201000000001,0.5352941176470588,0.4275,1.179913079545876,0.3933781363222731,12.258561943271106,1591.0,1671.0,3.0,16.0,1.34,0,data_2,data_2_00000024,data_2/00000024.BIN,data_2_00000024_manual_00_quality_00
6.3,1235.4201,0.5352941176470588,0.4225,1.19980864897896,0.40945185310280646,12.227217194155363,1591.0,1669.0,3.0,16.0,1.34,0,data_2,data_2_00000024,data_2/00000024.BIN,data_2_00000024_manual_00_quality_00
6.4,1235.5201000000002,0.5352941176470588,0.235,1.2260071976564635,0.41475733398059683,12.184172814984407,1591.0,1594.0,3.0,16.0,1.34,0,data_2,data_2_00000024,data_2/00000024.BIN,data_2_00000024_manual_00_quality_00
6.5,1235.6201,0.5235294117647059,0.0,1.2233899081818242,0.3420545588472056,12.34274350549317,1589.0,1500.0,3.0,16.0,1.34,0,data_2,data_2_00000024,data_2/00000024.BIN,data_2_00000024_manual_00_quality_00
6.6,1235.7201,0.5,0.0,1.2137130576510209,0.1917862762259788,12.460566531374218,1585.0,1500.0,3.0,16.0,1.34,0,data_2,data_2_00000024,data_2/00000024.BIN,data_2_00000024_manual_00_quality_00
6.7,1235.8201000000001,0.5117647058823529,0.0,1.2395732788647968,0.06922236349264961,12.453004263969131,1587.0,1500.0,3.0,16.0,1.34,0,data_2,data_2_00000024,data_2/00000024.BIN,data_2_00000024_manual_00_quality_00
6.8,1235.9201,0.5470588235294118,-0.0475,1.274129776285796,0.013971375579427712,12.435633200427409,1593.0,1481.0,3.0,16.0,1.34,0,data_2,data_2_00000024,data_2/00000024.BIN,data_2_00000024_manual_00_quality_00
6.9,1236.0201000000002,0.5470588235294118,-0.1275,1.304382934009541,0.004558894235273768,12.274773395869106,1593.0,1449.0,3.0,16.0,1.34,0,data_2,data_2_00000024,data_2/00000024.BIN,data_2_00000024_manual_00_quality_00
7.0,1236.1201,0.5588235294117647,-0.245,1.3335818211901138,-0.03017179480254013,12.309099770560321,1595.0,1402.0,3.0,16.0,1.34,0,data_2,data_2_00000024,data_2/00000024.BIN,data_2_00000024_manual_00_quality_00
7.1,1236.2201,0.5588235294117647,0.0,1.343713210323613,-0.09262814099281631,12.492499055681943,1595.0,1500.0,3.0,16.0,1.34,0,data_2,data_2_00000024,data_2/00000024.BIN,data_2_00000024_manual_00_quality_00
7.2,1236.3201000000001,0.5588235294117647,0.0,1.3491555277114338,-0.08183991774124394,12.588435207628867,1595.0,1500.0,3.0,16.0,1.34,0,data_2,data_2_00000024,data_2/00000024.BIN,data_2_00000024_manual_00_quality_00
7.3,1236.4201,0.5588235294117647,0.0,1.3358182683418491,-0.02364998624097423,12.654334078478733,1595.0,1500.0,3.0,16.0,1.34,0,data_2,data_2_00000024,data_2/00000024.BIN,data_2_00000024_manual_00_quality_00
7.4,1236.5201000000002,0.5176470588235295,0.0,1.3178531186574332,0.005091616465491725,12.770995596342736,1588.0,1500.0,3.0,16.0,1.34,0,data_2,data_2_00000024,data_2/00000024.BIN,data_2_00000024_manual_00_quality_00
7.5,1236.6201,0.4823529411764706,0.0,1.3554973420073946,0.015957335573577352,12.971496867986172,1582.0,1500.0,3.0,16.0,1.34,0,data_2,data_2_00000024,data_2/00000024.BIN,data_2_00000024_manual_00_quality_00
7.6,1236.7201,0.38823529411764707,0.0,1.4068213173018185,0.03457027831332622,13.022443031191393,1566.0,1500.0,3.0,16.0,1.34,0,data_2,data_2_00000024,data_2/00000024.BIN,data_2_00000024_manual_00_quality_00
7.7,1236.8201000000001,0.29411764705882354,0.0,1.364382844942478,0.028248241080430062,12.953181010567928,1550.0,1500.0,3.0,16.0,1.34,0,data_2,data_2_00000024,data_2/00000024.BIN,data_2_00000024_manual_00_quality_00
7.8,1236.9201,0.24705882352941178,0.0,1.2988572306784012,0.0005538104398496868,12.58401687467541,1542.0,1500.0,3.0,16.0,1.34,0,data_2,data_2_00000024,data_2/00000024.BIN,data_2_00000024_manual_00_quality_00
7.9,1237.0201000000002,0.0,0.0,1.1797432096125686,-0.02165776367193173,11.908140817102465,1500.0,1500.0,3.0,16.0,1.34,0,data_2,data_2_00000024,data_2/00000024.BIN,data_2_00000024_manual_00_quality_00
8.0,1237.1201,0.0,0.0,1.0474632238580395,-0.047100906345708675,11.021318665268502,1500.0,1500.0,3.0,16.0,1.34,0,data_2,data_2_00000024,data_2/00000024.BIN,data_2_00000024_manual_00_quality_00
8.1,1237.2201,0.0,0.0,0.9887186508831599,-0.06028470134762693,9.908893743456288,1500.0,1500.0,3.0,16.0,1.34,0,data_2,data_2_00000024,data_2/00000024.BIN,data_2_00000024_manual_00_quality_00
8.2,1237.3201000000001,0.0,0.0,0.9480065393856146,-0.07634107307223267,8.896088766809449,1500.0,1500.0,3.0,16.0,1.34,0,data_2,data_2_00000024,data_2/00000024.BIN,data_2_00000024_manual_00_quality_00
8.3,1237.4201,0.0,0.0,0.9238887316441987,-0.0643650211998272,8.232343732809705,1500.0,1500.0,3.0,16.0,1.34,0,data_2,data_2_00000024,data_2/00000024.BIN,data_2_00000024_manual_00_quality_00
8.4,1237.5201000000002,0.0,0.0,0.9038353156575174,-0.06549148371203481,8.069364798051655,1500.0,1500.0,3.0,16.0,1.34,0,data_2,data_2_00000024,data_2/00000024.BIN,data_2_00000024_manual_00_quality_00
8.5,1237.6201,0.0,0.0,0.8959093997230443,-0.11098332048031317,8.114939687820979,1500.0,1500.0,3.0,16.0,1.34,0,data_2,data_2_00000024,data_2/00000024.BIN,data_2_00000024_manual_00_quality_00
8.6,1237.7201,0.0,0.0,0.8909579712490372,-0.15194495175215528,8.165810028041697,1500.0,1500.0,3.0,16.0,1.34,0,data_2,data_2_00000024,data_2/00000024.BIN,data_2_00000024_manual_00_quality_00
8.7,1237.8201000000001,0.0,0.0,0.8657965636466777,-0.15265572417819165,8.137544950803473,1500.0,1500.0,3.0,16.0,1.34,0,data_2,data_2_00000024,data_2/00000024.BIN,data_2_00000024_manual_00_quality_00
8.8,1237.9201,0.23529411764705882,0.0,0.8356739069645546,-0.11841558768824999,8.188579363002535,1540.0,1500.0,3.0,16.0,1.34,0,data_2,data_2_00000024,data_2/00000024.BIN,data_2_00000024_manual_00_quality_00
8.9,1238.0201000000002,0.25882352941176473,0.0,0.8305300439109362,-0.0908406327296536,8.273419548483403,1544.0,1500.0,3.0,16.0,1.34,0,data_2,data_2_00000024,data_2/00000024.BIN,data_2_00000024_manual_00_quality_00
9.0,1238.1201,0.27058823529411763,0.0,0.8315351613589672,-0.0740609616223845,8.28776136105047,1546.0,1500.0,3.0,16.0,1.34,0,data_2,data_2_00000024,data_2/00000024.BIN,data_2_00000024_manual_00_quality_00
9.1,1238.2201,0.3176470588235294,0.0,0.8131143044556316,-0.061948442549753756,8.65317835585595,1554.0,1500.0,3.0,16.0,1.34,0,data_2,data_2_00000024,data_2/00000024.BIN,data_2_00000024_manual_00_quality_00
9.2,1238.3201000000001,0.27647058823529413,0.0,0.7899080747965213,-0.08148984845513418,9.096254237741409,1547.0,1500.0,3.0,16.0,1.34,0,data_2,data_2_00000024,data_2/00000024.BIN,data_2_00000024_manual_00_quality_00
9.3,1238.4201,0.22941176470588234,0.0,0.7492714513890674,-0.09401430448100938,9.319698280377239,1539.0,1500.0,3.0,16.0,1.34,0,data_2,data_2_00000024,data_2/00000024.BIN,data_2_00000024_manual_00_quality_00
9.4,1238.5201000000002,0.0,0.0,0.7043591698901475,-0.06397058864890486,9.284237533743617,1500.0,1500.0,3.0,16.0,1.34,0,data_2,data_2_00000024,data_2/00000024.BIN,data_2_00000024_manual_00_quality_00
9.5,1238.6201,0.0,0.0,0.6739104641471393,-0.015790243451953775,9.218785352116194,1500.0,1500.0,3.0,16.0,1.34,0,data_2,data_2_00000024,data_2/00000024.BIN,data_2_00000024_manual_00_quality_00
9.6,1238.7201,0.0,0.0,0.6470058467823002,0.007746995959327511,9.217532496586035,1500.0,1500.0,3.0,16.0,1.34,0,data_2,data_2_00000024,data_2/00000024.BIN,data_2_00000024_manual_00_quality_00
9.7,1238.8201000000001,0.0,0.0,0.6248143297054246,-0.005917718932507131,9.149080285398068,1500.0,1500.0,3.0,16.0,1.34,0,data_2,data_2_00000024,data_2/00000024.BIN,data_2_00000024_manual_00_quality_00
9.8,1238.9201,0.0,0.0,0.6037795161715255,-0.031404082012633734,9.054022553062023,1500.0,1500.0,3.0,16.0,1.34,0,data_2,data_2_00000024,data_2/00000024.BIN,data_2_00000024_manual_00_quality_00
9.9,1239.0201000000002,0.22941176470588234,0.0,0.6012522574631158,-0.045658606590748586,8.937458476404755,1539.0,1500.0,3.0,16.0,1.34,0,data_2,data_2_00000024,data_2/00000024.BIN,data_2_00000024_manual_00_quality_00
10.0,1239.1201,0.31176470588235294,0.0,0.6032551291829894,-0.045031551982179584,8.6949755587619,1553.0,1500.0,3.0,16.0,1.34,0,data_2,data_2_00000024,data_2/00000024.BIN,data_2_00000024_manual_00_quality_00
10.1,1239.2201,0.3411764705882353,0.0,0.6227187442144253,-0.03889435512062923,8.419871890591756,1558.0,1500.0,3.0,16.0,1.34,0,data_2,data_2_00000024,data_2/00000024.BIN,data_2_00000024_manual_00_quality_00
10.2,1239.3201000000001,0.3235294117647059,0.0,0.6464673576512109,-0.03532660069716764,8.303107042012979,1555.0,1500.0,3.0,16.0,1.34,0,data_2,data_2_00000024,data_2/00000024.BIN,data_2_00000024_manual_00_quality_00
10.3,1239.4201,0.22941176470588234,0.0,0.6230240820893883,-0.03529482262406645,8.200015413417516,1539.0,1500.0,3.0,16.0,1.34,0,data_2,data_2_00000024,data_2/00000024.BIN,data_2_00000024_manual_00_quality_00
10.4,1239.5201000000002,0.0,0.0,0.5879885786869334,-0.04217441818028928,8.075291843125592,1500.0,1500.0,3.0,16.0,1.34,0,data_2,data_2_00000024,data_2/00000024.BIN,data_2_00000024_manual_00_quality_00
10.5,1239.6201,0.0,0.0,0.5999652217111247,-0.04729569737753843,8.076833659513493,1500.0,1500.0,3.0,16.0,1.34,0,data_2,data_2_00000024,data_2/00000024.BIN,data_2_00000024_manual_00_quality_00
10.6,1239.7201,0.0,0.0,0.6235103722817423,-0.05264947245402758,8.278276326689639,1500.0,1500.0,3.0,16.0,1.34,0,data_2,data_2_00000024,data_2/00000024.BIN,data_2_00000024_manual_00_quality_00
10.7,1239.8201000000001,0.0,0.0,0.6419752178366036,-0.053620450284466534,8.606815942540424,1500.0,1500.0,3.0,16.0,1.34,0,data_2,data_2_00000024,data_2/00000024.BIN,data_2_00000024_manual_00_quality_00
10.8,1239.9201,0.0,0.0,0.6591912687351156,-0.04493958872398926,8.87919195292752,1500.0,1500.0,3.0,16.0,1.34,0,data_2,data_2_00000024,data_2/00000024.BIN,data_2_00000024_manual_00_quality_00
10.9,1240.0201000000002,0.0,0.0,0.6054868111623303,-0.03208478960183187,9.06040189041899,1500.0,1500.0,3.0,16.0,1.34,0,data_2,data_2_00000024,data_2/00000024.BIN,data_2_00000024_manual_00_quality_00
11.0,1240.1201,0.0,0.0,0.5342821204001632,-0.01884610540514454,9.189833220032314,1500.0,1500.0,3.0,16.0,1.34,0,data_2,data_2_00000024,data_2/00000024.BIN,data_2_00000024_manual_00_quality_00
11.1,1240.2201,0.0,0.0,0.4917158356630774,-0.018287985968667167,9.292408073157635,1500.0,1500.0,3.0,16.0,1.34,0,data_2,data_2_00000024,data_2/00000024.BIN,data_2_00000024_manual_00_quality_00
11.2,1240.3201000000001,0.0,0.0,0.45619941101385636,-0.022340536976382518,9.297632665032621,1500.0,1500.0,3.0,16.0,1.34,0,data_2,data_2_00000024,data_2/00000024.BIN,data_2_00000024_manual_00_quality_00
11.3,1240.4201,0.0,0.0,0.47399710414141283,-0.02375971188844978,9.152802572784935,1500.0,1500.0,3.0,16.0,1.34,0,data_2,data_2_00000024,data_2/00000024.BIN,data_2_00000024_manual_00_quality_00
11.4,1240.5201000000002,0.0,0.0,0.526932139926415,-0.026901935040964563,8.875302312507955,1500.0,1500.0,3.0,16.0,1.34,0,data_2,data_2_00000024,data_2/00000024.BIN,data_2_00000024_manual_00_quality_00
11.5,1240.6201,0.0,0.0,0.5130310191678031,-0.03224164184511002,8.460205724518989,1500.0,1500.0,3.0,16.0,1.34,0,data_2,data_2_00000024,data_2/00000024.BIN,data_2_00000024_manual_00_quality_00
11.6,1240.7201,0.0,0.0,0.4827806362096558,-0.034765375015581905,8.049792848117312,1500.0,1500.0,3.0,16.0,1.34,0,data_2,data_2_00000024,data_2/00000024.BIN,data_2_00000024_manual_00_quality_00
11.7,1240.8201000000001,0.0,0.0,0.4785031135392351,-0.0301979957821723,7.852578667013724,1500.0,1500.0,3.0,16.0,1.34,0,data_2,data_2_00000024,data_2/00000024.BIN,data_2_00000024_manual_00_quality_00
11.8,1240.9201,0.0,0.0,0.4805954991356155,-0.028045947054984307,7.931832445841214,1500.0,1500.0,3.0,16.0,1.34,0,data_2,data_2_00000024,data_2/00000024.BIN,data_2_00000024_manual_00_quality_00
11.9,1241.0201000000002,0.0,0.0,0.46288696935628615,-0.04026312170834072,8.260472639894294,1500.0,1500.0,3.0,16.0,1.34,0,data_2,data_2_00000024,data_2/00000024.BIN,data_2_00000024_manual_00_quality_00
12.0,1241.1201,0.0,0.0,0.440295782014018,-0.048986578863220984,8.722409607740843,1500.0,1500.0,3.0,16.0,1.34,0,data_2,data_2_00000024,data_2/00000024.BIN,data_2_00000024_manual_00_quality_00
12.1,1241.2201,0.0,0.0,0.4637237770842229,-0.04128697080261111,9.094262226681192,1500.0,1500.0,3.0,16.0,1.34,0,data_2,data_2_00000024,data_2/00000024.BIN,data_2_00000024_manual_00_quality_00
12.2,1241.3201000000001,0.0,0.0,0.4984602206218684,-0.027963907396466595,9.189650439949336,1500.0,1500.0,3.0,16.0,1.34,0,data_2,data_2_00000024,data_2/00000024.BIN,data_2_00000024_manual_00_quality_00
12.3,1241.4201,0.0,0.0,0.4871230199596469,-0.021389664518323546,9.150318625989444,1500.0,1500.0,3.0,16.0,1.34,0,data_2,data_2_00000024,data_2/00000024.BIN,data_2_00000024_manual_00_quality_00
12.4,1241.5201000000002,0.0,0.0,0.46444682274979904,-0.029386384867795302,9.130469411589232,1500.0,1500.0,3.0,16.0,1.34,0,data_2,data_2_00000024,data_2/00000024.BIN,data_2_00000024_manual_00_quality_00
12.5,1241.6201,0.0,0.0,0.42975267866111927,-0.03693928428021319,9.088827958763723,1500.0,1500.0,3.0,16.0,1.34,0,data_2,data_2_00000024,data_2/00000024.BIN,data_2_00000024_manual_00_quality_00
12.6,1241.7201,0.0,0.0,0.3921099851327595,-0.0280701678255889,8.985656201687537,1500.0,1500.0,3.0,16.0,1.34,0,data_2,data_2_00000024,data_2/00000024.BIN,data_2_00000024_manual_00_quality_00
12.7,1241.8201000000001,0.0,0.0,0.37834276240435744,-0.015125614827757315,8.860576492171967,1500.0,1500.0,3.0,16.0,1.34,0,data_2,data_2_00000024,data_2/00000024.BIN,data_2_00000024_manual_00_quality_00
12.8,1241.9201,0.0,0.0,0.37042365530610405,-0.02165576344764631,8.659115377658127,1500.0,1500.0,3.0,16.0,1.34,0,data_2,data_2_00000024,data_2/00000024.BIN,data_2_00000024_manual_00_quality_00
12.9,1242.0201000000002,0.0,0.0,0.3874542018105522,-0.037953079375771734,8.342232785698094,1500.0,1500.0,3.0,16.0,1.34,0,data_2,data_2_00000024,data_2/00000024.BIN,data_2_00000024_manual_00_quality_00
13.0,1242.1201,0.0,0.0,0.4106211320941089,-0.04290923842484426,8.08916669325383,1500.0,1500.0,3.0,16.0,1.34,0,data_2,data_2_00000024,data_2/00000024.BIN,data_2_00000024_manual_00_quality_00
13.1,1242.2201,0.0,0.0,0.4181079764479494,-0.03580680230584066,8.119923809796488,1500.0,1500.0,3.0,16.0,1.34,0,data_2,data_2_00000024,data_2/00000024.BIN,data_2_00000024_manual_00_quality_00
13.2,1242.3201000000001,0.0,0.0,0.42175507462888284,-0.027958114312893818,8.482468808805935,1500.0,1500.0,3.0,16.0,1.34,0,data_2,data_2_00000024,data_2/00000024.BIN,data_2_00000024_manual_00_quality_00
13.3,1242.4201,0.0,0.0,0.4078749129213201,-0.026956097936029957,8.949140451366986,1500.0,1500.0,3.0,16.0,1.34,0,data_2,data_2_00000024,data_2/00000024.BIN,data_2_00000024_manual_00_quality_00
13.4,1242.5201000000002,0.0,0.0,0.389693700989057,-0.03623639165056044,9.289886121099753,1500.0,1500.0,3.0,16.0,1.34,0,data_2,data_2_00000024,data_2/00000024.BIN,data_2_00000024_manual_00_quality_00
13.5,1242.6201,0.0,0.0,0.3836386993951247,-0.04286464321380895,9.436246384264708,1500.0,1500.0,3.0,16.0,1.34,0,data_2,data_2_00000024,data_2/00000024.BIN,data_2_00000024_manual_00_quality_00
13.6,1242.7201,0.0,0.0,0.38056595899735773,-0.03550439063090282,9.404588071121436,1500.0,1500.0,3.0,16.0,1.34,0,data_2,data_2_00000024,data_2/00000024.BIN,data_2_00000024_manual_00_quality_00
13.7,1242.8201000000001,0.0,0.0,0.3449159723431612,-0.02318227279619218,9.2481565523975,1500.0,1500.0,3.0,16.0,1.34,0,data_2,data_2_00000024,data_2/00000024.BIN,data_2_00000024_manual_00_quality_00
13.8,1242.9201,0.0,0.0,0.3012722937331178,-0.013312591232397735,9.044558083011214,1500.0,1500.0,3.0,16.0,1.34,0,data_2,data_2_00000024,data_2/00000024.BIN,data_2_00000024_manual_00_quality_00
13.9,1243.0201000000002,0.0,0.0,0.3304308593988222,-0.011714510591655462,8.771567231288296,1500.0,1500.0,3.0,16.0,1.34,0,data_2,data_2_00000024,data_2/00000024.BIN,data_2_00000024_manual_00_quality_00
14.0,1243.1201,0.0,0.0,0.3775223174799925,-0.02514728452702568,8.436945747768585,1500.0,1500.0,3.0,16.0,1.34,0,data_2,data_2_00000024,data_2/00000024.BIN,data_2_00000024_manual_00_quality_00
14.1,1243.2201,0.0,0.0,0.3576009244967243,-0.049509613410625465,8.204212228161756,1500.0,1500.0,3.0,16.0,1.34,0,data_2,data_2_00000024,data_2/00000024.BIN,data_2_00000024_manual_00_quality_00
14.2,1243.3201000000001,0.0,0.0,0.32121847741530696,-0.06490564908948054,8.256033073772482,1500.0,1500.0,3.0,16.0,1.34,0,data_2,data_2_00000024,data_2/00000024.BIN,data_2_00000024_manual_00_quality_00
14.3,1243.4201,0.0,0.0,0.32391835540930697,-0.05427262699804594,8.573144880644673,1500.0,1500.0,3.0,16.0,1.34,0,data_2,data_2_00000024,data_2/00000024.BIN,data_2_00000024_manual_00_quality_00
14.4,1243.5201000000002,0.0,0.0,0.33619599906249736,-0.027801730806503847,9.032162862511214,1500.0,1500.0,3.0,16.0,1.34,0,data_2,data_2_00000024,data_2/00000024.BIN,data_2_00000024_manual_00_quality_00
14.5,1243.6201,0.0,0.0,0.3373362205897253,-0.01077223279465434,9.459356059588568,1500.0,1500.0,3.0,16.0,1.34,0,data_2,data_2_00000024,data_2/00000024.BIN,data_2_00000024_manual_00_quality_00
14.6,1243.7201,0.0,0.0,0.33574806973084803,-0.014732989723390424,9.661742900270056,1500.0,1500.0,3.0,16.0,1.34,0,data_2,data_2_00000024,data_2/00000024.BIN,data_2_00000024_manual_00_quality_00
14.7,1243.8201000000001,0.0,0.0,0.3111849153847589,-0.02417277506720359,9.515982932829667,1500.0,1500.0,3.0,16.0,1.34,0,data_2,data_2_00000024,data_2/00000024.BIN,data_2_00000024_manual_00_quality_00
14.8,1243.9201,0.0,0.0,0.2809934958641674,-0.03019773914601237,9.133313837095379,1500.0,1500.0,3.0,16.0,1.34,0,data_2,data_2_00000024,data_2/00000024.BIN,data_2_00000024_manual_00_quality_00
14.9,1244.0201000000002,0.0,0.0,0.2870535287916354,-0.02915849700096732,8.755224346289006,1500.0,1500.0,3.0,16.0,1.34,0,data_2,data_2_00000024,data_2/00000024.BIN,data_2_00000024_manual_00_quality_00
15.0,1244.1201,0.0,0.0,0.3020076932110768,-0.024656526789873335,8.46846635086909,1500.0,1500.0,3.0,16.0,1.34,0,data_2,data_2_00000024,data_2/00000024.BIN,data_2_00000024_manual_00_quality_00
15.1,1244.2201,0.0,0.0,0.3122509821584716,-0.023787364079882807,8.409068382174935,1500.0,1500.0,3.0,16.0,1.34,0,data_2,data_2_00000024,data_2/00000024.BIN,data_2_00000024_manual_00_quality_00
15.2,1244.3201000000001,0.0,0.0,0.3213343115139492,-0.030185618400245865,8.648509233197542,1500.0,1500.0,3.0,16.0,1.34,0,data_2,data_2_00000024,data_2/00000024.BIN,data_2_00000024_manual_00_quality_00
15.3,1244.4201,0.0,0.0,0.32748753138158937,-0.03558265982157038,8.976056528398264,1500.0,1500.0,3.0,16.0,1.34,0,data_2,data_2_00000024,data_2/00000024.BIN,data_2_00000024_manual_00_quality_00
15.4,1244.5201000000002,0.0,0.0,0.3329210893215364,-0.03601435599312284,9.169750264339873,1500.0,1500.0,3.0,16.0,1.34,0,data_2,data_2_00000024,data_2/00000024.BIN,data_2_00000024_manual_00_quality_00
15.5,1244.6201,0.0,0.0,0.3266445590302797,-0.033643606143205565,9.237571318364688,1500.0,1500.0,3.0,16.0,1.34,0,data_2,data_2_00000024,data_2/00000024.BIN,data_2_00000024_manual_00_quality_00
15.6,1244.7201,0.0,0.0,0.3174817414421125,-0.029098685001739857,9.244438176964627,1500.0,1500.0,3.0,16.0,1.34,0,data_2,data_2_00000024,data_2/00000024.BIN,data_2_00000024_manual_00_quality_00
15.7,1244.8201000000001,0.0,0.0,0.275080327015371,-0.018452054199582787,9.198788819276572,1500.0,1500.0,3.0,16.0,1.34,0,data_2,data_2_00000024,data_2/00000024.BIN,data_2_00000024_manual_00_quality_00
15.8,1244.9201,0.0,0.0,0.22450901704093373,-0.007751320315378172,9.1286164876615,1500.0,1500.0,3.0,16.0,1.34,0,data_2,data_2_00000024,data_2/00000024.BIN,data_2_00000024_manual_00_quality_00
15.9,1245.0201000000002,0.0,0.0,0.2833336507929083,-0.004453403915458699,9.075573452731945,1500.0,1500.0,3.0,16.0,1.34,0,data_2,data_2_00000024,data_2/00000024.BIN,data_2_00000024_manual_00_quality_00
16.0,1245.1201,0.0,0.0,0.3689743410254227,-0.009791026391470278,9.040913327853728,1500.0,1500.0,3.0,16.0,1.34,0,data_2,data_2_00000024,data_2/00000024.BIN,data_2_00000024_manual_00_quality_00
16.1,1245.2201,0.0,0.0,0.3108308072900204,-0.02618586003536756,8.967731849560945,1500.0,1500.0,3.0,16.0,1.34,0,data_2,data_2_00000024,data_2/00000024.BIN,data_2_00000024_manual_00_quality_00
16.2,1245.3201000000001,0.0,0.0,0.21749292755642105,-0.04249501486040563,8.844933761699751,1500.0,1500.0,3.0,16.0,1.34,0,data_2,data_2_00000024,data_2/00000024.BIN,data_2_00000024_manual_00_quality_00
16.3,1245.4201,0.0,0.0,0.26314881294845494,-0.038667664395883296,8.726596351370791,1500.0,1500.0,3.0,16.0,1.34,0,data_2,data_2_00000024,data_2/00000024.BIN,data_2_00000024_manual_00_quality_00
16.4,1245.5201000000002,0.0,0.0,0.34286309412990634,-0.018797637784351052,8.70974924195834,1500.0,1500.0,3.0,16.0,1.34,0,data_2,data_2_00000024,data_2/00000024.BIN,data_2_00000024_manual_00_quality_00
16.5,1245.6201,0.0,0.0,0.32592162543519554,-0.004282325969523593,8.874710254790285,1500.0,1500.0,3.0,16.0,1.34,0,data_2,data_2_00000024,data_2/00000024.BIN,data_2_00000024_manual_00_quality_00
16.6,1245.7201,0.0,0.0,0.285228614248179,-0.0023927030008250136,9.190502641748317,1500.0,1500.0,3.0,16.0,1.34,0,data_2,data_2_00000024,data_2/00000024.BIN,data_2_00000024_manual_00_quality_00
16.7,1245.8201000000001,0.0,0.0,0.2590454246564246,0.0007086255945779018,9.484097654567085,1500.0,1500.0,3.0,16.0,1.34,0,data_2,data_2_00000024,data_2/00000024.BIN,data_2_00000024_manual_00_quality_00
16.8,1245.9201,0.0,0.0,0.23643544137980158,0.0021744279630653263,9.590498645543368,1500.0,1500.0,3.0,16.0,1.34,0,data_2,data_2_00000024,data_2/00000024.BIN,data_2_00000024_manual_00_quality_00
16.9,1246.0201000000002,0.0,0.0,0.22817441062313015,-0.010927548531402716,9.434662680185575,1500.0,1500.0,3.0,16.0,1.34,0,data_2,data_2_00000024,data_2/00000024.BIN,data_2_00000024_manual_00_quality_00
17.0,1246.1201,0.0,0.0,0.22343850557462178,-0.02577300491780101,9.08306819781727,1500.0,1500.0,3.0,16.0,1.34,0,data_2,data_2_00000024,data_2/00000024.BIN,data_2_00000024_manual_00_quality_00
17.1,1246.2201,0.0,0.0,0.25165136092175794,-0.021127273455238373,8.719716550489853,1500.0,1500.0,3.0,16.0,1.34,0,data_2,data_2_00000024,data_2/00000024.BIN,data_2_00000024_manual_00_quality_00
17.2,1246.3201000000001,0.0,0.0,0.28794038352678797,-0.003746792093980884,8.562760216767726,1500.0,1500.0,3.0,16.0,1.34,0,data_2,data_2_00000024,data_2/00000024.BIN,data_2_00000024_manual_00_quality_00
17.3,1246.4201,0.0,0.0,0.2872439084618269,0.008805111498282519,8.679988882758572,1500.0,1500.0,3.0,16.0,1.34,0,data_2,data_2_00000024,data_2/00000024.BIN,data_2_00000024_manual_00_quality_00
17.4,1246.5201000000002,0.0,0.0,0.26223777417265554,0.014311781989093896,8.954017601670923,1500.0,1500.0,3.0,16.0,1.34,0,data_2,data_2_00000024,data_2/00000024.BIN,data_2_00000024_manual_00_quality_00
17.5,1246.6201,0.0,0.0,0.25119196736985927,0.011993228602111421,9.212399656683013,1500.0,1500.0,3.0,16.0,1.34,0,data_2,data_2_00000024,data_2/00000024.BIN,data_2_00000024_manual_00_quality_00
17.6,1246.7201,0.0,0.0,0.24355633811543775,0.0033122671005840535,9.312362648668934,1500.0,1500.0,3.0,16.0,1.34,0,data_2,data_2_00000024,data_2/00000024.BIN,data_2_00000024_manual_00_quality_00
17.7,1246.8201000000001,0.0,0.0,0.23920989130200135,-0.004202968619863562,9.26647781868131,1500.0,1500.0,3.0,16.0,1.34,0,data_2,data_2_00000024,data_2/00000024.BIN,data_2_00000024_manual_00_quality_00
17.8,1246.9201,0.0,0.0,0.2356706857417483,-0.0056928526286807776,9.173951261381186,1500.0,1500.0,3.0,16.0,1.34,0,data_2,data_2_00000024,data_2/00000024.BIN,data_2_00000024_manual_00_quality_00
17.9,1247.0201000000002,0.0,0.0,0.25866063764647423,0.002207605770476036,9.115220176178982,1500.0,1500.0,3.0,16.0,1.34,0,data_2,data_2_00000024,data_2/00000024.BIN,data_2_00000024_manual_00_quality_00
18.0,1247.1201,0.0,0.0,0.2881470610183918,0.007746164999108586,9.075492840822303,1500.0,1500.0,3.0,16.0,1.34,0,data_2,data_2_00000024,data_2/00000024.BIN,data_2_00000024_manual_00_quality_00
18.1,1247.2201,0.0,0.0,0.27970228737444663,0.005090210068706557,8.991081064740087,1500.0,1500.0,3.0,16.0,1.34,0,data_2,data_2_00000024,data_2/00000024.BIN,data_2_00000024_manual_00_quality_00
18.2,1247.3201000000001,0.0,0.0,0.26194185024556493,0.004328357452570783,8.900572553268798,1500.0,1500.0,3.0,16.0,1.34,0,data_2,data_2_00000024,data_2/00000024.BIN,data_2_00000024_manual_00_quality_00
18.3,1247.4201,0.0,0.0,0.24701314249064804,0.006190429287150604,8.903832930095147,1500.0,1500.0,3.0,16.0,1.34,0,data_2,data_2_00000024,data_2/00000024.BIN,data_2_00000024_manual_00_quality_00
18.4,1247.5201000000002,0.0,0.0,0.2327828797355492,0.002209554445500006,8.98221845969143,1500.0,1500.0,3.0,16.0,1.34,0,data_2,data_2_00000024,data_2/00000024.BIN,data_2_00000024_manual_00_quality_00
18.5,1247.6201,0.0,0.0,0.2365746773367418,-0.010073211812411244,9.110844723181643,1500.0,1500.0,3.0,16.0,1.34,0,data_2,data_2_00000024,data_2/00000024.BIN,data_2_00000024_manual_00_quality_00
18.6,1247.7201,0.2235294117647059,0.0,0.24479453710423657,-0.018254298860492988,9.240941949027958,1538.0,1500.0,3.0,16.0,1.34,0,data_2,data_2_00000024,data_2/00000024.BIN,data_2_00000024_manual_00_quality_00
18.7,1247.8201000000001,0.3176470588235294,0.0,0.2287516564755215,-0.00817364529515846,9.287846526707476,1554.0,1500.0,3.0,16.0,1.34,0,data_2,data_2_00000024,data_2/00000024.BIN,data_2_00000024_manual_00_quality_00
18.8,1247.9201,0.2529411764705882,0.0,0.20674510488614622,0.00918497004920549,9.215831548316947,1543.0,1500.0,3.0,16.0,1.34,0,data_2,data_2_00000024,data_2/00000024.BIN,data_2_00000024_manual_00_quality_00
18.9,1248.0201000000002,0.20588235294117646,0.0,0.2021153020296919,0.018331405130288737,9.052875053619516,1535.0,1500.0,3.0,16.0,1.34,0,data_2,data_2_00000024,data_2/00000024.BIN,data_2_00000024_manual_00_quality_00
19.0,1248.1201,0.0,0.0,0.20174772872620267,0.017536656522580303,8.916260644940506,1500.0,1500.0,3.0,16.0,1.34,0,data_2,data_2_00000024,data_2/00000024.BIN,data_2_00000024_manual_00_quality_00
19.1,1248.2201,0.25882352941176473,0.0,0.22089197793145002,0.011320363916428738,8.870370372598225,1544.0,1500.0,3.0,16.0,1.34,0,data_2,data_2_00000024,data_2/00000024.BIN,data_2_00000024_manual_00_quality_00
19.2,1248.3201000000001,0.31176470588235294,0.0,0.24480884898648628,0.000539997728386899,8.922042644505384,1553.0,1500.0,3.0,16.0,1.34,0,data_2,data_2_00000024,data_2/00000024.BIN,data_2_00000024_manual_00_quality_00
19.3,1248.4201,0.3176470588235294,0.0,0.2584389597867514,-0.011287492964907416,9.092376694979054,1554.0,1500.0,3.0,16.0,1.34,0,data_2,data_2_00000024,data_2/00000024.BIN,data_2_00000024_manual_00_quality_00
19.4,1248.5201000000002,0.2235294117647059,0.0,0.2695500443204623,-0.010709714301003969,9.337237159573098,1538.0,1500.0,3.0,16.0,1.34,0,data_2,data_2_00000024,data_2/00000024.BIN,data_2_00000024_manual_00_quality_00
19.5,1248.6201,0.23529411764705882,0.0,0.25140041220013,0.003117230174244871,9.406527862049138,1540.0,1500.0,3.0,16.0,1.34,0,data_2,data_2_00000024,data_2/00000024.BIN,data_2_00000024_manual_00_quality_00
19.6,1248.7201,0.3352941176470588,0.0,0.22607996087722654,0.02397537101031243,9.230266371148033,1557.0,1500.0,3.0,16.0,1.34,0,data_2,data_2_00000024,data_2/00000024.BIN,data_2_00000024_manual_00_quality_00
19.7,1248.8201000000001,0.36470588235294116,0.0,0.22830485966995132,0.0403364820544957,9.021405082975951,1562.0,1500.0,3.0,16.0,1.34,0,data_2,data_2_00000024,data_2/00000024.BIN,data_2_00000024_manual_00_quality_00
19.8,1248.9201,0.3176470588235294,0.0,0.23730498313073195,0.04916576917375681,8.996576790762422,1554.0,1500.0,3.0,16.0,1.34,0,data_2,data_2_00000024,data_2/00000024.BIN,data_2_00000024_manual_00_quality_00
19.9,1249.0201000000002,0.3176470588235294,0.0,0.2837779394660975,0.033043348736099216,9.129818238306976,1554.0,1500.0,3.0,16.0,1.34,0,data_2,data_2_00000024,data_2/00000024.BIN,data_2_00000024_manual_00_quality_00
20.0,1249.1201,0.4117647058823529,0.0,0.3394807473174612,0.0193326224803765,9.302681045755188,1570.0,1500.0,3.0,16.0,1.34,0,data_2,data_2_00000024,data_2/00000024.BIN,data_2_00000024_manual_00_quality_00
20.1,1249.2201,0.4294117647058823,0.0,0.35127118987638595,0.03167217301678651,9.496177582905522,1573.0,1500.0,3.0,16.0,1.34,0,data_2,data_2_00000024,data_2/00000024.BIN,data_2_00000024_manual_00_quality_00
20.2,1249.3201000000001,0.3352941176470588,0.0,0.3522783941998238,0.05418999890948069,9.540195261748279,1557.0,1500.0,3.0,16.0,1.34,0,data_2,data_2_00000024,data_2/00000024.BIN,data_2_00000024_manual_00_quality_00
20.3,1249.4201,0.3352941176470588,0.0,0.3703468193560864,0.06336658954380196,9.361913317984037,1557.0,1500.0,3.0,16.0,1.34,0,data_2,data_2_00000024,data_2/00000024.BIN,data_2_00000024_manual_00_quality_00
20.4,1249.5201000000002,0.38235294117647056,0.0,0.3926045789853383,0.06390570202357768,9.123593932377249,1565.0,1500.0,3.0,16.0,1.34,0,data_2,data_2_00000024,data_2/00000024.BIN,data_2_00000024_manual_00_quality_00
20.5,1249.6201,0.2823529411764706,0.0,0.4308158408862113,0.0642816768454956,8.981526742418582,1548.0,1500.0,3.0,16.0,1.34,0,data_2,data_2_00000024,data_2/00000024.BIN,data_2_00000024_manual_00_quality_00
20.6,1249.7201,0.0,0.0,0.4729402334825748,0.06202295246034145,9.056125360109732,1500.0,1500.0,3.0,16.0,1.34,0,data_2,data_2_00000024,data_2/00000024.BIN,data_2_00000024_manual_00_quality_00
20.7,1249.8201000000001,0.22941176470588234,0.0,0.432724504944057,0.051630181705931914,9.237352557077017,1539.0,1500.0,3.0,16.0,1.34,0,data_2,data_2_00000024,data_2/00000024.BIN,data_2_00000024_manual_00_quality_00
20.8,1249.9201,0.3235294117647059,0.0,0.3723797339002034,0.034163541776295124,9.294485409432285,1555.0,1500.0,3.0,16.0,1.34,0,data_2,data_2_00000024,data_2/00000024.BIN,data_2_00000024_manual_00_quality_00
20.9,1250.0201000000002,0.23529411764705882,0.0,0.3678270535869002,0.0242148853579926,9.1472142726234,1540.0,1500.0,3.0,16.0,1.34,0,data_2,data_2_00000024,data_2/00000024.BIN,data_2_00000024_manual_00_quality_00
21.0,1250.1201,0.0,0.0,0.37693071255012567,0.023911308125521537,8.924449629199001,1500.0,1500.0,3.0,16.0,1.34,0,data_2,data_2_00000024,data_2/00000024.BIN,data_2_00000024_manual_00_quality_00
21.1,1250.2201,0.27647058823529413,0.0,0.39999981597488954,0.031364617269202456,8.828594980583581,1547.0,1500.0,3.0,16.0,1.34,0,data_2,data_2_00000024,data_2/00000024.BIN,data_2_00000024_manual_00_quality_00
21.2,1250.3201000000001,0.31176470588235294,0.0,0.42649831141015015,0.04317716136204978,8.949451472875941,1553.0,1500.0,3.0,16.0,1.34,0,data_2,data_2_00000024,data_2/00000024.BIN,data_2_00000024_manual_00_quality_00
21.3,1250.4201,0.25882352941176473,0.0,0.39299626905165597,0.04054644012756217,9.170607861732664,1544.0,1500.0,3.0,16.0,1.34,0,data_2,data_2_00000024,data_2/00000024.BIN,data_2_00000024_manual_00_quality_00
21.4,1250.5201000000002,0.25882352941176473,0.0,0.34469231872603173,0.022605118509246003,9.32602749383365,1544.0,1500.0,3.0,16.0,1.34,0,data_2,data_2_00000024,data_2/00000024.BIN,data_2_00000024_manual_00_quality_00
21.5,1250.6201,0.3588235294117647,0.0,0.3718837602958478,0.007451590877315107,9.356059269427474,1561.0,1500.0,3.0,16.0,1.34,0,data_2,data_2_00000024,data_2/00000024.BIN,data_2_00000024_manual_00_quality_00
21.6,1250.7201,0.31176470588235294,0.0,0.4176081969365352,0.005574594207620352,9.281396528143706,1553.0,1500.0,3.0,16.0,1.34,0,data_2,data_2_00000024,data_2/00000024.BIN,data_2_00000024_manual_00_quality_00
21.7,1250.8201000000001,0.21176470588235294,0.0,0.3918973902330717,0.013508159016829448,9.053080508703344,1536.0,1500.0,3.0,16.0,1.34,0,data_2,data_2_00000024,data_2/00000024.BIN,data_2_00000024_manual_00_quality_00
21.8,1250.9201,0.24705882352941178,0.0,0.34865029449849827,0.02941436223854697,8.82130778887137,1542.0,1500.0,3.0,16.0,1.34,0,data_2,data_2_00000024,data_2/00000024.BIN,data_2_00000024_manual_00_quality_00
21.9,1251.0201000000002,0.29411764705882354,0.0,0.3257199223995947,0.041035161883193574,8.778315969943261,1550.0,1500.0,3.0,16.0,1.34,0,data_2,data_2_00000024,data_2/00000024.BIN,data_2_00000024_manual_00_quality_00
22.0,1251.1201,0.22941176470588234,0.0,0.30777794908296263,0.028594818219070107,8.953310664724617,1539.0,1500.0,3.0,16.0,1.34,0,data_2,data_2_00000024,data_2/00000024.BIN,data_2_00000024_manual_00_quality_00
22.1,1251.2201,0.0,0.0,0.3541087629183585,0.004910962786650022,9.178704100475214,1500.0,1500.0,3.0,16.0,1.34,0,data_2,data_2_00000024,data_2/00000024.BIN,data_2_00000024_manual_00_quality_00
22.2,1251.3201000000001,0.0,0.0,0.41619865047924776,-0.0007873819406911325,9.295012164384614,1500.0,1500.0,3.0,16.0,1.34,0,data_2,data_2_00000024,data_2/00000024.BIN,data_2_00000024_manual_00_quality_00
22.3,1251.4201,0.0,0.0,0.37438608874451074,0.007759067500832721,9.23437210194172,1500.0,1500.0,3.0,16.0,1.34,0,data_2,data_2_00000024,data_2/00000024.BIN,data_2_00000024_manual_00_quality_00
22.4,1251.5201000000002,0.22941176470588234,0.13,0.3070605747466246,0.0110530211944919,9.066458102938471,1539.0,1552.0,3.0,16.0,1.34,0,data_2,data_2_00000024,data_2/00000024.BIN,data_2_00000024_manual_00_quality_00
22.5,1251.6201,0.27647058823529413,0.2275,0.3252278486723116,0.009798772630700272,8.963671456317675,1547.0,1591.0,3.0,16.0,1.34,0,data_2,data_2_00000024,data_2/00000024.BIN,data_2_00000024_manual_00_quality_00
22.6,1251.7201,0.31176470588235294,0.0,0.36432533384456534,0.007628489749578526,8.982984990450545,1553.0,1500.0,3.0,16.0,1.34,0,data_2,data_2_00000024,data_2/00000024.BIN,data_2_00000024_manual_00_quality_00
22.7,1251.8201000000001,0.21176470588235294,0.0,0.35521426760603314,0.003135357663650125,9.062691399188534,1536.0,1500.0,3.0,16.0,1.34,0,data_2,data_2_00000024,data_2/00000024.BIN,data_2_00000024_manual_00_quality_00
22.8,1251.9201,0.0,0.1925,0.3342619883126147,0.0032491186701303597,9.056272090125288,1500.0,1577.0,3.0,16.0,1.34,0,data_2,data_2_00000024,data_2/00000024.BIN,data_2_00000024_manual_00_quality_00
22.9,1252.0201000000002,0.29411764705882354,0.0025,0.3084303625264286,0.013701063390103093,9.0021555651085,1550.0,1501.0,3.0,16.0,1.34,0,data_2,data_2_00000024,data_2/00000024.BIN,data_2_00000024_manual_00_quality_00
23.0,1252.1201,0.3411764705882353,0.0575,0.2813969155763081,0.027941407987325365,9.01735933223488,1558.0,1523.0,3.0,16.0,1.34,0,data_2,data_2_00000024,data_2/00000024.BIN,data_2_00000024_manual_00_quality_00
23.1,1252.2201,0.38823529411764707,0.1375,0.3141813904768999,0.03225611086867168,9.19594869093828,1566.0,1555.0,3.0,16.0,1.34,0,data_2,data_2_00000024,data_2/00000024.BIN,data_2_00000024_manual_00_quality_00
23.2,1252.3201000000001,0.3588235294117647,0.0,0.3616744085058326,0.032177137840764966,9.44473256153959,1561.0,1500.0,3.0,16.0,1.34,0,data_2,data_2_00000024,data_2/00000024.BIN,data_2_00000024_manual_00_quality_00
23.3,1252.4201,0.25882352941176473,0.0,0.38023866763944075,0.028533430237868498,9.5040212339156,1544.0,1500.0,3.0,16.0,1.34,0,data_2,data_2_00000024,data_2/00000024.BIN,data_2_00000024_manual_00_quality_00
23.4,1252.5201000000002,0.23529411764705882,0.0,0.3797688921754082,0.033633456491273236,9.256723494398994,1540.0,1500.0,3.0,16.0,1.34,0,data_2,data_2_00000024,data_2/00000024.BIN,data_2_00000024_manual_00_quality_00
23.5,1252.6201,0.3352941176470588,-0.3925,0.345057911852083,0.03623764775384735,9.026470024991525,1557.0,1343.0,3.0,16.0,1.34,0,data_2,data_2_00000024,data_2/00000024.BIN,data_2_00000024_manual_00_quality_00
23.6,1252.7201,0.37058823529411766,0.0,0.30192581613383684,0.025268973379492014,9.09586132907337,1563.0,1500.0,3.0,16.0,1.34,0,data_2,data_2_00000024,data_2/00000024.BIN,data_2_00000024_manual_00_quality_00
23.7,1252.8201000000001,0.40588235294117647,0.0,0.3898968347092566,0.032046711374923174,9.3708804781515,1569.0,1500.0,3.0,16.0,1.34,0,data_2,data_2_00000024,data_2/00000024.BIN,data_2_00000024_manual_00_quality_00
23.8,1252.9201,0.5,-0.33,0.5099947923957137,0.05404528177495751,9.721339727202887,1585.0,1368.0,3.0,16.0,1.34,0,data_2,data_2_00000024,data_2/00000024.BIN,data_2_00000024_manual_00_quality_00
23.9,1253.0201000000002,0.5941176470588235,0.0,0.5936244964935983,0.06999393326634963,10.168307610455875,1601.0,1500.0,3.0,16.0,1.34,0,data_2,data_2_00000024,data_2/00000024.BIN,data_2_00000024_manual_00_quality_00
24.0,1253.1201,0.611764705882353,0.0,0.6683147946619952,0.07534558254306688,10.606654480364016,1604.0,1500.0,3.0,16.0,1.34,0,data_2,data_2_00000024,data_2/00000024.BIN,data_2_00000024_manual_00_quality_00
24.1,1253.2201,0.611764705882353,-0.315,0.7842027802362196,0.08310170358170253,11.025929869011764,1604.0,1374.0,3.0,16.0,1.34,0,data_2,data_2_00000024,data_2/00000024.BIN,data_2_00000024_manual_00_quality_00
24.2,1253.3201000000001,0.5470588235294118,0.0,0.910188851751726,0.06035935388406415,11.278822411057018,1593.0,1500.0,3.0,16.0,1.34,0,data_2,data_2_00000024,data_2/00000024.BIN,data_2_00000024_manual_00_quality_00
24.3,1253.4201,0.5,0.0,1.0017226221196731,0.06235533919337619,11.583847478278058,1585.0,1500.0,3.0,16.0,1.34,0,data_2,data_2_00000024,data_2/00000024.BIN,data_2_00000024_manual_00_quality_00
24.4,1253.5201000000002,0.40588235294117647,0.0,1.0847924511437599,0.08563868212056923,11.871623574855125,1569.0,1500.0,3.0,16.0,1.34,0,data_2,data_2_00000024,data_2/00000024.BIN,data_2_00000024_manual_00_quality_00
24.5,1253.6201,0.31176470588235294,0.0,1.058245548999438,0.0778415265631546,11.944293545371844,1553.0,1500.0,3.0,16.0,1.34,0,data_2,data_2_00000024,data_2/00000024.BIN,data_2_00000024_manual_00_quality_00
24.6,1253.7201,0.25882352941176473,0.0,1.004636162103165,0.04933516757162452,11.866303369910261,1544.0,1500.0,3.0,16.0,1.34,0,data_2,data_2_00000024,data_2/00000024.BIN,data_2_00000024_manual_00_quality_00
24.7,1253.8201000000001,0.0,-0.335,0.9471008642134827,0.01996205331585999,11.536108803278772,1500.0,1366.0,3.0,16.0,1.34,0,data_2,data_2_00000024,data_2/00000024.BIN,data_2_00000024_manual_00_quality_00
24.8,1253.9201,0.0,-0.1925,0.8886012654448217,-0.027338288450261913,10.80722145333539,1500.0,1423.0,3.0,16.0,1.34,0,data_2,data_2_00000024,data_2/00000024.BIN,data_2_00000024_manual_00_quality_00
24.9,1254.0201000000002,0.0,-0.0725,0.8256887747965813,-0.06338079018563798,9.859033131938201,1500.0,1471.0,3.0,16.0,1.34,0,data_2,data_2_00000024,data_2/00000024.BIN,data_2_00000024_manual_00_quality_00
25.0,1254.1201,0.0,-0.325,0.7616942851944732,-0.051901051308331135,9.163949568351354,1500.0,1370.0,3.0,16.0,1.34,0,data_2,data_2_00000024,data_2/00000024.BIN,data_2_00000024_manual_00_quality_00
25.1,1254.2201,0.0,-0.5225,0.7671254218338363,-0.05127580471556131,8.754593824815727,1500.0,1291.0,3.0,16.0,1.34,0,data_2,data_2_00000024,data_2/00000024.BIN,data_2_00000024_manual_00_quality_00
25.2,1254.3201000000001,0.0,-0.175,0.7896189059230725,-0.08092998980541578,8.560748921500162,1500.0,1430.0,3.0,16.0,1.34,0,data_2,data_2_00000024,data_2/00000024.BIN,data_2_00000024_manual_00_quality_00
25.3,1254.4201,0.0,-0.5,0.8032380066885807,-0.10978914960199555,8.491169486686069,1500.0,1300.0,3.0,16.0,1.34,0,data_2,data_2_00000024,data_2/00000024.BIN,data_2_00000024_manual_00_quality_00
25.4,1254.5201000000002,0.21176470588235294,-0.2825,0.8146809181954833,-0.12814740877286362,8.632929447025013,1536.0,1387.0,3.0,16.0,1.34,0,data_2,data_2_00000024,data_2/00000024.BIN,data_2_00000024_manual_00_quality_00
25.5,1254.6201,0.2529411764705882,-0.29,0.8022125452103124,-0.15769918774769268,8.927914990164776,1543.0,1384.0,3.0,16.0,1.34,0,data_2,data_2_00000024,data_2/00000024.BIN,data_2_00000024_manual_00_quality_00
25.6,1254.7201,0.0,-0.0625,0.783888025477396,-0.1730666344204217,9.089972176991015,1500.0,1475.0,3.0,16.0,1.34,0,data_2,data_2_00000024,data_2/00000024.BIN,data_2_00000024_manual_00_quality_00
25.7,1254.8201000000001,0.0,0.0,0.7289116951122923,-0.15297930389192974,9.137290495952609,1500.0,1500.0,3.0,16.0,1.34,0,data_2,data_2_00000024,data_2/00000024.BIN,data_2_00000024_manual_00_quality_00
25.8,1254.9201,0.0,0.0,0.6649577815019367,-0.12851849441772292,9.26577994669225,1500.0,1500.0,3.0,16.0,1.34,0,data_2,data_2_00000024,data_2/00000024.BIN,data_2_00000024_manual_00_quality_00
25.9,1255.0201000000002,0.0,0.0,0.6603752649853931,-0.11914526206136866,9.529015057775698,1500.0,1500.0,3.0,16.0,1.34,0,data_2,data_2_00000024,data_2/00000024.BIN,data_2_00000024_manual_00_quality_00
26.0,1255.1201,0.0,0.0,0.6703804388903597,-0.11035848540705752,9.66058234027079,1500.0,1500.0,3.0,16.0,1.34,0,data_2,data_2_00000024,data_2/00000024.BIN,data_2_00000024_manual_00_quality_00
26.1,1255.2201,0.0,0.0,0.6529983275847067,-0.09427620332235842,9.716473226550091,1500.0,1500.0,3.0,16.0,1.34,0,data_2,data_2_00000024,data_2/00000024.BIN,data_2_00000024_manual_00_quality_00
26.2,1255.3201000000001,0.0,0.0,0.6288607268984359,-0.08684314892039657,9.779670945882355,1500.0,1500.0,3.0,16.0,1.34,0,data_2,data_2_00000024,data_2/00000024.BIN,data_2_00000024_manual_00_quality_00
26.3,1255.4201,0.0,0.0,0.602862896516726,-0.07521384018650301,9.8340753506994,1500.0,1500.0,3.0,16.0,1.34,0,data_2,data_2_00000024,data_2/00000024.BIN,data_2_00000024_manual_00_quality_00
26.4,1255.5201000000002,0.0,0.0,0.5764076569194891,-0.05775432900039269,9.590210746189289,1500.0,1500.0,3.0,16.0,1.34,0,data_2,data_2_00000024,data_2/00000024.BIN,data_2_00000024_manual_00_quality_00
26.5,1255.6201,0.0,0.0,0.5654194769816798,-0.04798510864704145,9.140921073558678,1500.0,1500.0,3.0,16.0,1.34,0,data_2,data_2_00000024,data_2/00000024.BIN,data_2_00000024_manual_00_quality_00
26.6,1255.7201,0.0,0.0,0.5582248715488537,-0.05502781332936673,8.901575351871283,1500.0,1500.0,3.0,16.0,1.34,0,data_2,data_2_00000024,data_2/00000024.BIN,data_2_00000024_manual_00_quality_00
26.7,1255.8201000000001,0.0,0.0,0.5496376778833393,-0.07765226480529408,8.968266616254637,1500.0,1500.0,3.0,16.0,1.34,0,data_2,data_2_00000024,data_2/00000024.BIN,data_2_00000024_manual_00_quality_00
26.8,1255.9201,0.0,0.0,0.5407092291866495,-0.08934433294401306,9.073425675746714,1500.0,1500.0,3.0,16.0,1.34,0,data_2,data_2_00000024,data_2/00000024.BIN,data_2_00000024_manual_00_quality_00
26.9,1256.0201000000002,0.0,0.0,0.5361692158550629,-0.08847777556759794,8.980873528472868,1500.0,1500.0,3.0,16.0,1.34,0,data_2,data_2_00000024,data_2/00000024.BIN,data_2_00000024_manual_00_quality_00
27.0,1256.1201,0.0,0.0,0.5327054091092903,-0.0886486572516697,8.789774552631311,1500.0,1500.0,3.0,16.0,1.34,0,data_2,data_2_00000024,data_2/00000024.BIN,data_2_00000024_manual_00_quality_00
27.1,1256.2201,0.0,0.0,0.5267212238565526,-0.07218002768589545,8.814533351830391,1500.0,1500.0,3.0,16.0,1.34,0,data_2,data_2_00000024,data_2/00000024.BIN,data_2_00000024_manual_00_quality_00
27.2,1256.3201000000001,0.0,0.0,0.5201192221647851,-0.04345192438882568,9.040071571284678,1500.0,1500.0,3.0,16.0,1.34,0,data_2,data_2_00000024,data_2/00000024.BIN,data_2_00000024_manual_00_quality_00
27.3,1256.4201,0.0,0.0,0.5345179473698903,-0.04279235760749946,9.21666822086017,1500.0,1500.0,3.0,16.0,1.34,0,data_2,data_2_00000024,data_2/00000024.BIN,data_2_00000024_manual_00_quality_00
27.4,1256.5201000000002,0.0,0.0,0.5540723642371885,-0.06631309285208167,9.294479120446729,1500.0,1500.0,3.0,16.0,1.34,0,data_2,data_2_00000024,data_2/00000024.BIN,data_2_00000024_manual_00_quality_00
27.5,1256.6201,0.0,0.0,0.5063464839658367,-0.07615391681460938,9.307075185513305,1500.0,1500.0,3.0,16.0,1.34,0,data_2,data_2_00000024,data_2/00000024.BIN,data_2_00000024_manual_00_quality_00
27.6,1256.7201,0.0,0.0,0.44208967812838784,-0.06146787843109855,9.40584428341755,1500.0,1500.0,3.0,16.0,1.34,0,data_2,data_2_00000024,data_2/00000024.BIN,data_2_00000024_manual_00_quality_00
27.7,1256.8201000000001,0.0,0.0,0.4035663217847727,-0.0505605185662786,9.595605197535635,1500.0,1500.0,3.0,16.0,1.34,0,data_2,data_2_00000024,data_2/00000024.BIN,data_2_00000024_manual_00_quality_00
27.8,1256.9201,0.0,0.0,0.3713641366422849,-0.05079481614780301,9.539800015682328,1500.0,1500.0,3.0,16.0,1.34,0,data_2,data_2_00000024,data_2/00000024.BIN,data_2_00000024_manual_00_quality_00
27.9,1257.0201000000002,0.0,0.0,0.3863685051230743,-0.04911495199451797,9.241111209727608,1500.0,1500.0,3.0,16.0,1.34,0,data_2,data_2_00000024,data_2/00000024.BIN,data_2_00000024_manual_00_quality_00
28.0,1257.1201,0.0,0.0,0.41298775395670295,-0.04658066603760719,8.919114927890334,1500.0,1500.0,3.0,16.0,1.34,0,data_2,data_2_00000024,data_2/00000024.BIN,data_2_00000024_manual_00_quality_00
28.1,1257.2201,0.0,0.0,0.42890539429237673,-0.05147180338642153,8.79913684602708,1500.0,1500.0,3.0,16.0,1.34,0,data_2,data_2_00000024,data_2/00000024.BIN,data_2_00000024_manual_00_quality_00
28.2,1257.3201000000001,0.0,0.0,0.4421959490197568,-0.06275933352903477,8.883768800975014,1500.0,1500.0,3.0,16.0,1.34,0,data_2,data_2_00000024,data_2/00000024.BIN,data_2_00000024_manual_00_quality_00
28.3,1257.4201,0.0,0.0,0.41963394937459364,-0.06471395222623885,9.021046847419042,1500.0,1500.0,3.0,16.0,1.34,0,data_2,data_2_00000024,data_2/00000024.BIN,data_2_00000024_manual_00_quality_00
28.4,1257.5201000000002,0.0,0.0,0.38828402501670556,-0.05775125155932344,9.144805410853902,1500.0,1500.0,3.0,16.0,1.34,0,data_2,data_2_00000024,data_2/00000024.BIN,data_2_00000024_manual_00_quality_00
28.5,1257.6201,0.0,0.0,0.38004292459328015,-0.054474698704490704,9.167350968337518,1500.0,1500.0,3.0,16.0,1.34,0,data_2,data_2_00000024,data_2/00000024.BIN,data_2_00000024_manual_00_quality_00
28.6,1257.7201,0.0,0.0,0.3774510568016473,-0.05642367966435524,9.136267053702081,1500.0,1500.0,3.0,16.0,1.34,0,data_2,data_2_00000024,data_2/00000024.BIN,data_2_00000024_manual_00_quality_00
28.7,1257.8201000000001,0.0,0.0,0.38284680360295303,-0.060075589346283424,9.178453129523458,1500.0,1500.0,3.0,16.0,1.34,0,data_2,data_2_00000024,data_2/00000024.BIN,data_2_00000024_manual_00_quality_00
28.8,1257.9201,0.0,0.0,0.39019645697344185,-0.0547135166070185,9.208828917741878,1500.0,1500.0,3.0,16.0,1.34,0,data_2,data_2_00000024,data_2/00000024.BIN,data_2_00000024_manual_00_quality_00
28.9,1258.0201000000002,0.0,0.0,0.4234452497530925,-0.03759210486401138,9.164763340450667,1500.0,1500.0,3.0,16.0,1.34,0,data_2,data_2_00000024,data_2/00000024.BIN,data_2_00000024_manual_00_quality_00
29.0,1258.1201,0.0,0.0,0.46304587057151536,-0.02413688841129436,9.11965216490344,1500.0,1500.0,3.0,16.0,1.34,0,data_2,data_2_00000024,data_2/00000024.BIN,data_2_00000024_manual_00_quality_00
29.1,1258.2201,0.0,0.0,0.39452921727695545,-0.029898537810834697,9.18068385797573,1500.0,1500.0,3.0,16.0,1.34,0,data_2,data_2_00000024,data_2/00000024.BIN,data_2_00000024_manual_00_quality_00
29.2,1258.3201000000001,0.0,0.0,0.2993488389142467,-0.053879677541298514,9.303980533984788,1500.0,1500.0,3.0,16.0,1.34,0,data_2,data_2_00000024,data_2/00000024.BIN,data_2_00000024_manual_00_quality_00
29.3,1258.4201,0.0,0.0,0.34760803323610856,-0.07707528196424998,9.290157068198099,1500.0,1500.0,3.0,16.0,1.34,0,data_2,data_2_00000024,data_2/00000024.BIN,data_2_00000024_manual_00_quality_00
29.4,1258.5201000000002,0.0,0.0,0.4312799898913091,-0.07915064914901024,9.081724830208334,1500.0,1500.0,3.0,16.0,1.34,0,data_2,data_2_00000024,data_2/00000024.BIN,data_2_00000024_manual_00_quality_00
29.5,1258.6201,0.0,0.0,0.38394178741817764,-0.061856914749306505,8.836185035318636,1500.0,1500.0,3.0,16.0,1.34,0,data_2,data_2_00000024,data_2/00000024.BIN,data_2_00000024_manual_00_quality_00
29.6,1258.7201,0.0,0.0,0.3044466052201762,-0.04186328313496372,8.783913222561752,1500.0,1500.0,3.0,16.0,1.34,0,data_2,data_2_00000024,data_2/00000024.BIN,data_2_00000024_manual_00_quality_00
29.7,1258.8201000000001,0.0,0.0,0.280499122261414,-0.031247621194038584,8.981136467370112,1500.0,1500.0,3.0,16.0,1.34,0,data_2,data_2_00000024,data_2/00000024.BIN,data_2_00000024_manual_00_quality_00
29.8,1258.9201,0.0,0.0,0.27018174152452656,-0.035231766039862326,9.295946514493782,1500.0,1500.0,3.0,16.0,1.34,0,data_2,data_2_00000024,data_2/00000024.BIN,data_2_00000024_manual_00_quality_00
29.9,1259.0201000000002,0.0,0.0,0.31486694670773285,-0.04714835326982903,9.501027338878135,1500.0,1500.0,3.0,16.0,1.34,0,data_2,data_2_00000024,data_2/00000024.BIN,data_2_00000024_manual_00_quality_00
30.0,1259.1201,0.0,0.0,0.3730305863148383,-0.053166242620367773,9.469701165209187,1500.0,1500.0,3.0,16.0,1.34,0,data_2,data_2_00000024,data_2/00000024.BIN,data_2_00000024_manual_00_quality_00
30.1,1259.2201,0.0,0.0,0.34241527483691425,-0.05148160432685749,9.266324463097948,1500.0,1500.0,3.0,16.0,1.34,0,data_2,data_2_00000024,data_2/00000024.BIN,data_2_00000024_manual_00_quality_00
30.2,1259.3201000000001,0.0,0.0,0.29006799008361794,-0.043583784170528474,9.044934657221622,1500.0,1500.0,3.0,16.0,1.34,0,data_2,data_2_00000024,data_2/00000024.BIN,data_2_00000024_manual_00_quality_00
30.3,1259.4201,0.0,0.0,0.2812824697253384,-0.0366475792177812,8.949419233033566,1500.0,1500.0,3.0,16.0,1.34,0,data_2,data_2_00000024,data_2/00000024.BIN,data_2_00000024_manual_00_quality_00
30.4,1259.5201000000002,0.0,0.0,0.28321437554573115,-0.03964272737545564,8.973392716229931,1500.0,1500.0,3.0,16.0,1.34,0,data_2,data_2_00000024,data_2/00000024.BIN,data_2_00000024_manual_00_quality_00
30.5,1259.6201,0.0,0.0,0.2996145900603914,-0.0473786393653845,9.057902628649238,1500.0,1500.0,3.0,16.0,1.34,0,data_2,data_2_00000024,data_2/00000024.BIN,data_2_00000024_manual_00_quality_00
30.6,1259.7201,0.0,0.0,0.3195622957216793,-0.04926170688824874,9.178671895053382,1500.0,1500.0,3.0,16.0,1.34,0,data_2,data_2_00000024,data_2/00000024.BIN,data_2_00000024_manual_00_quality_00
30.7,1259.8201000000001,0.0,0.0,0.3125145806267615,-0.04617378758164167,9.214737470580516,1500.0,1500.0,3.0,16.0,1.34,0,data_2,data_2_00000024,data_2/00000024.BIN,data_2_00000024_manual_00_quality_00
30.8,1259.9201,0.0,0.0,0.29882480933218325,-0.041241317690897096,9.132621190644388,1500.0,1500.0,3.0,16.0,1.34,0,data_2,data_2_00000024,data_2/00000024.BIN,data_2_00000024_manual_00_quality_00
30.9,1260.0201000000002,0.0,0.0,0.3221191580873844,-0.034951090801859624,9.072113876966805,1500.0,1500.0,3.0,16.0,1.34,0,data_2,data_2_00000024,data_2/00000024.BIN,data_2_00000024_manual_00_quality_00
31.0,1260.1201,0.0,0.0,0.3545132206823154,-0.029051934018699606,9.130603192893517,1500.0,1500.0,3.0,16.0,1.34,0,data_2,data_2_00000024,data_2/00000024.BIN,data_2_00000024_manual_00_quality_00
31.1,1260.2201,0.0,0.0,0.2899413053529232,-0.05805603164758669,9.452123923918807,1500.0,1500.0,3.0,16.0,1.34,0,data_2,data_2_00000024,data_2/00000024.BIN,data_2_00000024_manual_00_quality_00
31.2,1260.3201000000001,0.0,0.0,0.2015491375210005,-0.15977923945140785,10.337970209786988,1500.0,1500.0,3.0,16.0,1.34,0,data_2,data_2_00000024,data_2/00000024.BIN,data_2_00000024_manual_00_quality_00
31.3,1260.4201,0.0,0.0,0.1812966139002139,-0.26431027198513996,11.494201501710712,1500.0,1500.0,3.0,16.0,1.34,0,data_2,data_2_00000024,data_2/00000024.BIN,data_2_00000024_manual_00_quality_00
31.4,1260.5201000000002,0.0,0.0,0.1778030807693478,-0.30796668042688535,12.639997412143586,1500.0,1500.0,3.0,16.0,1.34,0,data_2,data_2_00000024,data_2/00000024.BIN,data_2_00000024_manual_00_quality_00
31.5,1260.6201,0.0,0.0,0.22764449889823749,-0.2698466732778866,13.32429227538661,1500.0,1500.0,3.0,16.0,1.34,0,data_2,data_2_00000024,data_2/00000024.BIN,data_2_00000024_manual_00_quality_00
31.6,1260.7201,0.0,0.0,0.29054825591840755,-0.25834931098493547,13.376069663878821,1500.0,1500.0,3.0,16.0,1.34,0,data_2,data_2_00000024,data_2/00000024.BIN,data_2_00000024_manual_00_quality_00
31.7,1260.8201000000001,0.0,0.0,0.3257521729626796,-0.3255163270702856,14.178545261416476,1500.0,1500.0,3.0,16.0,1.34,0,data_2,data_2_00000024,data_2/00000024.BIN,data_2_00000024_manual_00_quality_00
31.8,1260.9201,0.0,0.0,0.35418281173320393,-0.2829590188987535,15.447138497278202,1500.0,1500.0,3.0,16.0,1.34,0,data_2,data_2_00000024,data_2/00000024.BIN,data_2_00000024_manual_00_quality_00
31.9,1261.0201000000002,0.0,0.0,0.38117830187364127,-0.25415451723450216,16.58793143228601,1500.0,1500.0,3.0,16.0,1.34,0,data_2,data_2_00000024,data_2/00000024.BIN,data_2_00000024_manual_00_quality_00
32.0,1261.1201,0.0,0.0,0.4078219517757075,-0.29185569486533675,17.89028195560672,1500.0,1500.0,3.0,16.0,1.34,0,data_2,data_2_00000024,data_2/00000024.BIN,data_2_00000024_manual_00_quality_00
32.1,1261.2201,0.0,0.0,0.4736938119106776,-0.18000039092724607,19.11016329551049,1500.0,1500.0,3.0,16.0,1.34,0,data_2,data_2_00000024,data_2/00000024.BIN,data_2_00000024_manual_00_quality_00
32.2,1261.3201000000001,0.0,0.0,0.5491937883082219,-0.06295826746424532,19.960660019161875,1500.0,1500.0,3.0,16.0,1.34,0,data_2,data_2_00000024,data_2/00000024.BIN,data_2_00000024_manual_00_quality_00
32.3,1261.4201,0.0,0.0,0.5507980885218666,0.05294269138193542,20.46301128312113,1500.0,1500.0,3.0,16.0,1.34,0,data_2,data_2_00000024,data_2/00000024.BIN,data_2_00000024_manual_00_quality_00
32.4,1261.5201000000002,0.0,0.0,0.5341817894472358,0.09677014964680344,20.731810676278073,1500.0,1500.0,3.0,16.0,1.34,0,data_2,data_2_00000024,data_2/00000024.BIN,data_2_00000024_manual_00_quality_00
32.5,1261.6201,0.0,0.0,0.47089480283875174,-0.005204899518058037,21.487660937416944,1500.0,1500.0,3.0,16.0,1.34,0,data_2,data_2_00000024,data_2/00000024.BIN,data_2_00000024_manual_00_quality_00
32.6,1261.7201,0.0,0.0,0.39614289229187116,0.02003163427140235,22.166639569956722,1500.0,1500.0,3.0,16.0,1.34,0,data_2,data_2_00000024,data_2/00000024.BIN,data_2_00000024_manual_00_quality_00
32.7,1261.8201000000001,0.0,0.0,0.4412650605526084,0.09909195328134109,22.506150481409033,1500.0,1500.0,3.0,16.0,1.34,0,data_2,data_2_00000024,data_2/00000024.BIN,data_2_00000024_manual_00_quality_00
32.8,1261.9201,0.0,0.0,0.5157494759409721,0.16431860203414317,23.061413617027426,1500.0,1500.0,3.0,16.0,1.34,0,data_2,data_2_00000024,data_2/00000024.BIN,data_2_00000024_manual_00_quality_00
32.9,1262.0201000000002,0.0,0.0,0.4585353828549743,0.23933847371143452,24.134158361211043,1500.0,1500.0,3.0,16.0,1.34,0,data_2,data_2_00000024,data_2/00000024.BIN,data_2_00000024_manual_00_quality_00
33.0,1262.1201,0.0,0.0,0.3689197316128714,0.22397188708588633,25.500122980664337,1500.0,1500.0,3.0,16.0,1.34,0,data_2,data_2_00000024,data_2/00000024.BIN,data_2_00000024_manual_00_quality_00
0.0,1473.900198,0.0,0.0,0.05545303656301423,0.0007493391449789977,3.9726989584605557,1500.0,1500.0,3.0,18.0,0.62,0,data_2,data_2_00000030,data_2/00000030.BIN,data_2_00000030_manual_01_quality_00
0.1,1474.000198,0.0,0.0,0.07764044346535184,0.016448755374726377,3.8059079036674075,1500.0,1500.0,3.0,18.0,0.62,0,data_2,data_2_00000030,data_2/00000030.BIN,data_2_00000030_manual_01_quality_00
0.2,1474.100198,0.0,0.0,0.08927886802601347,0.02600303246525892,3.685189698277615,1500.0,1500.0,3.0,18.0,0.62,0,data_2,data_2_00000030,data_2/00000030.BIN,data_2_00000030_manual_01_quality_00
0.3,1474.200198,0.0,0.0,0.09402792281870917,0.012734738934980637,3.824962251502126,1500.0,1500.0,3.0,18.0,0.62,0,data_2,data_2_00000030,data_2/00000030.BIN,data_2_00000030_manual_01_quality_00
0.4,1474.3001980000001,0.0,0.0,0.1030195642645752,-0.0036033214432738435,4.100890470044929,1500.0,1500.0,3.0,18.0,0.62,0,data_2,data_2_00000030,data_2/00000030.BIN,data_2_00000030_manual_01_quality_00
0.5,1474.400198,0.0,0.0,0.11477432696714211,-0.00036740397332887744,4.156130302951944,1500.0,1500.0,3.0,18.0,0.62,0,data_2,data_2_00000030,data_2/00000030.BIN,data_2_00000030_manual_01_quality_00
0.6,1474.500198,0.0,0.0,0.11012798253153062,0.01707336126408944,3.8954526888507286,1500.0,1500.0,3.0,18.0,0.62,0,data_2,data_2_00000030,data_2/00000030.BIN,data_2_00000030_manual_01_quality_00
0.7,1474.600198,0.0,0.0,0.0948137451710975,0.025585592039384267,3.658326628699101,1500.0,1500.0,3.0,18.0,0.62,0,data_2,data_2_00000030,data_2/00000030.BIN,data_2_00000030_manual_01_quality_00
0.8,1474.700198,0.0,0.0,0.09452974185164761,0.016317992018721358,3.74332666102841,1500.0,1500.0,3.0,18.0,0.62,0,data_2,data_2_00000030,data_2/00000030.BIN,data_2_00000030_manual_01_quality_00
0.9,1474.8001980000001,0.0,0.0,0.10404614340507413,0.003846453590424053,4.003755284299998,1500.0,1500.0,3.0,18.0,0.62,0,data_2,data_2_00000030,data_2/00000030.BIN,data_2_00000030_manual_01_quality_00
1.0,1474.900198,0.0,0.0,0.08831294472514192,0.0029185675947348295,4.048407009332896,1500.0,1500.0,3.0,18.0,0.62,0,data_2,data_2_00000030,data_2/00000030.BIN,data_2_00000030_manual_01_quality_00
1.1,1475.000198,0.0,0.0,0.05612617805397701,0.010042725321014828,3.8308570328815827,1500.0,1500.0,3.0,18.0,0.62,0,data_2,data_2_00000030,data_2/00000030.BIN,data_2_00000030_manual_01_quality_00
1.2,1475.100198,0.0,0.0,0.053491896886112424,0.012912977043421776,3.700982341822475,1500.0,1500.0,3.0,18.0,0.62,0,data_2,data_2_00000030,data_2/00000030.BIN,data_2_00000030_manual_01_quality_00
1.3,1475.200198,0.0,0.0,0.07014171987879503,0.009086038751622878,3.8556434912310658,1500.0,1500.0,3.0,18.0,0.62,0,data_2,data_2_00000030,data_2/00000030.BIN,data_2_00000030_manual_01_quality_00
1.4,1475.3001980000001,0.0,0.0,0.07320496676422945,0.005055251926118327,4.092148137388392,1500.0,1500.0,3.0,18.0,0.62,0,data_2,data_2_00000030,data_2/00000030.BIN,data_2_00000030_manual_01_quality_00
1.5,1475.400198,0.0,0.0,0.07301867517400809,0.00832368706466641,4.09217274485731,1500.0,1500.0,3.0,18.0,0.62,0,data_2,data_2_00000030,data_2/00000030.BIN,data_2_00000030_manual_01_quality_00
1.6,1475.500198,0.0,0.0,0.0712066605069334,0.014129925464130074,3.8609203018499283,1500.0,1500.0,3.0,18.0,0.62,0,data_2,data_2_00000030,data_2/00000030.BIN,data_2_00000030_manual_01_quality_00
1.7,1475.600198,0.0,0.0,0.06833566397598838,0.014795471014845992,3.715514330169821,1500.0,1500.0,3.0,18.0,0.62,0,data_2,data_2_00000030,data_2/00000030.BIN,data_2_00000030_manual_01_quality_00
1.8,1475.700198,0.0,0.0,0.07713049132137836,0.009228370876675681,3.800532448835859,1500.0,1500.0,3.0,18.0,0.62,0,data_2,data_2_00000030,data_2/00000030.BIN,data_2_00000030_manual_01_quality_00
1.9,1475.8001980000001,0.0,0.0,0.09354663023947014,0.003260126863962492,3.9554731143023663,1500.0,1500.0,3.0,18.0,0.62,0,data_2,data_2_00000030,data_2/00000030.BIN,data_2_00000030_manual_01_quality_00
2.0,1475.900198,0.0,0.0,0.09771657263747095,0.005700919067395267,3.9658549374447905,1500.0,1500.0,3.0,18.0,0.62,0,data_2,data_2_00000030,data_2/00000030.BIN,data_2_00000030_manual_01_quality_00
2.1,1476.000198,0.0,0.0,0.09391345598723877,0.011134878576827482,3.8467814493953663,1500.0,1500.0,3.0,18.0,0.62,0,data_2,data_2_00000030,data_2/00000030.BIN,data_2_00000030_manual_01_quality_00
2.2,1476.100198,0.0,0.0,0.09096669276649218,0.012864864908390323,3.7740601081889795,1500.0,1500.0,3.0,18.0,0.62,0,data_2,data_2_00000030,data_2/00000030.BIN,data_2_00000030_manual_01_quality_00
2.3,1476.200198,0.0,0.0,0.08926191585185052,0.008817024913799107,3.8377177598597645,1500.0,1500.0,3.0,18.0,0.62,0,data_2,data_2_00000030,data_2/00000030.BIN,data_2_00000030_manual_01_quality_00
2.4,1476.3001980000001,0.0,0.0,0.07643091597162778,0.003922449242990222,3.9628734845338265,1500.0,1500.0,3.0,18.0,0.62,0,data_2,data_2_00000030,data_2/00000030.BIN,data_2_00000030_manual_01_quality_00
2.5,1476.400198,0.0,0.0,0.056342980366999126,0.00189053407940712,4.025805398781285,1500.0,1500.0,3.0,18.0,0.62,0,data_2,data_2_00000030,data_2/00000030.BIN,data_2_00000030_manual_01_quality_00
2.6,1476.500198,0.0,0.0,0.05568223043529643,0.002068433902304708,3.9700714040071,1500.0,1500.0,3.0,18.0,0.62,0,data_2,data_2_00000030,data_2/00000030.BIN,data_2_00000030_manual_01_quality_00
2.7,1476.600198,0.0,0.0,0.06768783995972608,0.003938345799494864,3.8434650025129216,1500.0,1500.0,3.0,18.0,0.62,0,data_2,data_2_00000030,data_2/00000030.BIN,data_2_00000030_manual_01_quality_00
2.8,1476.700198,0.0,0.0,0.08164975278759268,0.007977855779178195,3.7695288514143463,1500.0,1500.0,3.0,18.0,0.62,0,data_2,data_2_00000030,data_2/00000030.BIN,data_2_00000030_manual_01_quality_00
2.9,1476.8001980000001,0.0,0.0,0.09607829899037307,0.013252070525072785,3.8204403701754845,1500.0,1500.0,3.0,18.0,0.62,0,data_2,data_2_00000030,data_2/00000030.BIN,data_2_00000030_manual_01_quality_00
3.0,1476.900198,0.0,0.0,0.08523754120694835,0.011094218546200145,3.943288578662523,1500.0,1500.0,3.0,18.0,0.62,0,data_2,data_2_00000030,data_2/00000030.BIN,data_2_00000030_manual_01_quality_00
3.1,1477.000198,0.0,0.0,0.05793795691092252,-0.0008532667976194683,4.003539430688132,1500.0,1500.0,3.0,18.0,0.62,0,data_2,data_2_00000030,data_2/00000030.BIN,data_2_00000030_manual_01_quality_00
3.2,1477.100198,0.0,0.0,0.05982250025576192,-0.009601462544375015,3.933853383049265,1500.0,1500.0,3.0,18.0,0.62,0,data_2,data_2_00000030,data_2/00000030.BIN,data_2_00000030_manual_01_quality_00
3.3,1477.200198,0.0,0.0,0.08071653449602734,-0.002452779083855579,3.828569828882955,1500.0,1500.0,3.0,18.0,0.62,0,data_2,data_2_00000030,data_2/00000030.BIN,data_2_00000030_manual_01_quality_00
3.4,1477.3001980000001,0.0,0.0,0.08133502853716351,0.013457314870135082,3.8122559671213727,1500.0,1500.0,3.0,18.0,0.62,0,data_2,data_2_00000030,data_2/00000030.BIN,data_2_00000030_manual_01_quality_00
3.5,1477.400198,0.0,0.0,0.0687545040864507,0.017067200892532906,3.87178106642578,1500.0,1500.0,3.0,18.0,0.62,0,data_2,data_2_00000030,data_2/00000030.BIN,data_2_00000030_manual_01_quality_00
3.6,1477.500198,0.0,0.0,0.08474235361944138,0.0034266060871065277,3.901627494241685,1500.0,1500.0,3.0,18.0,0.62,0,data_2,data_2_00000030,data_2/00000030.BIN,data_2_00000030_manual_01_quality_00
3.7,1477.600198,0.0,0.0,0.11936043805013256,-0.009540371356888904,3.8738238205177273,1500.0,1500.0,3.0,18.0,0.62,0,data_2,data_2_00000030,data_2/00000030.BIN,data_2_00000030_manual_01_quality_00
3.8,1477.700198,0.0,0.0,0.12454460001772404,-0.0073066097545344735,3.8505122029319003,1500.0,1500.0,3.0,18.0,0.62,0,data_2,data_2_00000030,data_2/00000030.BIN,data_2_00000030_manual_01_quality_00
3.9,1477.8001980000001,0.0,0.0,0.11058303721361666,0.003169356905251437,3.864343338585204,1500.0,1500.0,3.0,18.0,0.62,0,data_2,data_2_00000030,data_2/00000030.BIN,data_2_00000030_manual_01_quality_00
4.0,1477.900198,0.0,0.0,0.09536591618369662,0.0068217998734017675,3.876056952149827,1500.0,1500.0,3.0,18.0,0.62,0,data_2,data_2_00000030,data_2/00000030.BIN,data_2_00000030_manual_01_quality_00
4.1,1478.000198,0.0,0.0,0.07933216736876136,0.004113131359048378,3.8664443840366802,1500.0,1500.0,3.0,18.0,0.62,0,data_2,data_2_00000030,data_2/00000030.BIN,data_2_00000030_manual_01_quality_00
4.2,1478.100198,0.0,0.0,0.07809734996713026,0.0009481038184067898,3.891545877152341,1500.0,1500.0,3.0,18.0,0.62,0,data_2,data_2_00000030,data_2/00000030.BIN,data_2_00000030_manual_01_quality_00
4.3,1478.200198,0.0,0.0,0.08650444576539218,-0.004771703076898426,3.970088416955953,1500.0,1500.0,3.0,18.0,0.62,0,data_2,data_2_00000030,data_2/00000030.BIN,data_2_00000030_manual_01_quality_00
4.4,1478.3001980000001,0.0,0.0,0.08158520810624202,-0.009835105306464597,3.994022640952645,1500.0,1500.0,3.0,18.0,0.62,0,data_2,data_2_00000030,data_2/00000030.BIN,data_2_00000030_manual_01_quality_00
4.5,1478.400198,0.0,0.0,0.06797913290879923,-0.003032160181716572,3.8778249612232134,1500.0,1500.0,3.0,18.0,0.62,0,data_2,data_2_00000030,data_2/00000030.BIN,data_2_00000030_manual_01_quality_00
4.6,1478.500198,0.0,0.0,0.06478035372754685,0.00961575962677304,3.7346935355527595,1500.0,1500.0,3.0,18.0,0.62,0,data_2,data_2_00000030,data_2/00000030.BIN,data_2_00000030_manual_01_quality_00
4.7,1478.600198,0.0,0.0,0.06836562283648066,0.005948849974433609,3.7562699236021952,1500.0,1500.0,3.0,18.0,0.62,0,data_2,data_2_00000030,data_2/00000030.BIN,data_2_00000030_manual_01_quality_00
4.8,1478.700198,0.0,0.0,0.06799463536987255,-0.01228606800929045,3.927986511023533,1500.0,1500.0,3.0,18.0,0.62,0,data_2,data_2_00000030,data_2/00000030.BIN,data_2_00000030_manual_01_quality_00
4.9,1478.8001980000001,0.0,0.0,0.06505142828154942,-0.017635523180416245,3.991538905040633,1500.0,1500.0,3.0,18.0,0.62,0,data_2,data_2_00000030,data_2/00000030.BIN,data_2_00000030_manual_01_quality_00
5.0,1478.900198,0.0,0.0,0.05754856529056464,-0.0045404157239306965,3.8383707932378326,1500.0,1500.0,3.0,18.0,0.62,0,data_2,data_2_00000030,data_2/00000030.BIN,data_2_00000030_manual_01_quality_00
5.1,1479.000198,0.0,0.0,0.04707583081043074,0.008067595989933703,3.6980046928503927,1500.0,1500.0,3.0,18.0,0.62,0,data_2,data_2_00000030,data_2/00000030.BIN,data_2_00000030_manual_01_quality_00
5.2,1479.100198,0.0,0.0,0.05688734983332122,0.00668215386298791,3.7679325377147004,1500.0,1500.0,3.0,18.0,0.62,0,data_2,data_2_00000030,data_2/00000030.BIN,data_2_00000030_manual_01_quality_00
0.0,149.869817,0.0,0.0,0.0254721776121156,0.0013356318100933848,0.11455927562648285,1500.0,1500.0,3.0,15.0,1.5,0,data_5062026_baseline2,data_5062026_baseline2_00000001,data_5062026/2026_05_06_baseline2/00000001.BIN,data_5062026_baseline2_00000001_manual_00_quality_00
0.1,149.969817,0.0,0.0,0.01869492981143292,0.0012645535933904527,0.1155513902062677,1500.0,1500.0,3.0,16.0,1.49,0,data_5062026_baseline2,data_5062026_baseline2_00000001,data_5062026/2026_05_06_baseline2/00000001.BIN,data_5062026_baseline2_00000001_manual_00_quality_00
0.2,150.069817,0.0,0.0,0.022563965517864475,0.0012424099272738773,0.11427682477888078,1500.0,1500.0,3.0,16.0,1.49,0,data_5062026_baseline2,data_5062026_baseline2_00000001,data_5062026/2026_05_06_baseline2/00000001.BIN,data_5062026_baseline2_00000001_manual_00_quality_00
0.3,150.16981700000002,0.0,0.0,0.02643433047928448,0.0013593545551088577,0.11388159237216054,1500.0,1500.0,3.0,16.0,1.49,0,data_5062026_baseline2,data_5062026_baseline2_00000001,data_5062026/2026_05_06_baseline2/00000001.BIN,data_5062026_baseline2_00000001_manual_00_quality_00
0.4,150.26981700000002,0.0,0.0,0.03068977751923241,0.0012152964327650296,0.11338409416928456,1500.0,1500.0,3.0,16.0,1.49,0,data_5062026_baseline2,data_5062026_baseline2_00000001,data_5062026/2026_05_06_baseline2/00000001.BIN,data_5062026_baseline2_00000001_manual_00_quality_00
0.5,150.369817,0.0,0.0,0.03489131005503723,0.0015218502826335855,0.11318462962047289,1500.0,1500.0,3.0,16.0,1.49,0,data_5062026_baseline2,data_5062026_baseline2_00000001,data_5062026/2026_05_06_baseline2/00000001.BIN,data_5062026_baseline2_00000001_manual_00_quality_00
0.6,150.469817,0.0,0.0,0.025428053750772353,0.0012886172921188726,0.11202158597341562,1500.0,1500.0,3.0,16.0,1.49,0,data_5062026_baseline2,data_5062026_baseline2_00000001,data_5062026/2026_05_06_baseline2/00000001.BIN,data_5062026_baseline2_00000001_manual_00_quality_00
0.7,150.569817,0.0,0.0,0.015989207385883195,0.0016176583810974296,0.11004498670736568,1500.0,1500.0,3.0,16.0,1.49,0,data_5062026_baseline2,data_5062026_baseline2_00000001,data_5062026/2026_05_06_baseline2/00000001.BIN,data_5062026_baseline2_00000001_manual_00_quality_00
0.8,150.66981700000002,0.0,0.0,0.013087762741779196,0.0014993739228479435,0.10833637292475404,1500.0,1500.0,3.0,16.0,1.49,0,data_5062026_baseline2,data_5062026_baseline2_00000001,data_5062026/2026_05_06_baseline2/00000001.BIN,data_5062026_baseline2_00000001_manual_00_quality_00
0.9,150.76981700000002,0.0,0.0,0.010181954659677589,0.0013741137149947803,0.10631777675180482,1500.0,1500.0,3.0,16.0,1.49,0,data_5062026_baseline2,data_5062026_baseline2_00000001,data_5062026/2026_05_06_baseline2/00000001.BIN,data_5062026_baseline2_00000001_manual_00_quality_00
1.0,150.869817,0.0,0.0,0.006200451105155751,0.0014261029804438876,0.10638517374419977,1500.0,1500.0,3.0,16.0,1.49,0,data_5062026_baseline2,data_5062026_baseline2_00000001,data_5062026/2026_05_06_baseline2/00000001.BIN,data_5062026_baseline2_00000001_manual_00_quality_00
1.1,150.969817,0.0,0.0,0.0022991294077739617,0.0016703408197679885,0.10838921505212848,1500.0,1500.0,3.0,16.0,1.49,0,data_5062026_baseline2,data_5062026_baseline2_00000001,data_5062026/2026_05_06_baseline2/00000001.BIN,data_5062026_baseline2_00000001_manual_00_quality_00
1.2,151.069817,0.0,0.0,0.016964569374435974,0.0015284438895019053,0.1098413833224783,1500.0,1500.0,3.0,16.0,1.49,0,data_5062026_baseline2,data_5062026_baseline2_00000001,data_5062026/2026_05_06_baseline2/00000001.BIN,data_5062026_baseline2_00000001_manual_00_quality_00
1.3,151.16981700000002,0.0,0.0,0.031555625242287756,0.0013740649442420057,0.10961101349095391,1500.0,1500.0,3.0,16.0,1.49,0,data_5062026_baseline2,data_5062026_baseline2_00000001,data_5062026/2026_05_06_baseline2/00000001.BIN,data_5062026_baseline2_00000001_manual_00_quality_00
1.4,151.26981700000002,0.0,0.0,0.026278947565657816,0.001294974590046138,0.11245867868012534,1500.0,1500.0,3.0,16.0,1.49,0,data_5062026_baseline2,data_5062026_baseline2_00000001,data_5062026/2026_05_06_baseline2/00000001.BIN,data_5062026_baseline2_00000001_manual_00_quality_00
1.5,151.369817,0.0,0.0,0.02102504152466194,0.0013928327815481902,0.11426557553146408,1500.0,1500.0,3.0,16.0,1.49,0,data_5062026_baseline2,data_5062026_baseline2_00000001,data_5062026/2026_05_06_baseline2/00000001.BIN,data_5062026_baseline2_00000001_manual_00_quality_00
1.6,151.469817,0.0,0.0,0.021329647091380508,0.0012436878552465592,0.1171677836603874,1500.0,1500.0,3.0,16.0,1.49,0,data_5062026_baseline2,data_5062026_baseline2_00000001,data_5062026/2026_05_06_baseline2/00000001.BIN,data_5062026_baseline2_00000001_manual_00_quality_00
1.7,151.569817,0.0,0.0,0.0216370081799994,0.001156986577586388,0.11781953650573912,1500.0,1500.0,3.0,16.0,1.49,0,data_5062026_baseline2,data_5062026_baseline2_00000001,data_5062026/2026_05_06_baseline2/00000001.BIN,data_5062026_baseline2_00000001_manual_00_quality_00
1.8,151.66981700000002,0.0,0.0,0.02283049177904303,0.0015597970201473804,0.11942073230318331,1500.0,1500.0,3.0,16.0,1.49,0,data_5062026_baseline2,data_5062026_baseline2_00000001,data_5062026/2026_05_06_baseline2/00000001.BIN,data_5062026_baseline2_00000001_manual_00_quality_00
1.9,151.76981700000002,0.0,0.0,0.024011236704094368,0.001437707264108595,0.12129494221881107,1500.0,1500.0,3.0,16.0,1.49,0,data_5062026_baseline2,data_5062026_baseline2_00000001,data_5062026/2026_05_06_baseline2/00000001.BIN,data_5062026_baseline2_00000001_manual_00_quality_00
2.0,151.869817,0.0,0.0,0.020379465003441823,0.0012258637056529078,0.1250150679793361,1500.0,1500.0,3.0,16.0,1.49,0,data_5062026_baseline2,data_5062026_baseline2_00000001,data_5062026/2026_05_06_baseline2/00000001.BIN,data_5062026_baseline2_00000001_manual_00_quality_00
2.1,151.969817,0.0,0.0,0.016764598956410012,0.0016716539269062585,0.12823143153852748,1500.0,1500.0,3.0,16.0,1.49,0,data_5062026_baseline2,data_5062026_baseline2_00000001,data_5062026/2026_05_06_baseline2/00000001.BIN,data_5062026_baseline2_00000001_manual_00_quality_00
2.2,152.069817,0.0,0.0,0.017129435676621445,0.0012908095454484117,0.12988168847347972,1500.0,1500.0,3.0,16.0,1.49,0,data_5062026_baseline2,data_5062026_baseline2_00000001,data_5062026/2026_05_06_baseline2/00000001.BIN,data_5062026_baseline2_00000001_manual_00_quality_00
2.3,152.16981700000002,0.0,0.0,0.017530075417840185,0.0014865456606279034,0.13201328295725814,1500.0,1500.0,3.0,16.0,1.49,0,data_5062026_baseline2,data_5062026_baseline2_00000001,data_5062026/2026_05_06_baseline2/00000001.BIN,data_5062026_baseline2_00000001_manual_00_quality_00
2.4,152.26981700000002,0.0,0.0,0.0271224948715064,0.0014670975191892791,0.13275310896450038,1500.0,1500.0,3.0,16.0,1.49,0,data_5062026_baseline2,data_5062026_baseline2_00000001,data_5062026/2026_05_06_baseline2/00000001.BIN,data_5062026_baseline2_00000001_manual_00_quality_00
2.5,152.369817,0.0,0.0,0.03668885031133903,0.0014518349369697207,0.1356529841235223,1500.0,1500.0,3.0,16.0,1.49,0,data_5062026_baseline2,data_5062026_baseline2_00000001,data_5062026/2026_05_06_baseline2/00000001.BIN,data_5062026_baseline2_00000001_manual_00_quality_00
2.6,152.469817,0.0,0.0,0.04013409669118442,0.0015392002912257084,0.1376567386365919,1500.0,1500.0,3.0,16.0,1.49,0,data_5062026_baseline2,data_5062026_baseline2_00000001,data_5062026/2026_05_06_baseline2/00000001.BIN,data_5062026_baseline2_00000001_manual_00_quality_00
2.7,152.569817,0.0,0.0,0.043612591008063605,0.0013657151280089366,0.1402682290505452,1500.0,1500.0,3.0,16.0,1.49,0,data_5062026_baseline2,data_5062026_baseline2_00000001,data_5062026/2026_05_06_baseline2/00000001.BIN,data_5062026_baseline2_00000001_manual_00_quality_00
2.8,152.66981700000002,0.0,0.0,0.05567129257819679,0.0013754167619411573,0.140654850956732,1500.0,1500.0,3.0,16.0,1.49,0,data_5062026_baseline2,data_5062026_baseline2_00000001,data_5062026/2026_05_06_baseline2/00000001.BIN,data_5062026_baseline2_00000001_manual_00_quality_00
2.9,152.76981700000002,0.0,0.0,0.06785255482051532,0.0014002057902890394,0.14322795386232876,1500.0,1500.0,3.0,17.0,1.41,0,data_5062026_baseline2,data_5062026_baseline2_00000001,data_5062026/2026_05_06_baseline2/00000001.BIN,data_5062026_baseline2_00000001_manual_00_quality_00
3.0,152.869817,0.0,0.0,0.11141785592400805,0.001499629245948266,0.14591118464834427,1500.0,1500.0,3.0,17.0,1.41,0,data_5062026_baseline2,data_5062026_baseline2_00000001,data_5062026/2026_05_06_baseline2/00000001.BIN,data_5062026_baseline2_00000001_manual_00_quality_00
3.1,152.969817,0.0,0.0,0.15482808855541835,0.0012663400733290923,0.1479279094087253,1500.0,1500.0,3.0,17.0,1.41,0,data_5062026_baseline2,data_5062026_baseline2_00000001,data_5062026/2026_05_06_baseline2/00000001.BIN,data_5062026_baseline2_00000001_manual_00_quality_00
3.2,153.069817,0.0,0.0,0.1545887365302418,0.0013720971380678972,0.14954782652319212,1500.0,1500.0,3.0,17.0,1.41,0,data_5062026_baseline2,data_5062026_baseline2_00000001,data_5062026/2026_05_06_baseline2/00000001.BIN,data_5062026_baseline2_00000001_manual_00_quality_00
3.3,153.16981700000002,0.0,0.0,0.15417401528952432,0.001321637598691438,0.15228452308887064,1500.0,1500.0,3.0,17.0,1.41,0,data_5062026_baseline2,data_5062026_baseline2_00000001,data_5062026/2026_05_06_baseline2/00000001.BIN,data_5062026_baseline2_00000001_manual_00_quality_00
3.4,153.26981700000002,0.0,0.0,0.10549012858776752,0.0013059828376455137,0.15479961138986006,1500.0,1500.0,3.0,17.0,1.41,0,data_5062026_baseline2,data_5062026_baseline2_00000001,data_5062026/2026_05_06_baseline2/00000001.BIN,data_5062026_baseline2_00000001_manual_00_quality_00
3.5,153.369817,0.0,0.0,0.05693252760439265,0.0013004385902483922,0.15563459611758362,1500.0,1500.0,3.0,17.0,1.41,0,data_5062026_baseline2,data_5062026_baseline2_00000001,data_5062026/2026_05_06_baseline2/00000001.BIN,data_5062026_baseline2_00000001_manual_00_quality_00
3.6,153.469817,0.0,0.0,0.03997872089663937,0.0014489367423687262,0.15755003317072616,1500.0,1500.0,3.0,17.0,1.41,0,data_5062026_baseline2,data_5062026_baseline2_00000001,data_5062026/2026_05_06_baseline2/00000001.BIN,data_5062026_baseline2_00000001_manual_00_quality_00
3.7,153.569817,0.0,0.0,0.02309204220103608,0.0015313310068853529,0.15861995155726644,1500.0,1500.0,3.0,17.0,1.41,0,data_5062026_baseline2,data_5062026_baseline2_00000001,data_5062026/2026_05_06_baseline2/00000001.BIN,data_5062026_baseline2_00000001_manual_00_quality_00
3.8,153.66981700000002,0.0,0.0,0.0245294716993668,0.0015329219412950608,0.15972534661645885,1500.0,1500.0,3.0,17.0,1.41,0,data_5062026_baseline2,data_5062026_baseline2_00000001,data_5062026/2026_05_06_baseline2/00000001.BIN,data_5062026_baseline2_00000001_manual_00_quality_00
3.9,153.76981700000002,0.0,0.0,0.025946630806630032,0.0014445754529263406,0.16220291506052117,1500.0,1500.0,3.0,17.0,1.41,0,data_5062026_baseline2,data_5062026_baseline2_00000001,data_5062026/2026_05_06_baseline2/00000001.BIN,data_5062026_baseline2_00000001_manual_00_quality_00
4.0,153.869817,0.0,0.0,0.021978622687353754,0.0013942562234980558,0.16316887665305332,1500.0,1500.0,3.0,17.0,1.41,0,data_5062026_baseline2,data_5062026_baseline2_00000001,data_5062026/2026_05_06_baseline2/00000001.BIN,data_5062026_baseline2_00000001_manual_00_quality_00
4.1,153.969817,0.0,0.0,0.01799961753572542,0.0012749973843652921,0.16449169512841694,1500.0,1500.0,3.0,17.0,1.41,0,data_5062026_baseline2,data_5062026_baseline2_00000001,data_5062026/2026_05_06_baseline2/00000001.BIN,data_5062026_baseline2_00000001_manual_00_quality_00
4.2,154.069817,0.0,0.0,0.011486000075799571,0.0016783300090269992,0.16417331491361856,1500.0,1500.0,3.0,17.0,1.41,0,data_5062026_baseline2,data_5062026_baseline2_00000001,data_5062026/2026_05_06_baseline2/00000001.BIN,data_5062026_baseline2_00000001_manual_00_quality_00
4.3,154.16981700000002,0.0,0.0,0.005053131172944505,0.0012700088690591306,0.16602356773291974,1500.0,1500.0,3.0,17.0,1.41,0,data_5062026_baseline2,data_5062026_baseline2_00000001,data_5062026/2026_05_06_baseline2/00000001.BIN,data_5062026_baseline2_00000001_manual_00_quality_00
4.4,154.26981700000002,0.0,0.0,0.01758398472028641,0.0013561288839249875,0.16573287882810075,1500.0,1500.0,3.0,17.0,1.41,0,data_5062026_baseline2,data_5062026_baseline2_00000001,data_5062026/2026_05_06_baseline2/00000001.BIN,data_5062026_baseline2_00000001_manual_00_quality_00
4.5,154.369817,0.0,0.0,0.030049330941882783,0.001477151367690877,0.16819530993542678,1500.0,1500.0,3.0,17.0,1.41,0,data_5062026_baseline2,data_5062026_baseline2_00000001,data_5062026/2026_05_06_baseline2/00000001.BIN,data_5062026_baseline2_00000001_manual_00_quality_00
4.6,154.469817,0.0,0.0,0.025565294686194635,0.0014934128099639854,0.16798463342869946,1500.0,1500.0,3.0,17.0,1.41,0,data_5062026_baseline2,data_5062026_baseline2_00000001,data_5062026/2026_05_06_baseline2/00000001.BIN,data_5062026_baseline2_00000001_manual_00_quality_00
4.7,154.569817,0.0,0.0,0.02111927512418749,0.0014175974325244508,0.16926517901020588,1500.0,1500.0,3.0,17.0,1.41,0,data_5062026_baseline2,data_5062026_baseline2_00000001,data_5062026/2026_05_06_baseline2/00000001.BIN,data_5062026_baseline2_00000001_manual_00_quality_00
4.8,154.66981700000002,0.0,0.0,0.02901852671278719,0.0016090270984886533,0.16952451245824232,1500.0,1500.0,3.0,17.0,1.41,0,data_5062026_baseline2,data_5062026_baseline2_00000001,data_5062026/2026_05_06_baseline2/00000001.BIN,data_5062026_baseline2_00000001_manual_00_quality_00
4.9,154.76981700000002,0.0,0.0,0.036917778301384645,0.001418781495842283,0.16974388747674277,1500.0,1500.0,3.0,17.0,1.41,0,data_5062026_baseline2,data_5062026_baseline2_00000001,data_5062026/2026_05_06_baseline2/00000001.BIN,data_5062026_baseline2_00000001_manual_00_quality_00
5.0,154.869817,0.0,0.0,0.0551462057158877,0.0013989230196220354,0.16999536574834145,1500.0,1500.0,3.0,17.0,1.41,0,data_5062026_baseline2,data_5062026_baseline2_00000001,data_5062026/2026_05_06_baseline2/00000001.BIN,data_5062026_baseline2_00000001_manual_00_quality_00
5.1,154.969817,0.0,0.0,0.07577545599786077,0.0016433424617724988,0.17153935215549168,1500.0,1500.0,3.0,17.0,1.41,0,data_5062026_baseline2,data_5062026_baseline2_00000001,data_5062026/2026_05_06_baseline2/00000001.BIN,data_5062026_baseline2_00000001_manual_00_quality_00
5.2,155.069817,0.0,0.0,0.06367413458362116,0.001502549986338306,0.17287412900847673,1500.0,1500.0,3.0,17.0,1.41,0,data_5062026_baseline2,data_5062026_baseline2_00000001,data_5062026/2026_05_06_baseline2/00000001.BIN,data_5062026_baseline2_00000001_manual_00_quality_00
5.3,155.16981700000002,0.0,0.0,0.05158453650705272,0.0014475987677787733,0.17226327235459085,1500.0,1500.0,3.0,17.0,1.41,0,data_5062026_baseline2,data_5062026_baseline2_00000001,data_5062026/2026_05_06_baseline2/00000001.BIN,data_5062026_baseline2_00000001_manual_00_quality_00
5.4,155.26981700000002,0.0,0.0,0.042274485967588926,0.0015336200646163408,0.17263829024943234,1500.0,1500.0,3.0,17.0,1.41,0,data_5062026_baseline2,data_5062026_baseline2_00000001,data_5062026/2026_05_06_baseline2/00000001.BIN,data_5062026_baseline2_00000001_manual_00_quality_00
5.5,155.369817,0.0,0.0,0.03296477684745333,0.0013966901505142835,0.17217861115410096,1500.0,1500.0,3.0,17.0,1.41,0,data_5062026_baseline2,data_5062026_baseline2_00000001,data_5062026/2026_05_06_baseline2/00000001.BIN,data_5062026_baseline2_00000001_manual_00_quality_00
5.6,155.469817,0.0,0.0,0.023744103095474395,0.0015081806184181834,0.17311308243930348,1500.0,1500.0,3.0,17.0,1.41,0,data_5062026_baseline2,data_5062026_baseline2_00000001,data_5062026/2026_05_06_baseline2/00000001.BIN,data_5062026_baseline2_00000001_manual_00_quality_00
5.7,155.569817,0.0,0.0,0.014612167512923418,0.0013416100842047142,0.17384622614329767,1500.0,1500.0,3.0,17.0,1.41,0,data_5062026_baseline2,data_5062026_baseline2_00000001,data_5062026/2026_05_06_baseline2/00000001.BIN,data_5062026_baseline2_00000001_manual_00_quality_00
5.8,155.66981700000002,0.0,0.0,0.027631636475423466,0.0012158076633763584,0.1734237000518872,1500.0,1500.0,3.0,17.0,1.41,0,data_5062026_baseline2,data_5062026_baseline2_00000001,data_5062026/2026_05_06_baseline2/00000001.BIN,data_5062026_baseline2_00000001_manual_00_quality_00
5.9,155.76981700000002,0.0,0.0,0.04058707513378806,0.0014052113483220222,0.1741403782969584,1500.0,1500.0,3.0,17.0,1.41,0,data_5062026_baseline2,data_5062026_baseline2_00000001,data_5062026/2026_05_06_baseline2/00000001.BIN,data_5062026_baseline2_00000001_manual_00_quality_00
6.0,155.869817,0.0,0.0,0.03432030791285939,0.0012891717775390678,0.17531100374396408,1500.0,1500.0,3.0,17.0,1.41,0,data_5062026_baseline2,data_5062026_baseline2_00000001,data_5062026/2026_05_06_baseline2/00000001.BIN,data_5062026_baseline2_00000001_manual_00_quality_00
6.1,155.969817,0.0,0.0,0.028093911069244214,0.0016512551734631255,0.17479075283465478,1500.0,1500.0,3.0,17.0,1.41,0,data_5062026_baseline2,data_5062026_baseline2_00000001,data_5062026/2026_05_06_baseline2/00000001.BIN,data_5062026_baseline2_00000001_manual_00_quality_00
0.0,1035.047725,0.0,0.0,0.23945082448951727,0.07462451237568765,3.7638189863974567,1500.0,1500.0,3.0,16.0,0.68,0,data_5062026_baseline2,data_5062026_baseline2_00000009,data_5062026/2026_05_06_baseline2/00000009.BIN,data_5062026_baseline2_00000009_manual_00_quality_00
0.1,1035.1477249999998,0.0,0.0,0.24868490578947733,0.005183797211640336,4.669965527281967,1500.0,1500.0,3.0,16.0,0.68,0,data_5062026_baseline2,data_5062026_baseline2_00000009,data_5062026/2026_05_06_baseline2/00000009.BIN,data_5062026_baseline2_00000009_manual_00_quality_00
0.2,1035.247725,0.0,0.0,0.2625279622311263,-0.009965454549621732,4.938788203368483,1500.0,1500.0,3.0,16.0,0.68,0,data_5062026_baseline2,data_5062026_baseline2_00000009,data_5062026/2026_05_06_baseline2/00000009.BIN,data_5062026_baseline2_00000009_manual_00_quality_00
0.3,1035.3477249999999,0.0,0.0,0.23169109251165604,0.03565972608698831,4.710018028771249,1500.0,1500.0,3.0,16.0,0.68,0,data_5062026_baseline2,data_5062026_baseline2_00000009,data_5062026/2026_05_06_baseline2/00000009.BIN,data_5062026_baseline2_00000009_manual_00_quality_00
0.4,1035.447725,0.0,0.0,0.18958212881500563,0.06398770164546841,4.376365007901428,1500.0,1500.0,3.0,16.0,0.68,0,data_5062026_baseline2,data_5062026_baseline2_00000009,data_5062026/2026_05_06_baseline2/00000009.BIN,data_5062026_baseline2_00000009_manual_00_quality_00
0.5,1035.547725,0.0,0.0,0.1716410396634892,0.04838305429178274,4.05365366068249,1500.0,1500.0,3.0,16.0,0.68,0,data_5062026_baseline2,data_5062026_baseline2_00000009,data_5062026/2026_05_06_baseline2/00000009.BIN,data_5062026_baseline2_00000009_manual_00_quality_00
0.6,1035.6477249999998,0.0,0.0,0.1597891958981345,0.042239381860079195,3.4482067589456564,1500.0,1500.0,3.0,16.0,0.68,0,data_5062026_baseline2,data_5062026_baseline2_00000009,data_5062026/2026_05_06_baseline2/00000009.BIN,data_5062026_baseline2_00000009_manual_00_quality_00
0.7,1035.747725,0.0,0.0,0.16136101263998553,0.04600197719535328,2.816440963497061,1500.0,1500.0,3.0,16.0,0.68,0,data_5062026_baseline2,data_5062026_baseline2_00000009,data_5062026/2026_05_06_baseline2/00000009.BIN,data_5062026_baseline2_00000009_manual_00_quality_00
0.8,1035.8477249999999,0.2235294117647059,-0.0925,0.16630385973045153,0.06366531741750692,2.6770397320480015,1538.0,1463.0,3.0,16.0,0.68,0,data_5062026_baseline2,data_5062026_baseline2_00000009,data_5062026/2026_05_06_baseline2/00000009.BIN,data_5062026_baseline2_00000009_manual_00_quality_00
0.9,1035.947725,0.3176470588235294,-0.3275,0.15925106358280317,0.08844498656923715,2.9084059415692125,1554.0,1369.0,3.0,16.0,0.68,0,data_5062026_baseline2,data_5062026_baseline2_00000009,data_5062026/2026_05_06_baseline2/00000009.BIN,data_5062026_baseline2_00000009_manual_00_quality_00
1.0,1036.047725,0.38235294117647056,-0.4125,0.14917382247569805,0.1103775761051717,2.9962095760407523,1565.0,1335.0,3.0,16.0,0.68,0,data_5062026_baseline2,data_5062026_baseline2_00000009,data_5062026/2026_05_06_baseline2/00000009.BIN,data_5062026_baseline2_00000009_manual_00_quality_00
1.1,1036.1477249999998,0.40588235294117647,-0.425,0.2016251287847308,0.14148260746930963,2.9113869692552665,1569.0,1330.0,3.0,16.0,0.68,0,data_5062026_baseline2,data_5062026_baseline2_00000009,data_5062026/2026_05_06_baseline2/00000009.BIN,data_5062026_baseline2_00000009_manual_00_quality_00
1.2,1036.247725,0.4470588235294118,-0.4875,0.2699260714079238,0.13391751725553927,3.1782604586470207,1576.0,1305.0,3.0,16.0,0.68,0,data_5062026_baseline2,data_5062026_baseline2_00000009,data_5062026/2026_05_06_baseline2/00000009.BIN,data_5062026_baseline2_00000009_manual_00_quality_00
1.3,1036.3477249999999,0.4764705882352941,-0.5275,0.27703647420966204,0.08873225885141915,4.383117363264665,1581.0,1289.0,3.0,15.0,0.68,0,data_5062026_baseline2,data_5062026_baseline2_00000009,data_5062026/2026_05_06_baseline2/00000009.BIN,data_5062026_baseline2_00000009_manual_00_quality_00
1.4,1036.447725,0.4823529411764706,-0.5525,0.26869883884659385,0.030085070583878794,5.634162569778088,1582.0,1279.0,3.0,15.0,0.68,0,data_5062026_baseline2,data_5062026_baseline2_00000009,data_5062026/2026_05_06_baseline2/00000009.BIN,data_5062026_baseline2_00000009_manual_00_quality_00
1.5,1036.547725,0.5117647058823529,-0.6275,0.37998800443023306,-0.03636408496981104,5.916126742410427,1587.0,1249.0,3.0,15.0,0.72,0,data_5062026_baseline2,data_5062026_baseline2_00000009,data_5062026/2026_05_06_baseline2/00000009.BIN,data_5062026_baseline2_00000009_manual_00_quality_00
1.6,1036.6477249999998,0.5117647058823529,-0.68,0.5215079372419693,-0.07942785800121739,5.468631620803881,1587.0,1228.0,3.0,15.0,0.72,0,data_5062026_baseline2,data_5062026_baseline2_00000009,data_5062026/2026_05_06_baseline2/00000009.BIN,data_5062026_baseline2_00000009_manual_00_quality_00
1.7,1036.747725,0.5117647058823529,-0.68,0.5837802427329466,-0.1313362033398029,5.253257745187184,1587.0,1228.0,3.0,15.0,0.72,0,data_5062026_baseline2,data_5062026_baseline2_00000009,data_5062026/2026_05_06_baseline2/00000009.BIN,data_5062026_baseline2_00000009_manual_00_quality_00
1.8,1036.8477249999999,0.5117647058823529,-0.7225,0.6261228683411841,-0.1091444333471641,5.282154712156911,1587.0,1211.0,3.0,15.0,0.72,0,data_5062026_baseline2,data_5062026_baseline2_00000009,data_5062026/2026_05_06_baseline2/00000009.BIN,data_5062026_baseline2_00000009_manual_00_quality_00
1.9,1036.947725,0.5235294117647059,-0.75,0.7171191997914897,-0.054978056998985475,4.412380851431286,1589.0,1200.0,3.0,15.0,0.72,0,data_5062026_baseline2,data_5062026_baseline2_00000009,data_5062026/2026_05_06_baseline2/00000009.BIN,data_5062026_baseline2_00000009_manual_00_quality_00
2.0,1037.047725,0.5470588235294118,-0.7575,0.8204191595707782,-0.05489846397449822,4.097373328821924,1593.0,1197.0,3.0,15.0,0.72,0,data_5062026_baseline2,data_5062026_baseline2_00000009,data_5062026/2026_05_06_baseline2/00000009.BIN,data_5062026_baseline2_00000009_manual_00_quality_00
2.1,1037.1477249999998,0.5588235294117647,-0.7575,0.8579831658659557,-0.0967260300097943,5.177481731624967,1595.0,1197.0,3.0,15.0,0.72,0,data_5062026_baseline2,data_5062026_baseline2_00000009,data_5062026/2026_05_06_baseline2/00000009.BIN,data_5062026_baseline2_00000009_manual_00_quality_00
2.2,1037.247725,0.5941176470588235,-0.7675,0.879003134301658,-0.10543151856129347,5.175118097109145,1601.0,1193.0,3.0,15.0,0.72,0,data_5062026_baseline2,data_5062026_baseline2_00000009,data_5062026/2026_05_06_baseline2/00000009.BIN,data_5062026_baseline2_00000009_manual_00_quality_00
2.3,1037.3477249999999,0.6352941176470588,-0.7725,1.025554884444574,-0.15030286028255024,4.350452685070609,1608.0,1191.0,3.0,16.0,0.72,0,data_5062026_baseline2,data_5062026_baseline2_00000009,data_5062026/2026_05_06_baseline2/00000009.BIN,data_5062026_baseline2_00000009_manual_00_quality_00
2.4,1037.447725,0.6294117647058823,-0.7775,1.2037292404560518,-0.20350038177898155,4.648338830352768,1607.0,1189.0,3.0,16.0,0.72,0,data_5062026_baseline2,data_5062026_baseline2_00000009,data_5062026/2026_05_06_baseline2/00000009.BIN,data_5062026_baseline2_00000009_manual_00_quality_00
2.5,1037.547725,0.6235294117647059,-0.79,1.2685566234161654,-0.28659148363532644,5.035550360688217,1606.0,1184.0,3.0,16.0,0.68,0,data_5062026_baseline2,data_5062026_baseline2_00000009,data_5062026/2026_05_06_baseline2/00000009.BIN,data_5062026_baseline2_00000009_manual_00_quality_00
2.6,1037.6477249999998,0.611764705882353,-0.805,1.3049249554179383,-0.34647345727214796,5.674387418990284,1604.0,1178.0,3.0,16.0,0.68,0,data_5062026_baseline2,data_5062026_baseline2_00000009,data_5062026/2026_05_06_baseline2/00000009.BIN,data_5062026_baseline2_00000009_manual_00_quality_00
2.7,1037.747725,0.6058823529411764,-0.815,1.3449064342598316,-0.4253698365229625,5.527537887646842,1603.0,1174.0,3.0,16.0,0.68,0,data_5062026_baseline2,data_5062026_baseline2_00000009,data_5062026/2026_05_06_baseline2/00000009.BIN,data_5062026_baseline2_00000009_manual_00_quality_00
2.8,1037.8477249999999,0.6058823529411764,-0.8675,1.385801384703145,-0.45803400195442745,5.911021219805236,1603.0,1153.0,3.0,16.0,0.68,0,data_5062026_baseline2,data_5062026_baseline2_00000009,data_5062026/2026_05_06_baseline2/00000009.BIN,data_5062026_baseline2_00000009_manual_00_quality_00
2.9,1037.947725,0.5941176470588235,-0.9175,1.4219324067221886,-0.5378632852301194,6.471369886025829,1601.0,1133.0,3.0,16.0,0.68,0,data_5062026_baseline2,data_5062026_baseline2_00000009,data_5062026/2026_05_06_baseline2/00000009.BIN,data_5062026_baseline2_00000009_manual_00_quality_00
3.0,1038.047725,0.5941176470588235,-0.945,1.4568585692030371,-0.5555107767497667,5.312644147429419,1601.0,1122.0,3.0,16.0,0.68,0,data_5062026_baseline2,data_5062026_baseline2_00000009,data_5062026/2026_05_06_baseline2/00000009.BIN,data_5062026_baseline2_00000009_manual_00_quality_00
3.1,1038.1477249999998,0.5941176470588235,-0.9425,1.3913559444702657,-0.5170825164688277,6.212633769250293,1601.0,1123.0,3.0,16.0,0.68,0,data_5062026_baseline2,data_5062026_baseline2_00000009,data_5062026/2026_05_06_baseline2/00000009.BIN,data_5062026_baseline2_00000009_manual_00_quality_00
3.2,1038.247725,0.5882352941176471,-0.945,1.3004362274555135,-0.5977375496105128,6.551051755802318,1600.0,1122.0,3.0,16.0,0.68,0,data_5062026_baseline2,data_5062026_baseline2_00000009,data_5062026/2026_05_06_baseline2/00000009.BIN,data_5062026_baseline2_00000009_manual_00_quality_00
3.3,1038.3477249999999,0.5882352941176471,-0.945,1.3349475746949124,-0.5271018308105481,5.6401863937646874,1600.0,1122.0,3.0,16.0,0.68,0,data_5062026_baseline2,data_5062026_baseline2_00000009,data_5062026/2026_05_06_baseline2/00000009.BIN,data_5062026_baseline2_00000009_manual_00_quality_00
3.4,1038.447725,0.5882352941176471,-0.945,1.4012234315454144,-0.5436830173243155,5.632606326146108,1600.0,1122.0,3.0,16.0,0.68,0,data_5062026_baseline2,data_5062026_baseline2_00000009,data_5062026/2026_05_06_baseline2/00000009.BIN,data_5062026_baseline2_00000009_manual_00_quality_00
3.5,1038.547725,0.5882352941176471,-0.945,1.3656523488405539,-0.5799515097767329,6.599233117505293,1600.0,1122.0,3.0,16.0,0.68,0,data_5062026_baseline2,data_5062026_baseline2_00000009,data_5062026/2026_05_06_baseline2/00000009.BIN,data_5062026_baseline2_00000009_manual_00_quality_00
3.6,1038.6477249999998,0.5823529411764706,-0.9425,1.3045413669068646,-0.5895486752529666,6.399227033012363,1599.0,1123.0,3.0,16.0,0.68,0,data_5062026_baseline2,data_5062026_baseline2_00000009,data_5062026/2026_05_06_baseline2/00000009.BIN,data_5062026_baseline2_00000009_manual_00_quality_00
3.7,1038.747725,0.5705882352941176,-0.8525,1.3155202854592516,-0.5510944842974356,6.055537192346487,1597.0,1159.0,3.0,16.0,0.68,0,data_5062026_baseline2,data_5062026_baseline2_00000009,data_5062026/2026_05_06_baseline2/00000009.BIN,data_5062026_baseline2_00000009_manual_00_quality_00
3.8,1038.8477249999999,0.5705882352941176,-0.675,1.3264992040116137,-0.5835011244067276,6.4586674722277015,1597.0,1230.0,3.0,16.0,0.68,0,data_5062026_baseline2,data_5062026_baseline2_00000009,data_5062026/2026_05_06_baseline2/00000009.BIN,data_5062026_baseline2_00000009_manual_00_quality_00
3.9,1038.947725,0.5705882352941176,-0.5925,1.3119872395310326,-0.4920624435371088,6.298647254583022,1597.0,1263.0,3.0,16.0,0.68,0,data_5062026_baseline2,data_5062026_baseline2_00000009,data_5062026/2026_05_06_baseline2/00000009.BIN,data_5062026_baseline2_00000009_manual_00_quality_00
4.0,1039.047725,0.5705882352941176,-0.575,1.291055086573297,-0.4319798666394943,6.209800828372914,1597.0,1270.0,3.0,16.0,0.68,0,data_5062026_baseline2,data_5062026_baseline2_00000009,data_5062026/2026_05_06_baseline2/00000009.BIN,data_5062026_baseline2_00000009_manual_00_quality_00
4.1,1039.1477249999998,0.5705882352941176,-0.54,1.26226504930967,-0.37740657241646336,6.72740538615453,1597.0,1284.0,3.0,16.0,0.68,0,data_5062026_baseline2,data_5062026_baseline2_00000009,data_5062026/2026_05_06_baseline2/00000009.BIN,data_5062026_baseline2_00000009_manual_00_quality_00
4.2,1039.247725,0.5647058823529412,-0.435,1.2314907336169765,-0.3246742557287959,6.606525704444123,1596.0,1326.0,3.0,16.0,0.68,0,data_5062026_baseline2,data_5062026_baseline2_00000009,data_5062026/2026_05_06_baseline2/00000009.BIN,data_5062026_baseline2_00000009_manual_00_quality_00
4.3,1039.3477249999999,0.5588235294117647,-0.36,1.2613186113650292,-0.27860254503432647,6.382739429181554,1595.0,1356.0,3.0,16.0,0.68,0,data_5062026_baseline2,data_5062026_baseline2_00000009,data_5062026/2026_05_06_baseline2/00000009.BIN,data_5062026_baseline2_00000009_manual_00_quality_00
4.4,1039.447725,0.5588235294117647,-0.36,1.3064983156263712,-0.2684459804049791,6.32569886341535,1595.0,1356.0,3.0,16.0,0.68,0,data_5062026_baseline2,data_5062026_baseline2_00000009,data_5062026/2026_05_06_baseline2/00000009.BIN,data_5062026_baseline2_00000009_manual_00_quality_00
4.5,1039.547725,0.5647058823529412,-0.49,1.3298142798795267,-0.2782923967096228,6.613175723450723,1596.0,1304.0,3.0,16.0,0.68,0,data_5062026_baseline2,data_5062026_baseline2_00000009,data_5062026/2026_05_06_baseline2/00000009.BIN,data_5062026_baseline2_00000009_manual_00_quality_00
4.6,1039.6477249999998,0.5588235294117647,-0.5125,1.3476102262087266,-0.33947386805621615,7.124295100589545,1595.0,1295.0,3.0,16.0,0.68,0,data_5062026_baseline2,data_5062026_baseline2_00000009,data_5062026/2026_05_06_baseline2/00000009.BIN,data_5062026_baseline2_00000009_manual_00_quality_00
4.7,1039.747725,0.5588235294117647,-0.5125,1.3258915939858273,-0.4065301046705599,7.327414426081296,1595.0,1295.0,3.0,16.0,0.68,0,data_5062026_baseline2,data_5062026_baseline2_00000009,data_5062026/2026_05_06_baseline2/00000009.BIN,data_5062026_baseline2_00000009_manual_00_quality_00
4.8,1039.8477249999999,0.5647058823529412,-0.54,1.2942021505865047,-0.41604668280148327,7.289204659612169,1596.0,1284.0,3.0,16.0,0.68,0,data_5062026_baseline2,data_5062026_baseline2_00000009,data_5062026/2026_05_06_baseline2/00000009.BIN,data_5062026_baseline2_00000009_manual_00_quality_00
4.9,1039.947725,0.5705882352941176,-0.5575,1.3222260914482646,-0.4034244498529498,7.227633306269927,1597.0,1277.0,3.0,16.0,0.68,0,data_5062026_baseline2,data_5062026_baseline2_00000009,data_5062026/2026_05_06_baseline2/00000009.BIN,data_5062026_baseline2_00000009_manual_00_quality_00
5.0,1040.047725,0.5705882352941176,-0.5575,1.3654264508470602,-0.41173265055353603,7.070101030289641,1597.0,1277.0,3.0,16.0,0.68,0,data_5062026_baseline2,data_5062026_baseline2_00000009,data_5062026/2026_05_06_baseline2/00000009.BIN,data_5062026_baseline2_00000009_manual_00_quality_00
5.1,1040.1477249999998,0.5705882352941176,-0.555,1.3736702397042844,-0.4244271762885297,6.824152692228355,1597.0,1278.0,3.0,16.0,0.68,0,data_5062026_baseline2,data_5062026_baseline2_00000009,data_5062026/2026_05_06_baseline2/00000009.BIN,data_5062026_baseline2_00000009_manual_00_quality_00
5.2,1040.247725,0.5647058823529412,-0.5525,1.3730241638047203,-0.4251987356860101,6.524681777204755,1596.0,1279.0,3.0,16.0,0.68,0,data_5062026_baseline2,data_5062026_baseline2_00000009,data_5062026/2026_05_06_baseline2/00000009.BIN,data_5062026_baseline2_00000009_manual_00_quality_00
5.3,1040.3477249999999,0.5705882352941176,-0.5525,1.3740619904153342,-0.43496789760482835,6.632305694152182,1597.0,1279.0,3.0,16.0,0.68,0,data_5062026_baseline2,data_5062026_baseline2_00000009,data_5062026/2026_05_06_baseline2/00000009.BIN,data_5062026_baseline2_00000009_manual_00_quality_00
5.4,1040.447725,0.5647058823529412,-0.555,1.375527391017565,-0.423167473887021,6.4843300049740895,1596.0,1278.0,3.0,16.0,0.68,0,data_5062026_baseline2,data_5062026_baseline2_00000009,data_5062026/2026_05_06_baseline2/00000009.BIN,data_5062026_baseline2_00000009_manual_00_quality_00
5.5,1040.547725,0.5647058823529412,-0.57,1.4033358570892545,-0.4179947402440444,6.170821973630445,1596.0,1272.0,3.0,16.0,0.68,0,data_5062026_baseline2,data_5062026_baseline2_00000009,data_5062026/2026_05_06_baseline2/00000009.BIN,data_5062026_baseline2_00000009_manual_00_quality_00
5.6,1040.6477249999998,0.5823529411764706,-0.5925,1.437801865851063,-0.45094628143596416,6.226823255802026,1599.0,1263.0,3.0,16.0,0.68,0,data_5062026_baseline2,data_5062026_baseline2_00000009,data_5062026/2026_05_06_baseline2/00000009.BIN,data_5062026_baseline2_00000009_manual_00_quality_00
5.7,1040.747725,0.5823529411764706,-0.605,1.4698238918686346,-0.48617354388291406,6.18153258827928,1599.0,1258.0,3.0,16.0,0.68,0,data_5062026_baseline2,data_5062026_baseline2_00000009,data_5062026/2026_05_06_baseline2/00000009.BIN,data_5062026_baseline2_00000009_manual_00_quality_00
5.8,1040.8477249999999,0.5882352941176471,-0.6275,1.5012283781958486,-0.5097101527398945,6.432382317556044,1600.0,1249.0,3.0,16.0,0.68,0,data_5062026_baseline2,data_5062026_baseline2_00000009,data_5062026/2026_05_06_baseline2/00000009.BIN,data_5062026_baseline2_00000009_manual_00_quality_00
5.9,1040.947725,0.6058823529411764,-0.66,1.5344962669925413,-0.540416923665634,6.314631722094314,1603.0,1236.0,3.0,16.0,0.68,0,data_5062026_baseline2,data_5062026_baseline2_00000009,data_5062026/2026_05_06_baseline2/00000009.BIN,data_5062026_baseline2_00000009_manual_00_quality_00
6.0,1041.047725,0.611764705882353,-0.73,1.5682381874258853,-0.5811959097377144,6.292061267074252,1604.0,1208.0,3.0,16.0,0.68,0,data_5062026_baseline2,data_5062026_baseline2_00000009,data_5062026/2026_05_06_baseline2/00000009.BIN,data_5062026_baseline2_00000009_manual_00_quality_00
6.1,1041.1477249999998,0.611764705882353,-0.72,1.58618635566763,-0.6055916375910888,7.086523635320962,1604.0,1212.0,3.0,16.0,0.68,0,data_5062026_baseline2,data_5062026_baseline2_00000009,data_5062026/2026_05_06_baseline2/00000009.BIN,data_5062026_baseline2_00000009_manual_00_quality_00
6.2,1041.247725,0.6294117647058823,-0.535,1.5934504605606874,-0.6555789399181812,7.712075047207384,1607.0,1286.0,3.0,16.0,0.68,0,data_5062026_baseline2,data_5062026_baseline2_00000009,data_5062026/2026_05_06_baseline2/00000009.BIN,data_5062026_baseline2_00000009_manual_00_quality_00
6.3,1041.3477249999999,0.7235294117647059,-0.3875,1.5606476294664484,-0.6454445384352415,7.896133128496479,1623.0,1345.0,3.0,16.0,0.68,0,data_5062026_baseline2,data_5062026_baseline2_00000009,data_5062026/2026_05_06_baseline2/00000009.BIN,data_5062026_baseline2_00000009_manual_00_quality_00
6.4,1041.447725,0.7705882352941177,-0.38,1.5176553079093056,-0.5584005185114492,8.394934029278268,1631.0,1348.0,3.0,16.0,0.68,0,data_5062026_baseline2,data_5062026_baseline2_00000009,data_5062026/2026_05_06_baseline2/00000009.BIN,data_5062026_baseline2_00000009_manual_00_quality_00
6.5,1041.547725,0.788235294117647,-0.4075,1.5058453405098404,-0.4757162914139172,8.846247331765063,1634.0,1337.0,3.0,16.0,0.68,0,data_5062026_baseline2,data_5062026_baseline2_00000009,data_5062026/2026_05_06_baseline2/00000009.BIN,data_5062026_baseline2_00000009_manual_00_quality_00
6.6,1041.6477249999998,0.7823529411764706,-0.1075,1.5019149447903308,-0.42619490922947395,8.529804302452739,1633.0,1457.0,3.0,16.0,0.68,0,data_5062026_baseline2,data_5062026_baseline2_00000009,data_5062026/2026_05_06_baseline2/00000009.BIN,data_5062026_baseline2_00000009_manual_00_quality_00
6.7,1041.747725,0.7823529411764706,-0.0925,1.5098452238842714,-0.29878383299726713,8.252054903505284,1633.0,1463.0,3.0,16.0,0.68,0,data_5062026_baseline2,data_5062026_baseline2_00000009,data_5062026/2026_05_06_baseline2/00000009.BIN,data_5062026_baseline2_00000009_manual_00_quality_00
6.8,1041.8477249999999,0.7705882352941177,-0.0175,1.520777642933335,-0.18675329434212093,7.941573716112777,1631.0,1493.0,3.0,16.0,0.68,0,data_5062026_baseline2,data_5062026_baseline2_00000009,data_5062026/2026_05_06_baseline2/00000009.BIN,data_5062026_baseline2_00000009_manual_00_quality_00
6.9,1041.947725,0.7647058823529411,0.0,1.577903380556554,-0.11618052555695796,8.112208574406933,1630.0,1500.0,3.0,16.0,0.68,0,data_5062026_baseline2,data_5062026_baseline2_00000009,data_5062026/2026_05_06_baseline2/00000009.BIN,data_5062026_baseline2_00000009_manual_00_quality_00
7.0,1042.047725,0.8,0.0,1.6467700793032836,-0.08252298147839468,8.457308049258788,1636.0,1500.0,3.0,16.0,0.68,0,data_5062026_baseline2,data_5062026_baseline2_00000009,data_5062026/2026_05_06_baseline2/00000009.BIN,data_5062026_baseline2_00000009_manual_00_quality_00
7.1,1042.1477249999998,0.8058823529411765,0.0,1.6833695381202982,-0.08324700075413506,8.106368483707358,1637.0,1500.0,3.0,16.0,0.68,0,data_5062026_baseline2,data_5062026_baseline2_00000009,data_5062026/2026_05_06_baseline2/00000009.BIN,data_5062026_baseline2_00000009_manual_00_quality_00
7.2,1042.247725,0.788235294117647,0.0,1.7118142691752112,-0.08779365620684153,8.304934121078995,1634.0,1500.0,3.0,16.0,0.68,0,data_5062026_baseline2,data_5062026_baseline2_00000009,data_5062026/2026_05_06_baseline2/00000009.BIN,data_5062026_baseline2_00000009_manual_00_quality_00
7.3,1042.3477249999999,0.7705882352941177,0.0,1.7198765229102784,-0.07318311790151917,8.49291427694174,1631.0,1500.0,3.0,16.0,0.68,0,data_5062026_baseline2,data_5062026_baseline2_00000009,data_5062026/2026_05_06_baseline2/00000009.BIN,data_5062026_baseline2_00000009_manual_00_quality_00
7.4,1042.447725,0.7470588235294118,0.0,1.722773860009295,-0.05140039809244942,9.222306480491914,1627.0,1500.0,3.0,16.0,0.68,0,data_5062026_baseline2,data_5062026_baseline2_00000009,data_5062026/2026_05_06_baseline2/00000009.BIN,data_5062026_baseline2_00000009_manual_00_quality_00
7.5,1042.547725,0.6529411764705882,0.0,1.7586001036379537,-0.02727759306695576,9.053011422711428,1611.0,1500.0,3.0,16.0,0.68,0,data_5062026_baseline2,data_5062026_baseline2_00000009,data_5062026/2026_05_06_baseline2/00000009.BIN,data_5062026_baseline2_00000009_manual_00_quality_00
7.6,1042.6477249999998,0.6058823529411764,0.0,1.802789158957862,0.016116899531247283,9.490576285751517,1603.0,1500.0,3.0,16.0,0.68,0,data_5062026_baseline2,data_5062026_baseline2_00000009,data_5062026/2026_05_06_baseline2/00000009.BIN,data_5062026_baseline2_00000009_manual_00_quality_00
7.7,1042.747725,0.5705882352941176,0.0,1.7997561622631117,0.016770377382581882,9.909797480403466,1597.0,1500.0,3.0,16.0,0.68,0,data_5062026_baseline2,data_5062026_baseline2_00000009,data_5062026/2026_05_06_baseline2/00000009.BIN,data_5062026_baseline2_00000009_manual_00_quality_00
7.8,1042.8477249999999,0.5352941176470588,-0.0625,1.7847548791339105,0.010021621959999259,9.567453071055374,1591.0,1475.0,3.0,16.0,0.68,0,data_5062026_baseline2,data_5062026_baseline2_00000009,data_5062026/2026_05_06_baseline2/00000009.BIN,data_5062026_baseline2_00000009_manual_00_quality_00
7.9,1042.947725,0.4235294117647059,0.0,1.7281994742328772,-0.012280401444999112,9.753141359845042,1572.0,1500.0,3.0,16.0,0.68,0,data_5062026_baseline2,data_5062026_baseline2_00000009,data_5062026/2026_05_06_baseline2/00000009.BIN,data_5062026_baseline2_00000009_manual_00_quality_00
8.0,1043.047725,0.38235294117647056,0.0,1.661035804836815,-0.0013172098724612057,9.31393525722509,1565.0,1500.0,3.0,16.0,0.68,0,data_5062026_baseline2,data_5062026_baseline2_00000009,data_5062026/2026_05_06_baseline2/00000009.BIN,data_5062026_baseline2_00000009_manual_00_quality_00
8.1,1043.1477249999998,0.3176470588235294,0.0,1.5426579634135806,0.01729218007320552,9.028716681992796,1554.0,1500.0,3.0,16.0,0.68,0,data_5062026_baseline2,data_5062026_baseline2_00000009,data_5062026/2026_05_06_baseline2/00000009.BIN,data_5062026_baseline2_00000009_manual_00_quality_00
8.2,1043.247725,0.31176470588235294,0.0,1.4112291582102916,0.012672624880192992,8.240284453994459,1553.0,1500.0,3.0,16.0,0.68,0,data_5062026_baseline2,data_5062026_baseline2_00000009,data_5062026/2026_05_06_baseline2/00000009.BIN,data_5062026_baseline2_00000009_manual_00_quality_00
8.3,1043.3477249999999,0.29411764705882354,0.0,1.2816742077651253,0.031835240580811774,7.355094299462473,1550.0,1500.0,3.0,16.0,0.68,0,data_5062026_baseline2,data_5062026_baseline2_00000009,data_5062026/2026_05_06_baseline2/00000009.BIN,data_5062026_baseline2_00000009_manual_00_quality_00
8.4,1043.447725,0.29411764705882354,0.0,1.1533858710840432,0.047783727844162016,6.598218453626531,1550.0,1500.0,3.0,16.0,0.68,0,data_5062026_baseline2,data_5062026_baseline2_00000009,data_5062026/2026_05_06_baseline2/00000009.BIN,data_5062026_baseline2_00000009_manual_00_quality_00
8.5,1043.547725,0.29411764705882354,-0.005,1.055561186374727,0.04915721213177723,5.777214494348034,1550.0,1498.0,3.0,16.0,0.68,0,data_5062026_baseline2,data_5062026_baseline2_00000009,data_5062026/2026_05_06_baseline2/00000009.BIN,data_5062026_baseline2_00000009_manual_00_quality_00
8.6,1043.6477249999998,0.31176470588235294,0.0,0.9654689126503282,0.034415542417841456,4.635291449725991,1553.0,1500.0,3.0,16.0,0.68,0,data_5062026_baseline2,data_5062026_baseline2_00000009,data_5062026/2026_05_06_baseline2/00000009.BIN,data_5062026_baseline2_00000009_manual_00_quality_00
8.7,1043.747725,0.31176470588235294,0.0,0.9159054095422009,0.005384370131192589,3.7725689424024305,1553.0,1500.0,3.0,16.0,0.68,0,data_5062026_baseline2,data_5062026_baseline2_00000009,data_5062026/2026_05_06_baseline2/00000009.BIN,data_5062026_baseline2_00000009_manual_00_quality_00
8.8,1043.8477249999999,0.3235294117647059,0.0,0.8765622757189697,-0.015549747281801165,3.3470253016819282,1555.0,1500.0,3.0,16.0,0.68,0,data_5062026_baseline2,data_5062026_baseline2_00000009,data_5062026/2026_05_06_baseline2/00000009.BIN,data_5062026_baseline2_00000009_manual_00_quality_00
8.9,1043.947725,0.3352941176470588,0.0,0.8800012028706458,-0.035330336427977664,3.202418966830357,1557.0,1500.0,3.0,16.0,0.68,0,data_5062026_baseline2,data_5062026_baseline2_00000009,data_5062026/2026_05_06_baseline2/00000009.BIN,data_5062026_baseline2_00000009_manual_00_quality_00
9.0,1044.047725,0.34705882352941175,0.0,0.8943187623820841,-0.05895973343010647,2.9733094067508707,1559.0,1500.0,3.0,16.0,0.68,0,data_5062026_baseline2,data_5062026_baseline2_00000009,data_5062026/2026_05_06_baseline2/00000009.BIN,data_5062026_baseline2_00000009_manual_00_quality_00
9.1,1044.1477249999998,0.36470588235294116,0.0,0.8937663512744524,-0.09719631129664766,2.75774590236909,1562.0,1500.0,3.0,16.0,0.68,0,data_5062026_baseline2,data_5062026_baseline2_00000009,data_5062026/2026_05_06_baseline2/00000009.BIN,data_5062026_baseline2_00000009_manual_00_quality_00
9.2,1044.247725,0.36470588235294116,0.0,0.8894302269343252,-0.10197524318273749,2.841707672149693,1562.0,1500.0,3.0,16.0,0.68,0,data_5062026_baseline2,data_5062026_baseline2_00000009,data_5062026/2026_05_06_baseline2/00000009.BIN,data_5062026_baseline2_00000009_manual_00_quality_00
9.3,1044.3477249999999,0.37058823529411766,0.0,0.8843618958037165,-0.06192171693673224,3.2688470463737445,1563.0,1500.0,3.0,16.0,0.68,0,data_5062026_baseline2,data_5062026_baseline2_00000009,data_5062026/2026_05_06_baseline2/00000009.BIN,data_5062026_baseline2_00000009_manual_00_quality_00
9.4,1044.447725,0.38235294117647056,0.0,0.8791076668511738,-0.025650616845833227,3.4432652139954154,1565.0,1500.0,3.0,16.0,0.68,0,data_5062026_baseline2,data_5062026_baseline2_00000009,data_5062026/2026_05_06_baseline2/00000009.BIN,data_5062026_baseline2_00000009_manual_00_quality_00
9.5,1044.547725,0.38823529411764707,0.0,0.9020989261071827,0.022063961644343315,3.420074791917365,1566.0,1500.0,3.0,16.0,0.68,0,data_5062026_baseline2,data_5062026_baseline2_00000009,data_5062026/2026_05_06_baseline2/00000009.BIN,data_5062026_baseline2_00000009_manual_00_quality_00
9.6,1044.6477249999998,0.38235294117647056,0.0,0.9322413764891626,0.06604261731827223,3.720305209612647,1565.0,1500.0,3.0,16.0,0.68,0,data_5062026_baseline2,data_5062026_baseline2_00000009,data_5062026/2026_05_06_baseline2/00000009.BIN,data_5062026_baseline2_00000009_manual_00_quality_00
9.7,1044.747725,0.38235294117647056,0.0,0.923639625097914,0.07741336652556244,4.2929653694451595,1565.0,1500.0,3.0,16.0,0.68,0,data_5062026_baseline2,data_5062026_baseline2_00000009,data_5062026/2026_05_06_baseline2/00000009.BIN,data_5062026_baseline2_00000009_manual_00_quality_00
9.8,1044.8477249999999,0.4,0.0,0.9052158377978298,0.08193006672037921,4.607406917418026,1568.0,1500.0,3.0,16.0,0.68,0,data_5062026_baseline2,data_5062026_baseline2_00000009,data_5062026/2026_05_06_baseline2/00000009.BIN,data_5062026_baseline2_00000009_manual_00_quality_00
9.9,1044.947725,0.38235294117647056,0.0,0.9171549070764143,0.06305383831751597,4.886049125875732,1565.0,1500.0,3.0,16.0,0.68,0,data_5062026_baseline2,data_5062026_baseline2_00000009,data_5062026/2026_05_06_baseline2/00000009.BIN,data_5062026_baseline2_00000009_manual_00_quality_00
10.0,1045.047725,0.38823529411764707,0.0,0.9368399841218595,0.02815963646793431,5.264197137948664,1566.0,1500.0,3.0,16.0,0.68,0,data_5062026_baseline2,data_5062026_baseline2_00000009,data_5062026/2026_05_06_baseline2/00000009.BIN,data_5062026_baseline2_00000009_manual_00_quality_00
10.1,1045.1477249999998,0.4117647058823529,0.0,0.9274588947982058,0.010861051561187964,5.543493492237585,1570.0,1500.0,3.0,16.0,0.68,0,data_5062026_baseline2,data_5062026_baseline2_00000009,data_5062026/2026_05_06_baseline2/00000009.BIN,data_5062026_baseline2_00000009_manual_00_quality_00
10.2,1045.247725,0.43529411764705883,0.0,0.9106589388695421,0.007569863018292563,5.4666390885041185,1574.0,1500.0,3.0,16.0,0.68,0,data_5062026_baseline2,data_5062026_baseline2_00000009,data_5062026/2026_05_06_baseline2/00000009.BIN,data_5062026_baseline2_00000009_manual_00_quality_00
10.3,1045.3477249999999,0.4764705882352941,0.0,0.9245910121767004,-0.006463462230675048,5.461287253892441,1581.0,1500.0,3.0,16.0,0.68,0,data_5062026_baseline2,data_5062026_baseline2_00000009,data_5062026/2026_05_06_baseline2/00000009.BIN,data_5062026_baseline2_00000009_manual_00_quality_00
10.4,1045.447725,0.49411764705882355,0.0,0.9463200889378557,-0.013957668728250473,5.773811099685239,1584.0,1500.0,3.0,16.0,0.68,0,data_5062026_baseline2,data_5062026_baseline2_00000009,data_5062026/2026_05_06_baseline2/00000009.BIN,data_5062026_baseline2_00000009_manual_00_quality_00
10.5,1045.547725,0.4823529411764706,0.0,1.0318655364691218,0.006713352810460988,5.748575083555078,1582.0,1500.0,3.0,16.0,0.68,0,data_5062026_baseline2,data_5062026_baseline2_00000009,data_5062026/2026_05_06_baseline2/00000009.BIN,data_5062026_baseline2_00000009_manual_00_quality_00
10.6,1045.6477249999998,0.45294117647058824,0.0,1.1174109840003879,0.038795203003262155,5.693888679501006,1577.0,1500.0,3.0,16.0,0.68,0,data_5062026_baseline2,data_5062026_baseline2_00000009,data_5062026/2026_05_06_baseline2/00000009.BIN,data_5062026_baseline2_00000009_manual_00_quality_00
10.7,1045.747725,0.45294117647058824,0.0,1.134935212798857,0.048174308528068505,5.430959588170078,1577.0,1500.0,3.0,16.0,0.68,0,data_5062026_baseline2,data_5062026_baseline2_00000009,data_5062026/2026_05_06_baseline2/00000009.BIN,data_5062026_baseline2_00000009_manual_00_quality_00
10.8,1045.8477249999999,0.45294117647058824,0.0,1.135170480566157,0.07087065378986372,5.182818636528964,1577.0,1500.0,3.0,16.0,0.68,0,data_5062026_baseline2,data_5062026_baseline2_00000009,data_5062026/2026_05_06_baseline2/00000009.BIN,data_5062026_baseline2_00000009_manual_00_quality_00
10.9,1045.947725,0.47058823529411764,0.0,1.122880133802157,0.08511354980507235,5.344098292096616,1580.0,1500.0,3.0,16.0,0.68,0,data_5062026_baseline2,data_5062026_baseline2_00000009,data_5062026/2026_05_06_baseline2/00000009.BIN,data_5062026_baseline2_00000009_manual_00_quality_00
11.0,1046.047725,0.47058823529411764,0.0,1.10740752916845,0.07824903653210505,5.590348858540995,1580.0,1500.0,3.0,16.0,0.68,0,data_5062026_baseline2,data_5062026_baseline2_00000009,data_5062026/2026_05_06_baseline2/00000009.BIN,data_5062026_baseline2_00000009_manual_00_quality_00
11.1,1046.1477249999998,0.4588235294117647,0.0,1.1014179017130106,0.060161769313701534,5.4823219019703435,1578.0,1500.0,3.0,16.0,0.68,0,data_5062026_baseline2,data_5062026_baseline2_00000009,data_5062026/2026_05_06_baseline2/00000009.BIN,data_5062026_baseline2_00000009_manual_00_quality_00
11.2,1046.247725,0.45294117647058824,0.0,1.0978469225948444,0.04746079662886282,5.322283910899167,1577.0,1500.0,3.0,16.0,0.68,0,data_5062026_baseline2,data_5062026_baseline2_00000009,data_5062026/2026_05_06_baseline2/00000009.BIN,data_5062026_baseline2_00000009_manual_00_quality_00
11.3,1046.3477249999999,0.43529411764705883,0.0,1.1391968199274745,0.042099598313320025,5.966345098189491,1574.0,1500.0,3.0,16.0,0.68,0,data_5062026_baseline2,data_5062026_baseline2_00000009,data_5062026/2026_05_06_baseline2/00000009.BIN,data_5062026_baseline2_00000009_manual_00_quality_00
11.4,1046.447725,0.4117647058823529,0.0,1.1919847598870563,-0.00014486087021460984,6.068458390656578,1570.0,1500.0,3.0,16.0,0.68,0,data_5062026_baseline2,data_5062026_baseline2_00000009,data_5062026/2026_05_06_baseline2/00000009.BIN,data_5062026_baseline2_00000009_manual_00_quality_00
11.5,1046.547725,0.43529411764705883,-0.4475,1.2132100318605699,-0.006529596056181366,5.76569645740712,1574.0,1321.0,3.0,16.0,0.68,0,data_5062026_baseline2,data_5062026_baseline2_00000009,data_5062026/2026_05_06_baseline2/00000009.BIN,data_5062026_baseline2_00000009_manual_00_quality_00
11.6,1046.6477249999998,0.4823529411764706,-0.675,1.226452694066827,-0.08490160093044297,5.772369183238857,1582.0,1230.0,3.0,16.0,0.68,0,data_5062026_baseline2,data_5062026_baseline2_00000009,data_5062026/2026_05_06_baseline2/00000009.BIN,data_5062026_baseline2_00000009_manual_00_quality_00
11.7,1046.747725,0.49411764705882355,-0.7925,1.2492111468701048,-0.19106709671383718,5.890005240923585,1584.0,1183.0,3.0,16.0,0.68,0,data_5062026_baseline2,data_5062026_baseline2_00000009,data_5062026/2026_05_06_baseline2/00000009.BIN,data_5062026_baseline2_00000009_manual_00_quality_00
11.8,1046.8477249999999,0.5,-0.9075,1.2743789564483898,-0.25220527059206344,5.831170343708925,1585.0,1137.0,3.0,16.0,0.68,0,data_5062026_baseline2,data_5062026_baseline2_00000009,data_5062026/2026_05_06_baseline2/00000009.BIN,data_5062026_baseline2_00000009_manual_00_quality_00
11.9,1046.947725,0.5588235294117647,-1.0,1.3157176582908916,-0.26476851394108336,5.876585553311632,1595.0,1100.0,3.0,16.0,0.68,0,data_5062026_baseline2,data_5062026_baseline2_00000009,data_5062026/2026_05_06_baseline2/00000009.BIN,data_5062026_baseline2_00000009_manual_00_quality_00
12.0,1047.047725,0.5823529411764706,-1.0,1.3611512676337534,-0.26897038593376543,5.875404269674767,1599.0,1100.0,3.0,16.0,0.68,0,data_5062026_baseline2,data_5062026_baseline2_00000009,data_5062026/2026_05_06_baseline2/00000009.BIN,data_5062026_baseline2_00000009_manual_00_quality_00
12.1,1047.1477249999998,0.5941176470588235,-1.0,1.3797215943443368,-0.29112214607355774,6.1320378836458955,1601.0,1100.0,3.0,16.0,0.68,0,data_5062026_baseline2,data_5062026_baseline2_00000009,data_5062026/2026_05_06_baseline2/00000009.BIN,data_5062026_baseline2_00000009_manual_00_quality_00
12.2,1047.247725,0.5823529411764706,-1.0,1.3801233824643235,-0.33448929173273,6.393879986793053,1599.0,1100.0,3.0,16.0,0.68,0,data_5062026_baseline2,data_5062026_baseline2_00000009,data_5062026/2026_05_06_baseline2/00000009.BIN,data_5062026_baseline2_00000009_manual_00_quality_00
12.3,1047.3477249999999,0.5823529411764706,-1.0,1.4127613460669244,-0.3518198995104655,6.665907999344872,1599.0,1100.0,3.0,16.0,0.68,0,data_5062026_baseline2,data_5062026_baseline2_00000009,data_5062026/2026_05_06_baseline2/00000009.BIN,data_5062026_baseline2_00000009_manual_00_quality_00
12.4,1047.447725,0.5941176470588235,-1.0,1.4535912610072605,-0.39281641171755177,6.57324113954233,1601.0,1100.0,3.0,16.0,0.68,0,data_5062026_baseline2,data_5062026_baseline2_00000009,data_5062026/2026_05_06_baseline2/00000009.BIN,data_5062026_baseline2_00000009_manual_00_quality_00
12.5,1047.547725,0.6058823529411764,-1.0,1.4686401479747557,-0.4121197629716859,6.607918806693353,1603.0,1100.0,3.0,16.0,0.68,0,data_5062026_baseline2,data_5062026_baseline2_00000009,data_5062026/2026_05_06_baseline2/00000009.BIN,data_5062026_baseline2_00000009_manual_00_quality_00
12.6,1047.6477249999998,0.6058823529411764,-1.0,1.4771520756602303,-0.4674079006477935,6.667470419621474,1603.0,1100.0,3.0,16.0,0.68,0,data_5062026_baseline2,data_5062026_baseline2_00000009,data_5062026/2026_05_06_baseline2/00000009.BIN,data_5062026_baseline2_00000009_manual_00_quality_00
12.7,1047.747725,0.6235294117647059,-1.0,1.503837008734294,-0.5205000987410916,6.633429574844571,1606.0,1100.0,3.0,16.0,0.68,0,data_5062026_baseline2,data_5062026_baseline2_00000009,data_5062026/2026_05_06_baseline2/00000009.BIN,data_5062026_baseline2_00000009_manual_00_quality_00
12.8,1047.8477249999999,0.611764705882353,-0.625,1.5351532749129153,-0.5672123067179358,6.70389867012002,1604.0,1250.0,3.0,16.0,0.68,0,data_5062026_baseline2,data_5062026_baseline2_00000009,data_5062026/2026_05_06_baseline2/00000009.BIN,data_5062026_baseline2_00000009_manual_00_quality_00
12.9,1047.947725,0.6058823529411764,-0.4625,1.5565193262792434,-0.5875649979403178,6.668832263893021,1603.0,1315.0,3.0,16.0,0.68,0,data_5062026_baseline2,data_5062026_baseline2_00000009,data_5062026/2026_05_06_baseline2/00000009.BIN,data_5062026_baseline2_00000009_manual_00_quality_00
13.0,1048.047725,0.6058823529411764,-0.3925,1.5753505367940777,-0.5087760009571802,6.674254874870705,1603.0,1343.0,3.0,16.0,0.68,0,data_5062026_baseline2,data_5062026_baseline2_00000009,data_5062026/2026_05_06_baseline2/00000009.BIN,data_5062026_baseline2_00000009_manual_00_quality_00
13.1,1048.1477249999998,0.611764705882353,-0.455,1.519801030053503,-0.3969344142888013,6.901882166901108,1604.0,1318.0,3.0,16.0,0.68,0,data_5062026_baseline2,data_5062026_baseline2_00000009,data_5062026/2026_05_06_baseline2/00000009.BIN,data_5062026_baseline2_00000009_manual_00_quality_00
13.2,1048.247725,0.5705882352941176,0.0,1.445424489718592,-0.3373107942330042,6.927259000857582,1597.0,1500.0,3.0,16.0,0.68,0,data_5062026_baseline2,data_5062026_baseline2_00000009,data_5062026/2026_05_06_baseline2/00000009.BIN,data_5062026_baseline2_00000009_manual_00_quality_00
13.3,1048.3477249999999,0.5235294117647059,0.235,1.4137823919590944,-0.16781837986702974,6.930149033777256,1589.0,1594.0,3.0,16.0,0.68,0,data_5062026_baseline2,data_5062026_baseline2_00000009,data_5062026/2026_05_06_baseline2/00000009.BIN,data_5062026_baseline2_00000009_manual_00_quality_00
13.4,1048.447725,0.4764705882352941,0.4225,1.392959126863455,0.09887823667611925,6.779213643824977,1581.0,1669.0,3.0,16.0,0.68,0,data_5062026_baseline2,data_5062026_baseline2_00000009,data_5062026/2026_05_06_baseline2/00000009.BIN,data_5062026_baseline2_00000009_manual_00_quality_00
13.5,1048.547725,0.5235294117647059,0.4375,1.3230850307052193,0.29604834574463224,6.626411866372859,1589.0,1675.0,3.0,16.0,0.68,0,data_5062026_baseline2,data_5062026_baseline2_00000009,data_5062026/2026_05_06_baseline2/00000009.BIN,data_5062026_baseline2_00000009_manual_00_quality_00
13.6,1048.6477249999998,0.5647058823529412,0.3075,1.2408130395840586,0.3781176153639843,6.742838314634613,1596.0,1623.0,3.0,16.0,0.68,0,data_5062026_baseline2,data_5062026_baseline2_00000009,data_5062026/2026_05_06_baseline2/00000009.BIN,data_5062026_baseline2_00000009_manual_00_quality_00
13.7,1048.747725,0.5882352941176471,0.175,1.2544119708079045,0.3555655890993262,6.55722187985335,1600.0,1570.0,3.0,15.0,0.68,0,data_5062026_baseline2,data_5062026_baseline2_00000009,data_5062026/2026_05_06_baseline2/00000009.BIN,data_5062026_baseline2_00000009_manual_00_quality_00
13.8,1048.8477249999999,0.6058823529411764,0.0,1.292379933463808,0.2513246376949289,6.326539399725538,1603.0,1500.0,3.0,15.0,0.68,0,data_5062026_baseline2,data_5062026_baseline2_00000009,data_5062026/2026_05_06_baseline2/00000009.BIN,data_5062026_baseline2_00000009_manual_00_quality_00
13.9,1048.947725,0.6294117647058823,0.0,1.3580951205727394,0.13028216226078243,6.461497044752557,1607.0,1500.0,3.0,15.0,0.68,0,data_5062026_baseline2,data_5062026_baseline2_00000009,data_5062026/2026_05_06_baseline2/00000009.BIN,data_5062026_baseline2_00000009_manual_00_quality_00
14.0,1049.047725,0.5823529411764706,0.2075,1.430878105315437,0.06909387920140701,6.447019916099822,1599.0,1583.0,3.0,15.0,0.68,0,data_5062026_baseline2,data_5062026_baseline2_00000009,data_5062026/2026_05_06_baseline2/00000009.BIN,data_5062026_baseline2_00000009_manual_00_quality_00
14.1,1049.1477249999998,0.5470588235294118,0.395,1.4795588584809904,0.1017547400657714,6.124841542054373,1593.0,1658.0,3.0,16.0,0.68,0,data_5062026_baseline2,data_5062026_baseline2_00000009,data_5062026/2026_05_06_baseline2/00000009.BIN,data_5062026_baseline2_00000009_manual_00_quality_00
14.2,1049.247725,0.5411764705882353,0.595,1.5221249138105528,0.2717804443208154,6.392948458347406,1592.0,1738.0,3.0,16.0,0.68,0,data_5062026_baseline2,data_5062026_baseline2_00000009,data_5062026/2026_05_06_baseline2/00000009.BIN,data_5062026_baseline2_00000009_manual_00_quality_00
14.3,1049.3477249999999,0.5705882352941176,0.58,1.4383367565576906,0.4438344468434521,6.484639367280616,1597.0,1732.0,3.0,16.0,0.68,0,data_5062026_baseline2,data_5062026_baseline2_00000009,data_5062026/2026_05_06_baseline2/00000009.BIN,data_5062026_baseline2_00000009_manual_00_quality_00
14.4,1049.447725,0.5823529411764706,0.53,1.3223635421565507,0.5378379524474813,6.702041460985173,1599.0,1712.0,3.0,16.0,0.68,0,data_5062026_baseline2,data_5062026_baseline2_00000009,data_5062026/2026_05_06_baseline2/00000009.BIN,data_5062026_baseline2_00000009_manual_00_quality_00
14.5,1049.547725,0.5588235294117647,0.43,1.2795839849802677,0.5228877173046356,6.946799134627824,1595.0,1672.0,3.0,16.0,0.68,0,data_5062026_baseline2,data_5062026_baseline2_00000009,data_5062026/2026_05_06_baseline2/00000009.BIN,data_5062026_baseline2_00000009_manual_00_quality_00
14.6,1049.6477249999998,0.5647058823529412,0.37,1.255336743340605,0.470681995262435,6.687854685365895,1596.0,1648.0,3.0,16.0,0.68,0,data_5062026_baseline2,data_5062026_baseline2_00000009,data_5062026/2026_05_06_baseline2/00000009.BIN,data_5062026_baseline2_00000009_manual_00_quality_00
14.7,1049.747725,0.5705882352941176,0.3675,1.2438123892719541,0.43092404253093536,7.071264914080558,1597.0,1647.0,3.0,16.0,0.68,0,data_5062026_baseline2,data_5062026_baseline2_00000009,data_5062026/2026_05_06_baseline2/00000009.BIN,data_5062026_baseline2_00000009_manual_00_quality_00
14.8,1049.8477249999999,0.5647058823529412,0.31,1.2354964377126374,0.3635567724705243,7.286404064245147,1596.0,1624.0,3.0,16.0,0.68,0,data_5062026_baseline2,data_5062026_baseline2_00000009,data_5062026/2026_05_06_baseline2/00000009.BIN,data_5062026_baseline2_00000009_manual_00_quality_00
14.9,1049.947725,0.5588235294117647,0.215,1.3053146041392243,0.30170664265680225,7.234599194939034,1595.0,1586.0,3.0,16.0,0.68,0,data_5062026_baseline2,data_5062026_baseline2_00000009,data_5062026/2026_05_06_baseline2/00000009.BIN,data_5062026_baseline2_00000009_manual_00_quality_00
15.0,1050.047725,0.5176470588235295,0.2125,1.394895133085332,0.2516528292138107,7.188639583153479,1588.0,1585.0,3.0,16.0,0.68,0,data_5062026_baseline2,data_5062026_baseline2_00000009,data_5062026/2026_05_06_baseline2/00000009.BIN,data_5062026_baseline2_00000009_manual_00_quality_00
15.1,1050.1477249999998,0.4823529411764706,0.1875,1.379195543259026,0.22323617331661627,7.151160721490915,1582.0,1575.0,3.0,16.0,0.68,0,data_5062026_baseline2,data_5062026_baseline2_00000009,data_5062026/2026_05_06_baseline2/00000009.BIN,data_5062026_baseline2_00000009_manual_00_quality_00
15.2,1050.247725,0.4764705882352941,0.11,1.3368543645770512,0.15142242030727798,6.994920474611459,1581.0,1544.0,3.0,16.0,0.68,0,data_5062026_baseline2,data_5062026_baseline2_00000009,data_5062026/2026_05_06_baseline2/00000009.BIN,data_5062026_baseline2_00000009_manual_00_quality_00
15.3,1050.3477249999999,0.5176470588235295,0.0825,1.3243734743635633,0.09489783646478711,7.097898443040378,1588.0,1533.0,3.0,16.0,0.68,0,data_5062026_baseline2,data_5062026_baseline2_00000009,data_5062026/2026_05_06_baseline2/00000009.BIN,data_5062026_baseline2_00000009_manual_00_quality_00
15.4,1050.447725,0.5352941176470588,0.1,1.3194615223712824,0.029405417496410884,7.010479024041171,1591.0,1540.0,3.0,16.0,0.68,0,data_5062026_baseline2,data_5062026_baseline2_00000009,data_5062026/2026_05_06_baseline2/00000009.BIN,data_5062026_baseline2_00000009_manual_00_quality_00
15.5,1050.547725,0.5235294117647059,0.0925,1.3386875662075859,-0.02075624271120795,6.814772895852818,1589.0,1537.0,3.0,16.0,0.68,0,data_5062026_baseline2,data_5062026_baseline2_00000009,data_5062026/2026_05_06_baseline2/00000009.BIN,data_5062026_baseline2_00000009_manual_00_quality_00
15.6,1050.6477249999998,0.5117647058823529,0.14,1.3640358637246464,-0.027055607468260575,6.669089677909468,1587.0,1556.0,3.0,16.0,0.68,0,data_5062026_baseline2,data_5062026_baseline2_00000009,data_5062026/2026_05_06_baseline2/00000009.BIN,data_5062026_baseline2_00000009_manual_00_quality_00
15.7,1050.747725,0.4823529411764706,0.1375,1.3788233687556577,-0.021490286399492995,6.588972598815687,1582.0,1555.0,3.0,16.0,0.68,0,data_5062026_baseline2,data_5062026_baseline2_00000009,data_5062026/2026_05_06_baseline2/00000009.BIN,data_5062026_baseline2_00000009_manual_00_quality_00
15.8,1050.8477249999999,0.4294117647058823,0.2175,1.3909307875178425,0.00016509111180368813,6.37777333605413,1573.0,1587.0,3.0,16.0,0.68,0,data_5062026_baseline2,data_5062026_baseline2_00000009,data_5062026/2026_05_06_baseline2/00000009.BIN,data_5062026_baseline2_00000009_manual_00_quality_00
15.9,1050.947725,0.38823529411764707,0.5375,1.3649859860888514,0.07793455137426901,6.058459683114329,1566.0,1715.0,3.0,16.0,0.68,0,data_5062026_baseline2,data_5062026_baseline2_00000009,data_5062026/2026_05_06_baseline2/00000009.BIN,data_5062026_baseline2_00000009_manual_00_quality_00
16.0,1051.047725,0.4294117647058823,0.53,1.3293377037539125,0.1807648243513346,5.749372755736571,1573.0,1712.0,3.0,16.0,0.68,0,data_5062026_baseline2,data_5062026_baseline2_00000009,data_5062026/2026_05_06_baseline2/00000009.BIN,data_5062026_baseline2_00000009_manual_00_quality_00
16.1,1051.1477249999998,0.43529411764705883,0.55,1.2515989121118423,0.2412583892646033,5.112361644894141,1574.0,1720.0,3.0,16.0,0.68,0,data_5062026_baseline2,data_5062026_baseline2_00000009,data_5062026/2026_05_06_baseline2/00000009.BIN,data_5062026_baseline2_00000009_manual_00_quality_00
16.2,1051.247725,0.4294117647058823,0.61,1.1631314985308487,0.3272413263713416,4.699528423136432,1573.0,1744.0,3.0,16.0,0.68,0,data_5062026_baseline2,data_5062026_baseline2_00000009,data_5062026/2026_05_06_baseline2/00000009.BIN,data_5062026_baseline2_00000009_manual_00_quality_00
16.3,1051.3477249999999,0.4235294117647059,0.4725,1.1741137754518203,0.3730479175765868,4.410732443109978,1572.0,1689.0,3.0,16.0,0.68,0,data_5062026_baseline2,data_5062026_baseline2_00000009,data_5062026/2026_05_06_baseline2/00000009.BIN,data_5062026_baseline2_00000009_manual_00_quality_00
16.4,1051.447725,0.43529411764705883,0.47,1.2103044010572463,0.3931801134369736,4.256659656967731,1574.0,1688.0,3.0,16.0,0.68,0,data_5062026_baseline2,data_5062026_baseline2_00000009,data_5062026/2026_05_06_baseline2/00000009.BIN,data_5062026_baseline2_00000009_manual_00_quality_00
16.5,1051.547725,0.43529411764705883,0.3375,1.2041032262426399,0.4389759796015146,4.3125753581851205,1574.0,1635.0,3.0,16.0,0.68,0,data_5062026_baseline2,data_5062026_baseline2_00000009,data_5062026/2026_05_06_baseline2/00000009.BIN,data_5062026_baseline2_00000009_manual_00_quality_00
16.6,1051.6477249999998,0.40588235294117647,-0.01,1.187211206693959,0.4379464418194404,4.582352758773784,1569.0,1496.0,3.0,16.0,0.68,0,data_5062026_baseline2,data_5062026_baseline2_00000009,data_5062026/2026_05_06_baseline2/00000009.BIN,data_5062026_baseline2_00000009_manual_00_quality_00
16.7,1051.747725,0.4,0.0,1.1761380497794438,0.3273888650281457,4.924192355692712,1568.0,1500.0,3.0,16.0,0.68,0,data_5062026_baseline2,data_5062026_baseline2_00000009,data_5062026/2026_05_06_baseline2/00000009.BIN,data_5062026_baseline2_00000009_manual_00_quality_00
16.8,1051.8477249999999,0.38823529411764707,0.0,1.16653847773143,0.20049876191813637,5.261616870637832,1566.0,1500.0,3.0,16.0,0.68,0,data_5062026_baseline2,data_5062026_baseline2_00000009,data_5062026/2026_05_06_baseline2/00000009.BIN,data_5062026_baseline2_00000009_manual_00_quality_00
16.9,1051.947725,0.34705882352941175,-0.475,1.1080252882310446,0.06911753677746374,5.591189182311815,1559.0,1310.0,3.0,16.0,0.68,0,data_5062026_baseline2,data_5062026_baseline2_00000009,data_5062026/2026_05_06_baseline2/00000009.BIN,data_5062026_baseline2_00000009_manual_00_quality_00
17.0,1052.047725,0.31176470588235294,-0.545,1.0370219608605815,-0.058496474957997126,5.807743236916185,1553.0,1282.0,3.0,16.0,0.68,0,data_5062026_baseline2,data_5062026_baseline2_00000009,data_5062026/2026_05_06_baseline2/00000009.BIN,data_5062026_baseline2_00000009_manual_00_quality_00
17.1,1052.1477249999998,0.2529411764705882,-0.56,1.0270509359069713,-0.15680505105226075,5.951141318445169,1543.0,1276.0,3.0,16.0,0.68,0,data_5062026_baseline2,data_5062026_baseline2_00000009,data_5062026/2026_05_06_baseline2/00000009.BIN,data_5062026_baseline2_00000009_manual_00_quality_00
17.2,1052.247725,0.0,-0.485,1.032624191536589,-0.2000302087454363,6.153775313441111,1500.0,1306.0,3.0,16.0,0.68,0,data_5062026_baseline2,data_5062026_baseline2_00000009,data_5062026/2026_05_06_baseline2/00000009.BIN,data_5062026_baseline2_00000009_manual_00_quality_00
17.3,1052.3477249999999,-0.24,-0.2175,0.9262409093671942,-0.1906784129856167,5.7489936110284825,1452.0,1413.0,3.0,16.0,0.68,0,data_5062026_baseline2,data_5062026_baseline2_00000009,data_5062026/2026_05_06_baseline2/00000009.BIN,data_5062026_baseline2_00000009_manual_00_quality_00
17.4,1052.447725,-0.205,-0.0375,0.7914403526198777,-0.16192535576487033,4.534366461655922,1459.0,1485.0,3.0,16.0,0.68,0,data_5062026_baseline2,data_5062026_baseline2_00000009,data_5062026/2026_05_06_baseline2/00000009.BIN,data_5062026_baseline2_00000009_manual_00_quality_00
17.5,1052.547725,0.0,0.0,0.7741018720587913,-0.15124640701328845,3.4309886160422347,1500.0,1500.0,3.0,16.0,0.68,0,data_5062026_baseline2,data_5062026_baseline2_00000009,data_5062026/2026_05_06_baseline2/00000009.BIN,data_5062026_baseline2_00000009_manual_00_quality_00
17.6,1052.6477249999998,0.0,0.25,0.7864010450443404,-0.10695102466065373,2.741735256852511,1500.0,1600.0,3.0,16.0,0.68,0,data_5062026_baseline2,data_5062026_baseline2_00000009,data_5062026/2026_05_06_baseline2/00000009.BIN,data_5062026_baseline2_00000009_manual_00_quality_00
17.7,1052.747725,0.0,0.41,0.7880945488786942,-0.032161543128534816,2.5093263389499776,1500.0,1664.0,3.0,16.0,0.68,0,data_5062026_baseline2,data_5062026_baseline2_00000009,data_5062026/2026_05_06_baseline2/00000009.BIN,data_5062026_baseline2_00000009_manual_00_quality_00
17.8,1052.8477249999999,0.0,0.545,0.7871035761878332,0.03218431546178805,2.3714143706286563,1500.0,1718.0,3.0,16.0,0.68,0,data_5062026_baseline2,data_5062026_baseline2_00000009,data_5062026/2026_05_06_baseline2/00000009.BIN,data_5062026_baseline2_00000009_manual_00_quality_00
17.9,1052.947725,0.0,0.6,0.7814462981803101,0.06811276714850001,2.3461512700238565,1500.0,1740.0,3.0,16.0,0.68,0,data_5062026_baseline2,data_5062026_baseline2_00000009,data_5062026/2026_05_06_baseline2/00000009.BIN,data_5062026_baseline2_00000009_manual_00_quality_00
18.0,1053.047725,0.0,0.68,0.7746032783893698,0.06020744004838101,2.7272163990761458,1500.0,1772.0,3.0,16.0,0.68,0,data_5062026_baseline2,data_5062026_baseline2_00000009,data_5062026/2026_05_06_baseline2/00000009.BIN,data_5062026_baseline2_00000009_manual_00_quality_00
18.1,1053.1477249999998,0.0,0.585,0.7567082379077399,0.07539811443162031,3.250669541430267,1500.0,1734.0,3.0,16.0,0.68,0,data_5062026_baseline2,data_5062026_baseline2_00000009,data_5062026/2026_05_06_baseline2/00000009.BIN,data_5062026_baseline2_00000009_manual_00_quality_00
18.2,1053.247725,0.0,0.0175,0.731339277002172,0.0478165520916053,3.6560138661826875,1500.0,1507.0,3.0,16.0,0.68,0,data_5062026_baseline2,data_5062026_baseline2_00000009,data_5062026/2026_05_06_baseline2/00000009.BIN,data_5062026_baseline2_00000009_manual_00_quality_00
18.3,1053.3477249999999,0.0,0.4875,0.739041370156517,-0.02556846245292877,3.9783249346966194,1500.0,1695.0,3.0,16.0,0.68,0,data_5062026_baseline2,data_5062026_baseline2_00000009,data_5062026/2026_05_06_baseline2/00000009.BIN,data_5062026_baseline2_00000009_manual_00_quality_00
18.4,1053.447725,0.0,0.5425,0.7692092099158384,-0.040776944459920576,4.460816867354042,1500.0,1717.0,3.0,16.0,0.68,0,data_5062026_baseline2,data_5062026_baseline2_00000009,data_5062026/2026_05_06_baseline2/00000009.BIN,data_5062026_baseline2_00000009_manual_00_quality_00
18.5,1053.547725,0.0,0.3875,0.6875583825087728,-0.029345003256399087,5.04036682324404,1500.0,1655.0,3.0,16.0,0.68,0,data_5062026_baseline2,data_5062026_baseline2_00000009,data_5062026/2026_05_06_baseline2/00000009.BIN,data_5062026_baseline2_00000009_manual_00_quality_00
18.6,1053.6477249999998,0.0,0.695,0.5773386928689608,-0.043726047921403464,5.209358308415594,1500.0,1778.0,3.0,16.0,0.68,0,data_5062026_baseline2,data_5062026_baseline2_00000009,data_5062026/2026_05_06_baseline2/00000009.BIN,data_5062026_baseline2_00000009_manual_00_quality_00
18.7,1053.747725,0.0,0.7675,0.5121216520128887,-0.005763838227098498,4.913799895022541,1500.0,1807.0,3.0,16.0,0.68,0,data_5062026_baseline2,data_5062026_baseline2_00000009,data_5062026/2026_05_06_baseline2/00000009.BIN,data_5062026_baseline2_00000009_manual_00_quality_00
18.8,1053.8477249999999,0.0,0.5775,0.45832312631585215,0.09127088996424541,4.361843986665056,1500.0,1731.0,3.0,16.0,0.68,0,data_5062026_baseline2,data_5062026_baseline2_00000009,data_5062026/2026_05_06_baseline2/00000009.BIN,data_5062026_baseline2_00000009_manual_00_quality_00
18.9,1053.947725,0.0,0.5375,0.4657347416577082,0.16754475667808794,3.638905458049256,1500.0,1715.0,3.0,16.0,0.68,0,data_5062026_baseline2,data_5062026_baseline2_00000009,data_5062026/2026_05_06_baseline2/00000009.BIN,data_5062026_baseline2_00000009_manual_00_quality_00
19.0,1054.047725,-0.24,0.8225,0.488734004047758,0.2138160944000556,2.8666420151640137,1452.0,1829.0,3.0,16.0,0.68,0,data_5062026_baseline2,data_5062026_baseline2_00000009,data_5062026/2026_05_06_baseline2/00000009.BIN,data_5062026_baseline2_00000009_manual_00_quality_00
19.1,1054.1477249999998,-0.31,0.85,0.5019912313921424,0.27123096775830563,2.3483491874763303,1438.0,1840.0,3.0,16.0,0.68,0,data_5062026_baseline2,data_5062026_baseline2_00000009,data_5062026/2026_05_06_baseline2/00000009.BIN,data_5062026_baseline2_00000009_manual_00_quality_00
19.2,1054.247725,-0.215,0.6925,0.5127646579234758,0.3397551497304408,2.424924563175131,1457.0,1777.0,3.0,16.0,0.68,0,data_5062026_baseline2,data_5062026_baseline2_00000009,data_5062026/2026_05_06_baseline2/00000009.BIN,data_5062026_baseline2_00000009_manual_00_quality_00
19.3,1054.3477249999999,0.0,0.43,0.4750520527700493,0.32687284090144186,3.2083297587949446,1500.0,1672.0,3.0,16.0,0.68,0,data_5062026_baseline2,data_5062026_baseline2_00000009,data_5062026/2026_05_06_baseline2/00000009.BIN,data_5062026_baseline2_00000009_manual_00_quality_00
19.4,1054.447725,0.0,0.4025,0.42505994931724744,0.19411643398755504,4.239211025706305,1500.0,1661.0,3.0,16.0,0.68,0,data_5062026_baseline2,data_5062026_baseline2_00000009,data_5062026/2026_05_06_baseline2/00000009.BIN,data_5062026_baseline2_00000009_manual_00_quality_00
19.5,1054.547725,0.0,0.1275,0.45701214745238267,0.042793357846479925,4.852343178851339,1500.0,1551.0,3.0,16.0,0.68,0,data_5062026_baseline2,data_5062026_baseline2_00000009,data_5062026/2026_05_06_baseline2/00000009.BIN,data_5062026_baseline2_00000009_manual_00_quality_00
19.6,1054.6477249999998,0.0,0.0,0.5097818277370665,-0.031312979152234174,4.7239995801841514,1500.0,1500.0,3.0,16.0,0.68,0,data_5062026_baseline2,data_5062026_baseline2_00000009,data_5062026/2026_05_06_baseline2/00000009.BIN,data_5062026_baseline2_00000009_manual_00_quality_00
19.7,1054.747725,-0.215,0.115,0.470747833876033,-0.025766050895598983,4.227706087781368,1457.0,1546.0,3.0,16.0,0.68,0,data_5062026_baseline2,data_5062026_baseline2_00000009,data_5062026/2026_05_06_baseline2/00000009.BIN,data_5062026_baseline2_00000009_manual_00_quality_00
19.8,1054.8477249999999,-0.295,0.5225,0.40852287015918254,0.053322113963822464,3.6280763800952895,1441.0,1709.0,3.0,16.0,0.68,0,data_5062026_baseline2,data_5062026_baseline2_00000009,data_5062026/2026_05_06_baseline2/00000009.BIN,data_5062026_baseline2_00000009_manual_00_quality_00
19.9,1054.947725,-0.31,0.91,0.37568023557010716,0.16740270871491053,3.120791917918896,1438.0,1864.0,3.0,16.0,0.68,0,data_5062026_baseline2,data_5062026_baseline2_00000009,data_5062026/2026_05_06_baseline2/00000009.BIN,data_5062026_baseline2_00000009_manual_00_quality_00
20.0,1055.047725,-0.26,0.93,0.3503006278353106,0.223748175018292,2.796091663913222,1448.0,1872.0,3.0,16.0,0.68,0,data_5062026_baseline2,data_5062026_baseline2_00000009,data_5062026/2026_05_06_baseline2/00000009.BIN,data_5062026_baseline2_00000009_manual_00_quality_00
20.1,1055.1477249999998,0.0,0.94,0.36290171323721726,0.28039592757668935,2.7429440097692472,1500.0,1876.0,3.0,16.0,0.68,0,data_5062026_baseline2,data_5062026_baseline2_00000009,data_5062026/2026_05_06_baseline2/00000009.BIN,data_5062026_baseline2_00000009_manual_00_quality_00
20.2,1055.247725,0.0,0.9175,0.3851444105112889,0.31365782682017473,3.28154802723505,1500.0,1867.0,3.0,16.0,0.68,0,data_5062026_baseline2,data_5062026_baseline2_00000009,data_5062026/2026_05_06_baseline2/00000009.BIN,data_5062026_baseline2_00000009_manual_00_quality_00
20.3,1055.3477249999999,0.0,0.915,0.38901795477768397,0.2647026684491369,4.178817891157157,1500.0,1866.0,3.0,16.0,0.68,0,data_5062026_baseline2,data_5062026_baseline2_00000009,data_5062026/2026_05_06_baseline2/00000009.BIN,data_5062026_baseline2_00000009_manual_00_quality_00
20.4,1055.447725,0.0,0.885,0.38822723135247095,0.19854217493856477,4.548409159192121,1500.0,1854.0,3.0,16.0,0.68,0,data_5062026_baseline2,data_5062026_baseline2_00000009,data_5062026/2026_05_06_baseline2/00000009.BIN,data_5062026_baseline2_00000009_manual_00_quality_00
20.5,1055.547725,0.0,0.2,0.3297881798412272,0.1430390449085417,4.22756090372807,1500.0,1580.0,3.0,16.0,0.68,0,data_5062026_baseline2,data_5062026_baseline2_00000009,data_5062026/2026_05_06_baseline2/00000009.BIN,data_5062026_baseline2_00000009_manual_00_quality_00
20.6,1055.6477249999998,0.0,0.1175,0.256699366337222,0.13423208074441417,3.7816178869210098,1500.0,1547.0,3.0,16.0,0.68,0,data_5062026_baseline2,data_5062026_baseline2_00000009,data_5062026/2026_05_06_baseline2/00000009.BIN,data_5062026_baseline2_00000009_manual_00_quality_00
20.7,1055.747725,0.0,0.2,0.2990312069893772,0.1883362850757086,3.575102526283093,1500.0,1580.0,3.0,16.0,0.68,0,data_5062026_baseline2,data_5062026_baseline2_00000009,data_5062026/2026_05_06_baseline2/00000009.BIN,data_5062026_baseline2_00000009_manual_00_quality_00
20.8,1055.8477249999999,0.0,0.46,0.37067593099302126,0.23669156413239364,3.3236369523195,1500.0,1684.0,3.0,16.0,0.68,0,data_5062026_baseline2,data_5062026_baseline2_00000009,data_5062026/2026_05_06_baseline2/00000009.BIN,data_5062026_baseline2_00000009_manual_00_quality_00
20.9,1055.947725,0.0,0.77,0.31573407510254436,0.2594261188824461,3.0391333857710516,1500.0,1808.0,3.0,16.0,0.68,0,data_5062026_baseline2,data_5062026_baseline2_00000009,data_5062026/2026_05_06_baseline2/00000009.BIN,data_5062026_baseline2_00000009_manual_00_quality_00
21.0,1056.047725,0.0,0.7775,0.22869530983754266,0.2578943615748876,3.134672365116403,1500.0,1811.0,3.0,16.0,0.68,0,data_5062026_baseline2,data_5062026_baseline2_00000009,data_5062026/2026_05_06_baseline2/00000009.BIN,data_5062026_baseline2_00000009_manual_00_quality_00
21.1,1056.1477249999998,0.0,0.2425,0.261868160208093,0.20446950162462826,3.6526980248964955,1500.0,1597.0,3.0,16.0,0.68,0,data_5062026_baseline2,data_5062026_baseline2_00000009,data_5062026/2026_05_06_baseline2/00000009.BIN,data_5062026_baseline2_00000009_manual_00_quality_00
21.2,1056.247725,0.0,0.015,0.3254648543064921,0.12203386705091648,4.263987205453426,1500.0,1506.0,3.0,16.0,0.68,0,data_5062026_baseline2,data_5062026_baseline2_00000009,data_5062026/2026_05_06_baseline2/00000009.BIN,data_5062026_baseline2_00000009_manual_00_quality_00
21.3,1056.3477249999999,0.0,0.0275,0.3268471402507499,0.0768624197162589,4.441146433921651,1500.0,1511.0,3.0,16.0,0.68,0,data_5062026_baseline2,data_5062026_baseline2_00000009,data_5062026/2026_05_06_baseline2/00000009.BIN,data_5062026_baseline2_00000009_manual_00_quality_00
21.4,1056.447725,0.0,0.06,0.3124936155198688,0.11172877763953099,3.773386091865673,1500.0,1524.0,3.0,16.0,0.68,0,data_5062026_baseline2,data_5062026_baseline2_00000009,data_5062026/2026_05_06_baseline2/00000009.BIN,data_5062026_baseline2_00000009_manual_00_quality_00
21.5,1056.547725,0.0,0.0725,0.3022020798210098,0.19281639752933333,2.9109652326378246,1500.0,1529.0,3.0,16.0,0.68,0,data_5062026_baseline2,data_5062026_baseline2_00000009,data_5062026/2026_05_06_baseline2/00000009.BIN,data_5062026_baseline2_00000009_manual_00_quality_00
21.6,1056.6477249999998,0.0,0.18,0.2929413196739042,0.2437176619429991,2.5368408673943508,1500.0,1572.0,3.0,16.0,0.68,0,data_5062026_baseline2,data_5062026_baseline2_00000009,data_5062026/2026_05_06_baseline2/00000009.BIN,data_5062026_baseline2_00000009_manual_00_quality_00
21.7,1056.747725,0.0,0.19,0.24600117286231532,0.218943727251128,2.9001714626527155,1500.0,1576.0,3.0,16.0,0.68,0,data_5062026_baseline2,data_5062026_baseline2_00000009,data_5062026/2026_05_06_baseline2/00000009.BIN,data_5062026_baseline2_00000009_manual_00_quality_00
21.8,1056.8477249999999,0.0,0.35,0.1894668581521504,0.15286691505051583,3.680837629088696,1500.0,1640.0,3.0,16.0,0.68,0,data_5062026_baseline2,data_5062026_baseline2_00000009,data_5062026/2026_05_06_baseline2/00000009.BIN,data_5062026_baseline2_00000009_manual_00_quality_00
21.9,1056.947725,0.0,0.45,0.20459639004183744,0.07278265748766723,4.244019685890504,1500.0,1680.0,3.0,16.0,0.68,0,data_5062026_baseline2,data_5062026_baseline2_00000009,data_5062026/2026_05_06_baseline2/00000009.BIN,data_5062026_baseline2_00000009_manual_00_quality_00
22.0,1057.047725,0.0,0.2475,0.23795989712608207,0.015403656840168608,4.410209494898573,1500.0,1599.0,3.0,16.0,0.68,0,data_5062026_baseline2,data_5062026_baseline2_00000009,data_5062026/2026_05_06_baseline2/00000009.BIN,data_5062026_baseline2_00000009_manual_00_quality_00
22.1,1057.1477249999998,0.0,0.0,0.2561715420428387,-0.0033057440932790596,4.4311214914555705,1500.0,1500.0,3.0,16.0,0.68,0,data_5062026_baseline2,data_5062026_baseline2_00000009,data_5062026/2026_05_06_baseline2/00000009.BIN,data_5062026_baseline2_00000009_manual_00_quality_00
22.2,1057.247725,0.0,0.0,0.2705298911873138,0.024602353772454583,4.226933037571341,1500.0,1500.0,3.0,16.0,0.68,0,data_5062026_baseline2,data_5062026_baseline2_00000009,data_5062026/2026_05_06_baseline2/00000009.BIN,data_5062026_baseline2_00000009_manual_00_quality_00
22.3,1057.3477249999999,0.0,0.0,0.23739007555276412,0.07901262561201589,3.801677593735691,1500.0,1500.0,3.0,16.0,0.68,0,data_5062026_baseline2,data_5062026_baseline2_00000009,data_5062026/2026_05_06_baseline2/00000009.BIN,data_5062026_baseline2_00000009_manual_00_quality_00
22.4,1057.447725,0.0,0.0,0.19217092105451639,0.11713935839688858,3.239193821926401,1500.0,1500.0,3.0,16.0,0.68,0,data_5062026_baseline2,data_5062026_baseline2_00000009,data_5062026/2026_05_06_baseline2/00000009.BIN,data_5062026_baseline2_00000009_manual_00_quality_00
22.5,1057.547725,0.0,0.0,0.22274527358214624,0.1340623350126686,2.6909600392826087,1500.0,1500.0,3.0,16.0,0.68,0,data_5062026_baseline2,data_5062026_baseline2_00000009,data_5062026/2026_05_06_baseline2/00000009.BIN,data_5062026_baseline2_00000009_manual_00_quality_00
22.6,1057.6477249999998,0.0,0.0,0.27242220901250386,0.15151990964970483,2.399421063625495,1500.0,1500.0,3.0,16.0,0.68,0,data_5062026_baseline2,data_5062026_baseline2_00000009,data_5062026/2026_05_06_baseline2/00000009.BIN,data_5062026_baseline2_00000009_manual_00_quality_00
22.7,1057.747725,0.0,0.0,0.2623124242746066,0.15241741212661306,2.548629459344777,1500.0,1500.0,3.0,16.0,0.68,0,data_5062026_baseline2,data_5062026_baseline2_00000009,data_5062026/2026_05_06_baseline2/00000009.BIN,data_5062026_baseline2_00000009_manual_00_quality_00
22.8,1057.8477249999999,0.0,0.0,0.23700476108913607,0.1384030506788903,3.286849849097002,1500.0,1500.0,3.0,16.0,0.68,0,data_5062026_baseline2,data_5062026_baseline2_00000009,data_5062026/2026_05_06_baseline2/00000009.BIN,data_5062026_baseline2_00000009_manual_00_quality_00
22.9,1057.947725,0.0,0.0,0.23656693426180744,0.10237870774551834,4.3467650122648065,1500.0,1500.0,3.0,16.0,0.68,0,data_5062026_baseline2,data_5062026_baseline2_00000009,data_5062026/2026_05_06_baseline2/00000009.BIN,data_5062026_baseline2_00000009_manual_00_quality_00
23.0,1058.047725,0.0,0.0,0.2424283854492859,0.03905806509245583,5.0837720706143905,1500.0,1500.0,3.0,16.0,0.68,0,data_5062026_baseline2,data_5062026_baseline2_00000009,data_5062026/2026_05_06_baseline2/00000009.BIN,data_5062026_baseline2_00000009_manual_00_quality_00
23.1,1058.1477249999998,0.0,0.0,0.20453507646690852,0.03000794614859638,4.740418063819541,1500.0,1500.0,3.0,15.0,0.68,0,data_5062026_baseline2,data_5062026_baseline2_00000009,data_5062026/2026_05_06_baseline2/00000009.BIN,data_5062026_baseline2_00000009_manual_00_quality_00
23.2,1058.247725,0.0,0.0,0.15554194209674155,0.10943522469537764,3.417412808190726,1500.0,1500.0,3.0,15.0,0.68,0,data_5062026_baseline2,data_5062026_baseline2_00000009,data_5062026/2026_05_06_baseline2/00000009.BIN,data_5062026_baseline2_00000009_manual_00_quality_00
23.3,1058.3477249999999,0.0,0.0,0.141819779062208,0.1984845128418294,1.822489929572506,1500.0,1500.0,3.0,15.0,0.68,0,data_5062026_baseline2,data_5062026_baseline2_00000009,data_5062026/2026_05_06_baseline2/00000009.BIN,data_5062026_baseline2_00000009_manual_00_quality_00
23.4,1058.447725,0.0,0.0,0.13705523176825926,0.33298619055291084,0.85883188348669,1500.0,1500.0,3.0,15.0,0.68,0,data_5062026_baseline2,data_5062026_baseline2_00000009,data_5062026/2026_05_06_baseline2/00000009.BIN,data_5062026_baseline2_00000009_manual_00_quality_00
23.5,1058.547725,0.0,0.0,0.1242537406215885,0.3023399304380328,0.9353256166394084,1500.0,1500.0,3.0,15.0,0.68,0,data_5062026_baseline2,data_5062026_baseline2_00000009,data_5062026/2026_05_06_baseline2/00000009.BIN,data_5062026_baseline2_00000009_manual_00_quality_00
23.6,1058.6477249999998,0.0,0.0,0.10941543660269798,0.18608491195673232,1.6207681102102183,1500.0,1500.0,3.0,15.0,0.68,0,data_5062026_baseline2,data_5062026_baseline2_00000009,data_5062026/2026_05_06_baseline2/00000009.BIN,data_5062026_baseline2_00000009_manual_00_quality_00
23.7,1058.747725,0.0,0.0,0.09120410672342788,0.19057185998202691,2.2178875177615027,1500.0,1500.0,3.0,15.0,0.68,0,data_5062026_baseline2,data_5062026_baseline2_00000009,data_5062026/2026_05_06_baseline2/00000009.BIN,data_5062026_baseline2_00000009_manual_00_quality_00
23.8,1058.8477249999999,0.0,0.0,0.07213423383656599,0.22257479355011728,2.8562590366145666,1500.0,1500.0,3.0,15.0,0.68,0,data_5062026_baseline2,data_5062026_baseline2_00000009,data_5062026/2026_05_06_baseline2/00000009.BIN,data_5062026_baseline2_00000009_manual_00_quality_00
23.9,1058.947725,0.0,0.0,0.13616785659133113,0.1832652514532068,4.0875805403386325,1500.0,1500.0,3.0,15.0,0.68,0,data_5062026_baseline2,data_5062026_baseline2_00000009,data_5062026/2026_05_06_baseline2/00000009.BIN,data_5062026_baseline2_00000009_manual_00_quality_00
24.0,1059.047725,0.0,0.0,0.2213605180702735,0.18902457233754566,4.8605608519130135,1500.0,1500.0,3.0,15.0,0.68,0,data_5062026_baseline2,data_5062026_baseline2_00000009,data_5062026/2026_05_06_baseline2/00000009.BIN,data_5062026_baseline2_00000009_manual_00_quality_00
24.1,1059.1477249999998,0.0,0.0,0.2283511187646761,0.24483945600307028,4.221706724748648,1500.0,1500.0,3.0,15.0,0.68,0,data_5062026_baseline2,data_5062026_baseline2_00000009,data_5062026/2026_05_06_baseline2/00000009.BIN,data_5062026_baseline2_00000009_manual_00_quality_00
24.2,1059.247725,0.0,0.0,0.2155019809549069,0.3705930050388027,2.9959999236689296,1500.0,1500.0,3.0,15.0,0.68,0,data_5062026_baseline2,data_5062026_baseline2_00000009,data_5062026/2026_05_06_baseline2/00000009.BIN,data_5062026_baseline2_00000009_manual_00_quality_00
24.3,1059.3477249999999,0.0,0.0,0.206128080634538,0.650524904630904,2.274034566378499,1500.0,1500.0,3.0,15.0,0.68,0,data_5062026_baseline2,data_5062026_baseline2_00000009,data_5062026/2026_05_06_baseline2/00000009.BIN,data_5062026_baseline2_00000009_manual_00_quality_00
24.4,1059.447725,0.0,0.0,0.19763802853218226,0.908047706830398,2.3951256427513514,1500.0,1500.0,3.0,15.0,0.68,0,data_5062026_baseline2,data_5062026_baseline2_00000009,data_5062026/2026_05_06_baseline2/00000009.BIN,data_5062026_baseline2_00000009_manual_00_quality_00
24.5,1059.547725,0.0,0.0,0.21379255474499625,1.0740075658117487,2.698716969079672,1500.0,1500.0,3.0,15.0,0.75,0,data_5062026_baseline2,data_5062026_baseline2_00000009,data_5062026/2026_05_06_baseline2/00000009.BIN,data_5062026_baseline2_00000009_manual_00_quality_00
0.0,984.351299,0.0,0.59,0.6513127723309589,0.33240635058517654,4.220844564378516,1500.0,1736.0,3.0,15.0,0.72,0,data_5062026_baseline3,data_5062026_baseline3_00000011,data_5062026/2026_05_06_baseline3/00000011.BIN,data_5062026_baseline3_00000011_manual_01_quality_00
0.1,984.4512990000001,0.0,0.5825,0.6715424180212188,0.32877617506626866,2.6383404962500987,1500.0,1733.0,3.0,15.0,0.72,0,data_5062026_baseline3,data_5062026_baseline3_00000011,data_5062026/2026_05_06_baseline3/00000011.BIN,data_5062026_baseline3_00000011_manual_01_quality_00
0.2,984.5512990000001,0.0,0.0,0.7069893886977016,0.3244559221276216,1.526262684267288,1500.0,1500.0,3.0,15.0,0.72,0,data_5062026_baseline3,data_5062026_baseline3_00000011,data_5062026/2026_05_06_baseline3/00000011.BIN,data_5062026_baseline3_00000011_manual_01_quality_00
0.3,984.651299,0.0,0.0,0.6943087712251889,0.32499333444288786,1.4984761112017617,1500.0,1500.0,3.0,15.0,0.72,0,data_5062026_baseline3,data_5062026_baseline3_00000011,data_5062026/2026_05_06_baseline3/00000011.BIN,data_5062026_baseline3_00000011_manual_01_quality_00
0.4,984.751299,0.0,0.0,0.6695254861650118,0.3176636926306622,2.4841725770774046,1500.0,1500.0,3.0,15.0,0.72,0,data_5062026_baseline3,data_5062026_baseline3_00000011,data_5062026/2026_05_06_baseline3/00000011.BIN,data_5062026_baseline3_00000011_manual_01_quality_00
0.5,984.851299,0.0,0.0,0.6674213451339224,0.2757293194182401,3.9944417789871056,1500.0,1500.0,3.0,15.0,0.72,0,data_5062026_baseline3,data_5062026_baseline3_00000011,data_5062026/2026_05_06_baseline3/00000011.BIN,data_5062026_baseline3_00000011_manual_01_quality_00
0.6,984.9512990000001,0.0,0.0,0.6710157224933045,0.21127533744374477,5.175758598177831,1500.0,1500.0,3.0,15.0,0.72,0,data_5062026_baseline3,data_5062026_baseline3_00000011,data_5062026/2026_05_06_baseline3/00000011.BIN,data_5062026_baseline3_00000011_manual_01_quality_00
0.7,985.0512990000001,0.0,0.0,0.6813532811241513,0.13415403672194653,5.32630694492291,1500.0,1500.0,3.0,15.0,0.72,0,data_5062026_baseline3,data_5062026_baseline3_00000011,data_5062026/2026_05_06_baseline3/00000011.BIN,data_5062026_baseline3_00000011_manual_01_quality_00
0.8,985.151299,0.0,0.0,0.693388980506299,0.060867106382344605,4.74060312782982,1500.0,1500.0,3.0,15.0,0.72,0,data_5062026_baseline3,data_5062026_baseline3_00000011,data_5062026/2026_05_06_baseline3/00000011.BIN,data_5062026_baseline3_00000011_manual_01_quality_00
0.9,985.251299,0.0,0.0,0.6569627644764043,0.02574475853275119,4.422566377633089,1500.0,1500.0,3.0,15.0,0.72,0,data_5062026_baseline3,data_5062026_baseline3_00000011,data_5062026/2026_05_06_baseline3/00000011.BIN,data_5062026_baseline3_00000011_manual_01_quality_00
1.0,985.351299,0.0,0.0,0.6082951101345083,0.0395981565143305,4.92617321466191,1500.0,1500.0,3.0,15.0,0.72,0,data_5062026_baseline3,data_5062026_baseline3_00000011,data_5062026/2026_05_06_baseline3/00000011.BIN,data_5062026_baseline3_00000011_manual_01_quality_00
1.1,985.4512990000001,0.0,0.0,0.573832654298011,0.04824251961606754,5.760246933786683,1500.0,1500.0,3.0,15.0,0.72,0,data_5062026_baseline3,data_5062026_baseline3_00000011,data_5062026/2026_05_06_baseline3/00000011.BIN,data_5062026_baseline3_00000011_manual_01_quality_00
1.2,985.5512990000001,0.0,0.0,0.5429348254569756,0.037419638545058906,6.217504608601744,1500.0,1500.0,3.0,15.0,0.72,0,data_5062026_baseline3,data_5062026_baseline3_00000011,data_5062026/2026_05_06_baseline3/00000011.BIN,data_5062026_baseline3_00000011_manual_01_quality_00
1.3,985.651299,0.0,0.0,0.511105242567185,0.013577130179686946,5.777044013133989,1500.0,1500.0,3.0,15.0,0.72,0,data_5062026_baseline3,data_5062026_baseline3_00000011,data_5062026/2026_05_06_baseline3/00000011.BIN,data_5062026_baseline3_00000011_manual_01_quality_00
1.4,985.751299,0.0,0.0,0.4790412196903398,0.0029308356317547767,4.4141063366831315,1500.0,1500.0,3.0,15.0,0.72,0,data_5062026_baseline3,data_5062026_baseline3_00000011,data_5062026/2026_05_06_baseline3/00000011.BIN,data_5062026_baseline3_00000011_manual_01_quality_00
1.5,985.851299,0.0,0.0,0.48295206383553685,0.014179831406609009,2.9814950283636796,1500.0,1500.0,3.0,15.0,0.72,0,data_5062026_baseline3,data_5062026_baseline3_00000011,data_5062026/2026_05_06_baseline3/00000011.BIN,data_5062026_baseline3_00000011_manual_01_quality_00
1.6,985.9512990000001,0.0,0.0,0.49588925061321276,0.03909626808637552,2.595362459054465,1500.0,1500.0,3.0,15.0,0.72,0,data_5062026_baseline3,data_5062026_baseline3_00000011,data_5062026/2026_05_06_baseline3/00000011.BIN,data_5062026_baseline3_00000011_manual_01_quality_00
1.7,986.0512990000001,0.0,0.0,0.46880428346069836,0.07428219723041878,3.296020715755404,1500.0,1500.0,3.0,15.0,0.72,0,data_5062026_baseline3,data_5062026_baseline3_00000011,data_5062026/2026_05_06_baseline3/00000011.BIN,data_5062026_baseline3_00000011_manual_01_quality_00
1.8,986.151299,0.0,0.0,0.4316699652588752,0.11742912611714376,4.141461678497396,1500.0,1500.0,3.0,15.0,0.72,0,data_5062026_baseline3,data_5062026_baseline3_00000011,data_5062026/2026_05_06_baseline3/00000011.BIN,data_5062026_baseline3_00000011_manual_01_quality_00
1.9,986.251299,0.0,0.0,0.4514040539037428,0.12051266963363792,4.106576932368791,1500.0,1500.0,3.0,15.0,0.72,0,data_5062026_baseline3,data_5062026_baseline3_00000011,data_5062026/2026_05_06_baseline3/00000011.BIN,data_5062026_baseline3_00000011_manual_01_quality_00
2.0,986.351299,0.0,0.0,0.48546025026929873,0.06814386800916412,3.1980917959374393,1500.0,1500.0,3.0,15.0,0.72,0,data_5062026_baseline3,data_5062026_baseline3_00000011,data_5062026/2026_05_06_baseline3/00000011.BIN,data_5062026_baseline3_00000011_manual_01_quality_00
2.1,986.4512990000001,0.0,0.0,0.49312686037443454,0.03620881362516938,2.5401961663765444,1500.0,1500.0,3.0,15.0,0.72,0,data_5062026_baseline3,data_5062026_baseline3_00000011,data_5062026/2026_05_06_baseline3/00000011.BIN,data_5062026_baseline3_00000011_manual_01_quality_00
2.2,986.5512990000001,0.0,0.0,0.4941692501966791,0.06059701538814824,3.1686296163011116,1500.0,1500.0,3.0,15.0,0.72,0,data_5062026_baseline3,data_5062026_baseline3_00000011,data_5062026/2026_05_06_baseline3/00000011.BIN,data_5062026_baseline3_00000011_manual_01_quality_00
2.3,986.651299,0.0,0.0,0.46332299434980967,0.09411140702628999,4.771354894204025,1500.0,1500.0,3.0,15.0,0.72,0,data_5062026_baseline3,data_5062026_baseline3_00000011,data_5062026/2026_05_06_baseline3/00000011.BIN,data_5062026_baseline3_00000011_manual_01_quality_00
2.4,986.751299,0.0,0.0,0.41151536317513815,0.09118632469579047,6.214315268028178,1500.0,1500.0,3.0,15.0,0.72,0,data_5062026_baseline3,data_5062026_baseline3_00000011,data_5062026/2026_05_06_baseline3/00000011.BIN,data_5062026_baseline3_00000011_manual_01_quality_00
2.5,986.851299,0.0,0.0,0.44638276783166325,0.03522284914088983,6.3392940155041435,1500.0,1500.0,3.0,15.0,0.72,0,data_5062026_baseline3,data_5062026_baseline3_00000011,data_5062026/2026_05_06_baseline3/00000011.BIN,data_5062026_baseline3_00000011_manual_01_quality_00
2.6,986.9512990000001,0.0,0.0,0.5030572461355008,-0.043197673698865326,5.193412444629554,1500.0,1500.0,3.0,15.0,0.72,0,data_5062026_baseline3,data_5062026_baseline3_00000011,data_5062026/2026_05_06_baseline3/00000011.BIN,data_5062026_baseline3_00000011_manual_01_quality_00
2.7,987.0512990000001,0.0,0.0,0.4556274657546891,-0.07118216772344094,4.121291719208485,1500.0,1500.0,3.0,15.0,0.72,0,data_5062026_baseline3,data_5062026_baseline3_00000011,data_5062026/2026_05_06_baseline3/00000011.BIN,data_5062026_baseline3_00000011_manual_01_quality_00
2.8,987.151299,0.0,0.0,0.38208860970220804,-0.047908560644738564,3.986571074910049,1500.0,1500.0,3.0,15.0,0.72,0,data_5062026_baseline3,data_5062026_baseline3_00000011,data_5062026/2026_05_06_baseline3/00000011.BIN,data_5062026_baseline3_00000011_manual_01_quality_00
2.9,987.251299,0.0,0.0,0.3579333340924912,-0.011616447796517696,4.325548975838761,1500.0,1500.0,3.0,15.0,0.72,0,data_5062026_baseline3,data_5062026_baseline3_00000011,data_5062026/2026_05_06_baseline3/00000011.BIN,data_5062026_baseline3_00000011_manual_01_quality_00
3.0,987.351299,0.0,0.0,0.34621359130774426,0.026892195508429383,4.392938607391161,1500.0,1500.0,3.0,15.0,0.72,0,data_5062026_baseline3,data_5062026_baseline3_00000011,data_5062026/2026_05_06_baseline3/00000011.BIN,data_5062026_baseline3_00000011_manual_01_quality_00
3.1,987.4512990000001,0.0,0.0,0.3769171103010706,0.06168098099696426,3.7077377437679275,1500.0,1500.0,3.0,15.0,0.72,0,data_5062026_baseline3,data_5062026_baseline3_00000011,data_5062026/2026_05_06_baseline3/00000011.BIN,data_5062026_baseline3_00000011_manual_01_quality_00
3.2,987.5512990000001,0.0,0.0,0.41827022985029055,0.07972362109075055,2.6185922694994073,1500.0,1500.0,3.0,15.0,0.72,0,data_5062026_baseline3,data_5062026_baseline3_00000011,data_5062026/2026_05_06_baseline3/00000011.BIN,data_5062026_baseline3_00000011_manual_01_quality_00
3.3,987.651299,0.0,0.0,0.42105437755752895,0.07671877356101353,2.1921035744891935,1500.0,1500.0,3.0,15.0,0.72,0,data_5062026_baseline3,data_5062026_baseline3_00000011,data_5062026/2026_05_06_baseline3/00000011.BIN,data_5062026_baseline3_00000011_manual_01_quality_00
3.4,987.751299,0.0,0.0,0.4141570788394641,0.08741613395585597,2.9339258173902207,1500.0,1500.0,3.0,15.0,0.72,0,data_5062026_baseline3,data_5062026_baseline3_00000011,data_5062026/2026_05_06_baseline3/00000011.BIN,data_5062026_baseline3_00000011_manual_01_quality_00
3.5,987.851299,0.0,0.0,0.383849174991028,0.08263784350903969,4.324143050818484,1500.0,1500.0,3.0,15.0,0.72,0,data_5062026_baseline3,data_5062026_baseline3_00000011,data_5062026/2026_05_06_baseline3/00000011.BIN,data_5062026_baseline3_00000011_manual_01_quality_00
3.6,987.9512990000001,0.0,0.0,0.347641356647105,0.037874118495379396,5.319139502058179,1500.0,1500.0,3.0,15.0,0.72,0,data_5062026_baseline3,data_5062026_baseline3_00000011,data_5062026/2026_05_06_baseline3/00000011.BIN,data_5062026_baseline3_00000011_manual_01_quality_00
3.7,988.0512990000001,0.0,0.0,0.3701940101185146,-0.026045580320373143,5.3942969481969225,1500.0,1500.0,3.0,15.0,0.72,0,data_5062026_baseline3,data_5062026_baseline3_00000011,data_5062026/2026_05_06_baseline3/00000011.BIN,data_5062026_baseline3_00000011_manual_01_quality_00
3.8,988.151299,0.0,0.0,0.4074965086761302,-0.061272101482007554,4.99937877489094,1500.0,1500.0,3.0,15.0,0.72,0,data_5062026_baseline3,data_5062026_baseline3_00000011,data_5062026/2026_05_06_baseline3/00000011.BIN,data_5062026_baseline3_00000011_manual_01_quality_00
3.9,988.251299,0.0,0.0,0.38754838709176465,-0.06444574481444436,4.759816592133342,1500.0,1500.0,3.0,15.0,0.72,0,data_5062026_baseline3,data_5062026_baseline3_00000011,data_5062026/2026_05_06_baseline3/00000011.BIN,data_5062026_baseline3_00000011_manual_01_quality_00
4.0,988.351299,0.0,0.0,0.3531379096344527,-0.052540274463210225,4.875107747289251,1500.0,1500.0,3.0,15.0,0.72,0,data_5062026_baseline3,data_5062026_baseline3_00000011,data_5062026/2026_05_06_baseline3/00000011.BIN,data_5062026_baseline3_00000011_manual_01_quality_00
4.1,988.4512990000001,0.0,0.0,0.33505867693578184,-0.029975172524712053,4.8106629100798335,1500.0,1500.0,3.0,15.0,0.72,0,data_5062026_baseline3,data_5062026_baseline3_00000011,data_5062026/2026_05_06_baseline3/00000011.BIN,data_5062026_baseline3_00000011_manual_01_quality_00
4.2,988.5512990000001,0.0,0.0,0.3210880607516158,-0.014288664925853718,3.9844141894443235,1500.0,1500.0,3.0,15.0,0.72,0,data_5062026_baseline3,data_5062026_baseline3_00000011,data_5062026/2026_05_06_baseline3/00000011.BIN,data_5062026_baseline3_00000011_manual_01_quality_00
4.3,988.651299,0.0,0.0,0.33643469944939347,-0.0004383450714024868,2.7778703833470746,1500.0,1500.0,3.0,15.0,0.72,0,data_5062026_baseline3,data_5062026_baseline3_00000011,data_5062026/2026_05_06_baseline3/00000011.BIN,data_5062026_baseline3_00000011_manual_01_quality_00
4.4,988.751299,0.0,0.0,0.3591675422290336,0.020411772829975364,2.335566736634394,1500.0,1500.0,3.0,15.0,0.72,0,data_5062026_baseline3,data_5062026_baseline3_00000011,data_5062026/2026_05_06_baseline3/00000011.BIN,data_5062026_baseline3_00000011_manual_01_quality_00
4.5,988.851299,0.0,0.0,0.3220285593684707,0.030541889533863074,2.986251463474186,1500.0,1500.0,3.0,15.0,0.72,0,data_5062026_baseline3,data_5062026_baseline3_00000011,data_5062026/2026_05_06_baseline3/00000011.BIN,data_5062026_baseline3_00000011_manual_01_quality_00
4.6,988.9512990000001,0.0,0.0,0.269847642760457,0.027352462519434385,3.9151860020830376,1500.0,1500.0,3.0,15.0,0.72,0,data_5062026_baseline3,data_5062026_baseline3_00000011,data_5062026/2026_05_06_baseline3/00000011.BIN,data_5062026_baseline3_00000011_manual_01_quality_00
4.7,989.0512990000001,0.0,0.0,0.3046664802718415,0.020546465042947642,4.388199988156688,1500.0,1500.0,3.0,15.0,0.72,0,data_5062026_baseline3,data_5062026_baseline3_00000011,data_5062026/2026_05_06_baseline3/00000011.BIN,data_5062026_baseline3_00000011_manual_01_quality_00
4.8,989.151299,0.0,0.0,0.3613373048202115,0.015549220041041452,4.4038655847683055,1500.0,1500.0,3.0,15.0,0.72,0,data_5062026_baseline3,data_5062026_baseline3_00000011,data_5062026/2026_05_06_baseline3/00000011.BIN,data_5062026_baseline3_00000011_manual_01_quality_00
4.9,989.251299,0.0,0.0,0.3562156039780369,0.0047569012738145665,4.517197049417725,1500.0,1500.0,3.0,15.0,0.72,0,data_5062026_baseline3,data_5062026_baseline3_00000011,data_5062026/2026_05_06_baseline3/00000011.BIN,data_5062026_baseline3_00000011_manual_01_quality_00
5.0,989.351299,0.0,0.0,0.3355520037982661,-0.027788109277367242,4.962604725148633,1500.0,1500.0,3.0,15.0,0.72,0,data_5062026_baseline3,data_5062026_baseline3_00000011,data_5062026/2026_05_06_baseline3/00000011.BIN,data_5062026_baseline3_00000011_manual_01_quality_00
5.1,989.4512990000001,0.0,0.0,0.32617361095246156,-0.06933590324171064,5.191566671707806,1500.0,1500.0,3.0,15.0,0.72,0,data_5062026_baseline3,data_5062026_baseline3_00000011,data_5062026/2026_05_06_baseline3/00000011.BIN,data_5062026_baseline3_00000011_manual_01_quality_00
5.2,989.5512990000001,0.0,0.0,0.3196329378428623,-0.10502357258571007,4.83763103487849,1500.0,1500.0,3.0,15.0,0.72,0,data_5062026_baseline3,data_5062026_baseline3_00000011,data_5062026/2026_05_06_baseline3/00000011.BIN,data_5062026_baseline3_00000011_manual_01_quality_00
5.3,989.651299,0.0,0.0,0.3156654436449634,-0.1088814455536211,4.152527822340012,1500.0,1500.0,3.0,15.0,0.72,0,data_5062026_baseline3,data_5062026_baseline3_00000011,data_5062026/2026_05_06_baseline3/00000011.BIN,data_5062026_baseline3_00000011_manual_01_quality_00
5.4,989.751299,0.0,0.0,0.31338867142966814,-0.061335670353568655,3.610489694392814,1500.0,1500.0,3.0,15.0,0.72,0,data_5062026_baseline3,data_5062026_baseline3_00000011,data_5062026/2026_05_06_baseline3/00000011.BIN,data_5062026_baseline3_00000011_manual_01_quality_00
5.5,989.851299,0.0,0.0,0.30207487617203993,0.0033168404291595544,3.3641427705809934,1500.0,1500.0,3.0,15.0,0.72,0,data_5062026_baseline3,data_5062026_baseline3_00000011,data_5062026/2026_05_06_baseline3/00000011.BIN,data_5062026_baseline3_00000011_manual_01_quality_00
5.6,989.9512990000001,0.0,0.0,0.2884794708534447,0.04810359080548348,3.288457977022613,1500.0,1500.0,3.0,15.0,0.72,0,data_5062026_baseline3,data_5062026_baseline3_00000011,data_5062026/2026_05_06_baseline3/00000011.BIN,data_5062026_baseline3_00000011_manual_01_quality_00
5.7,990.0512990000001,0.0,0.0,0.30078178601934713,0.07025973162961831,3.276626011406363,1500.0,1500.0,3.0,15.0,0.72,0,data_5062026_baseline3,data_5062026_baseline3_00000011,data_5062026/2026_05_06_baseline3/00000011.BIN,data_5062026_baseline3_00000011_manual_01_quality_00
5.8,990.151299,0.0,0.0,0.31959499099292216,0.05838206672878851,3.3419003255784414,1500.0,1500.0,3.0,15.0,0.72,0,data_5062026_baseline3,data_5062026_baseline3_00000011,data_5062026/2026_05_06_baseline3/00000011.BIN,data_5062026_baseline3_00000011_manual_01_quality_00
5.9,990.251299,0.0,0.0,0.3233450608559375,0.013601515815952593,3.6779827961697924,1500.0,1500.0,3.0,15.0,0.72,0,data_5062026_baseline3,data_5062026_baseline3_00000011,data_5062026/2026_05_06_baseline3/00000011.BIN,data_5062026_baseline3_00000011_manual_01_quality_00
6.0,990.351299,0.0,0.0,0.32331026333878576,-0.04481173446277359,4.296149107689816,1500.0,1500.0,3.0,15.0,0.72,0,data_5062026_baseline3,data_5062026_baseline3_00000011,data_5062026/2026_05_06_baseline3/00000011.BIN,data_5062026_baseline3_00000011_manual_01_quality_00
6.1,990.4512990000001,0.0,0.0,0.3271466612371308,-0.10337171285739785,4.923090982987293,1500.0,1500.0,3.0,15.0,0.72,0,data_5062026_baseline3,data_5062026_baseline3_00000011,data_5062026/2026_05_06_baseline3/00000011.BIN,data_5062026_baseline3_00000011_manual_01_quality_00
6.2,990.5512990000001,0.0,0.0,0.33195461111858005,-0.13816007518577939,5.249053766347412,1500.0,1500.0,3.0,15.0,0.72,0,data_5062026_baseline3,data_5062026_baseline3_00000011,data_5062026/2026_05_06_baseline3/00000011.BIN,data_5062026_baseline3_00000011_manual_01_quality_00
6.3,990.651299,0.0,0.0,0.304151709923228,-0.12404075209149246,5.110954778541735,1500.0,1500.0,3.0,15.0,0.72,0,data_5062026_baseline3,data_5062026_baseline3_00000011,data_5062026/2026_05_06_baseline3/00000011.BIN,data_5062026_baseline3_00000011_manual_01_quality_00
6.4,990.751299,0.0,0.0,0.26815120666023246,-0.07561280326648638,4.502948924439062,1500.0,1500.0,3.0,15.0,0.72,0,data_5062026_baseline3,data_5062026_baseline3_00000011,data_5062026/2026_05_06_baseline3/00000011.BIN,data_5062026_baseline3_00000011_manual_01_quality_00
6.5,990.851299,0.0,0.0,0.274065881331285,-0.015962721703914586,3.614470667104771,1500.0,1500.0,3.0,15.0,0.72,0,data_5062026_baseline3,data_5062026_baseline3_00000011,data_5062026/2026_05_06_baseline3/00000011.BIN,data_5062026_baseline3_00000011_manual_01_quality_00
6.6,990.9512990000001,0.0,0.0,0.29050982826917454,0.03325978958645621,2.8443842237327304,1500.0,1500.0,3.0,15.0,0.72,0,data_5062026_baseline3,data_5062026_baseline3_00000011,data_5062026/2026_05_06_baseline3/00000011.BIN,data_5062026_baseline3_00000011_manual_01_quality_00
6.7,991.0512990000001,0.0,0.0,0.292832636026943,0.0526692965233063,2.5398279795972782,1500.0,1500.0,3.0,15.0,0.72,0,data_5062026_baseline3,data_5062026_baseline3_00000011,data_5062026/2026_05_06_baseline3/00000011.BIN,data_5062026_baseline3_00000011_manual_01_quality_00
6.8,991.151299,0.0,0.0,0.291596871451287,0.04524668978633477,2.893102521068451,1500.0,1500.0,3.0,15.0,0.72,0,data_5062026_baseline3,data_5062026_baseline3_00000011,data_5062026/2026_05_06_baseline3/00000011.BIN,data_5062026_baseline3_00000011_manual_01_quality_00
6.9,991.251299,0.0,0.0,0.2887436767771475,0.012381195543406711,3.7200522028342826,1500.0,1500.0,3.0,15.0,0.72,0,data_5062026_baseline3,data_5062026_baseline3_00000011,data_5062026/2026_05_06_baseline3/00000011.BIN,data_5062026_baseline3_00000011_manual_01_quality_00
7.0,991.351299,0.0,0.0,0.2854838475056051,-0.029364366186581038,4.610977201023779,1500.0,1500.0,3.0,15.0,0.72,0,data_5062026_baseline3,data_5062026_baseline3_00000011,data_5062026/2026_05_06_baseline3/00000011.BIN,data_5062026_baseline3_00000011_manual_01_quality_00
7.1,991.4512990000001,0.0,0.0,0.2868320842394823,-0.0690194215227978,5.226899447214945,1500.0,1500.0,3.0,15.0,0.72,0,data_5062026_baseline3,data_5062026_baseline3_00000011,data_5062026/2026_05_06_baseline3/00000011.BIN,data_5062026_baseline3_00000011_manual_01_quality_00
7.2,991.5512990000001,0.0,0.0,0.28933694923011904,-0.0903982298737906,5.364130401686383,1500.0,1500.0,3.0,15.0,0.72,0,data_5062026_baseline3,data_5062026_baseline3_00000011,data_5062026/2026_05_06_baseline3/00000011.BIN,data_5062026_baseline3_00000011_manual_01_quality_00
7.3,991.651299,0.0,0.0,0.2763236353191632,-0.08542621440006172,4.9555531808131414,1500.0,1500.0,3.0,15.0,0.72,0,data_5062026_baseline3,data_5062026_baseline3_00000011,data_5062026/2026_05_06_baseline3/00000011.BIN,data_5062026_baseline3_00000011_manual_01_quality_00
7.4,991.751299,0.0,0.0,0.25939750109666704,-0.049371128421039794,4.183377485921716,1500.0,1500.0,3.0,15.0,0.72,0,data_5062026_baseline3,data_5062026_baseline3_00000011,data_5062026/2026_05_06_baseline3/00000011.BIN,data_5062026_baseline3_00000011_manual_01_quality_00
7.5,991.851299,0.0,0.0,0.2756886540848649,0.004295351172855904,3.373811064962798,1500.0,1500.0,3.0,15.0,0.72,0,data_5062026_baseline3,data_5062026_baseline3_00000011,data_5062026/2026_05_06_baseline3/00000011.BIN,data_5062026_baseline3_00000011_manual_01_quality_00
7.6,991.9512990000001,0.0,0.0,0.30031581326192075,0.03368388633798515,2.796813320298114,1500.0,1500.0,3.0,15.0,0.72,0,data_5062026_baseline3,data_5062026_baseline3_00000011,data_5062026/2026_05_06_baseline3/00000011.BIN,data_5062026_baseline3_00000011_manual_01_quality_00
7.7,992.0512990000001,0.0,0.0,0.2900371854925671,0.031957388329589956,2.624473624082308,1500.0,1500.0,3.0,15.0,0.72,0,data_5062026_baseline3,data_5062026_baseline3_00000011,data_5062026/2026_05_06_baseline3/00000011.BIN,data_5062026_baseline3_00000011_manual_01_quality_00
7.8,992.151299,0.0,0.0,0.27098570242931985,0.020173053155395408,3.0676463433514884,1500.0,1500.0,3.0,15.0,0.72,0,data_5062026_baseline3,data_5062026_baseline3_00000011,data_5062026/2026_05_06_baseline3/00000011.BIN,data_5062026_baseline3_00000011_manual_01_quality_00
7.9,992.251299,0.0,0.0,0.25704845013949174,-0.006133755962042613,4.050043638428628,1500.0,1500.0,3.0,15.0,0.72,0,data_5062026_baseline3,data_5062026_baseline3_00000011,data_5062026/2026_05_06_baseline3/00000011.BIN,data_5062026_baseline3_00000011_manual_01_quality_00
8.0,992.351299,0.0,0.0,0.24439423362960716,-0.04281181613877729,5.0628689331245535,1500.0,1500.0,3.0,15.0,0.72,0,data_5062026_baseline3,data_5062026_baseline3_00000011,data_5062026/2026_05_06_baseline3/00000011.BIN,data_5062026_baseline3_00000011_manual_01_quality_00
8.1,992.4512990000001,0.0,0.0,0.2471376556031402,-0.06384824196329414,5.551759075186109,1500.0,1500.0,3.0,15.0,0.72,0,data_5062026_baseline3,data_5062026_baseline3_00000011,data_5062026/2026_05_06_baseline3/00000011.BIN,data_5062026_baseline3_00000011_manual_01_quality_00
8.2,992.5512990000001,0.0,0.0,0.25374975351194695,-0.06789113514169466,5.216887869319661,1500.0,1500.0,3.0,15.0,0.72,0,data_5062026_baseline3,data_5062026_baseline3_00000011,data_5062026/2026_05_06_baseline3/00000011.BIN,data_5062026_baseline3_00000011_manual_01_quality_00
8.3,992.651299,0.0,0.0,0.2541174885101141,-0.06587246636036542,4.237516039127393,1500.0,1500.0,3.0,15.0,0.72,0,data_5062026_baseline3,data_5062026_baseline3_00000011,data_5062026/2026_05_06_baseline3/00000011.BIN,data_5062026_baseline3_00000011_manual_01_quality_00
8.4,992.751299,0.0,0.0,0.2529120155457769,-0.04817331226583673,3.195731390121435,1500.0,1500.0,3.0,15.0,0.72,0,data_5062026_baseline3,data_5062026_baseline3_00000011,data_5062026/2026_05_06_baseline3/00000011.BIN,data_5062026_baseline3_00000011_manual_01_quality_00
8.5,992.851299,0.0,0.0,0.26697503043529297,-0.015761331620496585,2.645500697488817,1500.0,1500.0,3.0,15.0,0.72,0,data_5062026_baseline3,data_5062026_baseline3_00000011,data_5062026/2026_05_06_baseline3/00000011.BIN,data_5062026_baseline3_00000011_manual_01_quality_00
8.6,992.9512990000001,0.0,0.0,0.28487833668305745,0.011672733882230536,2.8247002652529085,1500.0,1500.0,3.0,15.0,0.72,0,data_5062026_baseline3,data_5062026_baseline3_00000011,data_5062026/2026_05_06_baseline3/00000011.BIN,data_5062026_baseline3_00000011_manual_01_quality_00
8.7,993.0512990000001,0.0,0.0,0.26617108979792004,0.020063641868233863,3.5389333146630473,1500.0,1500.0,3.0,15.0,0.72,0,data_5062026_baseline3,data_5062026_baseline3_00000011,data_5062026/2026_05_06_baseline3/00000011.BIN,data_5062026_baseline3_00000011_manual_01_quality_00
8.8,993.151299,0.0,0.0,0.23822006915494112,0.0037024249686292404,4.405114349135787,1500.0,1500.0,3.0,15.0,0.72,0,data_5062026_baseline3,data_5062026_baseline3_00000011,data_5062026/2026_05_06_baseline3/00000011.BIN,data_5062026_baseline3_00000011_manual_01_quality_00
8.9,993.251299,0.0,0.0,0.2358062671279748,-0.037991711525052825,5.0058359576693,1500.0,1500.0,3.0,15.0,0.72,0,data_5062026_baseline3,data_5062026_baseline3_00000011,data_5062026/2026_05_06_baseline3/00000011.BIN,data_5062026_baseline3_00000011_manual_01_quality_00
9.0,993.351299,0.0,0.0,0.23982792604230938,-0.07440080181118285,4.988561905155846,1500.0,1500.0,3.0,15.0,0.72,0,data_5062026_baseline3,data_5062026_baseline3_00000011,data_5062026/2026_05_06_baseline3/00000011.BIN,data_5062026_baseline3_00000011_manual_01_quality_00
9.1,993.4512990000001,0.0,0.0,0.23974778956595402,-0.0740716757988346,4.456303112382157,1500.0,1500.0,3.0,15.0,0.72,0,data_5062026_baseline3,data_5062026_baseline3_00000011,data_5062026/2026_05_06_baseline3/00000011.BIN,data_5062026_baseline3_00000011_manual_01_quality_00
9.2,993.5512990000001,0.0,0.0,0.2386384842928939,-0.05731365731048434,3.7832855080086785,1500.0,1500.0,3.0,15.0,0.72,0,data_5062026_baseline3,data_5062026_baseline3_00000011,data_5062026/2026_05_06_baseline3/00000011.BIN,data_5062026_baseline3_00000011_manual_01_quality_00
9.3,993.651299,0.0,0.0,0.2307828847198084,-0.0482913092056708,3.2644669391451293,1500.0,1500.0,3.0,15.0,0.72,0,data_5062026_baseline3,data_5062026_baseline3_00000011,data_5062026/2026_05_06_baseline3/00000011.BIN,data_5062026_baseline3_00000011_manual_01_quality_00
9.4,993.751299,0.0,0.0,0.22123110826074358,-0.022108377650208195,3.091842126691965,1500.0,1500.0,3.0,15.0,0.72,0,data_5062026_baseline3,data_5062026_baseline3_00000011,data_5062026/2026_05_06_baseline3/00000011.BIN,data_5062026_baseline3_00000011_manual_01_quality_00
9.5,993.851299,0.0,0.0,0.22316860732898092,0.021336144025980854,3.4311557466850084,1500.0,1500.0,3.0,15.0,0.72,0,data_5062026_baseline3,data_5062026_baseline3_00000011,data_5062026/2026_05_06_baseline3/00000011.BIN,data_5062026_baseline3_00000011_manual_01_quality_00
9.6,993.9512990000001,0.0,0.0,0.22798525027826183,0.029885492113992936,4.013709770914052,1500.0,1500.0,3.0,15.0,0.72,0,data_5062026_baseline3,data_5062026_baseline3_00000011,data_5062026/2026_05_06_baseline3/00000011.BIN,data_5062026_baseline3_00000011_manual_01_quality_00
9.7,994.0512990000001,0.0,0.0,0.2285817397647697,-0.013700908261331376,4.472192080990979,1500.0,1500.0,3.0,15.0,0.72,0,data_5062026_baseline3,data_5062026_baseline3_00000011,data_5062026/2026_05_06_baseline3/00000011.BIN,data_5062026_baseline3_00000011_manual_01_quality_00
9.8,994.151299,0.0,0.0,0.22811553075024316,-0.05916355181618734,4.63314380177016,1500.0,1500.0,3.0,15.0,0.72,0,data_5062026_baseline3,data_5062026_baseline3_00000011,data_5062026/2026_05_06_baseline3/00000011.BIN,data_5062026_baseline3_00000011_manual_01_quality_00
9.9,994.251299,0.0,0.0,0.2238983791208927,-0.06918684118326221,4.4300725202656,1500.0,1500.0,3.0,15.0,0.72,0,data_5062026_baseline3,data_5062026_baseline3_00000011,data_5062026/2026_05_06_baseline3/00000011.BIN,data_5062026_baseline3_00000011_manual_01_quality_00
10.0,994.351299,0.0,0.0,0.21873903335792466,-0.06189347092183405,3.9179905600017615,1500.0,1500.0,3.0,15.0,0.72,0,data_5062026_baseline3,data_5062026_baseline3_00000011,data_5062026/2026_05_06_baseline3/00000011.BIN,data_5062026_baseline3_00000011_manual_01_quality_00
10.1,994.4512990000001,0.0,0.0,0.24720554618254223,-0.04925148991349678,3.3885117663693527,1500.0,1500.0,3.0,15.0,0.72,0,data_5062026_baseline3,data_5062026_baseline3_00000011,data_5062026/2026_05_06_baseline3/00000011.BIN,data_5062026_baseline3_00000011_manual_01_quality_00
10.2,994.5512990000001,0.0,0.0,0.28413481717893735,-0.03115550572788851,3.2459663871183433,1500.0,1500.0,3.0,15.0,0.72,0,data_5062026_baseline3,data_5062026_baseline3_00000011,data_5062026/2026_05_06_baseline3/00000011.BIN,data_5062026_baseline3_00000011_manual_01_quality_00
10.3,994.651299,0.0,0.0,0.25144379773619735,-0.00943205377805597,3.6027700914076846,1500.0,1500.0,3.0,15.0,0.72,0,data_5062026_baseline3,data_5062026_baseline3_00000011,data_5062026/2026_05_06_baseline3/00000011.BIN,data_5062026_baseline3_00000011_manual_01_quality_00
10.4,994.751299,0.0,0.0,0.20112631705129863,0.005426503016899331,4.1101745798241875,1500.0,1500.0,3.0,15.0,0.72,0,data_5062026_baseline3,data_5062026_baseline3_00000011,data_5062026/2026_05_06_baseline3/00000011.BIN,data_5062026_baseline3_00000011_manual_01_quality_00
10.5,994.851299,0.0,0.0,0.19943651647226662,0.004443403805849546,4.4113842286919365,1500.0,1500.0,3.0,15.0,0.72,0,data_5062026_baseline3,data_5062026_baseline3_00000011,data_5062026/2026_05_06_baseline3/00000011.BIN,data_5062026_baseline3_00000011_manual_01_quality_00
10.6,994.9512990000001,0.0,0.0,0.20996295874459045,-0.006524267804595482,4.351458361636656,1500.0,1500.0,3.0,15.0,0.72,0,data_5062026_baseline3,data_5062026_baseline3_00000011,data_5062026/2026_05_06_baseline3/00000011.BIN,data_5062026_baseline3_00000011_manual_01_quality_00
10.7,995.0512990000001,0.0,0.0,0.22286278753586813,-0.028950016243293866,3.972667153560244,1500.0,1500.0,3.0,15.0,0.72,0,data_5062026_baseline3,data_5062026_baseline3_00000011,data_5062026/2026_05_06_baseline3/00000011.BIN,data_5062026_baseline3_00000011_manual_01_quality_00
10.8,995.151299,0.0,0.0,0.23635934145887066,-0.05853656231780744,3.612263478858226,1500.0,1500.0,3.0,15.0,0.72,0,data_5062026_baseline3,data_5062026_baseline3_00000011,data_5062026/2026_05_06_baseline3/00000011.BIN,data_5062026_baseline3_00000011_manual_01_quality_00
10.9,995.251299,0.0,0.0,0.2294642670749777,-0.0781854199121831,3.601734056495505,1500.0,1500.0,3.0,15.0,0.72,0,data_5062026_baseline3,data_5062026_baseline3_00000011,data_5062026/2026_05_06_baseline3/00000011.BIN,data_5062026_baseline3_00000011_manual_01_quality_00
11.0,995.351299,0.0,0.0,0.21744672830013204,-0.06268554467750485,3.869398687372307,1500.0,1500.0,3.0,15.0,0.72,0,data_5062026_baseline3,data_5062026_baseline3_00000011,data_5062026/2026_05_06_baseline3/00000011.BIN,data_5062026_baseline3_00000011_manual_01_quality_00
11.1,995.4512990000001,0.0,0.0,0.2278524350816236,-0.016350712583581298,4.0998955121941245,1500.0,1500.0,3.0,15.0,0.72,0,data_5062026_baseline3,data_5062026_baseline3_00000011,data_5062026/2026_05_06_baseline3/00000011.BIN,data_5062026_baseline3_00000011_manual_01_quality_00
11.2,995.5512990000001,0.0,0.0,0.24388148236847565,0.02171725845799851,4.140464684514821,1500.0,1500.0,3.0,15.0,0.72,0,data_5062026_baseline3,data_5062026_baseline3_00000011,data_5062026/2026_05_06_baseline3/00000011.BIN,data_5062026_baseline3_00000011_manual_01_quality_00
11.3,995.651299,0.0,0.0,0.2329020167225817,0.015456826915549567,4.015836113331196,1500.0,1500.0,3.0,15.0,0.72,0,data_5062026_baseline3,data_5062026_baseline3_00000011,data_5062026/2026_05_06_baseline3/00000011.BIN,data_5062026_baseline3_00000011_manual_01_quality_00
11.4,995.751299,0.0,0.0,0.21510700272859998,-0.022430854269399923,3.86261237153653,1500.0,1500.0,3.0,15.0,0.72,0,data_5062026_baseline3,data_5062026_baseline3_00000011,data_5062026/2026_05_06_baseline3/00000011.BIN,data_5062026_baseline3_00000011_manual_01_quality_00
11.5,995.851299,0.0,0.0,0.2125629431201376,-0.04611395201087603,3.784957149920329,1500.0,1500.0,3.0,15.0,0.72,0,data_5062026_baseline3,data_5062026_baseline3_00000011,data_5062026/2026_05_06_baseline3/00000011.BIN,data_5062026_baseline3_00000011_manual_01_quality_00
11.6,995.9512990000001,0.0,0.0,0.21385237644451022,-0.046930560426488334,3.7534581348967553,1500.0,1500.0,3.0,15.0,0.72,0,data_5062026_baseline3,data_5062026_baseline3_00000011,data_5062026/2026_05_06_baseline3/00000011.BIN,data_5062026_baseline3_00000011_manual_01_quality_00
11.7,996.0512990000001,0.0,0.0,0.2126487811488841,-0.03900214122058127,3.7706449609675436,1500.0,1500.0,3.0,15.0,0.72,0,data_5062026_baseline3,data_5062026_baseline3_00000011,data_5062026/2026_05_06_baseline3/00000011.BIN,data_5062026_baseline3_00000011_manual_01_quality_00
11.8,996.151299,0.0,0.0,0.21081627017422022,-0.02390825543629928,3.905694325275687,1500.0,1500.0,3.0,15.0,0.72,0,data_5062026_baseline3,data_5062026_baseline3_00000011,data_5062026/2026_05_06_baseline3/00000011.BIN,data_5062026_baseline3_00000011_manual_01_quality_00
11.9,996.251299,0.0,0.0,0.2010293308298689,-0.00953541718270682,4.0897720874083845,1500.0,1500.0,3.0,15.0,0.72,0,data_5062026_baseline3,data_5062026_baseline3_00000011,data_5062026/2026_05_06_baseline3/00000011.BIN,data_5062026_baseline3_00000011_manual_01_quality_00
12.0,996.351299,0.0,0.0,0.1892359793907714,0.001966989104715447,4.160951963853648,1500.0,1500.0,3.0,15.0,0.72,0,data_5062026_baseline3,data_5062026_baseline3_00000011,data_5062026/2026_05_06_baseline3/00000011.BIN,data_5062026_baseline3_00000011_manual_01_quality_00
12.1,996.4512990000001,0.0,0.0,0.19453337150444586,0.012727227050717934,4.058350717286751,1500.0,1500.0,3.0,15.0,0.72,0,data_5062026_baseline3,data_5062026_baseline3_00000011,data_5062026/2026_05_06_baseline3/00000011.BIN,data_5062026_baseline3_00000011_manual_01_quality_00
12.2,996.5512990000001,0.0,0.0,0.20412242639190453,0.01414099731230109,3.8469418002666864,1500.0,1500.0,3.0,15.0,0.72,0,data_5062026_baseline3,data_5062026_baseline3_00000011,data_5062026/2026_05_06_baseline3/00000011.BIN,data_5062026_baseline3_00000011_manual_01_quality_00
12.3,996.651299,0.0,0.0,0.22725246467064852,-0.008598016012904655,3.6377866590160113,1500.0,1500.0,3.0,15.0,0.72,0,data_5062026_baseline3,data_5062026_baseline3_00000011,data_5062026/2026_05_06_baseline3/00000011.BIN,data_5062026_baseline3_00000011_manual_01_quality_00
12.4,996.751299,0.0,0.0,0.2537914787400898,-0.04400466080663683,3.617629858106235,1500.0,1500.0,3.0,15.0,0.72,0,data_5062026_baseline3,data_5062026_baseline3_00000011,data_5062026/2026_05_06_baseline3/00000011.BIN,data_5062026_baseline3_00000011_manual_01_quality_00
12.5,996.851299,0.0,0.0,0.22574973677589733,-0.05634053142477968,3.8486252690769063,1500.0,1500.0,3.0,15.0,0.72,0,data_5062026_baseline3,data_5062026_baseline3_00000011,data_5062026/2026_05_06_baseline3/00000011.BIN,data_5062026_baseline3_00000011_manual_01_quality_00
12.6,996.9512990000001,0.0,0.0,0.18401586819651633,-0.031037166554999947,4.140510813880932,1500.0,1500.0,3.0,15.0,0.72,0,data_5062026_baseline3,data_5062026_baseline3_00000011,data_5062026/2026_05_06_baseline3/00000011.BIN,data_5062026_baseline3_00000011_manual_01_quality_00
12.7,997.0512990000001,0.0,0.0,0.1788249673361692,0.010406061393370797,4.298059047062088,1500.0,1500.0,3.0,15.0,0.72,0,data_5062026_baseline3,data_5062026_baseline3_00000011,data_5062026/2026_05_06_baseline3/00000011.BIN,data_5062026_baseline3_00000011_manual_01_quality_00
12.8,997.151299,0.0,0.0,0.18279951887863224,0.03123665739061514,4.154629822581587,1500.0,1500.0,3.0,15.0,0.72,0,data_5062026_baseline3,data_5062026_baseline3_00000011,data_5062026/2026_05_06_baseline3/00000011.BIN,data_5062026_baseline3_00000011_manual_01_quality_00
12.9,997.251299,0.0,0.0,0.18977664303326586,0.01454652359968364,3.7937513626069674,1500.0,1500.0,3.0,15.0,0.72,0,data_5062026_baseline3,data_5062026_baseline3_00000011,data_5062026/2026_05_06_baseline3/00000011.BIN,data_5062026_baseline3_00000011_manual_01_quality_00
13.0,997.351299,0.0,0.0,0.1975111312277044,-0.028845455999671366,3.5052885105918663,1500.0,1500.0,3.0,15.0,0.72,0,data_5062026_baseline3,data_5062026_baseline3_00000011,data_5062026/2026_05_06_baseline3/00000011.BIN,data_5062026_baseline3_00000011_manual_01_quality_00
13.1,997.4512990000001,0.0,0.0,0.19107569891988696,-0.05981688862183517,3.5017607763537515,1500.0,1500.0,3.0,15.0,0.72,0,data_5062026_baseline3,data_5062026_baseline3_00000011,data_5062026/2026_05_06_baseline3/00000011.BIN,data_5062026_baseline3_00000011_manual_01_quality_00
13.2,997.5512990000001,0.0,0.0,0.18108404872927164,-0.057180166206567885,3.7156408443008755,1500.0,1500.0,3.0,15.0,0.72,0,data_5062026_baseline3,data_5062026_baseline3_00000011,data_5062026/2026_05_06_baseline3/00000011.BIN,data_5062026_baseline3_00000011_manual_01_quality_00
13.3,997.651299,0.0,0.0,0.20149863167906482,-0.03044383237086339,3.9216417798829273,1500.0,1500.0,3.0,15.0,0.72,0,data_5062026_baseline3,data_5062026_baseline3_00000011,data_5062026/2026_05_06_baseline3/00000011.BIN,data_5062026_baseline3_00000011_manual_01_quality_00
13.4,997.751299,0.0,0.0,0.22959046383512444,-0.009163342267486373,4.024272439463248,1500.0,1500.0,3.0,15.0,0.72,0,data_5062026_baseline3,data_5062026_baseline3_00000011,data_5062026/2026_05_06_baseline3/00000011.BIN,data_5062026_baseline3_00000011_manual_01_quality_00
13.5,997.851299,0.0,0.0,0.2112096457680513,-0.014301276327445224,4.049747500640884,1500.0,1500.0,3.0,15.0,0.72,0,data_5062026_baseline3,data_5062026_baseline3_00000011,data_5062026/2026_05_06_baseline3/00000011.BIN,data_5062026_baseline3_00000011_manual_01_quality_00
13.6,997.9512990000001,0.0,0.0,0.181090605220232,-0.03446884468388971,4.058766658400627,1500.0,1500.0,3.0,15.0,0.72,0,data_5062026_baseline3,data_5062026_baseline3_00000011,data_5062026/2026_05_06_baseline3/00000011.BIN,data_5062026_baseline3_00000011_manual_01_quality_00
13.7,998.0512990000001,0.0,0.0,0.17304807157788143,-0.041130500814349144,4.074118897473359,1500.0,1500.0,3.0,15.0,0.72,0,data_5062026_baseline3,data_5062026_baseline3_00000011,data_5062026/2026_05_06_baseline3/00000011.BIN,data_5062026_baseline3_00000011_manual_01_quality_00
13.8,998.151299,0.0,0.0,0.1705488319877092,-0.03187650706553871,3.968403594100452,1500.0,1500.0,3.0,15.0,0.72,0,data_5062026_baseline3,data_5062026_baseline3_00000011,data_5062026/2026_05_06_baseline3/00000011.BIN,data_5062026_baseline3_00000011_manual_01_quality_00
13.9,998.251299,0.0,0.0,0.20018330669161505,-0.02774395892814355,3.714565834144075,1500.0,1500.0,3.0,15.0,0.72,0,data_5062026_baseline3,data_5062026_baseline3_00000011,data_5062026/2026_05_06_baseline3/00000011.BIN,data_5062026_baseline3_00000011_manual_01_quality_00
14.0,998.351299,0.0,0.0,0.23784793237736243,-0.040112521368242074,3.5087203848524173,1500.0,1500.0,3.0,15.0,0.72,0,data_5062026_baseline3,data_5062026_baseline3_00000011,data_5062026/2026_05_06_baseline3/00000011.BIN,data_5062026_baseline3_00000011_manual_01_quality_00
14.1,998.4512990000001,0.0,0.0,0.2273065870726794,-0.05536713127010081,3.560429261871286,1500.0,1500.0,3.0,15.0,0.72,0,data_5062026_baseline3,data_5062026_baseline3_00000011,data_5062026/2026_05_06_baseline3/00000011.BIN,data_5062026_baseline3_00000011_manual_01_quality_00
14.2,998.5512990000001,0.0,0.0,0.21676524176799639,-0.06677613699169872,3.8516831822336153,1500.0,1500.0,3.0,15.0,0.72,0,data_5062026_baseline3,data_5062026_baseline3_00000011,data_5062026/2026_05_06_baseline3/00000011.BIN,data_5062026_baseline3_00000011_manual_01_quality_00
14.3,998.651299,0.0,0.0,0.21157287519216833,-0.07712229361467943,4.150540599401673,1500.0,1500.0,3.0,15.0,0.72,0,data_5062026_baseline3,data_5062026_baseline3_00000011,data_5062026/2026_05_06_baseline3/00000011.BIN,data_5062026_baseline3_00000011_manual_01_quality_00
14.4,998.751299,0.0,0.0,0.20990670407130918,-0.0777025343030272,4.253340685954616,1500.0,1500.0,3.0,15.0,0.72,0,data_5062026_baseline3,data_5062026_baseline3_00000011,data_5062026/2026_05_06_baseline3/00000011.BIN,data_5062026_baseline3_00000011_manual_01_quality_00
14.5,998.851299,0.0,0.0,0.21100141967470612,-0.05656052952206058,4.157887806035456,1500.0,1500.0,3.0,15.0,0.72,0,data_5062026_baseline3,data_5062026_baseline3_00000011,data_5062026/2026_05_06_baseline3/00000011.BIN,data_5062026_baseline3_00000011_manual_01_quality_00
14.6,998.9512990000001,0.0,0.0,0.2127927533430247,-0.03588486000393054,3.9669001608239203,1500.0,1500.0,3.0,15.0,0.72,0,data_5062026_baseline3,data_5062026_baseline3_00000011,data_5062026/2026_05_06_baseline3/00000011.BIN,data_5062026_baseline3_00000011_manual_01_quality_00
14.7,999.0512990000001,0.0,0.0,0.2084924850892946,-0.0447094187314568,3.8140495896291537,1500.0,1500.0,3.0,15.0,0.72,0,data_5062026_baseline3,data_5062026_baseline3_00000011,data_5062026/2026_05_06_baseline3/00000011.BIN,data_5062026_baseline3_00000011_manual_01_quality_00
14.8,999.151299,0.0,0.0,0.20266121734106568,-0.07600331684140016,3.7250235691388993,1500.0,1500.0,3.0,15.0,0.72,0,data_5062026_baseline3,data_5062026_baseline3_00000011,data_5062026/2026_05_06_baseline3/00000011.BIN,data_5062026_baseline3_00000011_manual_01_quality_00
14.9,999.251299,0.0,0.0,0.21703444955223924,-0.10207235596412495,3.6331844597945557,1500.0,1500.0,3.0,15.0,0.72,0,data_5062026_baseline3,data_5062026_baseline3_00000011,data_5062026/2026_05_06_baseline3/00000011.BIN,data_5062026_baseline3_00000011_manual_01_quality_00
15.0,999.351299,0.0,0.0,0.23650213120410402,-0.09808270250586609,3.5722528599244976,1500.0,1500.0,3.0,15.0,0.72,0,data_5062026_baseline3,data_5062026_baseline3_00000011,data_5062026/2026_05_06_baseline3/00000011.BIN,data_5062026_baseline3_00000011_manual_01_quality_00
15.1,999.4512990000001,0.0,0.0,0.2337228836475101,-0.0765574075450219,3.6656775100229493,1500.0,1500.0,3.0,15.0,0.72,0,data_5062026_baseline3,data_5062026_baseline3_00000011,data_5062026/2026_05_06_baseline3/00000011.BIN,data_5062026_baseline3_00000011_manual_01_quality_00
15.2,999.5512990000001,0.0,0.0,0.22534500842596614,-0.06407664101867627,3.9804781269515654,1500.0,1500.0,3.0,15.0,0.72,0,data_5062026_baseline3,data_5062026_baseline3_00000011,data_5062026/2026_05_06_baseline3/00000011.BIN,data_5062026_baseline3_00000011_manual_01_quality_00
15.3,999.651299,0.0,0.0,0.2071988719819843,-0.06015319244420319,4.326736522328758,1500.0,1500.0,3.0,15.0,0.72,0,data_5062026_baseline3,data_5062026_baseline3_00000011,data_5062026/2026_05_06_baseline3/00000011.BIN,data_5062026_baseline3_00000011_manual_01_quality_00
15.4,999.751299,0.0,0.0,0.18659431704825874,-0.06164334724390138,4.424001386888189,1500.0,1500.0,3.0,15.0,0.72,0,data_5062026_baseline3,data_5062026_baseline3_00000011,data_5062026/2026_05_06_baseline3/00000011.BIN,data_5062026_baseline3_00000011_manual_01_quality_00
15.5,999.851299,0.0,0.0,0.20477947460391926,-0.061008658197643006,4.172349153112659,1500.0,1500.0,3.0,15.0,0.72,0,data_5062026_baseline3,data_5062026_baseline3_00000011,data_5062026/2026_05_06_baseline3/00000011.BIN,data_5062026_baseline3_00000011_manual_01_quality_00
15.6,999.9512990000001,0.0,0.0,0.23271484745338145,-0.06388632991984174,3.696786291972133,1500.0,1500.0,3.0,15.0,0.72,0,data_5062026_baseline3,data_5062026_baseline3_00000011,data_5062026/2026_05_06_baseline3/00000011.BIN,data_5062026_baseline3_00000011_manual_01_quality_00
15.7,1000.0512990000001,0.0,0.0,0.2294631344478564,-0.09349769208974396,3.271048649255201,1500.0,1500.0,3.0,15.0,0.72,0,data_5062026_baseline3,data_5062026_baseline3_00000011,data_5062026/2026_05_06_baseline3/00000011.BIN,data_5062026_baseline3_00000011_manual_01_quality_00
15.8,1000.151299,0.0,0.0,0.21841026380122597,-0.12287678910432645,3.249422959280236,1500.0,1500.0,3.0,15.0,0.72,0,data_5062026_baseline3,data_5062026_baseline3_00000011,data_5062026/2026_05_06_baseline3/00000011.BIN,data_5062026_baseline3_00000011_manual_01_quality_00
15.9,1000.251299,0.0,0.0,0.21518613029000513,-0.12158316428377085,3.685508985072548,1500.0,1500.0,3.0,15.0,0.72,0,data_5062026_baseline3,data_5062026_baseline3_00000011,data_5062026/2026_05_06_baseline3/00000011.BIN,data_5062026_baseline3_00000011_manual_01_quality_00
16.0,1000.351299,0.0,0.0,0.21393020262348972,-0.09652513536202846,4.236176057479698,1500.0,1500.0,3.0,15.0,0.72,0,data_5062026_baseline3,data_5062026_baseline3_00000011,data_5062026/2026_05_06_baseline3/00000011.BIN,data_5062026_baseline3_00000011_manual_01_quality_00
16.1,1000.4512990000001,0.0,0.0,0.2109052693173991,-0.06310916360679128,4.588097275312294,1500.0,1500.0,3.0,15.0,0.72,0,data_5062026_baseline3,data_5062026_baseline3_00000011,data_5062026/2026_05_06_baseline3/00000011.BIN,data_5062026_baseline3_00000011_manual_01_quality_00
16.2,1000.5512990000001,0.0,0.0,0.20743440226468565,-0.05045666994977354,4.587072342691227,1500.0,1500.0,3.0,15.0,0.72,0,data_5062026_baseline3,data_5062026_baseline3_00000011,data_5062026/2026_05_06_baseline3/00000011.BIN,data_5062026_baseline3_00000011_manual_01_quality_00
16.3,1000.651299,0.0,0.0,0.2240423117004527,-0.07497158684065816,4.149662594672097,1500.0,1500.0,3.0,15.0,0.72,0,data_5062026_baseline3,data_5062026_baseline3_00000011,data_5062026/2026_05_06_baseline3/00000011.BIN,data_5062026_baseline3_00000011_manual_01_quality_00
16.4,1000.751299,0.0,0.0,0.24570321485387397,-0.11307334222995871,3.4787508854362135,1500.0,1500.0,3.0,15.0,0.72,0,data_5062026_baseline3,data_5062026_baseline3_00000011,data_5062026/2026_05_06_baseline3/00000011.BIN,data_5062026_baseline3_00000011_manual_01_quality_00
16.5,1000.851299,0.0,0.0,0.2490801457394789,-0.14684563811799056,3.072764550657173,1500.0,1500.0,3.0,15.0,0.72,0,data_5062026_baseline3,data_5062026_baseline3_00000011,data_5062026/2026_05_06_baseline3/00000011.BIN,data_5062026_baseline3_00000011_manual_01_quality_00
16.6,1000.9512990000001,0.0,0.0,0.24783770023408647,-0.16062829141263815,3.324430890495719,1500.0,1500.0,3.0,15.0,0.72,0,data_5062026_baseline3,data_5062026_baseline3_00000011,data_5062026/2026_05_06_baseline3/00000011.BIN,data_5062026_baseline3_00000011_manual_01_quality_00
16.7,1001.0512990000001,0.0,0.0,0.2340692270391377,-0.13791982244648482,4.05626041107865,1500.0,1500.0,3.0,15.0,0.72,0,data_5062026_baseline3,data_5062026_baseline3_00000011,data_5062026/2026_05_06_baseline3/00000011.BIN,data_5062026_baseline3_00000011_manual_01_quality_00
16.8,1001.151299,0.0,0.0,0.21715592669522216,-0.08925859804418836,4.695159018163978,1500.0,1500.0,3.0,15.0,0.72,0,data_5062026_baseline3,data_5062026_baseline3_00000011,data_5062026/2026_05_06_baseline3/00000011.BIN,data_5062026_baseline3_00000011_manual_01_quality_00
16.9,1001.251299,0.0,0.0,0.2270913337572664,-0.06377692572256301,4.773426462075671,1500.0,1500.0,3.0,15.0,0.72,0,data_5062026_baseline3,data_5062026_baseline3_00000011,data_5062026/2026_05_06_baseline3/00000011.BIN,data_5062026_baseline3_00000011_manual_01_quality_00
17.0,1001.351299,0.0,0.0,0.24377377325088476,-0.08163524808986487,4.244562184384559,1500.0,1500.0,3.0,15.0,0.72,0,data_5062026_baseline3,data_5062026_baseline3_00000011,data_5062026/2026_05_06_baseline3/00000011.BIN,data_5062026_baseline3_00000011_manual_01_quality_00
17.1,1001.4512990000001,0.0,0.0,0.25573333542041704,-0.11935260065732198,3.527828834088665,1500.0,1500.0,3.0,15.0,0.72,0,data_5062026_baseline3,data_5062026_baseline3_00000011,data_5062026/2026_05_06_baseline3/00000011.BIN,data_5062026_baseline3_00000011_manual_01_quality_00
17.2,1001.5512990000001,0.0,0.0,0.26650722985244457,-0.1534243339577647,3.1631976621394258,1500.0,1500.0,3.0,15.0,0.72,0,data_5062026_baseline3,data_5062026_baseline3_00000011,data_5062026/2026_05_06_baseline3/00000011.BIN,data_5062026_baseline3_00000011_manual_01_quality_00
17.3,1001.651299,0.0,0.0,0.25583835479554,-0.1683310091935183,3.4101312866139297,1500.0,1500.0,3.0,15.0,0.72,0,data_5062026_baseline3,data_5062026_baseline3_00000011,data_5062026/2026_05_06_baseline3/00000011.BIN,data_5062026_baseline3_00000011_manual_01_quality_00
17.4,1001.751299,0.0,0.0,0.23977557698449403,-0.1434089772480852,4.003400945873359,1500.0,1500.0,3.0,15.0,0.72,0,data_5062026_baseline3,data_5062026_baseline3_00000011,data_5062026/2026_05_06_baseline3/00000011.BIN,data_5062026_baseline3_00000011_manual_01_quality_00
17.5,1001.851299,0.0,0.0,0.23190420019572136,-0.10320092123852026,4.509300906667088,1500.0,1500.0,3.0,15.0,0.72,0,data_5062026_baseline3,data_5062026_baseline3_00000011,data_5062026/2026_05_06_baseline3/00000011.BIN,data_5062026_baseline3_00000011_manual_01_quality_00
17.6,1001.9512990000001,0.0,0.0,0.22609425867058774,-0.09011738415886987,4.581332706843684,1500.0,1500.0,3.0,15.0,0.72,0,data_5062026_baseline3,data_5062026_baseline3_00000011,data_5062026/2026_05_06_baseline3/00000011.BIN,data_5062026_baseline3_00000011_manual_01_quality_00
17.7,1002.0512990000001,0.0,0.0,0.23630275763834846,-0.11956276469311779,4.169658948946148,1500.0,1500.0,3.0,15.0,0.72,0,data_5062026_baseline3,data_5062026_baseline3_00000011,data_5062026/2026_05_06_baseline3/00000011.BIN,data_5062026_baseline3_00000011_manual_01_quality_00
17.8,1002.151299,0.0,0.0,0.2505303939732512,-0.14589522652234593,3.682460705713715,1500.0,1500.0,3.0,15.0,0.72,0,data_5062026_baseline3,data_5062026_baseline3_00000011,data_5062026/2026_05_06_baseline3/00000011.BIN,data_5062026_baseline3_00000011_manual_01_quality_00
17.9,1002.251299,0.0,0.0,0.2519011960052157,-0.14865285896903224,3.5318014707763172,1500.0,1500.0,3.0,15.0,0.72,0,data_5062026_baseline3,data_5062026_baseline3_00000011,data_5062026/2026_05_06_baseline3/00000011.BIN,data_5062026_baseline3_00000011_manual_01_quality_00
18.0,1002.351299,0.0,0.0,0.25003364668295275,-0.15297659406998743,3.7131744472471264,1500.0,1500.0,3.0,15.0,0.72,0,data_5062026_baseline3,data_5062026_baseline3_00000011,data_5062026/2026_05_06_baseline3/00000011.BIN,data_5062026_baseline3_00000011_manual_01_quality_00
18.1,1002.4512990000001,0.0,0.0,0.2434464374993059,-0.15950727518835514,3.946410018310084,1500.0,1500.0,3.0,15.0,0.72,0,data_5062026_baseline3,data_5062026_baseline3_00000011,data_5062026/2026_05_06_baseline3/00000011.BIN,data_5062026_baseline3_00000011_manual_01_quality_00
18.2,1002.5512990000001,0.0,0.0,0.23566993288378518,-0.15137206786525034,4.112910281988818,1500.0,1500.0,3.0,15.0,0.72,0,data_5062026_baseline3,data_5062026_baseline3_00000011,data_5062026/2026_05_06_baseline3/00000011.BIN,data_5062026_baseline3_00000011_manual_01_quality_00
18.3,1002.651299,0.0,0.0,0.23093837859769403,-0.1325716903869884,4.154650852577799,1500.0,1500.0,3.0,15.0,0.72,0,data_5062026_baseline3,data_5062026_baseline3_00000011,data_5062026/2026_05_06_baseline3/00000011.BIN,data_5062026_baseline3_00000011_manual_01_quality_00
18.4,1002.751299,0.0,0.0,0.226974161554064,-0.12885146777738357,4.040037411641143,1500.0,1500.0,3.0,15.0,0.72,0,data_5062026_baseline3,data_5062026_baseline3_00000011,data_5062026/2026_05_06_baseline3/00000011.BIN,data_5062026_baseline3_00000011_manual_01_quality_00
18.5,1002.851299,0.0,0.0,0.24669650256371511,-0.142187736322466,3.8550804615304024,1500.0,1500.0,3.0,15.0,0.72,0,data_5062026_baseline3,data_5062026_baseline3_00000011,data_5062026/2026_05_06_baseline3/00000011.BIN,data_5062026_baseline3_00000011_manual_01_quality_00
18.6,1002.9512990000001,0.0,0.0,0.27236085272662325,-0.14842171067565596,3.750827245810867,1500.0,1500.0,3.0,15.0,0.72,0,data_5062026_baseline3,data_5062026_baseline3_00000011,data_5062026/2026_05_06_baseline3/00000011.BIN,data_5062026_baseline3_00000011_manual_01_quality_00
18.7,1003.0512990000001,0.0,0.0,0.24501333263147115,-0.15391991525267631,3.8116843486269625,1500.0,1500.0,3.0,15.0,0.72,0,data_5062026_baseline3,data_5062026_baseline3_00000011,data_5062026/2026_05_06_baseline3/00000011.BIN,data_5062026_baseline3_00000011_manual_01_quality_00
18.8,1003.151299,0.0,0.0,0.2043589610104614,-0.16135958940003947,3.975510477859761,1500.0,1500.0,3.0,15.0,0.72,0,data_5062026_baseline3,data_5062026_baseline3_00000011,data_5062026/2026_05_06_baseline3/00000011.BIN,data_5062026_baseline3_00000011_manual_01_quality_00
18.9,1003.251299,0.0,0.0,0.1985188873248931,-0.14472618982112667,4.087228893886183,1500.0,1500.0,3.0,14.0,0.74,0,data_5062026_baseline3,data_5062026_baseline3_00000011,data_5062026/2026_05_06_baseline3/00000011.BIN,data_5062026_baseline3_00000011_manual_01_quality_00
19.0,1003.351299,0.0,0.0,0.2014112378265797,-0.11203526322372909,4.096982860404936,1500.0,1500.0,3.0,14.0,0.74,0,data_5062026_baseline3,data_5062026_baseline3_00000011,data_5062026/2026_05_06_baseline3/00000011.BIN,data_5062026_baseline3_00000011_manual_01_quality_00
19.1,1003.4512990000001,0.0,0.0,0.2182684606761504,-0.10664461217959245,3.975705818792685,1500.0,1500.0,3.0,14.0,0.74,0,data_5062026_baseline3,data_5062026_baseline3_00000011,data_5062026/2026_05_06_baseline3/00000011.BIN,data_5062026_baseline3_00000011_manual_01_quality_00
19.2,1003.5512990000001,0.0,0.0,0.2386385302900837,-0.13999772440821426,3.783148387581441,1500.0,1500.0,3.0,14.0,0.74,0,data_5062026_baseline3,data_5062026_baseline3_00000011,data_5062026/2026_05_06_baseline3/00000011.BIN,data_5062026_baseline3_00000011_manual_01_quality_00
19.3,1003.651299,0.0,0.0,0.23147679412165903,-0.16286291951388554,3.728311478554613,1500.0,1500.0,3.0,14.0,0.74,0,data_5062026_baseline3,data_5062026_baseline3_00000011,data_5062026/2026_05_06_baseline3/00000011.BIN,data_5062026_baseline3_00000011_manual_01_quality_00
19.4,1003.751299,0.0,0.0,0.21736400285742524,-0.14569109974961378,3.9079271966397786,1500.0,1500.0,3.0,14.0,0.74,0,data_5062026_baseline3,data_5062026_baseline3_00000011,data_5062026/2026_05_06_baseline3/00000011.BIN,data_5062026_baseline3_00000011_manual_01_quality_00
19.5,1003.851299,0.0,0.0,0.2020011391764275,-0.11130836830231483,4.15693889839788,1500.0,1500.0,3.0,14.0,0.74,0,data_5062026_baseline3,data_5062026_baseline3_00000011,data_5062026/2026_05_06_baseline3/00000011.BIN,data_5062026_baseline3_00000011_manual_01_quality_00
19.6,1003.9512990000001,0.0,0.0,0.18632348834486567,-0.09806452316743597,4.182884414912325,1500.0,1500.0,3.0,14.0,0.74,0,data_5062026_baseline3,data_5062026_baseline3_00000011,data_5062026/2026_05_06_baseline3/00000011.BIN,data_5062026_baseline3_00000011_manual_01_quality_00
19.7,1004.0512990000001,0.0,0.0,0.19272899541027633,-0.10844964639894229,4.01218654779533,1500.0,1500.0,3.0,14.0,0.74,0,data_5062026_baseline3,data_5062026_baseline3_00000011,data_5062026/2026_05_06_baseline3/00000011.BIN,data_5062026_baseline3_00000011_manual_01_quality_00
19.8,1004.151299,0.0,0.0,0.20468430655995495,-0.10656844639925413,3.95860984368528,1500.0,1500.0,3.0,14.0,0.74,0,data_5062026_baseline3,data_5062026_baseline3_00000011,data_5062026/2026_05_06_baseline3/00000011.BIN,data_5062026_baseline3_00000011_manual_01_quality_00
19.9,1004.251299,0.0,0.0,0.19675280968827558,-0.09510492599868933,4.059947800045839,1500.0,1500.0,3.0,14.0,0.74,0,data_5062026_baseline3,data_5062026_baseline3_00000011,data_5062026/2026_05_06_baseline3/00000011.BIN,data_5062026_baseline3_00000011_manual_01_quality_00
20.0,1004.351299,0.0,0.0,0.1838194332775989,-0.11383220829587608,4.00275269925956,1500.0,1500.0,3.0,14.0,0.74,0,data_5062026_baseline3,data_5062026_baseline3_00000011,data_5062026/2026_05_06_baseline3/00000011.BIN,data_5062026_baseline3_00000011_manual_01_quality_00
20.1,1004.4512990000001,0.0,0.0,0.1773805354859607,-0.14112637021126131,3.759396529931835,1500.0,1500.0,3.0,14.0,0.74,0,data_5062026_baseline3,data_5062026_baseline3_00000011,data_5062026/2026_05_06_baseline3/00000011.BIN,data_5062026_baseline3_00000011_manual_01_quality_00
20.2,1004.5512990000001,0.0,0.0,0.17257460391063995,-0.12335669196185771,3.736062673150096,1500.0,1500.0,3.0,14.0,0.74,0,data_5062026_baseline3,data_5062026_baseline3_00000011,data_5062026/2026_05_06_baseline3/00000011.BIN,data_5062026_baseline3_00000011_manual_01_quality_00
20.3,1004.651299,0.0,0.0,0.19489378574338542,-0.07196730429149038,4.0000634801491515,1500.0,1500.0,3.0,14.0,0.74,0,data_5062026_baseline3,data_5062026_baseline3_00000011,data_5062026/2026_05_06_baseline3/00000011.BIN,data_5062026_baseline3_00000011_manual_01_quality_00
20.4,1004.751299,0.0,0.0,0.22404985871057367,-0.044737359722240855,4.2114393203231,1500.0,1500.0,3.0,14.0,0.74,0,data_5062026_baseline3,data_5062026_baseline3_00000011,data_5062026/2026_05_06_baseline3/00000011.BIN,data_5062026_baseline3_00000011_manual_01_quality_00
20.5,1004.851299,0.0,0.0,0.21255807375117988,-0.07340403554625773,4.015024222389006,1500.0,1500.0,3.0,14.0,0.74,0,data_5062026_baseline3,data_5062026_baseline3_00000011,data_5062026/2026_05_06_baseline3/00000011.BIN,data_5062026_baseline3_00000011_manual_01_quality_00
20.6,1004.9512990000001,0.0,0.0,0.19087254831115852,-0.11812609422004683,3.6574745627476104,1500.0,1500.0,3.0,14.0,0.74,0,data_5062026_baseline3,data_5062026_baseline3_00000011,data_5062026/2026_05_06_baseline3/00000011.BIN,data_5062026_baseline3_00000011_manual_01_quality_00
20.7,1005.0512990000001,0.0,0.0,0.18103257247667973,-0.1316794426939933,3.6008594709139867,1500.0,1500.0,3.0,14.0,0.74,0,data_5062026_baseline3,data_5062026_baseline3_00000011,data_5062026/2026_05_06_baseline3/00000011.BIN,data_5062026_baseline3_00000011_manual_01_quality_00
20.8,1005.151299,0.0,0.0,0.17419876095844208,-0.0900464614301382,3.896127556193167,1500.0,1500.0,3.0,14.0,0.74,0,data_5062026_baseline3,data_5062026_baseline3_00000011,data_5062026/2026_05_06_baseline3/00000011.BIN,data_5062026_baseline3_00000011_manual_01_quality_00
20.9,1005.251299,0.0,0.0,0.18674526480604856,-0.025193284463259906,4.2673457839033615,1500.0,1500.0,3.0,14.0,0.74,0,data_5062026_baseline3,data_5062026_baseline3_00000011,data_5062026/2026_05_06_baseline3/00000011.BIN,data_5062026_baseline3_00000011_manual_01_quality_00
21.0,1005.351299,0.0,0.0,0.199291768653655,-0.017785922500461026,4.27588803705064,1500.0,1500.0,3.0,14.0,0.74,0,data_5062026_baseline3,data_5062026_baseline3_00000011,data_5062026/2026_05_06_baseline3/00000011.BIN,data_5062026_baseline3_00000011_manual_01_quality_00
21.1,1005.4512990000001,0.0,0.0,0.1854496542934137,-0.07575331452056118,3.967467361554516,1500.0,1500.0,3.0,14.0,0.74,0,data_5062026_baseline3,data_5062026_baseline3_00000011,data_5062026/2026_05_06_baseline3/00000011.BIN,data_5062026_baseline3_00000011_manual_01_quality_00
21.2,1005.5512990000001,0.0,0.0,0.16495876445357271,-0.11298102620375203,3.7821895897962174,1500.0,1500.0,3.0,14.0,0.74,0,data_5062026_baseline3,data_5062026_baseline3_00000011,data_5062026/2026_05_06_baseline3/00000011.BIN,data_5062026_baseline3_00000011_manual_01_quality_00
21.3,1005.651299,0.0,0.0,0.16518521377197287,-0.08050870751267358,3.9004411646581976,1500.0,1500.0,3.0,14.0,0.74,0,data_5062026_baseline3,data_5062026_baseline3_00000011,data_5062026/2026_05_06_baseline3/00000011.BIN,data_5062026_baseline3_00000011_manual_01_quality_00
21.4,1005.751299,0.0,0.0,0.17065069753918988,-0.038882817750556575,4.0335290180635734,1500.0,1500.0,3.0,14.0,0.74,0,data_5062026_baseline3,data_5062026_baseline3_00000011,data_5062026/2026_05_06_baseline3/00000011.BIN,data_5062026_baseline3_00000011_manual_01_quality_00
21.5,1005.851299,0.0,0.0,0.1792151094461262,-0.04086046277925934,3.9179794513763926,1500.0,1500.0,3.0,14.0,0.74,0,data_5062026_baseline3,data_5062026_baseline3_00000011,data_5062026/2026_05_06_baseline3/00000011.BIN,data_5062026_baseline3_00000011_manual_01_quality_00
21.6,1005.9512990000001,0.0,0.0,0.18855701533875419,-0.07413857020412058,3.7416842984454664,1500.0,1500.0,3.0,14.0,0.74,0,data_5062026_baseline3,data_5062026_baseline3_00000011,data_5062026/2026_05_06_baseline3/00000011.BIN,data_5062026_baseline3_00000011_manual_01_quality_00
21.7,1006.0512990000001,0.0,0.0,0.16504248744565608,-0.07672114564680087,3.839315611662206,1500.0,1500.0,3.0,14.0,0.74,0,data_5062026_baseline3,data_5062026_baseline3_00000011,data_5062026/2026_05_06_baseline3/00000011.BIN,data_5062026_baseline3_00000011_manual_01_quality_00
21.8,1006.151299,0.0,0.0,0.13326810924011367,-0.04648646243352286,4.138079732147607,1500.0,1500.0,3.0,14.0,0.74,0,data_5062026_baseline3,data_5062026_baseline3_00000011,data_5062026/2026_05_06_baseline3/00000011.BIN,data_5062026_baseline3_00000011_manual_01_quality_00
21.9,1006.251299,0.0,0.0,0.17452480231943776,-0.03810290007656828,4.214317209335334,1500.0,1500.0,3.0,14.0,0.74,0,data_5062026_baseline3,data_5062026_baseline3_00000011,data_5062026/2026_05_06_baseline3/00000011.BIN,data_5062026_baseline3_00000011_manual_01_quality_00
22.0,1006.351299,0.0,0.0,0.23412378357751173,-0.037309151319824034,4.026670908266028,1500.0,1500.0,3.0,14.0,0.74,0,data_5062026_baseline3,data_5062026_baseline3_00000011,data_5062026/2026_05_06_baseline3/00000011.BIN,data_5062026_baseline3_00000011_manual_01_quality_00
22.1,1006.4512990000001,0.0,0.0,0.2024287823635452,-0.046666515131626146,3.7937959298733253,1500.0,1500.0,3.0,14.0,0.74,0,data_5062026_baseline3,data_5062026_baseline3_00000011,data_5062026/2026_05_06_baseline3/00000011.BIN,data_5062026_baseline3_00000011_manual_01_quality_00
22.2,1006.5512990000001,0.0,0.0,0.147858909547235,-0.08203318857172963,3.586570961554349,1500.0,1500.0,3.0,14.0,0.74,0,data_5062026_baseline3,data_5062026_baseline3_00000011,data_5062026/2026_05_06_baseline3/00000011.BIN,data_5062026_baseline3_00000011_manual_01_quality_00
22.3,1006.651299,0.0,0.0,0.1340340677057029,-0.10161146688517124,3.532633614022989,1500.0,1500.0,3.0,14.0,0.74,0,data_5062026_baseline3,data_5062026_baseline3_00000011,data_5062026/2026_05_06_baseline3/00000011.BIN,data_5062026_baseline3_00000011_manual_01_quality_00
22.4,1006.751299,0.0,0.0,0.1305404123748853,-0.08113542561022075,3.7942213760528065,1500.0,1500.0,3.0,14.0,0.74,0,data_5062026_baseline3,data_5062026_baseline3_00000011,data_5062026/2026_05_06_baseline3/00000011.BIN,data_5062026_baseline3_00000011_manual_01_quality_00
22.5,1006.851299,0.0,0.0,0.15423077260295645,-0.04875762782181877,4.206973098987401,1500.0,1500.0,3.0,14.0,0.74,0,data_5062026_baseline3,data_5062026_baseline3_00000011,data_5062026/2026_05_06_baseline3/00000011.BIN,data_5062026_baseline3_00000011_manual_01_quality_00
22.6,1006.9512990000001,0.0,0.0,0.18475753596793604,-0.03445956557772075,4.4371956802684265,1500.0,1500.0,3.0,14.0,0.74,0,data_5062026_baseline3,data_5062026_baseline3_00000011,data_5062026/2026_05_06_baseline3/00000011.BIN,data_5062026_baseline3_00000011_manual_01_quality_00
22.7,1007.0512990000001,0.0,0.0,0.16617419723561325,-0.04432519921809174,4.285004576670913,1500.0,1500.0,3.0,14.0,0.74,0,data_5062026_baseline3,data_5062026_baseline3_00000011,data_5062026/2026_05_06_baseline3/00000011.BIN,data_5062026_baseline3_00000011_manual_01_quality_00
22.8,1007.151299,0.0,0.0,0.13527801478517545,-0.06500914759644576,3.8813313723764544,1500.0,1500.0,3.0,14.0,0.74,0,data_5062026_baseline3,data_5062026_baseline3_00000011,data_5062026/2026_05_06_baseline3/00000011.BIN,data_5062026_baseline3_00000011_manual_01_quality_00
22.9,1007.251299,0.0,0.0,0.13158191734409527,-0.09290622121457529,3.582460575985637,1500.0,1500.0,3.0,14.0,0.74,0,data_5062026_baseline3,data_5062026_baseline3_00000011,data_5062026/2026_05_06_baseline3/00000011.BIN,data_5062026_baseline3_00000011_manual_01_quality_00
23.0,1007.351299,0.0,0.0,0.134736491656055,-0.11977906324563638,3.5819441578554634,1500.0,1500.0,3.0,14.0,0.74,0,data_5062026_baseline3,data_5062026_baseline3_00000011,data_5062026/2026_05_06_baseline3/00000011.BIN,data_5062026_baseline3_00000011_manual_01_quality_00
23.1,1007.4512990000001,0.0,0.0,0.15390448872075585,-0.11146028987023597,3.8330275132822,1500.0,1500.0,3.0,14.0,0.74,0,data_5062026_baseline3,data_5062026_baseline3_00000011,data_5062026/2026_05_06_baseline3/00000011.BIN,data_5062026_baseline3_00000011_manual_01_quality_00
23.2,1007.5512990000001,0.0,0.0,0.17709537687964466,-0.07376224946569554,4.136713013226074,1500.0,1500.0,3.0,14.0,0.74,0,data_5062026_baseline3,data_5062026_baseline3_00000011,data_5062026/2026_05_06_baseline3/00000011.BIN,data_5062026_baseline3_00000011_manual_01_quality_00
23.3,1007.651299,0.0,0.0,0.1619187113241313,-0.0481834465273209,4.257299748668282,1500.0,1500.0,3.0,14.0,0.74,0,data_5062026_baseline3,data_5062026_baseline3_00000011,data_5062026/2026_05_06_baseline3/00000011.BIN,data_5062026_baseline3_00000011_manual_01_quality_00
23.4,1007.751299,0.0,0.0,0.12153663799971216,-0.05047785998381091,4.0666186757824825,1500.0,1500.0,3.0,14.0,0.74,0,data_5062026_baseline3,data_5062026_baseline3_00000011,data_5062026/2026_05_06_baseline3/00000011.BIN,data_5062026_baseline3_00000011_manual_01_quality_00
23.5,1007.851299,0.0,0.0,0.13513269519354845,-0.0818078510477636,3.7280441259185735,1500.0,1500.0,3.0,14.0,0.74,0,data_5062026_baseline3,data_5062026_baseline3_00000011,data_5062026/2026_05_06_baseline3/00000011.BIN,data_5062026_baseline3_00000011_manual_01_quality_00
23.6,1007.9512990000001,0.0,0.0,0.16227139356673842,-0.1123700538344042,3.5320939290610553,1500.0,1500.0,3.0,14.0,0.74,0,data_5062026_baseline3,data_5062026_baseline3_00000011,data_5062026/2026_05_06_baseline3/00000011.BIN,data_5062026_baseline3_00000011_manual_01_quality_00
23.7,1008.0512990000001,0.0,0.0,0.18222749072380445,-0.10766133865909303,3.6578108327319656,1500.0,1500.0,3.0,14.0,0.74,0,data_5062026_baseline3,data_5062026_baseline3_00000011,data_5062026/2026_05_06_baseline3/00000011.BIN,data_5062026_baseline3_00000011_manual_01_quality_00
23.8,1008.151299,0.0,0.0,0.20038546787849257,-0.08650042321303665,3.980391127912534,1500.0,1500.0,3.0,14.0,0.74,0,data_5062026_baseline3,data_5062026_baseline3_00000011,data_5062026/2026_05_06_baseline3/00000011.BIN,data_5062026_baseline3_00000011_manual_01_quality_00
23.9,1008.251299,0.0,0.0,0.16562014800307462,-0.07149146080285312,4.190137036616276,1500.0,1500.0,3.0,14.0,0.74,0,data_5062026_baseline3,data_5062026_baseline3_00000011,data_5062026/2026_05_06_baseline3/00000011.BIN,data_5062026_baseline3_00000011_manual_01_quality_00
24.0,1008.351299,0.0,0.0,0.11752296475049538,-0.06372112366494949,4.148690194681663,1500.0,1500.0,3.0,14.0,0.74,0,data_5062026_baseline3,data_5062026_baseline3_00000011,data_5062026/2026_05_06_baseline3/00000011.BIN,data_5062026_baseline3_00000011_manual_01_quality_00
24.1,1008.4512990000001,0.0,0.0,0.13728687555218408,-0.06726842245425012,3.938664897406323,1500.0,1500.0,3.0,14.0,0.74,0,data_5062026_baseline3,data_5062026_baseline3_00000011,data_5062026/2026_05_06_baseline3/00000011.BIN,data_5062026_baseline3_00000011_manual_01_quality_00
24.2,1008.5512990000001,0.0,0.0,0.17412009961635733,-0.08282816363499095,3.8132721363132873,1500.0,1500.0,3.0,14.0,0.74,0,data_5062026_baseline3,data_5062026_baseline3_00000011,data_5062026/2026_05_06_baseline3/00000011.BIN,data_5062026_baseline3_00000011_manual_01_quality_00
24.3,1008.651299,0.0,0.0,0.2003331111831855,-0.08478966378047018,3.9352815576809568,1500.0,1500.0,3.0,14.0,0.74,0,data_5062026_baseline3,data_5062026_baseline3_00000011,data_5062026/2026_05_06_baseline3/00000011.BIN,data_5062026_baseline3_00000011_manual_01_quality_00
24.4,1008.751299,0.0,0.0,0.223877947342673,-0.06548470258197246,4.093699759281133,1500.0,1500.0,3.0,14.0,0.74,0,data_5062026_baseline3,data_5062026_baseline3_00000011,data_5062026/2026_05_06_baseline3/00000011.BIN,data_5062026_baseline3_00000011_manual_01_quality_00
24.5,1008.851299,0.0,0.0,0.16260832035855266,-0.06989489574230846,4.0151159115324715,1500.0,1500.0,3.0,14.0,0.74,0,data_5062026_baseline3,data_5062026_baseline3_00000011,data_5062026/2026_05_06_baseline3/00000011.BIN,data_5062026_baseline3_00000011_manual_01_quality_00
24.6,1008.9512990000001,0.0,0.0,0.08006081294809836,-0.08962186096865939,3.856117873200134,1500.0,1500.0,3.0,14.0,0.74,0,data_5062026_baseline3,data_5062026_baseline3_00000011,data_5062026/2026_05_06_baseline3/00000011.BIN,data_5062026_baseline3_00000011_manual_01_quality_00
24.7,1009.0512990000001,0.0,0.0,0.09600016061453276,-0.07678377972480738,3.6970441499740545,1500.0,1500.0,3.0,14.0,0.74,0,data_5062026_baseline3,data_5062026_baseline3_00000011,data_5062026/2026_05_06_baseline3/00000011.BIN,data_5062026_baseline3_00000011_manual_01_quality_00
24.8,1009.151299,0.0,0.0,0.13664591741921728,-0.04164195472581622,3.7776986915754724,1500.0,1500.0,3.0,14.0,0.74,0,data_5062026_baseline3,data_5062026_baseline3_00000011,data_5062026/2026_05_06_baseline3/00000011.BIN,data_5062026_baseline3_00000011_manual_01_quality_00
24.9,1009.251299,0.0,0.0,0.2050682017578615,-0.004259437135021077,4.11786481450527,1500.0,1500.0,3.0,14.0,0.74,0,data_5062026_baseline3,data_5062026_baseline3_00000011,data_5062026/2026_05_06_baseline3/00000011.BIN,data_5062026_baseline3_00000011_manual_01_quality_00
25.0,1009.351299,0.0,0.0,0.2804685036614588,0.0026904042517453433,4.227053258652058,1500.0,1500.0,3.0,14.0,0.74,0,data_5062026_baseline3,data_5062026_baseline3_00000011,data_5062026/2026_05_06_baseline3/00000011.BIN,data_5062026_baseline3_00000011_manual_01_quality_00
25.1,1009.4512990000001,0.0,0.0,0.20395473968436065,-0.05568793199086797,3.798645590476561,1500.0,1500.0,3.0,14.0,0.74,0,data_5062026_baseline3,data_5062026_baseline3_00000011,data_5062026/2026_05_06_baseline3/00000011.BIN,data_5062026_baseline3_00000011_manual_01_quality_00
25.2,1009.5512990000001,0.0,0.0,0.0893769691044709,-0.1188233931033093,3.553729411827999,1500.0,1500.0,3.0,14.0,0.74,0,data_5062026_baseline3,data_5062026_baseline3_00000011,data_5062026/2026_05_06_baseline3/00000011.BIN,data_5062026_baseline3_00000011_manual_01_quality_00
25.3,1009.651299,0.0,0.0,0.10028421038916485,-0.09740462976323837,3.533067691496039,1500.0,1500.0,3.0,14.0,0.74,0,data_5062026_baseline3,data_5062026_baseline3_00000011,data_5062026/2026_05_06_baseline3/00000011.BIN,data_5062026_baseline3_00000011_manual_01_quality_00
25.4,1009.751299,0.0,0.0,0.1428612988721561,-0.029536992718809683,3.904508980790662,1500.0,1500.0,3.0,14.0,0.74,0,data_5062026_baseline3,data_5062026_baseline3_00000011,data_5062026/2026_05_06_baseline3/00000011.BIN,data_5062026_baseline3_00000011_manual_01_quality_00
25.5,1009.851299,0.0,0.0,0.20265933282480797,0.052059244154843864,4.470866855188208,1500.0,1500.0,3.0,14.0,0.74,0,data_5062026_baseline3,data_5062026_baseline3_00000011,data_5062026/2026_05_06_baseline3/00000011.BIN,data_5062026_baseline3_00000011_manual_01_quality_00
25.6,1009.9512990000001,0.0,0.0,0.26677741257635923,0.06403907489872337,4.498961918489367,1500.0,1500.0,3.0,14.0,0.74,0,data_5062026_baseline3,data_5062026_baseline3_00000011,data_5062026/2026_05_06_baseline3/00000011.BIN,data_5062026_baseline3_00000011_manual_01_quality_00
25.7,1010.0512990000001,0.0,0.0,0.22560127205513703,-0.013248647919984813,3.7517438417698075,1500.0,1500.0,3.0,14.0,0.74,0,data_5062026_baseline3,data_5062026_baseline3_00000011,data_5062026/2026_05_06_baseline3/00000011.BIN,data_5062026_baseline3_00000011_manual_01_quality_00
25.8,1010.151299,0.0,0.0,0.157953339702218,-0.10268259968906454,3.265514030803083,1500.0,1500.0,3.0,14.0,0.74,0,data_5062026_baseline3,data_5062026_baseline3_00000011,data_5062026/2026_05_06_baseline3/00000011.BIN,data_5062026_baseline3_00000011_manual_01_quality_00
25.9,1010.251299,0.0,0.0,0.1243496746988122,-0.10842896106712535,3.2942839919810796,1500.0,1500.0,3.0,14.0,0.74,0,data_5062026_baseline3,data_5062026_baseline3_00000011,data_5062026/2026_05_06_baseline3/00000011.BIN,data_5062026_baseline3_00000011_manual_01_quality_00
26.0,1010.351299,0.0,0.0,0.09930127354642193,-0.049170637542807344,3.9068910459328254,1500.0,1500.0,3.0,14.0,0.74,0,data_5062026_baseline3,data_5062026_baseline3_00000011,data_5062026/2026_05_06_baseline3/00000011.BIN,data_5062026_baseline3_00000011_manual_01_quality_00
26.1,1010.4512990000001,0.0,0.0,0.15054601332643566,0.0324973313314828,4.568487743349076,1500.0,1500.0,3.0,14.0,0.74,0,data_5062026_baseline3,data_5062026_baseline3_00000011,data_5062026/2026_05_06_baseline3/00000011.BIN,data_5062026_baseline3_00000011_manual_01_quality_00
26.2,1010.5512990000001,0.0,0.0,0.22101328157298947,0.05939786929911333,4.5971733387007365,1500.0,1500.0,3.0,14.0,0.74,0,data_5062026_baseline3,data_5062026_baseline3_00000011,data_5062026/2026_05_06_baseline3/00000011.BIN,data_5062026_baseline3_00000011_manual_01_quality_00
26.3,1010.651299,0.0,0.0,0.21279462412663036,-0.0028266496828891277,3.9675035389393885,1500.0,1500.0,3.0,14.0,0.74,0,data_5062026_baseline3,data_5062026_baseline3_00000011,data_5062026/2026_05_06_baseline3/00000011.BIN,data_5062026_baseline3_00000011_manual_01_quality_00
26.4,1010.751299,0.0,0.0,0.1847937085503703,-0.0883686447905287,3.3939939856545345,1500.0,1500.0,3.0,14.0,0.74,0,data_5062026_baseline3,data_5062026_baseline3_00000011,data_5062026/2026_05_06_baseline3/00000011.BIN,data_5062026_baseline3_00000011_manual_01_quality_00
26.5,1010.851299,0.0,0.0,0.15736736683598967,-0.12709068719819527,3.359347825335565,1500.0,1500.0,3.0,14.0,0.74,0,data_5062026_baseline3,data_5062026_baseline3_00000011,data_5062026/2026_05_06_baseline3/00000011.BIN,data_5062026_baseline3_00000011_manual_01_quality_00
26.6,1010.9512990000001,0.0,0.0,0.13008514472149696,-0.11607393294027073,3.748671728075333,1500.0,1500.0,3.0,14.0,0.74,0,data_5062026_baseline3,data_5062026_baseline3_00000011,data_5062026/2026_05_06_baseline3/00000011.BIN,data_5062026_baseline3_00000011_manual_01_quality_00
26.7,1011.0512990000001,0.0,0.0,0.13509929331256906,-0.06395441742602605,4.078727182094006,1500.0,1500.0,3.0,14.0,0.74,0,data_5062026_baseline3,data_5062026_baseline3_00000011,data_5062026/2026_05_06_baseline3/00000011.BIN,data_5062026_baseline3_00000011_manual_01_quality_00
26.8,1011.151299,0.0,0.0,0.14820469932191524,-0.03002474337160623,4.131853682649189,1500.0,1500.0,3.0,14.0,0.74,0,data_5062026_baseline3,data_5062026_baseline3_00000011,data_5062026/2026_05_06_baseline3/00000011.BIN,data_5062026_baseline3_00000011_manual_01_quality_00
26.9,1011.251299,0.0,0.0,0.20442627984558887,-0.031305528981703634,4.0391336450673,1500.0,1500.0,3.0,14.0,0.74,0,data_5062026_baseline3,data_5062026_baseline3_00000011,data_5062026/2026_05_06_baseline3/00000011.BIN,data_5062026_baseline3_00000011_manual_01_quality_00
27.0,1011.351299,0.0,0.0,0.27150516554340604,-0.0238031442360313,3.997571472532337,1500.0,1500.0,3.0,14.0,0.74,0,data_5062026_baseline3,data_5062026_baseline3_00000011,data_5062026/2026_05_06_baseline3/00000011.BIN,data_5062026_baseline3_00000011_manual_01_quality_00
27.1,1011.4512990000001,0.0,0.0,0.22939245081099804,-0.026875382848985562,3.9051999298987603,1500.0,1500.0,3.0,14.0,0.74,0,data_5062026_baseline3,data_5062026_baseline3_00000011,data_5062026/2026_05_06_baseline3/00000011.BIN,data_5062026_baseline3_00000011_manual_01_quality_00
27.2,1011.5512990000001,0.0,0.0,0.15985204764678723,-0.059286502960661853,3.663530314244658,1500.0,1500.0,3.0,14.0,0.74,0,data_5062026_baseline3,data_5062026_baseline3_00000011,data_5062026/2026_05_06_baseline3/00000011.BIN,data_5062026_baseline3_00000011_manual_01_quality_00
27.3,1011.651299,0.0,0.0,0.11578091048211052,-0.0881990995231513,3.530522701690891,1500.0,1500.0,3.0,14.0,0.74,0,data_5062026_baseline3,data_5062026_baseline3_00000011,data_5062026/2026_05_06_baseline3/00000011.BIN,data_5062026_baseline3_00000011_manual_01_quality_00
27.4,1011.751299,0.0,0.0,0.07813729500399624,-0.08729152727713459,3.6022181780662765,1500.0,1500.0,3.0,14.0,0.74,0,data_5062026_baseline3,data_5062026_baseline3_00000011,data_5062026/2026_05_06_baseline3/00000011.BIN,data_5062026_baseline3_00000011_manual_01_quality_00
27.5,1011.851299,0.0,0.0,0.13537233446502794,-0.05435455400182119,3.87969810792243,1500.0,1500.0,3.0,14.0,0.74,0,data_5062026_baseline3,data_5062026_baseline3_00000011,data_5062026/2026_05_06_baseline3/00000011.BIN,data_5062026_baseline3_00000011_manual_01_quality_00
27.6,1011.9512990000001,0.0,0.0,0.21645466805607688,-0.00406389978057069,4.258455226925798,1500.0,1500.0,3.0,14.0,0.74,0,data_5062026_baseline3,data_5062026_baseline3_00000011,data_5062026/2026_05_06_baseline3/00000011.BIN,data_5062026_baseline3_00000011_manual_01_quality_00
27.7,1012.0512990000001,0.0,0.0,0.2327590823505811,0.04214978656756651,4.412693905338038,1500.0,1500.0,3.0,14.0,0.74,0,data_5062026_baseline3,data_5062026_baseline3_00000011,data_5062026/2026_05_06_baseline3/00000011.BIN,data_5062026_baseline3_00000011_manual_01_quality_00
27.8,1012.151299,0.0,0.0,0.23280418703789763,0.0408090104729542,4.10550763359414,1500.0,1500.0,3.0,14.0,0.74,0,data_5062026_baseline3,data_5062026_baseline3_00000011,data_5062026/2026_05_06_baseline3/00000011.BIN,data_5062026_baseline3_00000011_manual_01_quality_00
27.9,1012.251299,0.0,0.0,0.17620163575895711,-0.023377315437546384,3.6529759649199747,1500.0,1500.0,3.0,14.0,0.74,0,data_5062026_baseline3,data_5062026_baseline3_00000011,data_5062026/2026_05_06_baseline3/00000011.BIN,data_5062026_baseline3_00000011_manual_01_quality_00
28.0,1012.351299,0.0,0.0,0.10537604451318308,-0.07382134378573624,3.465450704534135,1500.0,1500.0,3.0,14.0,0.74,0,data_5062026_baseline3,data_5062026_baseline3_00000011,data_5062026/2026_05_06_baseline3/00000011.BIN,data_5062026_baseline3_00000011_manual_01_quality_00
28.1,1012.4512990000001,0.0,0.0,0.1137286256249204,-0.07362602597867204,3.498501343566399,1500.0,1500.0,3.0,14.0,0.74,0,data_5062026_baseline3,data_5062026_baseline3_00000011,data_5062026/2026_05_06_baseline3/00000011.BIN,data_5062026_baseline3_00000011_manual_01_quality_00
28.2,1012.5512990000001,0.0,0.0,0.1420045818376598,-0.031195163243540124,3.776760531920886,1500.0,1500.0,3.0,14.0,0.74,0,data_5062026_baseline3,data_5062026_baseline3_00000011,data_5062026/2026_05_06_baseline3/00000011.BIN,data_5062026_baseline3_00000011_manual_01_quality_00
28.3,1012.651299,0.0,0.0,0.2040455942732002,0.03342572613988824,4.109907744008496,1500.0,1500.0,3.0,14.0,0.74,0,data_5062026_baseline3,data_5062026_baseline3_00000011,data_5062026/2026_05_06_baseline3/00000011.BIN,data_5062026_baseline3_00000011_manual_01_quality_00
28.4,1012.751299,0.0,0.0,0.2745632481863239,0.06742011421243184,4.287765568552299,1500.0,1500.0,3.0,14.0,0.74,0,data_5062026_baseline3,data_5062026_baseline3_00000011,data_5062026/2026_05_06_baseline3/00000011.BIN,data_5062026_baseline3_00000011_manual_01_quality_00
28.5,1012.851299,0.0,0.0,0.23092003694561153,0.0431488631021932,4.234549683821737,1500.0,1500.0,3.0,14.0,0.74,0,data_5062026_baseline3,data_5062026_baseline3_00000011,data_5062026/2026_05_06_baseline3/00000011.BIN,data_5062026_baseline3_00000011_manual_01_quality_00
28.6,1012.9512990000001,0.0,0.0,0.15856337430769402,-0.0038906378630425057,4.117510986116398,1500.0,1500.0,3.0,14.0,0.74,0,data_5062026_baseline3,data_5062026_baseline3_00000011,data_5062026/2026_05_06_baseline3/00000011.BIN,data_5062026_baseline3_00000011_manual_01_quality_00
28.7,1013.0512990000001,0.0,0.0,0.12686353412806614,-0.03737882231836242,3.8481424014654926,1500.0,1500.0,3.0,14.0,0.74,0,data_5062026_baseline3,data_5062026_baseline3_00000011,data_5062026/2026_05_06_baseline3/00000011.BIN,data_5062026_baseline3_00000011_manual_01_quality_00
28.8,1013.151299,0.0,0.0,0.10539660069742154,-0.04389542393981032,3.481675851935104,1500.0,1500.0,3.0,14.0,0.74,0,data_5062026_baseline3,data_5062026_baseline3_00000011,data_5062026/2026_05_06_baseline3/00000011.BIN,data_5062026_baseline3_00000011_manual_01_quality_00
28.9,1013.251299,0.0,0.0,0.15543323209020193,-0.006340468615554569,3.3524976784341707,1500.0,1500.0,3.0,14.0,0.74,0,data_5062026_baseline3,data_5062026_baseline3_00000011,data_5062026/2026_05_06_baseline3/00000011.BIN,data_5062026_baseline3_00000011_manual_01_quality_00
29.0,1013.351299,0.0,0.0,0.22349683747306728,0.04459862266099115,3.6444213558912595,1500.0,1500.0,3.0,14.0,0.74,0,data_5062026_baseline3,data_5062026_baseline3_00000011,data_5062026/2026_05_06_baseline3/00000011.BIN,data_5062026_baseline3_00000011_manual_01_quality_00
29.1,1013.4512990000001,0.0,0.0,0.22089547069320087,0.0665998472058978,4.167306315273428,1500.0,1500.0,3.0,14.0,0.74,0,data_5062026_baseline3,data_5062026_baseline3_00000011,data_5062026/2026_05_06_baseline3/00000011.BIN,data_5062026_baseline3_00000011_manual_01_quality_00
29.2,1013.5512990000001,0.0,0.0,0.20049405753221552,0.05655495686087082,4.45534868306542,1500.0,1500.0,3.0,14.0,0.74,0,data_5062026_baseline3,data_5062026_baseline3_00000011,data_5062026/2026_05_06_baseline3/00000011.BIN,data_5062026_baseline3_00000011_manual_01_quality_00
29.3,1013.651299,0.0,0.0,0.14729959906226972,0.025236693384236772,4.273479455792183,1500.0,1500.0,3.0,14.0,0.74,0,data_5062026_baseline3,data_5062026_baseline3_00000011,data_5062026/2026_05_06_baseline3/00000011.BIN,data_5062026_baseline3_00000011_manual_01_quality_00
29.4,1013.751299,0.0,0.0,0.08587252027007047,-0.002154647153810167,3.8016310113113496,1500.0,1500.0,3.0,14.0,0.74,0,data_5062026_baseline3,data_5062026_baseline3_00000011,data_5062026/2026_05_06_baseline3/00000011.BIN,data_5062026_baseline3_00000011_manual_01_quality_00
29.5,1013.851299,0.0,0.0,0.10978233833969656,-0.00755280674661915,3.4639023495880523,1500.0,1500.0,3.0,15.0,0.74,0,data_5062026_baseline3,data_5062026_baseline3_00000011,data_5062026/2026_05_06_baseline3/00000011.BIN,data_5062026_baseline3_00000011_manual_01_quality_00
29.6,1013.9512990000001,0.0,0.0,0.15510110271492886,0.013429765300399165,3.5212683904661013,1500.0,1500.0,3.0,15.0,0.74,0,data_5062026_baseline3,data_5062026_baseline3_00000011,data_5062026/2026_05_06_baseline3/00000011.BIN,data_5062026_baseline3_00000011_manual_01_quality_00
29.7,1014.0512990000001,0.0,0.0,0.1688586091507987,0.03840508122177591,3.78756645933606,1500.0,1500.0,3.0,15.0,0.74,0,data_5062026_baseline3,data_5062026_baseline3_00000011,data_5062026/2026_05_06_baseline3/00000011.BIN,data_5062026_baseline3_00000011_manual_01_quality_00
29.8,1014.151299,0.0,0.0,0.17468631003838847,0.042976239092452316,3.9601615065750138,1500.0,1500.0,3.0,15.0,0.74,0,data_5062026_baseline3,data_5062026_baseline3_00000011,data_5062026/2026_05_06_baseline3/00000011.BIN,data_5062026_baseline3_00000011_manual_01_quality_00
29.9,1014.251299,0.0,0.0,0.1635877116190201,0.04211037950603517,4.007908812045125,1500.0,1500.0,3.0,15.0,0.7,0,data_5062026_baseline3,data_5062026_baseline3_00000011,data_5062026/2026_05_06_baseline3/00000011.BIN,data_5062026_baseline3_00000011_manual_01_quality_00
30.0,1014.351299,0.0,0.0,0.1482429823271749,0.03992362640564405,4.046592520152886,1500.0,1500.0,3.0,15.0,0.7,0,data_5062026_baseline3,data_5062026_baseline3_00000011,data_5062026/2026_05_06_baseline3/00000011.BIN,data_5062026_baseline3_00000011_manual_01_quality_00
30.1,1014.4512990000001,0.0,0.0,0.15684446445295633,0.03306388883757861,3.9693957785212506,1500.0,1500.0,3.0,15.0,0.7,0,data_5062026_baseline3,data_5062026_baseline3_00000011,data_5062026/2026_05_06_baseline3/00000011.BIN,data_5062026_baseline3_00000011_manual_01_quality_00
30.2,1014.5512990000001,0.0,0.0,0.17145346704544454,0.02197364437728604,3.7954044147322676,1500.0,1500.0,3.0,15.0,0.7,0,data_5062026_baseline3,data_5062026_baseline3_00000011,data_5062026/2026_05_06_baseline3/00000011.BIN,data_5062026_baseline3_00000011_manual_01_quality_00
30.3,1014.651299,0.0,0.0,0.15768586895061606,0.010187267893868751,3.6383566276139407,1500.0,1500.0,3.0,15.0,0.7,0,data_5062026_baseline3,data_5062026_baseline3_00000011,data_5062026/2026_05_06_baseline3/00000011.BIN,data_5062026_baseline3_00000011_manual_01_quality_00
30.4,1014.751299,0.0,0.0,0.13676950042588298,0.017647238275726323,3.700686723348601,1500.0,1500.0,3.0,15.0,0.7,0,data_5062026_baseline3,data_5062026_baseline3_00000011,data_5062026/2026_05_06_baseline3/00000011.BIN,data_5062026_baseline3_00000011_manual_01_quality_00
30.5,1014.851299,0.0,0.0,0.14864678969323625,0.04375008969325914,3.9451178061199825,1500.0,1500.0,3.0,15.0,0.7,0,data_5062026_baseline3,data_5062026_baseline3_00000011,data_5062026/2026_05_06_baseline3/00000011.BIN,data_5062026_baseline3_00000011_manual_01_quality_00
30.6,1014.9512990000001,0.0,0.0,0.1687512079593388,0.0633740706861682,4.109935468809747,1500.0,1500.0,3.0,15.0,0.7,0,data_5062026_baseline3,data_5062026_baseline3_00000011,data_5062026/2026_05_06_baseline3/00000011.BIN,data_5062026_baseline3_00000011_manual_01_quality_00
30.7,1015.0512990000001,0.0,0.0,0.16236042847628115,0.06444648720464971,4.022362987434838,1500.0,1500.0,3.0,15.0,0.7,0,data_5062026_baseline3,data_5062026_baseline3_00000011,data_5062026/2026_05_06_baseline3/00000011.BIN,data_5062026_baseline3_00000011_manual_01_quality_00
30.8,1015.151299,0.0,0.0,0.14930522902426133,0.04460889885503216,3.796627660710207,1500.0,1500.0,3.0,15.0,0.7,0,data_5062026_baseline3,data_5062026_baseline3_00000011,data_5062026/2026_05_06_baseline3/00000011.BIN,data_5062026_baseline3_00000011_manual_01_quality_00
30.9,1015.251299,0.0,0.0,0.15291316998778942,0.021689963652052724,3.684617593088717,1500.0,1500.0,3.0,15.0,0.7,0,data_5062026_baseline3,data_5062026_baseline3_00000011,data_5062026/2026_05_06_baseline3/00000011.BIN,data_5062026_baseline3_00000011_manual_01_quality_00
31.0,1015.351299,0.0,0.0,0.16070174724610053,0.01803282541596947,3.719363378820585,1500.0,1500.0,3.0,15.0,0.7,0,data_5062026_baseline3,data_5062026_baseline3_00000011,data_5062026/2026_05_06_baseline3/00000011.BIN,data_5062026_baseline3_00000011_manual_01_quality_00
31.1,1015.4512990000001,0.0,0.0,0.16857625371280627,0.03356130793026701,3.8283908559369877,1500.0,1500.0,3.0,15.0,0.7,0,data_5062026_baseline3,data_5062026_baseline3_00000011,data_5062026/2026_05_06_baseline3/00000011.BIN,data_5062026_baseline3_00000011_manual_01_quality_00
31.2,1015.5512990000001,0.0,0.0,0.17647234192924677,0.04122391739475105,3.872471688165433,1500.0,1500.0,3.0,15.0,0.7,0,data_5062026_baseline3,data_5062026_baseline3_00000011,data_5062026/2026_05_06_baseline3/00000011.BIN,data_5062026_baseline3_00000011_manual_01_quality_00
31.3,1015.651299,0.0,0.0,0.17367669919664971,0.033316019406365374,3.8353245742096305,1500.0,1500.0,3.0,15.0,0.7,0,data_5062026_baseline3,data_5062026_baseline3_00000011,data_5062026/2026_05_06_baseline3/00000011.BIN,data_5062026_baseline3_00000011_manual_01_quality_00
31.4,1015.751299,0.0,0.0,0.1681924017736836,0.02820741747467636,3.9091344805831088,1500.0,1500.0,3.0,15.0,0.7,0,data_5062026_baseline3,data_5062026_baseline3_00000011,data_5062026/2026_05_06_baseline3/00000011.BIN,data_5062026_baseline3_00000011_manual_01_quality_00
31.5,1015.851299,0.0,0.0,0.16711790677961427,0.03931246648243162,4.123114925253227,1500.0,1500.0,3.0,15.0,0.7,0,data_5062026_baseline3,data_5062026_baseline3_00000011,data_5062026/2026_05_06_baseline3/00000011.BIN,data_5062026_baseline3_00000011_manual_01_quality_00
31.6,1015.9512990000001,0.0,0.0,0.16714930970548467,0.04929574631651146,4.196082818452197,1500.0,1500.0,3.0,15.0,0.7,0,data_5062026_baseline3,data_5062026_baseline3_00000011,data_5062026/2026_05_06_baseline3/00000011.BIN,data_5062026_baseline3_00000011_manual_01_quality_00
31.7,1016.0512990000001,0.0,0.0,0.16520231527394708,0.03418527889701985,3.9312467986814634,1500.0,1500.0,3.0,15.0,0.7,0,data_5062026_baseline3,data_5062026_baseline3_00000011,data_5062026/2026_05_06_baseline3/00000011.BIN,data_5062026_baseline3_00000011_manual_01_quality_00
31.8,1016.151299,0.0,0.0,0.16275598283417558,0.006670929051211786,3.507277653017442,1500.0,1500.0,3.0,15.0,0.7,0,data_5062026_baseline3,data_5062026_baseline3_00000011,data_5062026/2026_05_06_baseline3/00000011.BIN,data_5062026_baseline3_00000011_manual_01_quality_00
31.9,1016.251299,0.0,0.0,0.178272281951221,-0.00642317758575241,3.344378128753868,1500.0,1500.0,3.0,15.0,0.7,0,data_5062026_baseline3,data_5062026_baseline3_00000011,data_5062026/2026_05_06_baseline3/00000011.BIN,data_5062026_baseline3_00000011_manual_01_quality_00
32.0,1016.351299,0.0,0.0,0.19833184649165128,0.0010834045093991997,3.638561151624382,1500.0,1500.0,3.0,15.0,0.7,0,data_5062026_baseline3,data_5062026_baseline3_00000011,data_5062026/2026_05_06_baseline3/00000011.BIN,data_5062026_baseline3_00000011_manual_01_quality_00
32.1,1016.4512990000001,0.0,0.0,0.17718851128765714,0.021548214659607233,4.110431874695104,1500.0,1500.0,3.0,15.0,0.7,0,data_5062026_baseline3,data_5062026_baseline3_00000011,data_5062026/2026_05_06_baseline3/00000011.BIN,data_5062026_baseline3_00000011_manual_01_quality_00
32.2,1016.5512990000001,0.0,0.0,0.14569676618619992,0.040310644133032,4.33815092749587,1500.0,1500.0,3.0,15.0,0.7,0,data_5062026_baseline3,data_5062026_baseline3_00000011,data_5062026/2026_05_06_baseline3/00000011.BIN,data_5062026_baseline3_00000011_manual_01_quality_00
32.3,1016.651299,0.0,0.0,0.13419319955332687,0.042207618531000385,4.152936535381656,1500.0,1500.0,3.0,15.0,0.7,0,data_5062026_baseline3,data_5062026_baseline3_00000011,data_5062026/2026_05_06_baseline3/00000011.BIN,data_5062026_baseline3_00000011_manual_01_quality_00
32.4,1016.751299,0.0,0.0,0.13580213750515166,0.018128092608032206,3.761395686601614,1500.0,1500.0,3.0,15.0,0.7,0,data_5062026_baseline3,data_5062026_baseline3_00000011,data_5062026/2026_05_06_baseline3/00000011.BIN,data_5062026_baseline3_00000011_manual_01_quality_00
32.5,1016.851299,0.0,0.0,0.1584552792707953,-0.0156489725530533,3.5279552899863305,1500.0,1500.0,3.0,15.0,0.7,0,data_5062026_baseline3,data_5062026_baseline3_00000011,data_5062026/2026_05_06_baseline3/00000011.BIN,data_5062026_baseline3_00000011_manual_01_quality_00
32.6,1016.9512990000001,0.0,0.0,0.18639020370422554,-0.029867447008176142,3.581107212705078,1500.0,1500.0,3.0,15.0,0.7,0,data_5062026_baseline3,data_5062026_baseline3_00000011,data_5062026/2026_05_06_baseline3/00000011.BIN,data_5062026_baseline3_00000011_manual_01_quality_00
32.7,1017.0512990000001,0.0,0.0,0.17826330824924738,-0.016220721243909674,3.7570348722388887,1500.0,1500.0,3.0,15.0,0.7,0,data_5062026_baseline3,data_5062026_baseline3_00000011,data_5062026/2026_05_06_baseline3/00000011.BIN,data_5062026_baseline3_00000011_manual_01_quality_00
32.8,1017.151299,0.0,0.0,0.16106962402985825,0.006796560106682113,3.912247730046897,1500.0,1500.0,3.0,15.0,0.7,0,data_5062026_baseline3,data_5062026_baseline3_00000011,data_5062026/2026_05_06_baseline3/00000011.BIN,data_5062026_baseline3_00000011_manual_01_quality_00
32.9,1017.251299,0.0,0.0,0.1681154380127467,0.022616227675360364,4.047726211388678,1500.0,1500.0,3.0,15.0,0.7,0,data_5062026_baseline3,data_5062026_baseline3_00000011,data_5062026/2026_05_06_baseline3/00000011.BIN,data_5062026_baseline3_00000011_manual_01_quality_00
33.0,1017.351299,0.0,0.0,0.1812385587090264,0.030089490309109748,4.1873008111978995,1500.0,1500.0,3.0,15.0,0.7,0,data_5062026_baseline3,data_5062026_baseline3_00000011,data_5062026/2026_05_06_baseline3/00000011.BIN,data_5062026_baseline3_00000011_manual_01_quality_00
33.1,1017.4512990000001,0.0,0.0,0.18079582723026086,0.03141466668122261,4.203312812523459,1500.0,1500.0,3.0,15.0,0.7,0,data_5062026_baseline3,data_5062026_baseline3_00000011,data_5062026/2026_05_06_baseline3/00000011.BIN,data_5062026_baseline3_00000011_manual_01_quality_00
33.2,1017.5512990000001,0.0,0.0,0.17694699439783318,0.01589830368074461,3.9107100913660027,1500.0,1500.0,3.0,15.0,0.7,0,data_5062026_baseline3,data_5062026_baseline3_00000011,data_5062026/2026_05_06_baseline3/00000011.BIN,data_5062026_baseline3_00000011_manual_01_quality_00
33.3,1017.651299,0.0,0.0,0.17120962168585266,-0.011113225434020418,3.4482245452196283,1500.0,1500.0,3.0,15.0,0.7,0,data_5062026_baseline3,data_5062026_baseline3_00000011,data_5062026/2026_05_06_baseline3/00000011.BIN,data_5062026_baseline3_00000011_manual_01_quality_00
33.4,1017.751299,0.0,0.0,0.1649970411319389,-0.025689397524450423,3.264857376405945,1500.0,1500.0,3.0,15.0,0.7,0,data_5062026_baseline3,data_5062026_baseline3_00000011,data_5062026/2026_05_06_baseline3/00000011.BIN,data_5062026_baseline3_00000011_manual_01_quality_00
33.5,1017.851299,0.0,0.0,0.1773393663831014,-0.013242231346303082,3.601363922605702,1500.0,1500.0,3.0,15.0,0.7,0,data_5062026_baseline3,data_5062026_baseline3_00000011,data_5062026/2026_05_06_baseline3/00000011.BIN,data_5062026_baseline3_00000011_manual_01_quality_00
33.6,1017.9512990000001,0.0,0.0,0.19435671484962824,0.02020435909678091,4.224080873870818,1500.0,1500.0,3.0,15.0,0.7,0,data_5062026_baseline3,data_5062026_baseline3_00000011,data_5062026/2026_05_06_baseline3/00000011.BIN,data_5062026_baseline3_00000011_manual_01_quality_00
33.7,1018.0512990000001,0.0,0.0,0.181824597850367,0.052467690542704275,4.555180485197466,1500.0,1500.0,3.0,15.0,0.7,0,data_5062026_baseline3,data_5062026_baseline3_00000011,data_5062026/2026_05_06_baseline3/00000011.BIN,data_5062026_baseline3_00000011_manual_01_quality_00
33.8,1018.151299,0.0,0.0,0.1618713788419036,0.049343281598465925,4.280524006161415,1500.0,1500.0,3.0,15.0,0.7,0,data_5062026_baseline3,data_5062026_baseline3_00000011,data_5062026/2026_05_06_baseline3/00000011.BIN,data_5062026_baseline3_00000011_manual_01_quality_00
33.9,1018.251299,0.0,0.0,0.1638037368398851,0.0058838789957878996,3.6772159755463925,1500.0,1500.0,3.0,15.0,0.7,0,data_5062026_baseline3,data_5062026_baseline3_00000011,data_5062026/2026_05_06_baseline3/00000011.BIN,data_5062026_baseline3_00000011_manual_01_quality_00
34.0,1018.351299,0.0,0.0,0.1712581932890612,-0.03099681528615823,3.3057171942595143,1500.0,1500.0,3.0,15.0,0.7,0,data_5062026_baseline3,data_5062026_baseline3_00000011,data_5062026/2026_05_06_baseline3/00000011.BIN,data_5062026_baseline3_00000011_manual_01_quality_00
34.1,1018.4512990000001,0.0,0.0,0.17917057865404523,-0.027693125021135415,3.451397537447172,1500.0,1500.0,3.0,15.0,0.7,0,data_5062026_baseline3,data_5062026_baseline3_00000011,data_5062026/2026_05_06_baseline3/00000011.BIN,data_5062026_baseline3_00000011_manual_01_quality_00
34.2,1018.5512990000001,0.0,0.0,0.1871979332113726,0.014324887252400127,3.8625109895495453,1500.0,1500.0,3.0,15.0,0.7,0,data_5062026_baseline3,data_5062026_baseline3_00000011,data_5062026/2026_05_06_baseline3/00000011.BIN,data_5062026_baseline3_00000011_manual_01_quality_00
34.3,1018.651299,0.0,0.0,0.18474879031177915,0.050452460736730105,4.112451872766248,1500.0,1500.0,3.0,15.0,0.7,0,data_5062026_baseline3,data_5062026_baseline3_00000011,data_5062026/2026_05_06_baseline3/00000011.BIN,data_5062026_baseline3_00000011_manual_01_quality_00
34.4,1018.751299,0.0,0.0,0.1796581446142462,0.035577365592386674,4.126569829065943,1500.0,1500.0,3.0,15.0,0.7,0,data_5062026_baseline3,data_5062026_baseline3_00000011,data_5062026/2026_05_06_baseline3/00000011.BIN,data_5062026_baseline3_00000011_manual_01_quality_00
34.5,1018.851299,0.0,0.0,0.16075598919055442,-0.001692120731886352,3.9744695839629323,1500.0,1500.0,3.0,15.0,0.7,0,data_5062026_baseline3,data_5062026_baseline3_00000011,data_5062026/2026_05_06_baseline3/00000011.BIN,data_5062026_baseline3_00000011_manual_01_quality_00
34.6,1018.9512990000001,0.0,0.0,0.14185383376686264,-0.027570269322669923,3.8145687846879497,1500.0,1500.0,3.0,15.0,0.7,0,data_5062026_baseline3,data_5062026_baseline3_00000011,data_5062026/2026_05_06_baseline3/00000011.BIN,data_5062026_baseline3_00000011_manual_01_quality_00
34.7,1019.0512990000001,0.0,0.0,0.17258952332844674,-0.008581799684285117,3.828244935711334,1500.0,1500.0,3.0,15.0,0.7,0,data_5062026_baseline3,data_5062026_baseline3_00000011,data_5062026/2026_05_06_baseline3/00000011.BIN,data_5062026_baseline3_00000011_manual_01_quality_00
34.8,1019.151299,0.0,0.0,0.2158278849117348,0.02767417308650959,3.8920504717390756,1500.0,1500.0,3.0,15.0,0.7,0,data_5062026_baseline3,data_5062026_baseline3_00000011,data_5062026/2026_05_06_baseline3/00000011.BIN,data_5062026_baseline3_00000011_manual_01_quality_00
34.9,1019.251299,0.0,0.0,0.211522311074194,0.02170607112131702,3.7593208111053618,1500.0,1500.0,3.0,15.0,0.7,0,data_5062026_baseline3,data_5062026_baseline3_00000011,data_5062026/2026_05_06_baseline3/00000011.BIN,data_5062026_baseline3_00000011_manual_01_quality_00
35.0,1019.351299,0.0,0.0,0.19527051960146438,-0.01967874745023707,3.4972259287965572,1500.0,1500.0,3.0,15.0,0.7,0,data_5062026_baseline3,data_5062026_baseline3_00000011,data_5062026/2026_05_06_baseline3/00000011.BIN,data_5062026_baseline3_00000011_manual_01_quality_00
35.1,1019.4512990000001,0.0,0.0,0.18257837723430442,-0.04328668810307762,3.552222843292697,1500.0,1500.0,3.0,15.0,0.7,0,data_5062026_baseline3,data_5062026_baseline3_00000011,data_5062026/2026_05_06_baseline3/00000011.BIN,data_5062026_baseline3_00000011_manual_01_quality_00
35.2,1019.5512990000001,0.0,0.0,0.17078216217168674,-0.03172524523709966,3.9599977972146254,1500.0,1500.0,3.0,15.0,0.7,0,data_5062026_baseline3,data_5062026_baseline3_00000011,data_5062026/2026_05_06_baseline3/00000011.BIN,data_5062026_baseline3_00000011_manual_01_quality_00
35.3,1019.651299,0.0,0.0,0.1704553516728652,0.00020106261297648365,4.406906781776911,1500.0,1500.0,3.0,15.0,0.7,0,data_5062026_baseline3,data_5062026_baseline3_00000011,data_5062026/2026_05_06_baseline3/00000011.BIN,data_5062026_baseline3_00000011_manual_01_quality_00
35.4,1019.751299,0.0,0.0,0.17302426344047162,0.027396012746973137,4.44307031425153,1500.0,1500.0,3.0,15.0,0.7,0,data_5062026_baseline3,data_5062026_baseline3_00000011,data_5062026/2026_05_06_baseline3/00000011.BIN,data_5062026_baseline3_00000011_manual_01_quality_00
35.5,1019.851299,0.0,0.0,0.19145405537622395,0.022822871837578952,4.0290802802195245,1500.0,1500.0,3.0,15.0,0.7,0,data_5062026_baseline3,data_5062026_baseline3_00000011,data_5062026/2026_05_06_baseline3/00000011.BIN,data_5062026_baseline3_00000011_manual_01_quality_00
35.6,1019.9512990000001,0.0,0.0,0.2138644444989467,-0.013809700536528267,3.5258273210463287,1500.0,1500.0,3.0,15.0,0.7,0,data_5062026_baseline3,data_5062026_baseline3_00000011,data_5062026/2026_05_06_baseline3/00000011.BIN,data_5062026_baseline3_00000011_manual_01_quality_00
35.7,1020.0512990000001,0.0,0.0,0.19546634728220244,-0.05749047050322518,3.2609484077560897,1500.0,1500.0,3.0,15.0,0.7,0,data_5062026_baseline3,data_5062026_baseline3_00000011,data_5062026/2026_05_06_baseline3/00000011.BIN,data_5062026_baseline3_00000011_manual_01_quality_00
35.8,1020.151299,0.0,0.0,0.16687950343374328,-0.07492981192324392,3.4330923977004093,1500.0,1500.0,3.0,15.0,0.7,0,data_5062026_baseline3,data_5062026_baseline3_00000011,data_5062026/2026_05_06_baseline3/00000011.BIN,data_5062026_baseline3_00000011_manual_01_quality_00
35.9,1020.251299,0.0,0.0,0.18035943577476482,-0.042281163046358095,3.954002137307538,1500.0,1500.0,3.0,15.0,0.7,0,data_5062026_baseline3,data_5062026_baseline3_00000011,data_5062026/2026_05_06_baseline3/00000011.BIN,data_5062026_baseline3_00000011_manual_01_quality_00
36.0,1020.351299,0.0,0.0,0.19383936811578634,0.01688028477173546,4.441667595368908,1500.0,1500.0,3.0,15.0,0.7,0,data_5062026_baseline3,data_5062026_baseline3_00000011,data_5062026/2026_05_06_baseline3/00000011.BIN,data_5062026_baseline3_00000011_manual_01_quality_00
36.1,1020.4512990000001,0.0,0.0,0.19789064116627114,0.04632983545543017,4.501481653883628,1500.0,1500.0,3.0,15.0,0.7,0,data_5062026_baseline3,data_5062026_baseline3_00000011,data_5062026/2026_05_06_baseline3/00000011.BIN,data_5062026_baseline3_00000011_manual_01_quality_00
36.2,1020.5512990000001,0.0,0.0,0.19957959083920407,0.007756865050634544,4.048412686508164,1500.0,1500.0,3.0,15.0,0.7,0,data_5062026_baseline3,data_5062026_baseline3_00000011,data_5062026/2026_05_06_baseline3/00000011.BIN,data_5062026_baseline3_00000011_manual_01_quality_00
36.3,1020.651299,0.0,0.0,0.19788835298485685,-0.05155495088852824,3.4598253535083985,1500.0,1500.0,3.0,15.0,0.7,0,data_5062026_baseline3,data_5062026_baseline3_00000011,data_5062026/2026_05_06_baseline3/00000011.BIN,data_5062026_baseline3_00000011_manual_01_quality_00
36.4,1020.751299,0.0,0.0,0.19534386596509773,-0.075317731765574,3.236256431737968,1500.0,1500.0,3.0,15.0,0.7,0,data_5062026_baseline3,data_5062026_baseline3_00000011,data_5062026/2026_05_06_baseline3/00000011.BIN,data_5062026_baseline3_00000011_manual_01_quality_00
36.5,1020.851299,0.0,0.0,0.19483326375484467,-0.06597533479026015,3.5139673349210305,1500.0,1500.0,3.0,15.0,0.7,0,data_5062026_baseline3,data_5062026_baseline3_00000011,data_5062026/2026_05_06_baseline3/00000011.BIN,data_5062026_baseline3_00000011_manual_01_quality_00
36.6,1020.9512990000001,0.0,0.0,0.19483326375484467,-0.027076403910536288,4.003436372521183,1500.0,1500.0,3.0,15.0,0.7,0,data_5062026_baseline3,data_5062026_baseline3_00000011,data_5062026/2026_05_06_baseline3/00000011.BIN,data_5062026_baseline3_00000011_manual_01_quality_00
36.7,1021.0512990000001,0.0,0.0,0.22185629258698902,0.017218585088219263,4.349095646102301,1500.0,1500.0,3.0,15.0,0.7,0,data_5062026_baseline3,data_5062026_baseline3_00000011,data_5062026/2026_05_06_baseline3/00000011.BIN,data_5062026_baseline3_00000011_manual_01_quality_00
36.8,1021.151299,0.0,0.0,0.2556862464322794,0.019692027494015565,4.30223787736101,1500.0,1500.0,3.0,15.0,0.7,0,data_5062026_baseline3,data_5062026_baseline3_00000011,data_5062026/2026_05_06_baseline3/00000011.BIN,data_5062026_baseline3_00000011_manual_01_quality_00
36.9,1021.251299,0.0,0.0,0.23000828259634962,-0.014067002883038518,3.93478390604033,1500.0,1500.0,3.0,14.0,0.75,0,data_5062026_baseline3,data_5062026_baseline3_00000011,data_5062026/2026_05_06_baseline3/00000011.BIN,data_5062026_baseline3_00000011_manual_01_quality_00
37.0,1021.351299,0.0,0.0,0.18935464858614942,-0.047539097632596033,3.5445224116004868,1500.0,1500.0,3.0,14.0,0.75,0,data_5062026_baseline3,data_5062026_baseline3_00000011,data_5062026/2026_05_06_baseline3/00000011.BIN,data_5062026_baseline3_00000011_manual_01_quality_00
37.1,1021.4512990000001,0.0,0.0,0.17016957758216847,-0.05722827122335391,3.362526943893336,1500.0,1500.0,3.0,14.0,0.75,0,data_5062026_baseline3,data_5062026_baseline3_00000011,data_5062026/2026_05_06_baseline3/00000011.BIN,data_5062026_baseline3_00000011_manual_01_quality_00
37.2,1021.5512990000001,0.0,0.0,0.15643767494665498,-0.041398789943464846,3.4665098189251164,1500.0,1500.0,3.0,14.0,0.75,0,data_5062026_baseline3,data_5062026_baseline3_00000011,data_5062026/2026_05_06_baseline3/00000011.BIN,data_5062026_baseline3_00000011_manual_01_quality_00
37.3,1021.651299,0.0,0.0,0.19669050911787728,-0.008563955985852648,3.8224521651790466,1500.0,1500.0,3.0,14.0,0.75,0,data_5062026_baseline3,data_5062026_baseline3_00000011,data_5062026/2026_05_06_baseline3/00000011.BIN,data_5062026_baseline3_00000011_manual_01_quality_00
37.4,1021.751299,0.0,0.0,0.23694334328914535,0.014406725311269958,4.1901746684689245,1500.0,1500.0,3.0,14.0,0.75,0,data_5062026_baseline3,data_5062026_baseline3_00000011,data_5062026/2026_05_06_baseline3/00000011.BIN,data_5062026_baseline3_00000011_manual_01_quality_00
37.5,1021.851299,0.0,0.0,0.2073774140867355,-0.003082340404598977,4.269792845327267,1500.0,1500.0,3.0,14.0,0.75,0,data_5062026_baseline3,data_5062026_baseline3_00000011,data_5062026/2026_05_06_baseline3/00000011.BIN,data_5062026_baseline3_00000011_manual_01_quality_00
37.6,1021.9512990000001,0.0,0.0,0.1602738054201963,-0.03838981641193268,4.098125532434697,1500.0,1500.0,3.0,14.0,0.75,0,data_5062026_baseline3,data_5062026_baseline3_00000011,data_5062026/2026_05_06_baseline3/00000011.BIN,data_5062026_baseline3_00000011_manual_01_quality_00
37.7,1022.0512990000001,0.0,0.0,0.16306230915527672,-0.05589788151190299,3.87092048444052,1500.0,1500.0,3.0,14.0,0.75,0,data_5062026_baseline3,data_5062026_baseline3_00000011,data_5062026/2026_05_06_baseline3/00000011.BIN,data_5062026_baseline3_00000011_manual_01_quality_00
37.8,1022.151299,0.0,0.0,0.17838783084927354,-0.04353635709529448,3.786915983281895,1500.0,1500.0,3.0,14.0,0.75,0,data_5062026_baseline3,data_5062026_baseline3_00000011,data_5062026/2026_05_06_baseline3/00000011.BIN,data_5062026_baseline3_00000011_manual_01_quality_00
37.9,1022.251299,0.0,0.0,0.19556938696268344,-0.015782994321495852,3.828927461393165,1500.0,1500.0,3.0,14.0,0.75,0,data_5062026_baseline3,data_5062026_baseline3_00000011,data_5062026/2026_05_06_baseline3/00000011.BIN,data_5062026_baseline3_00000011_manual_01_quality_00
38.0,1022.351299,0.0,0.0,0.21321695444543592,0.003087063642067951,3.811438182823932,1500.0,1500.0,3.0,14.0,0.75,0,data_5062026_baseline3,data_5062026_baseline3_00000011,data_5062026/2026_05_06_baseline3/00000011.BIN,data_5062026_baseline3_00000011_manual_01_quality_00
38.1,1022.4512990000001,0.0,0.0,0.21804111710234347,-0.0032147698870967985,3.665276074682853,1500.0,1500.0,3.0,14.0,0.75,0,data_5062026_baseline3,data_5062026_baseline3_00000011,data_5062026/2026_05_06_baseline3/00000011.BIN,data_5062026_baseline3_00000011_manual_01_quality_00
38.2,1022.5512990000001,0.0,0.0,0.21964378477547383,-0.028588198100921,3.554918923245571,1500.0,1500.0,3.0,14.0,0.75,0,data_5062026_baseline3,data_5062026_baseline3_00000011,data_5062026/2026_05_06_baseline3/00000011.BIN,data_5062026_baseline3_00000011_manual_01_quality_00
38.3,1022.651299,0.0,0.0,0.21329743396558903,-0.044839136216378576,3.683157530902442,1500.0,1500.0,3.0,14.0,0.75,0,data_5062026_baseline3,data_5062026_baseline3_00000011,data_5062026/2026_05_06_baseline3/00000011.BIN,data_5062026_baseline3_00000011_manual_01_quality_00
38.4,1022.751299,0.0,0.0,0.20495151716165383,-0.0431439172217017,4.067763014275837,1500.0,1500.0,3.0,14.0,0.75,0,data_5062026_baseline3,data_5062026_baseline3_00000011,data_5062026/2026_05_06_baseline3/00000011.BIN,data_5062026_baseline3_00000011_manual_01_quality_00
38.5,1022.851299,0.0,0.0,0.17500726866957642,-0.023218653741544925,4.434965597356906,1500.0,1500.0,3.0,14.0,0.75,0,data_5062026_baseline3,data_5062026_baseline3_00000011,data_5062026/2026_05_06_baseline3/00000011.BIN,data_5062026_baseline3_00000011_manual_01_quality_00
38.6,1022.9512990000001,0.0,0.0,0.1396266024093531,-0.007797127716990296,4.351773151544206,1500.0,1500.0,3.0,14.0,0.75,0,data_5062026_baseline3,data_5062026_baseline3_00000011,data_5062026/2026_05_06_baseline3/00000011.BIN,data_5062026_baseline3_00000011_manual_01_quality_00
38.7,1023.0512990000001,0.0,0.0,0.1452368921429243,-0.02627900412169339,3.817805015526132,1500.0,1500.0,3.0,14.0,0.75,0,data_5062026_baseline3,data_5062026_baseline3_00000011,data_5062026/2026_05_06_baseline3/00000011.BIN,data_5062026_baseline3_00000011_manual_01_quality_00
38.8,1023.151299,0.0,0.0,0.16115391321534084,-0.045514598934790415,3.340310565321001,1500.0,1500.0,3.0,14.0,0.75,0,data_5062026_baseline3,data_5062026_baseline3_00000011,data_5062026/2026_05_06_baseline3/00000011.BIN,data_5062026_baseline3_00000011_manual_01_quality_00
38.9,1023.251299,0.0,0.0,0.21021680282979438,-0.03455677437375178,3.37978005127937,1500.0,1500.0,3.0,14.0,0.75,0,data_5062026_baseline3,data_5062026_baseline3_00000011,data_5062026/2026_05_06_baseline3/00000011.BIN,data_5062026_baseline3_00000011_manual_01_quality_00
39.0,1023.351299,0.0,0.0,0.26758844143666827,0.010231089177020633,3.902601220418212,1500.0,1500.0,3.0,14.0,0.75,0,data_5062026_baseline3,data_5062026_baseline3_00000011,data_5062026/2026_05_06_baseline3/00000011.BIN,data_5062026_baseline3_00000011_manual_01_quality_00
39.1,1023.4512990000001,0.0,0.0,0.250597950500652,0.06552756714393332,4.306475044308473,1500.0,1500.0,3.0,14.0,0.75,0,data_5062026_baseline3,data_5062026_baseline3_00000011,data_5062026/2026_05_06_baseline3/00000011.BIN,data_5062026_baseline3_00000011_manual_01_quality_00
39.2,1023.5512990000001,0.0,0.0,0.2149553052158847,0.023557770320427798,4.323081772823343,1500.0,1500.0,3.0,14.0,0.75,0,data_5062026_baseline3,data_5062026_baseline3_00000011,data_5062026/2026_05_06_baseline3/00000011.BIN,data_5062026_baseline3_00000011_manual_01_quality_00
39.3,1023.651299,0.0,0.0,0.144978787150834,-0.04519730609888441,4.096970260390455,1500.0,1500.0,3.0,14.0,0.75,0,data_5062026_baseline3,data_5062026_baseline3_00000011,data_5062026/2026_05_06_baseline3/00000011.BIN,data_5062026_baseline3_00000011_manual_01_quality_00
39.4,1023.751299,0.0,0.0,0.06636454925495627,-0.06382955857302405,3.569893552282895,1500.0,1500.0,3.0,14.0,0.75,0,data_5062026_baseline3,data_5062026_baseline3_00000011,data_5062026/2026_05_06_baseline3/00000011.BIN,data_5062026_baseline3_00000011_manual_01_quality_00
39.5,1023.851299,0.0,0.0,0.157794800141556,-0.008822861981549577,3.3410920330410514,1500.0,1500.0,3.0,14.0,0.75,0,data_5062026_baseline3,data_5062026_baseline3_00000011,data_5062026/2026_05_06_baseline3/00000011.BIN,data_5062026_baseline3_00000011_manual_01_quality_00
39.6,1023.9512990000001,0.0,0.0,0.29185580304666536,0.03667683088938846,3.58558367226502,1500.0,1500.0,3.0,14.0,0.75,0,data_5062026_baseline3,data_5062026_baseline3_00000011,data_5062026/2026_05_06_baseline3/00000011.BIN,data_5062026_baseline3_00000011_manual_01_quality_00
39.7,1024.051299,0.0,0.0,0.27777354915927016,0.040676936723125875,3.8837144274105033,1500.0,1500.0,3.0,14.0,0.75,0,data_5062026_baseline3,data_5062026_baseline3_00000011,data_5062026/2026_05_06_baseline3/00000011.BIN,data_5062026_baseline3_00000011_manual_01_quality_00
39.8,1024.151299,0.0,0.0,0.2263958669145889,0.0294997793093234,3.8516219106236824,1500.0,1500.0,3.0,14.0,0.75,0,data_5062026_baseline3,data_5062026_baseline3_00000011,data_5062026/2026_05_06_baseline3/00000011.BIN,data_5062026_baseline3_00000011_manual_01_quality_00
39.9,1024.251299,0.0,0.0,0.1757750631007557,-0.007510260446601535,3.938755084371196,1500.0,1500.0,3.0,14.0,0.75,0,data_5062026_baseline3,data_5062026_baseline3_00000011,data_5062026/2026_05_06_baseline3/00000011.BIN,data_5062026_baseline3_00000011_manual_01_quality_00
40.0,1024.351299,0.0,0.0,0.12534411794213668,-0.04889685708956771,4.016346251490855,1500.0,1500.0,3.0,14.0,0.75,0,data_5062026_baseline3,data_5062026_baseline3_00000011,data_5062026/2026_05_06_baseline3/00000011.BIN,data_5062026_baseline3_00000011_manual_01_quality_00
40.1,1024.451299,0.0,0.0,0.15659663284662784,-0.06385857493304078,3.905900275266878,1500.0,1500.0,3.0,14.0,0.75,0,data_5062026_baseline3,data_5062026_baseline3_00000011,data_5062026/2026_05_06_baseline3/00000011.BIN,data_5062026_baseline3_00000011_manual_01_quality_00
40.2,1024.551299,0.0,0.0,0.2083952439731732,-0.027040492920955138,3.778298625310723,1500.0,1500.0,3.0,14.0,0.75,0,data_5062026_baseline3,data_5062026_baseline3_00000011,data_5062026/2026_05_06_baseline3/00000011.BIN,data_5062026_baseline3_00000011_manual_01_quality_00
40.3,1024.651299,0.0,0.0,0.2211314573853686,-0.009158233090366421,3.735482628590171,1500.0,1500.0,3.0,14.0,0.75,0,data_5062026_baseline3,data_5062026_baseline3_00000011,data_5062026/2026_05_06_baseline3/00000011.BIN,data_5062026_baseline3_00000011_manual_01_quality_00
40.4,1024.751299,0.0,0.0,0.22405013644106567,-0.012868582487338014,3.7133855039604695,1500.0,1500.0,3.0,14.0,0.75,0,data_5062026_baseline3,data_5062026_baseline3_00000011,data_5062026/2026_05_06_baseline3/00000011.BIN,data_5062026_baseline3_00000011_manual_01_quality_00
40.5,1024.851299,0.0,0.0,0.2044118307631143,-0.0091872891854514,3.782541360751395,1500.0,1500.0,3.0,14.0,0.75,0,data_5062026_baseline3,data_5062026_baseline3_00000011,data_5062026/2026_05_06_baseline3/00000011.BIN,data_5062026_baseline3_00000011_manual_01_quality_00
40.6,1024.951299,0.0,0.0,0.17911735100636844,-0.01548508793201772,4.049369552706124,1500.0,1500.0,3.0,14.0,0.75,0,data_5062026_baseline3,data_5062026_baseline3_00000011,data_5062026/2026_05_06_baseline3/00000011.BIN,data_5062026_baseline3_00000011_manual_01_quality_00
40.7,1025.051299,0.0,0.0,0.17581752314073987,-0.04461655280242952,4.172577584459869,1500.0,1500.0,3.0,14.0,0.75,0,data_5062026_baseline3,data_5062026_baseline3_00000011,data_5062026/2026_05_06_baseline3/00000011.BIN,data_5062026_baseline3_00000011_manual_01_quality_00
40.8,1025.151299,0.0,0.0,0.17804112452092014,-0.062223863572079506,3.9746591071571777,1500.0,1500.0,3.0,14.0,0.75,0,data_5062026_baseline3,data_5062026_baseline3_00000011,data_5062026/2026_05_06_baseline3/00000011.BIN,data_5062026_baseline3_00000011_manual_01_quality_00
40.9,1025.251299,0.0,0.0,0.18349515967691513,-0.05629748528151516,3.625806040884426,1500.0,1500.0,3.0,14.0,0.75,0,data_5062026_baseline3,data_5062026_baseline3_00000011,data_5062026/2026_05_06_baseline3/00000011.BIN,data_5062026_baseline3_00000011_manual_01_quality_00
41.0,1025.351299,0.0,0.0,0.18976190774955717,-0.05311772023447369,3.4194988082132003,1500.0,1500.0,3.0,14.0,0.75,0,data_5062026_baseline3,data_5062026_baseline3_00000011,data_5062026/2026_05_06_baseline3/00000011.BIN,data_5062026_baseline3_00000011_manual_01_quality_00
41.1,1025.451299,0.0,0.0,0.20303791020702214,-0.03430392584908916,3.5403899169027744,1500.0,1500.0,3.0,14.0,0.75,0,data_5062026_baseline3,data_5062026_baseline3_00000011,data_5062026/2026_05_06_baseline3/00000011.BIN,data_5062026_baseline3_00000011_manual_01_quality_00
41.2,1025.551299,0.0,0.0,0.2180715960100088,-0.004899961271152619,3.9077448723468953,1500.0,1500.0,3.0,14.0,0.75,0,data_5062026_baseline3,data_5062026_baseline3_00000011,data_5062026/2026_05_06_baseline3/00000011.BIN,data_5062026_baseline3_00000011_manual_01_quality_00
41.3,1025.651299,0.0,0.0,0.21103921684024418,-0.008393378793099907,4.1495309161211,1500.0,1500.0,3.0,14.0,0.75,0,data_5062026_baseline3,data_5062026_baseline3_00000011,data_5062026/2026_05_06_baseline3/00000011.BIN,data_5062026_baseline3_00000011_manual_01_quality_00
41.4,1025.751299,0.0,0.0,0.19844681033188993,-0.042877375796579575,4.088238799137715,1500.0,1500.0,3.0,14.0,0.75,0,data_5062026_baseline3,data_5062026_baseline3_00000011,data_5062026/2026_05_06_baseline3/00000011.BIN,data_5062026_baseline3_00000011_manual_01_quality_00
41.5,1025.851299,0.0,0.0,0.17481402769770077,-0.08121655407986071,3.834114474757295,1500.0,1500.0,3.0,14.0,0.75,0,data_5062026_baseline3,data_5062026_baseline3_00000011,data_5062026/2026_05_06_baseline3/00000011.BIN,data_5062026_baseline3_00000011_manual_01_quality_00
41.6,1025.951299,0.0,0.0,0.14841096567355605,-0.08944405729727233,3.6832188425912262,1500.0,1500.0,3.0,14.0,0.75,0,data_5062026_baseline3,data_5062026_baseline3_00000011,data_5062026/2026_05_06_baseline3/00000011.BIN,data_5062026_baseline3_00000011_manual_01_quality_00
41.7,1026.051299,0.0,0.0,0.17842089853428378,-0.07677753339760374,3.755332055348295,1500.0,1500.0,3.0,14.0,0.75,0,data_5062026_baseline3,data_5062026_baseline3_00000011,data_5062026/2026_05_06_baseline3/00000011.BIN,data_5062026_baseline3_00000011_manual_01_quality_00
41.8,1026.151299,0.0,0.0,0.22264266579136183,-0.051359213723553024,3.9414099800183378,1500.0,1500.0,3.0,14.0,0.75,0,data_5062026_baseline3,data_5062026_baseline3_00000011,data_5062026/2026_05_06_baseline3/00000011.BIN,data_5062026_baseline3_00000011_manual_01_quality_00
41.9,1026.251299,0.0,0.0,0.22333845996583862,-0.03296496310237813,4.040143131855204,1500.0,1500.0,3.0,14.0,0.75,0,data_5062026_baseline3,data_5062026_baseline3_00000011,data_5062026/2026_05_06_baseline3/00000011.BIN,data_5062026_baseline3_00000011_manual_01_quality_00
42.0,1026.351299,0.0,0.0,0.21310034323140342,-0.04173085497224758,3.9774633583888055,1500.0,1500.0,3.0,14.0,0.75,0,data_5062026_baseline3,data_5062026_baseline3_00000011,data_5062026/2026_05_06_baseline3/00000011.BIN,data_5062026_baseline3_00000011_manual_01_quality_00
42.1,1026.451299,0.0,0.0,0.1930427069751297,-0.057475831491954406,3.8281501823367985,1500.0,1500.0,3.0,14.0,0.75,0,data_5062026_baseline3,data_5062026_baseline3_00000011,data_5062026/2026_05_06_baseline3/00000011.BIN,data_5062026_baseline3_00000011_manual_01_quality_00
42.2,1026.551299,0.0,0.0,0.17052220728952736,-0.06633088383620869,3.717891730660868,1500.0,1500.0,3.0,14.0,0.75,0,data_5062026_baseline3,data_5062026_baseline3_00000011,data_5062026/2026_05_06_baseline3/00000011.BIN,data_5062026_baseline3_00000011_manual_01_quality_00
42.3,1026.651299,0.0,0.0,0.19299868448355406,-0.0752902351694577,3.6901583253258528,1500.0,1500.0,3.0,14.0,0.75,0,data_5062026_baseline3,data_5062026_baseline3_00000011,data_5062026/2026_05_06_baseline3/00000011.BIN,data_5062026_baseline3_00000011_manual_01_quality_00
42.4,1026.751299,0.0,0.0,0.2267715515920431,-0.08440856556424581,3.720380071271239,1500.0,1500.0,3.0,14.0,0.75,0,data_5062026_baseline3,data_5062026_baseline3_00000011,data_5062026/2026_05_06_baseline3/00000011.BIN,data_5062026_baseline3_00000011_manual_01_quality_00
42.5,1026.851299,0.0,0.0,0.23772944932922732,-0.08538407070051496,3.764990414981743,1500.0,1500.0,3.0,14.0,0.75,0,data_5062026_baseline3,data_5062026_baseline3_00000011,data_5062026/2026_05_06_baseline3/00000011.BIN,data_5062026_baseline3_00000011_manual_01_quality_00
42.6,1026.951299,0.0,0.0,0.2429325362415035,-0.08012908526038286,3.820853923035637,1500.0,1500.0,3.0,14.0,0.75,0,data_5062026_baseline3,data_5062026_baseline3_00000011,data_5062026/2026_05_06_baseline3/00000011.BIN,data_5062026_baseline3_00000011_manual_01_quality_00
42.7,1027.051299,0.0,0.0,0.22740100912342145,-0.0654394970629862,3.939523993892707,1500.0,1500.0,3.0,14.0,0.75,0,data_5062026_baseline3,data_5062026_baseline3_00000011,data_5062026/2026_05_06_baseline3/00000011.BIN,data_5062026_baseline3_00000011_manual_01_quality_00
42.8,1027.151299,0.0,0.0,0.2066589103676061,-0.04726463516067721,4.096747148110433,1500.0,1500.0,3.0,14.0,0.75,0,data_5062026_baseline3,data_5062026_baseline3_00000011,data_5062026/2026_05_06_baseline3/00000011.BIN,data_5062026_baseline3_00000011_manual_01_quality_00
42.9,1027.251299,0.0,0.0,0.19794706277236945,-0.04091970110617033,4.136691760477234,1500.0,1500.0,3.0,14.0,0.75,0,data_5062026_baseline3,data_5062026_baseline3_00000011,data_5062026/2026_05_06_baseline3/00000011.BIN,data_5062026_baseline3_00000011_manual_01_quality_00
43.0,1027.351299,0.0,0.0,0.192266311322393,-0.053358820872528905,3.972932506486932,1500.0,1500.0,3.0,14.0,0.75,0,data_5062026_baseline3,data_5062026_baseline3_00000011,data_5062026/2026_05_06_baseline3/00000011.BIN,data_5062026_baseline3_00000011_manual_01_quality_00
43.1,1027.451299,0.0,0.0,0.20071422635988156,-0.07389684416943908,3.7164298197718617,1500.0,1500.0,3.0,14.0,0.75,0,data_5062026_baseline3,data_5062026_baseline3_00000011,data_5062026/2026_05_06_baseline3/00000011.BIN,data_5062026_baseline3_00000011_manual_01_quality_00
43.2,1027.551299,0.0,0.0,0.21271198653082887,-0.08481752844031033,3.583422474194005,1500.0,1500.0,3.0,14.0,0.75,0,data_5062026_baseline3,data_5062026_baseline3_00000011,data_5062026/2026_05_06_baseline3/00000011.BIN,data_5062026_baseline3_00000011_manual_01_quality_00
43.3,1027.651299,0.0,0.0,0.20645445500872303,-0.08576008963406408,3.610913349466216,1500.0,1500.0,3.0,14.0,0.75,0,data_5062026_baseline3,data_5062026_baseline3_00000011,data_5062026/2026_05_06_baseline3/00000011.BIN,data_5062026_baseline3_00000011_manual_01_quality_00
43.4,1027.751299,0.0,0.0,0.19556644575995555,-0.08100308366114652,3.73327331829947,1500.0,1500.0,3.0,14.0,0.75,0,data_5062026_baseline3,data_5062026_baseline3_00000011,data_5062026/2026_05_06_baseline3/00000011.BIN,data_5062026_baseline3_00000011_manual_01_quality_00
43.5,1027.851299,0.0,0.0,0.21331080913697584,-0.06997919548533603,3.8749287175472404,1500.0,1500.0,3.0,14.0,0.75,0,data_5062026_baseline3,data_5062026_baseline3_00000011,data_5062026/2026_05_06_baseline3/00000011.BIN,data_5062026_baseline3_00000011_manual_01_quality_00
43.6,1027.951299,0.0,0.0,0.23824774718223407,-0.05295549212296438,3.999656012305479,1500.0,1500.0,3.0,14.0,0.75,0,data_5062026_baseline3,data_5062026_baseline3_00000011,data_5062026/2026_05_06_baseline3/00000011.BIN,data_5062026_baseline3_00000011_manual_01_quality_00
43.7,1028.051299,0.0,0.0,0.23049529925003986,-0.03895412578212751,4.1029138965427645,1500.0,1500.0,3.0,14.0,0.75,0,data_5062026_baseline3,data_5062026_baseline3_00000011,data_5062026/2026_05_06_baseline3/00000011.BIN,data_5062026_baseline3_00000011_manual_01_quality_00
43.8,1028.151299,0.0,0.0,0.21454239305555847,-0.03909986318198672,4.1078015675598465,1500.0,1500.0,3.0,14.0,0.75,0,data_5062026_baseline3,data_5062026_baseline3_00000011,data_5062026/2026_05_06_baseline3/00000011.BIN,data_5062026_baseline3_00000011_manual_01_quality_00
43.9,1028.251299,0.0,0.0,0.1918335596636634,-0.04502082338994019,3.9524393004375784,1500.0,1500.0,3.0,14.0,0.75,0,data_5062026_baseline3,data_5062026_baseline3_00000011,data_5062026/2026_05_06_baseline3/00000011.BIN,data_5062026_baseline3_00000011_manual_01_quality_00
44.0,1028.351299,0.0,0.0,0.1674556974605646,-0.05736058800210271,3.6837011110061573,1500.0,1500.0,3.0,14.0,0.75,0,data_5062026_baseline3,data_5062026_baseline3_00000011,data_5062026/2026_05_06_baseline3/00000011.BIN,data_5062026_baseline3_00000011_manual_01_quality_00
44.1,1028.451299,0.0,0.0,0.17192013142426799,-0.06239851381502115,3.508055523629032,1500.0,1500.0,3.0,14.0,0.75,0,data_5062026_baseline3,data_5062026_baseline3_00000011,data_5062026/2026_05_06_baseline3/00000011.BIN,data_5062026_baseline3_00000011_manual_01_quality_00
44.2,1028.551299,0.0,0.0,0.17638456538796124,-0.04711828309609356,3.621515179328899,1500.0,1500.0,3.0,14.0,0.75,0,data_5062026_baseline3,data_5062026_baseline3_00000011,data_5062026/2026_05_06_baseline3/00000011.BIN,data_5062026_baseline3_00000011_manual_01_quality_00
44.3,1028.651299,0.0,0.0,0.19824027232083796,-0.02179017055346402,3.979793133648276,1500.0,1500.0,3.0,14.0,0.75,0,data_5062026_baseline3,data_5062026_baseline3_00000011,data_5062026/2026_05_06_baseline3/00000011.BIN,data_5062026_baseline3_00000011_manual_01_quality_00
44.4,1028.751299,0.0,0.0,0.22447318494211144,0.007978996687801833,4.2846801326385435,1500.0,1500.0,3.0,14.0,0.75,0,data_5062026_baseline3,data_5062026_baseline3_00000011,data_5062026/2026_05_06_baseline3/00000011.BIN,data_5062026_baseline3_00000011_manual_01_quality_00
44.5,1028.851299,0.0,0.0,0.21099268452505013,0.03359570740074692,4.308739070131965,1500.0,1500.0,3.0,14.0,0.75,0,data_5062026_baseline3,data_5062026_baseline3_00000011,data_5062026/2026_05_06_baseline3/00000011.BIN,data_5062026_baseline3_00000011_manual_01_quality_00
44.6,1028.951299,0.0,0.0,0.18750738910346693,0.03650270826921576,4.042905940803724,1500.0,1500.0,3.0,14.0,0.75,0,data_5062026_baseline3,data_5062026_baseline3_00000011,data_5062026/2026_05_06_baseline3/00000011.BIN,data_5062026_baseline3_00000011_manual_01_quality_00
44.7,1029.051299,0.0,0.0,0.17185663449249095,0.012707139679615467,3.576106870756807,1500.0,1500.0,3.0,14.0,0.75,0,data_5062026_baseline3,data_5062026_baseline3_00000011,data_5062026/2026_05_06_baseline3/00000011.BIN,data_5062026_baseline3_00000011_manual_01_quality_00
44.8,1029.151299,0.0,0.0,0.15817395009722524,-0.019201562025702345,3.2170547319777882,1500.0,1500.0,3.0,14.0,0.75,0,data_5062026_baseline3,data_5062026_baseline3_00000011,data_5062026/2026_05_06_baseline3/00000011.BIN,data_5062026_baseline3_00000011_manual_01_quality_00
44.9,1029.251299,0.0,0.0,0.18143815897714244,-0.02032736629013276,3.3517893700018373,1500.0,1500.0,3.0,14.0,0.75,0,data_5062026_baseline3,data_5062026_baseline3_00000011,data_5062026/2026_05_06_baseline3/00000011.BIN,data_5062026_baseline3_00000011_manual_01_quality_00
45.0,1029.351299,0.0,0.0,0.2139905276723466,0.03200410118294409,3.9768664958471973,1500.0,1500.0,3.0,14.0,0.75,0,data_5062026_baseline3,data_5062026_baseline3_00000011,data_5062026/2026_05_06_baseline3/00000011.BIN,data_5062026_baseline3_00000011_manual_01_quality_00
45.1,1029.451299,0.0,0.0,0.20503788386718863,0.09624212676165628,4.539667346439566,1500.0,1500.0,3.0,14.0,0.75,0,data_5062026_baseline3,data_5062026_baseline3_00000011,data_5062026/2026_05_06_baseline3/00000011.BIN,data_5062026_baseline3_00000011_manual_01_quality_00
45.2,1029.551299,0.0,0.0,0.1856849807487681,0.10488190042512142,4.499050511646131,1500.0,1500.0,3.0,14.0,0.75,0,data_5062026_baseline3,data_5062026_baseline3_00000011,data_5062026/2026_05_06_baseline3/00000011.BIN,data_5062026_baseline3_00000011_manual_01_quality_00
45.3,1029.651299,0.0,0.0,0.16720572465722924,0.05359883956424014,3.8977752767080855,1500.0,1500.0,3.0,14.0,0.75,0,data_5062026_baseline3,data_5062026_baseline3_00000011,data_5062026/2026_05_06_baseline3/00000011.BIN,data_5062026_baseline3_00000011_manual_01_quality_00
45.4,1029.751299,0.0,0.0,0.14894613763597436,0.0057918946618946655,3.22436621377425,1500.0,1500.0,3.0,14.0,0.75,0,data_5062026_baseline3,data_5062026_baseline3_00000011,data_5062026/2026_05_06_baseline3/00000011.BIN,data_5062026_baseline3_00000011_manual_01_quality_00
45.5,1029.851299,0.0,0.0,0.17861712362944898,-0.0013554232975591493,3.0542814263536955,1500.0,1500.0,3.0,14.0,0.75,0,data_5062026_baseline3,data_5062026_baseline3_00000011,data_5062026/2026_05_06_baseline3/00000011.BIN,data_5062026_baseline3_00000011_manual_01_quality_00
45.6,1029.951299,0.0,0.0,0.22033297739644672,0.0267120971029682,3.5266814744518573,1500.0,1500.0,3.0,14.0,0.75,0,data_5062026_baseline3,data_5062026_baseline3_00000011,data_5062026/2026_05_06_baseline3/00000011.BIN,data_5062026_baseline3_00000011_manual_01_quality_00
45.7,1030.051299,0.0,0.0,0.225400687269821,0.06588035956854797,4.219175055737132,1500.0,1500.0,3.0,14.0,0.75,0,data_5062026_baseline3,data_5062026_baseline3_00000011,data_5062026/2026_05_06_baseline3/00000011.BIN,data_5062026_baseline3_00000011_manual_01_quality_00
45.8,1030.151299,0.0,0.0,0.22124558214930082,0.09102817019567547,4.544588665493516,1500.0,1500.0,3.0,14.0,0.75,0,data_5062026_baseline3,data_5062026_baseline3_00000011,data_5062026/2026_05_06_baseline3/00000011.BIN,data_5062026_baseline3_00000011_manual_01_quality_00
45.9,1030.251299,0.0,0.0,0.20186900039122763,0.08257582332595949,4.301153589018073,1500.0,1500.0,3.0,14.0,0.75,0,data_5062026_baseline3,data_5062026_baseline3_00000011,data_5062026/2026_05_06_baseline3/00000011.BIN,data_5062026_baseline3_00000011_manual_01_quality_00
46.0,1030.351299,0.0,0.0,0.17866657360296848,0.04586329215921456,3.72865770366922,1500.0,1500.0,3.0,14.0,0.75,0,data_5062026_baseline3,data_5062026_baseline3_00000011,data_5062026/2026_05_06_baseline3/00000011.BIN,data_5062026_baseline3_00000011_manual_01_quality_00
46.1,1030.451299,0.0,0.0,0.1762430281389888,0.014668111621788502,3.3284774217145974,1500.0,1500.0,3.0,14.0,0.75,0,data_5062026_baseline3,data_5062026_baseline3_00000011,data_5062026/2026_05_06_baseline3/00000011.BIN,data_5062026_baseline3_00000011_manual_01_quality_00
46.2,1030.551299,0.0,0.0,0.17904671064275177,0.026630630496516042,3.4401929162983484,1500.0,1500.0,3.0,14.0,0.75,0,data_5062026_baseline3,data_5062026_baseline3_00000011,data_5062026/2026_05_06_baseline3/00000011.BIN,data_5062026_baseline3_00000011_manual_01_quality_00
46.3,1030.651299,0.0,0.0,0.17293176702633525,0.06102304946259307,3.8597581839777786,1500.0,1500.0,3.0,14.0,0.75,0,data_5062026_baseline3,data_5062026_baseline3_00000011,data_5062026/2026_05_06_baseline3/00000011.BIN,data_5062026_baseline3_00000011_manual_01_quality_00
46.4,1030.751299,0.0,0.0,0.16457097839676338,0.0630092173341469,4.096969514480013,1500.0,1500.0,3.0,14.0,0.75,0,data_5062026_baseline3,data_5062026_baseline3_00000011,data_5062026/2026_05_06_baseline3/00000011.BIN,data_5062026_baseline3_00000011_manual_01_quality_00
46.5,1030.851299,0.0,0.0,0.15545421526704628,0.030975795330780084,4.033070047987559,1500.0,1500.0,3.0,14.0,0.75,0,data_5062026_baseline3,data_5062026_baseline3_00000011,data_5062026/2026_05_06_baseline3/00000011.BIN,data_5062026_baseline3_00000011_manual_01_quality_00
46.6,1030.951299,0.0,0.0,0.14614714554725836,0.018235446962067595,3.9222882912030976,1500.0,1500.0,3.0,14.0,0.75,0,data_5062026_baseline3,data_5062026_baseline3_00000011,data_5062026/2026_05_06_baseline3/00000011.BIN,data_5062026_baseline3_00000011_manual_01_quality_00
46.7,1031.051299,0.0,0.0,0.16274133559497292,0.04272900096720636,3.9123835597616328,1500.0,1500.0,3.0,14.0,0.75,0,data_5062026_baseline3,data_5062026_baseline3_00000011,data_5062026/2026_05_06_baseline3/00000011.BIN,data_5062026_baseline3_00000011_manual_01_quality_00
46.8,1031.151299,0.0,0.0,0.18583149381741734,0.05707596393589145,3.924587472182371,1500.0,1500.0,3.0,14.0,0.75,0,data_5062026_baseline3,data_5062026_baseline3_00000011,data_5062026/2026_05_06_baseline3/00000011.BIN,data_5062026_baseline3_00000011_manual_01_quality_00
46.9,1031.251299,0.0,0.0,0.19037705996211501,0.03338246695993293,3.7493312027815424,1500.0,1500.0,3.0,14.0,0.75,0,data_5062026_baseline3,data_5062026_baseline3_00000011,data_5062026/2026_05_06_baseline3/00000011.BIN,data_5062026_baseline3_00000011_manual_01_quality_00
47.0,1031.351299,0.0,0.0,0.19026675769602366,-0.006987114147856513,3.5143678517996397,1500.0,1500.0,3.0,14.0,0.75,0,data_5062026_baseline3,data_5062026_baseline3_00000011,data_5062026/2026_05_06_baseline3/00000011.BIN,data_5062026_baseline3_00000011_manual_01_quality_00
47.1,1031.451299,0.0,0.0,0.17120622438637542,-0.031060192733911307,3.598929168678282,1500.0,1500.0,3.0,14.0,0.75,0,data_5062026_baseline3,data_5062026_baseline3_00000011,data_5062026/2026_05_06_baseline3/00000011.BIN,data_5062026_baseline3_00000011_manual_01_quality_00
47.2,1031.551299,0.0,0.0,0.14738204805443167,-0.015794555788483433,3.9623358785009786,1500.0,1500.0,3.0,14.0,0.75,0,data_5062026_baseline3,data_5062026_baseline3_00000011,data_5062026/2026_05_06_baseline3/00000011.BIN,data_5062026_baseline3_00000011_manual_01_quality_00
47.3,1031.651299,0.0,0.0,0.18052786813218819,0.017228422355716262,4.252990169557403,1500.0,1500.0,3.0,14.0,0.75,0,data_5062026_baseline3,data_5062026_baseline3_00000011,data_5062026/2026_05_06_baseline3/00000011.BIN,data_5062026_baseline3_00000011_manual_01_quality_00
47.4,1031.751299,0.0,0.0,0.2280562166421878,0.03530079409759742,4.2313675073920365,1500.0,1500.0,3.0,14.0,0.75,0,data_5062026_baseline3,data_5062026_baseline3_00000011,data_5062026/2026_05_06_baseline3/00000011.BIN,data_5062026_baseline3_00000011_manual_01_quality_00
47.5,1031.851299,0.0,0.0,0.21419369058002294,0.02042899663793662,3.9422818040642422,1500.0,1500.0,3.0,14.0,0.75,0,data_5062026_baseline3,data_5062026_baseline3_00000011,data_5062026/2026_05_06_baseline3/00000011.BIN,data_5062026_baseline3_00000011_manual_01_quality_00
47.6,1031.951299,0.0,0.0,0.18488836420198884,-0.025026278804581623,3.6799560832440146,1500.0,1500.0,3.0,14.0,0.75,0,data_5062026_baseline3,data_5062026_baseline3_00000011,data_5062026/2026_05_06_baseline3/00000011.BIN,data_5062026_baseline3_00000011_manual_01_quality_00
47.7,1032.051299,0.0,0.0,0.1626277947654318,-0.062393861953031114,3.6842325905840885,1500.0,1500.0,3.0,14.0,0.75,0,data_5062026_baseline3,data_5062026_baseline3_00000011,data_5062026/2026_05_06_baseline3/00000011.BIN,data_5062026_baseline3_00000011_manual_01_quality_00
47.8,1032.151299,0.0,0.0,0.14213447281722347,-0.055898975537795374,3.8045778113721123,1500.0,1500.0,3.0,14.0,0.75,0,data_5062026_baseline3,data_5062026_baseline3_00000011,data_5062026/2026_05_06_baseline3/00000011.BIN,data_5062026_baseline3_00000011_manual_01_quality_00
47.9,1032.251299,0.0,0.0,0.17693280030912087,-0.027465498358598423,3.877401339968475,1500.0,1500.0,3.0,14.0,0.75,0,data_5062026_baseline3,data_5062026_baseline3_00000011,data_5062026/2026_05_06_baseline3/00000011.BIN,data_5062026_baseline3_00000011_manual_01_quality_00
48.0,1032.351299,0.0,0.0,0.225566801952066,-0.004510201343264601,3.9397801890805297,1500.0,1500.0,3.0,14.0,0.75,0,data_5062026_baseline3,data_5062026_baseline3_00000011,data_5062026/2026_05_06_baseline3/00000011.BIN,data_5062026_baseline3_00000011_manual_01_quality_00
48.1,1032.451299,0.0,0.0,0.21990892670417025,0.00023568799402767373,3.9843768064469716,1500.0,1500.0,3.0,14.0,0.75,0,data_5062026_baseline3,data_5062026_baseline3_00000011,data_5062026/2026_05_06_baseline3/00000011.BIN,data_5062026_baseline3_00000011_manual_01_quality_00
48.2,1032.551299,0.0,0.0,0.21425105145628737,-0.012697861226240413,3.8956317650203136,1500.0,1500.0,3.0,14.0,0.75,0,data_5062026_baseline3,data_5062026_baseline3_00000011,data_5062026/2026_05_06_baseline3/00000011.BIN,data_5062026_baseline3_00000011_manual_01_quality_00
48.3,1032.651299,0.0,0.0,0.18167203747678834,-0.03837781101195555,3.6893458387627716,1500.0,1500.0,3.0,14.0,0.75,0,data_5062026_baseline3,data_5062026_baseline3_00000011,data_5062026/2026_05_06_baseline3/00000011.BIN,data_5062026_baseline3_00000011_manual_01_quality_00
48.4,1032.751299,0.0,0.0,0.14232947518598255,-0.0679363154557762,3.538858626001985,1500.0,1500.0,3.0,14.0,0.75,0,data_5062026_baseline3,data_5062026_baseline3_00000011,data_5062026/2026_05_06_baseline3/00000011.BIN,data_5062026_baseline3_00000011_manual_01_quality_00
48.5,1032.851299,0.0,0.0,0.1555764880650719,-0.07254225567066223,3.628575616224169,1500.0,1500.0,3.0,14.0,0.75,0,data_5062026_baseline3,data_5062026_baseline3_00000011,data_5062026/2026_05_06_baseline3/00000011.BIN,data_5062026_baseline3_00000011_manual_01_quality_00
48.6,1032.951299,0.0,0.0,0.18199226619727862,-0.05091348186927881,3.960477617547069,1500.0,1500.0,3.0,14.0,0.75,0,data_5062026_baseline3,data_5062026_baseline3_00000011,data_5062026/2026_05_06_baseline3/00000011.BIN,data_5062026_baseline3_00000011_manual_01_quality_00
48.7,1033.051299,0.0,0.0,0.2017147009215269,-0.02299358615316168,4.28220387327517,1500.0,1500.0,3.0,14.0,0.75,0,data_5062026_baseline3,data_5062026_baseline3_00000011,data_5062026/2026_05_06_baseline3/00000011.BIN,data_5062026_baseline3_00000011_manual_01_quality_00
48.8,1033.151299,0.0,0.0,0.21975542473952478,0.00012633983601878835,4.362133870259275,1500.0,1500.0,3.0,14.0,0.75,0,data_5062026_baseline3,data_5062026_baseline3_00000011,data_5062026/2026_05_06_baseline3/00000011.BIN,data_5062026_baseline3_00000011_manual_01_quality_00
48.9,1033.251299,0.0,0.0,0.20934734120289547,0.003206071624399977,4.144554622273736,1500.0,1500.0,3.0,14.0,0.75,0,data_5062026_baseline3,data_5062026_baseline3_00000011,data_5062026/2026_05_06_baseline3/00000011.BIN,data_5062026_baseline3_00000011_manual_01_quality_00
49.0,1033.351299,0.0,0.0,0.19179546739725783,-0.02488718072495527,3.742215370115146,1500.0,1500.0,3.0,14.0,0.75,0,data_5062026_baseline3,data_5062026_baseline3_00000011,data_5062026/2026_05_06_baseline3/00000011.BIN,data_5062026_baseline3_00000011_manual_01_quality_00
49.1,1033.451299,0.0,0.0,0.19522947060916226,-0.0626932165138414,3.372634786615239,1500.0,1500.0,3.0,14.0,0.75,0,data_5062026_baseline3,data_5062026_baseline3_00000011,data_5062026/2026_05_06_baseline3/00000011.BIN,data_5062026_baseline3_00000011_manual_01_quality_00
49.2,1033.551299,0.0,0.0,0.20394606221542694,-0.0755339552066238,3.2814395922790447,1500.0,1500.0,3.0,14.0,0.75,0,data_5062026_baseline3,data_5062026_baseline3_00000011,data_5062026/2026_05_06_baseline3/00000011.BIN,data_5062026_baseline3_00000011_manual_01_quality_00
49.3,1033.651299,0.0,0.0,0.1835911791607309,-0.04990890199175908,3.591379668387215,1500.0,1500.0,3.0,14.0,0.75,0,data_5062026_baseline3,data_5062026_baseline3_00000011,data_5062026/2026_05_06_baseline3/00000011.BIN,data_5062026_baseline3_00000011_manual_01_quality_00
49.4,1033.751299,0.0,0.0,0.15589377875723479,-0.010975605663932316,4.080051326577968,1500.0,1500.0,3.0,14.0,0.75,0,data_5062026_baseline3,data_5062026_baseline3_00000011,data_5062026/2026_05_06_baseline3/00000011.BIN,data_5062026_baseline3_00000011_manual_01_quality_00
49.5,1033.851299,0.0,0.0,0.1613575362966411,0.014609927691824162,4.35105256956324,1500.0,1500.0,3.0,14.0,0.75,0,data_5062026_baseline3,data_5062026_baseline3_00000011,data_5062026/2026_05_06_baseline3/00000011.BIN,data_5062026_baseline3_00000011_manual_01_quality_00
49.6,1033.951299,0.0,0.0,0.1751452900094978,0.014628796280268136,4.193138484553018,1500.0,1500.0,3.0,14.0,0.75,0,data_5062026_baseline3,data_5062026_baseline3_00000011,data_5062026/2026_05_06_baseline3/00000011.BIN,data_5062026_baseline3_00000011_manual_01_quality_00
49.7,1034.051299,0.0,0.0,0.18779283037579042,-0.010308028369565458,3.793081938772676,1500.0,1500.0,3.0,14.0,0.75,0,data_5062026_baseline3,data_5062026_baseline3_00000011,data_5062026/2026_05_06_baseline3/00000011.BIN,data_5062026_baseline3_00000011_manual_01_quality_00
49.8,1034.151299,0.0,0.0,0.20015401566178975,-0.03544904372500608,3.5083312789992163,1500.0,1500.0,3.0,14.0,0.75,0,data_5062026_baseline3,data_5062026_baseline3_00000011,data_5062026/2026_05_06_baseline3/00000011.BIN,data_5062026_baseline3_00000011_manual_01_quality_00
49.9,1034.251299,0.0,0.0,0.19143922479583247,-0.03662789075622258,3.511405074318501,1500.0,1500.0,3.0,14.0,0.75,0,data_5062026_baseline3,data_5062026_baseline3_00000011,data_5062026/2026_05_06_baseline3/00000011.BIN,data_5062026_baseline3_00000011_manual_01_quality_00
50.0,1034.351299,0.0,0.0,0.17743830452332332,-0.021063387262764195,3.7879657247307854,1500.0,1500.0,3.0,14.0,0.75,0,data_5062026_baseline3,data_5062026_baseline3_00000011,data_5062026/2026_05_06_baseline3/00000011.BIN,data_5062026_baseline3_00000011_manual_01_quality_00
50.1,1034.451299,0.0,0.0,0.16313734998569643,0.002334641684290596,4.116571474891436,1500.0,1500.0,3.0,14.0,0.75,0,data_5062026_baseline3,data_5062026_baseline3_00000011,data_5062026/2026_05_06_baseline3/00000011.BIN,data_5062026_baseline3_00000011_manual_01_quality_00
50.2,1034.551299,0.0,0.0,0.1487612461880083,0.024745556965516648,4.200469612827863,1500.0,1500.0,3.0,14.0,0.75,0,data_5062026_baseline3,data_5062026_baseline3_00000011,data_5062026/2026_05_06_baseline3/00000011.BIN,data_5062026_baseline3_00000011_manual_01_quality_00
50.3,1034.651299,0.0,0.0,0.17146037372618528,0.028616963526368774,4.019832667777855,1500.0,1500.0,3.0,14.0,0.75,0,data_5062026_baseline3,data_5062026_baseline3_00000011,data_5062026/2026_05_06_baseline3/00000011.BIN,data_5062026_baseline3_00000011_manual_01_quality_00
50.4,1034.751299,0.0,0.0,0.21855462728470942,0.005058257363461353,3.7247520397122673,1500.0,1500.0,3.0,14.0,0.75,0,data_5062026_baseline3,data_5062026_baseline3_00000011,data_5062026/2026_05_06_baseline3/00000011.BIN,data_5062026_baseline3_00000011_manual_01_quality_00
50.5,1034.851299,0.0,0.0,0.22888737011870175,-0.019836455358429678,3.5127570959660948,1500.0,1500.0,3.0,14.0,0.75,0,data_5062026_baseline3,data_5062026_baseline3_00000011,data_5062026/2026_05_06_baseline3/00000011.BIN,data_5062026_baseline3_00000011_manual_01_quality_00
50.6,1034.951299,0.0,0.0,0.22999467021957537,-0.019508634506882283,3.5406270304703633,1500.0,1500.0,3.0,14.0,0.75,0,data_5062026_baseline3,data_5062026_baseline3_00000011,data_5062026/2026_05_06_baseline3/00000011.BIN,data_5062026_baseline3_00000011_manual_01_quality_00
50.7,1035.051299,0.0,0.0,0.1785999302270232,-0.007873318828367618,3.8853213221258245,1500.0,1500.0,3.0,14.0,0.75,0,data_5062026_baseline3,data_5062026_baseline3_00000011,data_5062026/2026_05_06_baseline3/00000011.BIN,data_5062026_baseline3_00000011_manual_01_quality_00
50.8,1035.151299,0.0,0.0,0.11399343084927713,0.00455825277842395,4.1637628345016795,1500.0,1500.0,3.0,14.0,0.75,0,data_5062026_baseline3,data_5062026_baseline3_00000011,data_5062026/2026_05_06_baseline3/00000011.BIN,data_5062026_baseline3_00000011_manual_01_quality_00
50.9,1035.251299,0.0,0.0,0.12545063862280798,0.023118657609442688,4.081727087556338,1500.0,1500.0,3.0,14.0,0.75,0,data_5062026_baseline3,data_5062026_baseline3_00000011,data_5062026/2026_05_06_baseline3/00000011.BIN,data_5062026_baseline3_00000011_manual_01_quality_00
51.0,1035.351299,0.0,0.0,0.15602013888364732,0.028703892001027288,3.7775590071497627,1500.0,1500.0,3.0,14.0,0.75,0,data_5062026_baseline3,data_5062026_baseline3_00000011,data_5062026/2026_05_06_baseline3/00000011.BIN,data_5062026_baseline3_00000011_manual_01_quality_00
51.1,1035.451299,0.0,0.0,0.20368109817098679,0.008796657862757835,3.5549583657996795,1500.0,1500.0,3.0,14.0,0.75,0,data_5062026_baseline3,data_5062026_baseline3_00000011,data_5062026/2026_05_06_baseline3/00000011.BIN,data_5062026_baseline3_00000011_manual_01_quality_00
51.2,1035.551299,0.0,0.0,0.25562988771732653,-0.0037095818402468755,3.6125262745752966,1500.0,1500.0,3.0,14.0,0.75,0,data_5062026_baseline3,data_5062026_baseline3_00000011,data_5062026/2026_05_06_baseline3/00000011.BIN,data_5062026_baseline3_00000011_manual_01_quality_00
51.3,1035.651299,0.0,0.0,0.21610060281795668,0.0023523485134321494,3.9057095458177185,1500.0,1500.0,3.0,14.0,0.75,0,data_5062026_baseline3,data_5062026_baseline3_00000011,data_5062026/2026_05_06_baseline3/00000011.BIN,data_5062026_baseline3_00000011_manual_01_quality_00
51.4,1035.751299,0.0,0.0,0.15352285158733675,0.008947897768334932,4.248620926844198,1500.0,1500.0,3.0,14.0,0.75,0,data_5062026_baseline3,data_5062026_baseline3_00000011,data_5062026/2026_05_06_baseline3/00000011.BIN,data_5062026_baseline3_00000011_manual_01_quality_00
51.5,1035.851299,0.0,0.0,0.1501853125921344,0.019140647293208964,4.316967446423323,1500.0,1500.0,3.0,14.0,0.75,0,data_5062026_baseline3,data_5062026_baseline3_00000011,data_5062026/2026_05_06_baseline3/00000011.BIN,data_5062026_baseline3_00000011_manual_01_quality_00
51.6,1035.951299,0.0,0.0,0.1616948703101935,0.019885165867634988,4.010993334408699,1500.0,1500.0,3.0,14.0,0.75,0,data_5062026_baseline3,data_5062026_baseline3_00000011,data_5062026/2026_05_06_baseline3/00000011.BIN,data_5062026_baseline3_00000011_manual_01_quality_00
51.7,1036.051299,0.0,0.0,0.20333424552653104,0.013924343551172813,3.569222180090838,1500.0,1500.0,3.0,14.0,0.75,0,data_5062026_baseline3,data_5062026_baseline3_00000011,data_5062026/2026_05_06_baseline3/00000011.BIN,data_5062026_baseline3_00000011_manual_01_quality_00
51.8,1036.151299,0.0,0.0,0.2525192615279224,0.008558487945702182,3.3130273018499614,1500.0,1500.0,3.0,14.0,0.75,0,data_5062026_baseline3,data_5062026_baseline3_00000011,data_5062026/2026_05_06_baseline3/00000011.BIN,data_5062026_baseline3_00000011_manual_01_quality_00
51.9,1036.251299,0.0,0.0,0.20862675595577007,0.009492819926828938,3.3855422375204363,1500.0,1500.0,3.0,14.0,0.75,0,data_5062026_baseline3,data_5062026_baseline3_00000011,data_5062026/2026_05_06_baseline3/00000011.BIN,data_5062026_baseline3_00000011_manual_01_quality_00
52.0,1036.351299,0.0,0.0,0.14124922928653227,0.010009055341737684,3.679596746649943,1500.0,1500.0,3.0,14.0,0.75,0,data_5062026_baseline3,data_5062026_baseline3_00000011,data_5062026/2026_05_06_baseline3/00000011.BIN,data_5062026_baseline3_00000011_manual_01_quality_00
52.1,1036.451299,0.0,0.0,0.12523087227925842,0.009600521984964736,4.088231961251397,1500.0,1500.0,3.0,14.0,0.75,0,data_5062026_baseline3,data_5062026_baseline3_00000011,data_5062026/2026_05_06_baseline3/00000011.BIN,data_5062026_baseline3_00000011_manual_01_quality_00
52.2,1036.551299,0.0,0.0,0.1220948676958502,0.015837992833456133,4.293287896060013,1500.0,1500.0,3.0,14.0,0.75,0,data_5062026_baseline3,data_5062026_baseline3_00000011,data_5062026/2026_05_06_baseline3/00000011.BIN,data_5062026_baseline3_00000011_manual_01_quality_00
52.3,1036.651299,0.0,0.0,0.15543214524227061,0.036834336531660704,4.1697144828414014,1500.0,1500.0,3.0,14.0,0.75,0,data_5062026_baseline3,data_5062026_baseline3_00000011,data_5062026/2026_05_06_baseline3/00000011.BIN,data_5062026_baseline3_00000011_manual_01_quality_00
52.4,1036.751299,0.0,0.0,0.1979922732243316,0.0498961891274146,3.8387681772156297,1500.0,1500.0,3.0,14.0,0.75,0,data_5062026_baseline3,data_5062026_baseline3_00000011,data_5062026/2026_05_06_baseline3/00000011.BIN,data_5062026_baseline3_00000011_manual_01_quality_00
52.5,1036.851299,0.0,0.0,0.1855387466367874,0.03166004263060645,3.5375663937505153,1500.0,1500.0,3.0,14.0,0.75,0,data_5062026_baseline3,data_5062026_baseline3_00000011,data_5062026/2026_05_06_baseline3/00000011.BIN,data_5062026_baseline3_00000011_manual_01_quality_00
52.6,1036.951299,0.0,0.0,0.15930256797653308,0.00775354324815967,3.4728953740261326,1500.0,1500.0,3.0,14.0,0.75,0,data_5062026_baseline3,data_5062026_baseline3_00000011,data_5062026/2026_05_06_baseline3/00000011.BIN,data_5062026_baseline3_00000011_manual_01_quality_00
52.7,1037.051299,0.0,0.0,0.1312749364140641,0.00041173340041612805,3.735431715555604,1500.0,1500.0,3.0,14.0,0.75,0,data_5062026_baseline3,data_5062026_baseline3_00000011,data_5062026/2026_05_06_baseline3/00000011.BIN,data_5062026_baseline3_00000011_manual_01_quality_00
52.8,1037.151299,0.0,0.0,0.10279804117810551,0.01666798688656831,4.056118764027844,1500.0,1500.0,3.0,14.0,0.75,0,data_5062026_baseline3,data_5062026_baseline3_00000011,data_5062026/2026_05_06_baseline3/00000011.BIN,data_5062026_baseline3_00000011_manual_01_quality_00
52.9,1037.251299,0.0,0.0,0.14451135966759315,0.03864869853391398,4.227709961542561,1500.0,1500.0,3.0,14.0,0.75,0,data_5062026_baseline3,data_5062026_baseline3_00000011,data_5062026/2026_05_06_baseline3/00000011.BIN,data_5062026_baseline3_00000011_manual_01_quality_00
53.0,1037.351299,0.0,0.0,0.20385016802529354,0.04813614352023049,4.168058258688118,1500.0,1500.0,3.0,14.0,0.75,0,data_5062026_baseline3,data_5062026_baseline3_00000011,data_5062026/2026_05_06_baseline3/00000011.BIN,data_5062026_baseline3_00000011_manual_01_quality_00
53.1,1037.451299,0.0,0.0,0.20234567997051567,0.03715601733687249,3.9053617656225406,1500.0,1500.0,3.0,14.0,0.75,0,data_5062026_baseline3,data_5062026_baseline3_00000011,data_5062026/2026_05_06_baseline3/00000011.BIN,data_5062026_baseline3_00000011_manual_01_quality_00
53.2,1037.551299,0.0,0.0,0.185586611533403,0.019844833182716428,3.6177889877565774,1500.0,1500.0,3.0,14.0,0.75,0,data_5062026_baseline3,data_5062026_baseline3_00000011,data_5062026/2026_05_06_baseline3/00000011.BIN,data_5062026_baseline3_00000011_manual_01_quality_00
53.3,1037.651299,0.0,0.0,0.13946039820376538,0.014882874971541645,3.5287395240848975,1500.0,1500.0,3.0,14.0,0.75,0,data_5062026_baseline3,data_5062026_baseline3_00000011,data_5062026/2026_05_06_baseline3/00000011.BIN,data_5062026_baseline3_00000011_manual_01_quality_00
53.4,1037.751299,0.0,0.0,0.08601195966585432,0.023698060332158172,3.606078626164858,1500.0,1500.0,3.0,14.0,0.75,0,data_5062026_baseline3,data_5062026_baseline3_00000011,data_5062026/2026_05_06_baseline3/00000011.BIN,data_5062026_baseline3_00000011_manual_01_quality_00
53.5,1037.851299,0.0,0.0,0.12813178377708,0.029415485748128512,3.7448816534668943,1500.0,1500.0,3.0,14.0,0.75,0,data_5062026_baseline3,data_5062026_baseline3_00000011,data_5062026/2026_05_06_baseline3/00000011.BIN,data_5062026_baseline3_00000011_manual_01_quality_00
53.6,1037.951299,0.0,0.0,0.17025160788840143,0.027019115328879573,3.8825732165318114,1500.0,1500.0,3.0,14.0,0.75,0,data_5062026_baseline3,data_5062026_baseline3_00000011,data_5062026/2026_05_06_baseline3/00000011.BIN,data_5062026_baseline3_00000011_manual_01_quality_00
53.7,1038.051299,0.0,0.0,0.1621585998421425,0.028168934121903296,4.021886569789913,1500.0,1500.0,3.0,14.0,0.75,0,data_5062026_baseline3,data_5062026_baseline3_00000011,data_5062026/2026_05_06_baseline3/00000011.BIN,data_5062026_baseline3_00000011_manual_01_quality_00
53.8,1038.151299,0.0,0.0,0.1414495548873794,0.039174402018485585,4.119140024887015,1500.0,1500.0,3.0,14.0,0.75,0,data_5062026_baseline3,data_5062026_baseline3_00000011,data_5062026/2026_05_06_baseline3/00000011.BIN,data_5062026_baseline3_00000011_manual_01_quality_00
53.9,1038.251299,0.0,0.0,0.15086515082316967,0.04659967106083089,4.05123273284453,1500.0,1500.0,3.0,14.0,0.75,0,data_5062026_baseline3,data_5062026_baseline3_00000011,data_5062026/2026_05_06_baseline3/00000011.BIN,data_5062026_baseline3_00000011_manual_01_quality_00
54.0,1038.351299,0.0,0.0,0.16788169932942043,0.0350478049797085,3.7742398831223403,1500.0,1500.0,3.0,14.0,0.75,0,data_5062026_baseline3,data_5062026_baseline3_00000011,data_5062026/2026_05_06_baseline3/00000011.BIN,data_5062026_baseline3_00000011_manual_01_quality_00
54.1,1038.451299,0.0,0.0,0.17321450136188923,0.007876717394280855,3.4573562681249785,1500.0,1500.0,3.0,14.0,0.75,0,data_5062026_baseline3,data_5062026_baseline3_00000011,data_5062026/2026_05_06_baseline3/00000011.BIN,data_5062026_baseline3_00000011_manual_01_quality_00
54.2,1038.551299,0.0,0.0,0.17561869528972993,-0.007773425142965772,3.424920976141236,1500.0,1500.0,3.0,14.0,0.75,0,data_5062026_baseline3,data_5062026_baseline3_00000011,data_5062026/2026_05_06_baseline3/00000011.BIN,data_5062026_baseline3_00000011_manual_01_quality_00
54.3,1038.651299,0.0,0.0,0.15953245819684952,0.004993862495962194,3.773378113108167,1500.0,1500.0,3.0,14.0,0.75,0,data_5062026_baseline3,data_5062026_baseline3_00000011,data_5062026/2026_05_06_baseline3/00000011.BIN,data_5062026_baseline3_00000011_manual_01_quality_00
54.4,1038.751299,0.0,0.0,0.1387909200022086,0.0387203416895563,4.235797274311358,1500.0,1500.0,3.0,14.0,0.75,0,data_5062026_baseline3,data_5062026_baseline3_00000011,data_5062026/2026_05_06_baseline3/00000011.BIN,data_5062026_baseline3_00000011_manual_01_quality_00
54.5,1038.851299,0.0,0.0,0.15157316639311963,0.06937290745825848,4.437329183166751,1500.0,1500.0,3.0,14.0,0.75,0,data_5062026_baseline3,data_5062026_baseline3_00000011,data_5062026/2026_05_06_baseline3/00000011.BIN,data_5062026_baseline3_00000011_manual_01_quality_00
54.6,1038.951299,0.0,0.0,0.17277043421032504,0.06793211760404017,4.216216927420365,1500.0,1500.0,3.0,14.0,0.75,0,data_5062026_baseline3,data_5062026_baseline3_00000011,data_5062026/2026_05_06_baseline3/00000011.BIN,data_5062026_baseline3_00000011_manual_01_quality_00
54.7,1039.051299,0.0,0.0,0.15823523015169805,0.03169334621256644,3.7381870163305497,1500.0,1500.0,3.0,14.0,0.75,0,data_5062026_baseline3,data_5062026_baseline3_00000011,data_5062026/2026_05_06_baseline3/00000011.BIN,data_5062026_baseline3_00000011_manual_01_quality_00
54.8,1039.151299,0.0,0.0,0.13473338378852096,-0.012842897977211325,3.3210583934463282,1500.0,1500.0,3.0,14.0,0.75,0,data_5062026_baseline3,data_5062026_baseline3_00000011,data_5062026/2026_05_06_baseline3/00000011.BIN,data_5062026_baseline3_00000011_manual_01_quality_00
54.9,1039.251299,0.0,0.0,0.11192760771167433,-0.029221098824200216,3.2297840011589978,1500.0,1500.0,3.0,14.0,0.75,0,data_5062026_baseline3,data_5062026_baseline3_00000011,data_5062026/2026_05_06_baseline3/00000011.BIN,data_5062026_baseline3_00000011_manual_01_quality_00
55.0,1039.351299,0.0,0.0,0.0892966656792061,0.002437472367783388,3.567667576763552,1500.0,1500.0,3.0,14.0,0.75,0,data_5062026_baseline3,data_5062026_baseline3_00000011,data_5062026/2026_05_06_baseline3/00000011.BIN,data_5062026_baseline3_00000011_manual_01_quality_00
55.1,1039.451299,0.0,0.0,0.1357588764788764,0.05519331592218993,4.081498222319337,1500.0,1500.0,3.0,14.0,0.75,0,data_5062026_baseline3,data_5062026_baseline3_00000011,data_5062026/2026_05_06_baseline3/00000011.BIN,data_5062026_baseline3_00000011_manual_01_quality_00
55.2,1039.551299,0.0,0.0,0.19955163118546798,0.07377209585512295,4.31395574445461,1500.0,1500.0,3.0,14.0,0.75,0,data_5062026_baseline3,data_5062026_baseline3_00000011,data_5062026/2026_05_06_baseline3/00000011.BIN,data_5062026_baseline3_00000011_manual_01_quality_00
55.3,1039.651299,0.0,0.0,0.18944485767265196,0.044281597450318254,4.070552092821036,1500.0,1500.0,3.0,14.0,0.75,0,data_5062026_baseline3,data_5062026_baseline3_00000011,data_5062026/2026_05_06_baseline3/00000011.BIN,data_5062026_baseline3_00000011_manual_01_quality_00
55.4,1039.751299,0.0,0.0,0.16070358090064202,0.005475034812806265,3.703517929112572,1500.0,1500.0,3.0,14.0,0.75,0,data_5062026_baseline3,data_5062026_baseline3_00000011,data_5062026/2026_05_06_baseline3/00000011.BIN,data_5062026_baseline3_00000011_manual_01_quality_00
55.5,1039.851299,0.0,0.0,0.1551774523450912,-0.006753194047309486,3.6523415218526623,1500.0,1500.0,3.0,14.0,0.75,0,data_5062026_baseline3,data_5062026_baseline3_00000011,data_5062026/2026_05_06_baseline3/00000011.BIN,data_5062026_baseline3_00000011_manual_01_quality_00
55.6,1039.951299,0.0,0.0,0.15548016128130723,0.006454660297171229,3.9359881525553435,1500.0,1500.0,3.0,14.0,0.75,0,data_5062026_baseline3,data_5062026_baseline3_00000011,data_5062026/2026_05_06_baseline3/00000011.BIN,data_5062026_baseline3_00000011_manual_01_quality_00
55.7,1040.051299,0.0,0.0,0.13712830775118356,0.017473480212568608,4.172891566409583,1500.0,1500.0,3.0,14.0,0.75,0,data_5062026_baseline3,data_5062026_baseline3_00000011,data_5062026/2026_05_06_baseline3/00000011.BIN,data_5062026_baseline3_00000011_manual_01_quality_00
55.8,1040.151299,0.0,0.0,0.11408392157426009,0.017417566810158717,4.09091467776337,1500.0,1500.0,3.0,14.0,0.75,0,data_5062026_baseline3,data_5062026_baseline3_00000011,data_5062026/2026_05_06_baseline3/00000011.BIN,data_5062026_baseline3_00000011_manual_01_quality_00
55.9,1040.251299,0.0,0.0,0.14553181799752718,0.01563997732555432,3.826699139255066,1500.0,1500.0,3.0,14.0,0.75,0,data_5062026_baseline3,data_5062026_baseline3_00000011,data_5062026/2026_05_06_baseline3/00000011.BIN,data_5062026_baseline3_00000011_manual_01_quality_00
56.0,1040.351299,0.0,0.0,0.19066670313762407,0.01872525385955542,3.647276222974967,1500.0,1500.0,3.0,14.0,0.75,0,data_5062026_baseline3,data_5062026_baseline3_00000011,data_5062026/2026_05_06_baseline3/00000011.BIN,data_5062026_baseline3_00000011_manual_01_quality_00
56.1,1040.451299,0.0,0.0,0.24427401628242845,0.009000589542127657,3.622214091533031,1500.0,1500.0,3.0,14.0,0.75,0,data_5062026_baseline3,data_5062026_baseline3_00000011,data_5062026/2026_05_06_baseline3/00000011.BIN,data_5062026_baseline3_00000011_manual_01_quality_00
56.2,1040.551299,0.0,0.0,0.300008578649882,-0.007742222833774413,3.676001487661139,1500.0,1500.0,3.0,14.0,0.75,0,data_5062026_baseline3,data_5062026_baseline3_00000011,data_5062026/2026_05_06_baseline3/00000011.BIN,data_5062026_baseline3_00000011_manual_01_quality_00
56.3,1040.651299,0.0,0.0,0.19547767971910343,-0.045992815997954,3.817741307842833,1500.0,1500.0,3.0,14.0,0.75,0,data_5062026_baseline3,data_5062026_baseline3_00000011,data_5062026/2026_05_06_baseline3/00000011.BIN,data_5062026_baseline3_00000011_manual_01_quality_00
56.4,1040.751299,0.0,0.0,0.05064725867069092,-0.07220118584037065,3.9740650730359968,1500.0,1500.0,3.0,14.0,0.75,0,data_5062026_baseline3,data_5062026_baseline3_00000011,data_5062026/2026_05_06_baseline3/00000011.BIN,data_5062026_baseline3_00000011_manual_01_quality_00
56.5,1040.851299,0.0,0.0,0.08496035143611361,-0.05612999497584475,4.011931081562791,1500.0,1500.0,3.0,14.0,0.75,0,data_5062026_baseline3,data_5062026_baseline3_00000011,data_5062026/2026_05_06_baseline3/00000011.BIN,data_5062026_baseline3_00000011_manual_01_quality_00
56.6,1040.951299,0.0,0.0,0.16424141323484745,-0.012951572887755424,4.038479417186578,1500.0,1500.0,3.0,14.0,0.75,0,data_5062026_baseline3,data_5062026_baseline3_00000011,data_5062026/2026_05_06_baseline3/00000011.BIN,data_5062026_baseline3_00000011_manual_01_quality_00
56.7,1041.051299,0.0,0.0,0.22299928030136262,0.022041080279504886,4.122428844116775,1500.0,1500.0,3.0,14.0,0.75,0,data_5062026_baseline3,data_5062026_baseline3_00000011,data_5062026/2026_05_06_baseline3/00000011.BIN,data_5062026_baseline3_00000011_manual_01_quality_00
56.8,1041.151299,0.0,0.0,0.27660291803555387,0.016226512326933076,4.087215909576596,1500.0,1500.0,3.0,14.0,0.75,0,data_5062026_baseline3,data_5062026_baseline3_00000011,data_5062026/2026_05_06_baseline3/00000011.BIN,data_5062026_baseline3_00000011_manual_01_quality_00
56.9,1041.251299,0.0,0.0,0.20994229719670637,-0.03678176551625448,3.689713984666259,1500.0,1500.0,3.0,14.0,0.75,0,data_5062026_baseline3,data_5062026_baseline3_00000011,data_5062026/2026_05_06_baseline3/00000011.BIN,data_5062026_baseline3_00000011_manual_01_quality_00
57.0,1041.351299,0.0,0.0,0.11297658286819162,-0.10411615515612073,3.585484323156555,1500.0,1500.0,3.0,14.0,0.75,0,data_5062026_baseline3,data_5062026_baseline3_00000011,data_5062026/2026_05_06_baseline3/00000011.BIN,data_5062026_baseline3_00000011_manual_01_quality_00
57.1,1041.451299,0.0,0.0,0.09976915285542728,-0.1106254805530493,3.596821761348611,1500.0,1500.0,3.0,14.0,0.75,0,data_5062026_baseline3,data_5062026_baseline3_00000011,data_5062026/2026_05_06_baseline3/00000011.BIN,data_5062026_baseline3_00000011_manual_01_quality_00
57.2,1041.551299,0.0,0.0,0.10765201374852582,-0.06374278235851223,3.750125339589799,1500.0,1500.0,3.0,14.0,0.75,0,data_5062026_baseline3,data_5062026_baseline3_00000011,data_5062026/2026_05_06_baseline3/00000011.BIN,data_5062026_baseline3_00000011_manual_01_quality_00
57.3,1041.651299,0.0,0.0,0.17826261888233735,-6.450245835345453e-05,3.9958621136191814,1500.0,1500.0,3.0,14.0,0.75,0,data_5062026_baseline3,data_5062026_baseline3_00000011,data_5062026/2026_05_06_baseline3/00000011.BIN,data_5062026_baseline3_00000011_manual_01_quality_00
57.4,1041.751299,0.0,0.0,0.26467590059812646,0.016909879779524024,4.111459754215513,1500.0,1500.0,3.0,14.0,0.75,0,data_5062026_baseline3,data_5062026_baseline3_00000011,data_5062026/2026_05_06_baseline3/00000011.BIN,data_5062026_baseline3_00000011_manual_01_quality_00
57.5,1041.851299,0.0,0.0,0.22243169121750372,-0.005857407229927433,3.987357818663994,1500.0,1500.0,3.0,14.0,0.75,0,data_5062026_baseline3,data_5062026_baseline3_00000011,data_5062026/2026_05_06_baseline3/00000011.BIN,data_5062026_baseline3_00000011_manual_01_quality_00
57.6,1041.951299,0.0,0.0,0.14792253253715762,-0.04464996463366836,3.711481765107458,1500.0,1500.0,3.0,14.0,0.75,0,data_5062026_baseline3,data_5062026_baseline3_00000011,data_5062026/2026_05_06_baseline3/00000011.BIN,data_5062026_baseline3_00000011_manual_01_quality_00
57.7,1042.051299,0.0,0.0,0.1213323545430718,-0.07317067300281242,3.6674356647700583,1500.0,1500.0,3.0,14.0,0.75,0,data_5062026_baseline3,data_5062026_baseline3_00000011,data_5062026/2026_05_06_baseline3/00000011.BIN,data_5062026_baseline3_00000011_manual_01_quality_00
57.8,1042.151299,0.0,0.0,0.10676163093369495,-0.07968646914628144,3.6507102828809406,1500.0,1500.0,3.0,14.0,0.75,0,data_5062026_baseline3,data_5062026_baseline3_00000011,data_5062026/2026_05_06_baseline3/00000011.BIN,data_5062026_baseline3_00000011_manual_01_quality_00
57.9,1042.251299,0.0,0.0,0.15993490885656997,-0.05893064221939097,3.7574621247658744,1500.0,1500.0,3.0,14.0,0.75,0,data_5062026_baseline3,data_5062026_baseline3_00000011,data_5062026/2026_05_06_baseline3/00000011.BIN,data_5062026_baseline3_00000011_manual_01_quality_00
58.0,1042.351299,0.0,0.0,0.23015972107990057,-0.017896966725781435,3.993759770546379,1500.0,1500.0,3.0,14.0,0.75,0,data_5062026_baseline3,data_5062026_baseline3_00000011,data_5062026/2026_05_06_baseline3/00000011.BIN,data_5062026_baseline3_00000011_manual_01_quality_00
58.1,1042.451299,0.0,0.0,0.21578233057685925,-0.0023045163359102262,4.150069202552603,1500.0,1500.0,3.0,14.0,0.75,0,data_5062026_baseline3,data_5062026_baseline3_00000011,data_5062026/2026_05_06_baseline3/00000011.BIN,data_5062026_baseline3_00000011_manual_01_quality_00
58.2,1042.551299,0.0,0.0,0.1801074535734436,-0.0034988959257800066,4.0627803809339715,1500.0,1500.0,3.0,14.0,0.75,0,data_5062026_baseline3,data_5062026_baseline3_00000011,data_5062026/2026_05_06_baseline3/00000011.BIN,data_5062026_baseline3_00000011_manual_01_quality_00
58.3,1042.651299,0.0,0.0,0.16837129784648733,-0.015370584991689291,3.819090840002314,1500.0,1500.0,3.0,14.0,0.75,0,data_5062026_baseline3,data_5062026_baseline3_00000011,data_5062026/2026_05_06_baseline3/00000011.BIN,data_5062026_baseline3_00000011_manual_01_quality_00
58.4,1042.751299,0.0,0.0,0.1626546488787935,-0.03775048301066278,3.636736864370744,1500.0,1500.0,3.0,14.0,0.75,0,data_5062026_baseline3,data_5062026_baseline3_00000011,data_5062026/2026_05_06_baseline3/00000011.BIN,data_5062026_baseline3_00000011_manual_01_quality_00
58.5,1042.851299,0.0,0.0,0.1561485923547481,-0.05495820928513549,3.6333582272320877,1500.0,1500.0,3.0,14.0,0.75,0,data_5062026_baseline3,data_5062026_baseline3_00000011,data_5062026/2026_05_06_baseline3/00000011.BIN,data_5062026_baseline3_00000011_manual_01_quality_00
58.6,1042.951299,0.0,0.0,0.14944391185099593,-0.04975125527678159,3.729928992088327,1500.0,1500.0,3.0,14.0,0.75,0,data_5062026_baseline3,data_5062026_baseline3_00000011,data_5062026/2026_05_06_baseline3/00000011.BIN,data_5062026_baseline3_00000011_manual_01_quality_00
58.7,1043.051299,0.0,0.0,0.149183565711806,-0.03438802017941153,3.7879687297462006,1500.0,1500.0,3.0,14.0,0.75,0,data_5062026_baseline3,data_5062026_baseline3_00000011,data_5062026/2026_05_06_baseline3/00000011.BIN,data_5062026_baseline3_00000011_manual_01_quality_00
58.8,1043.151299,0.0,0.0,0.15054186220468263,-0.028581936874413242,3.8447307460079356,1500.0,1500.0,3.0,14.0,0.75,0,data_5062026_baseline3,data_5062026_baseline3_00000011,data_5062026/2026_05_06_baseline3/00000011.BIN,data_5062026_baseline3_00000011_manual_01_quality_00
58.9,1043.251299,0.0,0.0,0.14770434030114427,-0.013566069093338042,3.965456053759732,1500.0,1500.0,3.0,14.0,0.75,0,data_5062026_baseline3,data_5062026_baseline3_00000011,data_5062026/2026_05_06_baseline3/00000011.BIN,data_5062026_baseline3_00000011_manual_01_quality_00
59.0,1043.351299,0.0,0.0,0.1438133362768108,0.004200950263916336,4.055985381898025,1500.0,1500.0,3.0,14.0,0.75,0,data_5062026_baseline3,data_5062026_baseline3_00000011,data_5062026/2026_05_06_baseline3/00000011.BIN,data_5062026_baseline3_00000011_manual_01_quality_00
59.1,1043.451299,0.0,0.0,0.14922544569055418,-0.00836241780471593,3.943295579866972,1500.0,1500.0,3.0,14.0,0.75,0,data_5062026_baseline3,data_5062026_baseline3_00000011,data_5062026/2026_05_06_baseline3/00000011.BIN,data_5062026_baseline3_00000011_manual_01_quality_00
59.2,1043.551299,0.0,0.0,0.15697701348568116,-0.041276982234244745,3.69112629703764,1500.0,1500.0,3.0,14.0,0.75,0,data_5062026_baseline3,data_5062026_baseline3_00000011,data_5062026/2026_05_06_baseline3/00000011.BIN,data_5062026_baseline3_00000011_manual_01_quality_00
59.3,1043.651299,0.0,0.0,0.1559186859589691,-0.057858353010923305,3.5783964742158485,1500.0,1500.0,3.0,14.0,0.75,0,data_5062026_baseline3,data_5062026_baseline3_00000011,data_5062026/2026_05_06_baseline3/00000011.BIN,data_5062026_baseline3_00000011_manual_01_quality_00
59.4,1043.751299,0.0,0.0,0.1526461715144095,-0.049332107421859964,3.743868712495055,1500.0,1500.0,3.0,14.0,0.75,0,data_5062026_baseline3,data_5062026_baseline3_00000011,data_5062026/2026_05_06_baseline3/00000011.BIN,data_5062026_baseline3_00000011_manual_01_quality_00
59.5,1043.851299,0.0,0.0,0.14756225272156592,-0.035912722741827545,4.016558540653941,1500.0,1500.0,3.0,14.0,0.75,0,data_5062026_baseline3,data_5062026_baseline3_00000011,data_5062026/2026_05_06_baseline3/00000011.BIN,data_5062026_baseline3_00000011_manual_01_quality_00
59.6,1043.951299,0.0,0.0,0.1420241518095893,-0.022966557495071257,4.083262765025433,1500.0,1500.0,3.0,14.0,0.75,0,data_5062026_baseline3,data_5062026_baseline3_00000011,data_5062026/2026_05_06_baseline3/00000011.BIN,data_5062026_baseline3_00000011_manual_01_quality_00
59.7,1044.051299,0.0,0.0,0.15215312615967308,-0.018446862387619004,3.8733260705396493,1500.0,1500.0,3.0,14.0,0.75,0,data_5062026_baseline3,data_5062026_baseline3_00000011,data_5062026/2026_05_06_baseline3/00000011.BIN,data_5062026_baseline3_00000011_manual_01_quality_00
59.8,1044.151299,0.0,0.0,0.16622190741184126,-0.02402652982592333,3.6483714688875275,1500.0,1500.0,3.0,14.0,0.75,0,data_5062026_baseline3,data_5062026_baseline3_00000011,data_5062026/2026_05_06_baseline3/00000011.BIN,data_5062026_baseline3_00000011_manual_01_quality_00
59.9,1044.251299,0.0,0.0,0.16231341893671317,-0.028693581825866493,3.6437112588905576,1500.0,1500.0,3.0,14.0,0.75,0,data_5062026_baseline3,data_5062026_baseline3_00000011,data_5062026/2026_05_06_baseline3/00000011.BIN,data_5062026_baseline3_00000011_manual_01_quality_00
60.0,1044.351299,0.0,0.0,0.15388727454443984,-0.03567557714265313,3.8184665090652796,1500.0,1500.0,3.0,14.0,0.75,0,data_5062026_baseline3,data_5062026_baseline3_00000011,data_5062026/2026_05_06_baseline3/00000011.BIN,data_5062026_baseline3_00000011_manual_01_quality_00
60.1,1044.451299,0.0,0.0,0.1635915087862437,-0.044608724086950366,3.975409111914133,1500.0,1500.0,3.0,14.0,0.75,0,data_5062026_baseline3,data_5062026_baseline3_00000011,data_5062026/2026_05_06_baseline3/00000011.BIN,data_5062026_baseline3_00000011_manual_01_quality_00
60.2,1044.551299,0.0,0.0,0.1778666460994043,-0.04525420222880976,4.037590089281638,1500.0,1500.0,3.0,14.0,0.75,0,data_5062026_baseline3,data_5062026_baseline3_00000011,data_5062026/2026_05_06_baseline3/00000011.BIN,data_5062026_baseline3_00000011_manual_01_quality_00
60.3,1044.651299,0.0,0.0,0.15542548277148835,-0.03955112901760046,4.02556432360116,1500.0,1500.0,3.0,14.0,0.75,0,data_5062026_baseline3,data_5062026_baseline3_00000011,data_5062026/2026_05_06_baseline3/00000011.BIN,data_5062026_baseline3_00000011_manual_01_quality_00
60.4,1044.751299,0.0,0.0,0.1237420512512763,-0.03157207314189438,3.9402345011006474,1500.0,1500.0,3.0,14.0,0.75,0,data_5062026_baseline3,data_5062026_baseline3_00000011,data_5062026/2026_05_06_baseline3/00000011.BIN,data_5062026_baseline3_00000011_manual_01_quality_00
60.5,1044.851299,0.0,0.0,0.1315179390361242,-0.03371160743953267,3.796493081351126,1500.0,1500.0,3.0,14.0,0.75,0,data_5062026_baseline3,data_5062026_baseline3_00000011,data_5062026/2026_05_06_baseline3/00000011.BIN,data_5062026_baseline3_00000011_manual_01_quality_00
60.6,1044.951299,0.0,0.0,0.14919197293649233,-0.04158003147700251,3.693472638194473,1500.0,1500.0,3.0,14.0,0.75,0,data_5062026_baseline3,data_5062026_baseline3_00000011,data_5062026/2026_05_06_baseline3/00000011.BIN,data_5062026_baseline3_00000011_manual_01_quality_00
60.7,1045.051299,0.0,0.0,0.1696521627405575,-0.04221090694274697,3.760792714337711,1500.0,1500.0,3.0,14.0,0.75,0,data_5062026_baseline3,data_5062026_baseline3_00000011,data_5062026/2026_05_06_baseline3/00000011.BIN,data_5062026_baseline3_00000011_manual_01_quality_00
60.8,1045.151299,0.0,0.0,0.19081255219393636,-0.032752960821877654,3.984174202443534,1500.0,1500.0,3.0,14.0,0.75,0,data_5062026_baseline3,data_5062026_baseline3_00000011,data_5062026/2026_05_06_baseline3/00000011.BIN,data_5062026_baseline3_00000011_manual_01_quality_00
60.9,1045.251299,0.0,0.0,0.1771111699735635,-0.024109855817150812,4.092603053253337,1500.0,1500.0,3.0,14.0,0.75,0,data_5062026_baseline3,data_5062026_baseline3_00000011,data_5062026/2026_05_06_baseline3/00000011.BIN,data_5062026_baseline3_00000011_manual_01_quality_00
61.0,1045.351299,0.0,0.0,0.15464417334076827,-0.03699904054281822,3.900302568077161,1500.0,1500.0,3.0,14.0,0.75,0,data_5062026_baseline3,data_5062026_baseline3_00000011,data_5062026/2026_05_06_baseline3/00000011.BIN,data_5062026_baseline3_00000011_manual_01_quality_00
61.1,1045.451299,0.0,0.0,0.12573034378096787,-0.06479759901151426,3.5820505714103263,1500.0,1500.0,3.0,14.0,0.75,0,data_5062026_baseline3,data_5062026_baseline3_00000011,data_5062026/2026_05_06_baseline3/00000011.BIN,data_5062026_baseline3_00000011_manual_01_quality_00
61.2,1045.551299,0.0,0.0,0.09519845488682878,-0.07094856886186351,3.53414781148388,1500.0,1500.0,3.0,14.0,0.75,0,data_5062026_baseline3,data_5062026_baseline3_00000011,data_5062026/2026_05_06_baseline3/00000011.BIN,data_5062026_baseline3_00000011_manual_01_quality_00
61.3,1045.651299,0.0,0.0,0.14742002158342096,-0.0442208140089794,3.8160742544591835,1500.0,1500.0,3.0,14.0,0.75,0,data_5062026_baseline3,data_5062026_baseline3_00000011,data_5062026/2026_05_06_baseline3/00000011.BIN,data_5062026_baseline3_00000011_manual_01_quality_00
61.4,1045.751299,0.0,0.0,0.22050610272669627,-0.009840099344448947,4.097170948173492,1500.0,1500.0,3.0,14.0,0.75,0,data_5062026_baseline3,data_5062026_baseline3_00000011,data_5062026/2026_05_06_baseline3/00000011.BIN,data_5062026_baseline3_00000011_manual_01_quality_00
61.5,1045.851299,0.0,0.0,0.20942718048533193,0.00016435710121922193,4.120025666009725,1500.0,1500.0,3.0,14.0,0.75,0,data_5062026_baseline3,data_5062026_baseline3_00000011,data_5062026/2026_05_06_baseline3/00000011.BIN,data_5062026_baseline3_00000011_manual_01_quality_00
61.6,1045.951299,0.0,0.0,0.17722594043888648,-0.022854403841604944,3.9794513394273645,1500.0,1500.0,3.0,14.0,0.75,0,data_5062026_baseline3,data_5062026_baseline3_00000011,data_5062026/2026_05_06_baseline3/00000011.BIN,data_5062026_baseline3_00000011_manual_01_quality_00
61.7,1046.051299,0.0,0.0,0.14863034121461607,-0.050183014542529145,3.9397361461111773,1500.0,1500.0,3.0,14.0,0.75,0,data_5062026_baseline3,data_5062026_baseline3_00000011,data_5062026/2026_05_06_baseline3/00000011.BIN,data_5062026_baseline3_00000011_manual_01_quality_00
61.8,1046.151299,0.0,0.0,0.12003474199028065,-0.06345041512538681,3.8767587676434903,1500.0,1500.0,3.0,14.0,0.75,0,data_5062026_baseline3,data_5062026_baseline3_00000011,data_5062026/2026_05_06_baseline3/00000011.BIN,data_5062026_baseline3_00000011_manual_01_quality_00
61.9,1046.251299,0.0,0.0,0.14449380055887154,-0.06361927456152283,3.71430191774878,1500.0,1500.0,3.0,14.0,0.75,0,data_5062026_baseline3,data_5062026_baseline3_00000011,data_5062026/2026_05_06_baseline3/00000011.BIN,data_5062026_baseline3_00000011_manual_01_quality_00
62.0,1046.351299,0.0,0.0,0.18230617433919644,-0.04188163430496148,3.5773772297993403,1500.0,1500.0,3.0,14.0,0.75,0,data_5062026_baseline3,data_5062026_baseline3_00000011,data_5062026/2026_05_06_baseline3/00000011.BIN,data_5062026_baseline3_00000011_manual_01_quality_00
62.1,1046.451299,0.0,0.0,0.18674275976092936,-0.02674771602779124,3.623269161493901,1500.0,1500.0,3.0,14.0,0.75,0,data_5062026_baseline3,data_5062026_baseline3_00000011,data_5062026/2026_05_06_baseline3/00000011.BIN,data_5062026_baseline3_00000011_manual_01_quality_00
62.2,1046.551299,0.0,0.0,0.1828066960421393,-0.02402921152873507,3.848094638624775,1500.0,1500.0,3.0,14.0,0.75,0,data_5062026_baseline3,data_5062026_baseline3_00000011,data_5062026/2026_05_06_baseline3/00000011.BIN,data_5062026_baseline3_00000011_manual_01_quality_00
62.3,1046.651299,0.0,0.0,0.18845209306876595,-0.004091021998339891,4.082138526915843,1500.0,1500.0,3.0,14.0,0.75,0,data_5062026_baseline3,data_5062026_baseline3_00000011,data_5062026/2026_05_06_baseline3/00000011.BIN,data_5062026_baseline3_00000011_manual_01_quality_00
62.4,1046.751299,0.0,0.0,0.1965042440857282,0.006407526081736936,4.1503228733469,1500.0,1500.0,3.0,14.0,0.75,0,data_5062026_baseline3,data_5062026_baseline3_00000011,data_5062026/2026_05_06_baseline3/00000011.BIN,data_5062026_baseline3_00000011_manual_01_quality_00
62.5,1046.851299,0.0,0.0,0.1627996905827201,-0.005821880311990618,4.043600800775749,1500.0,1500.0,3.0,14.0,0.75,0,data_5062026_baseline3,data_5062026_baseline3_00000011,data_5062026/2026_05_06_baseline3/00000011.BIN,data_5062026_baseline3_00000011_manual_01_quality_00
62.6,1046.951299,0.0,0.0,0.11864421423349124,-0.018504100236242795,3.8020320274484214,1500.0,1500.0,3.0,14.0,0.75,0,data_5062026_baseline3,data_5062026_baseline3_00000011,data_5062026/2026_05_06_baseline3/00000011.BIN,data_5062026_baseline3_00000011_manual_01_quality_00
62.7,1047.051299,0.0,0.0,0.1459019793699656,-0.01577786090065916,3.59859798910238,1500.0,1500.0,3.0,14.0,0.75,0,data_5062026_baseline3,data_5062026_baseline3_00000011,data_5062026/2026_05_06_baseline3/00000011.BIN,data_5062026_baseline3_00000011_manual_01_quality_00
62.8,1047.151299,0.0,0.0,0.19111582960350804,0.01698215344360481,3.608452269173514,1500.0,1500.0,3.0,14.0,0.75,0,data_5062026_baseline3,data_5062026_baseline3_00000011,data_5062026/2026_05_06_baseline3/00000011.BIN,data_5062026_baseline3_00000011_manual_01_quality_00
62.9,1047.251299,0.0,0.0,0.21839117693733892,0.0655076374630992,3.8325391895299745,1500.0,1500.0,3.0,14.0,0.75,0,data_5062026_baseline3,data_5062026_baseline3_00000011,data_5062026/2026_05_06_baseline3/00000011.BIN,data_5062026_baseline3_00000011_manual_01_quality_00
63.0,1047.351299,0.0,0.0,0.24104037455562785,0.09341819007164802,4.1004514393808265,1500.0,1500.0,3.0,14.0,0.75,0,data_5062026_baseline3,data_5062026_baseline3_00000011,data_5062026/2026_05_06_baseline3/00000011.BIN,data_5062026_baseline3_00000011_manual_01_quality_00
63.1,1047.451299,0.0,0.0,0.21350936729871817,0.08564748115412278,4.210402575135002,1500.0,1500.0,3.0,14.0,0.75,0,data_5062026_baseline3,data_5062026_baseline3_00000011,data_5062026/2026_05_06_baseline3/00000011.BIN,data_5062026_baseline3_00000011_manual_01_quality_00
63.2,1047.551299,0.0,0.0,0.18597836004187107,0.060149346876252625,3.965062039229036,1500.0,1500.0,3.0,14.0,0.75,0,data_5062026_baseline3,data_5062026_baseline3_00000011,data_5062026/2026_05_06_baseline3/00000011.BIN,data_5062026_baseline3_00000011_manual_01_quality_00
63.3,1047.651299,0.0,0.0,0.156274721264265,0.04314916249651382,3.5484584041129157,1500.0,1500.0,3.0,14.0,0.75,0,data_5062026_baseline3,data_5062026_baseline3_00000011,data_5062026/2026_05_06_baseline3/00000011.BIN,data_5062026_baseline3_00000011_manual_01_quality_00
63.4,1047.751299,0.0,0.0,0.12602237988828208,0.04745724405936754,3.3269785148358695,1500.0,1500.0,3.0,14.0,0.75,0,data_5062026_baseline3,data_5062026_baseline3_00000011,data_5062026/2026_05_06_baseline3/00000011.BIN,data_5062026_baseline3_00000011_manual_01_quality_00
63.5,1047.851299,0.0,0.0,0.16283620902579204,0.06436568098842414,3.489041418673913,1500.0,1500.0,3.0,14.0,0.75,0,data_5062026_baseline3,data_5062026_baseline3_00000011,data_5062026/2026_05_06_baseline3/00000011.BIN,data_5062026_baseline3_00000011_manual_01_quality_00
63.6,1047.951299,0.0,0.0,0.21652150283575336,0.08026783641054941,3.85843168861825,1500.0,1500.0,3.0,14.0,0.75,0,data_5062026_baseline3,data_5062026_baseline3_00000011,data_5062026/2026_05_06_baseline3/00000011.BIN,data_5062026_baseline3_00000011_manual_01_quality_00
63.7,1048.051299,0.0,0.0,0.20765519933165,0.08996255438680455,4.133797541193402,1500.0,1500.0,3.0,14.0,0.75,0,data_5062026_baseline3,data_5062026_baseline3_00000011,data_5062026/2026_05_06_baseline3/00000011.BIN,data_5062026_baseline3_00000011_manual_01_quality_00
63.8,1048.151299,0.0,0.0,0.18307664584403777,0.08881864590513922,4.193507246651628,1500.0,1500.0,3.0,14.0,0.75,0,data_5062026_baseline3,data_5062026_baseline3_00000011,data_5062026/2026_05_06_baseline3/00000011.BIN,data_5062026_baseline3_00000011_manual_01_quality_00
63.9,1048.251299,0.0,0.0,0.16242756162487804,0.0824492788165305,4.091758527830826,1500.0,1500.0,3.0,14.0,0.75,0,data_5062026_baseline3,data_5062026_baseline3_00000011,data_5062026/2026_05_06_baseline3/00000011.BIN,data_5062026_baseline3_00000011_manual_01_quality_00
64.0,1048.351299,0.0,0.0,0.14276668446344698,0.0818185311396278,3.8585811343620042,1500.0,1500.0,3.0,14.0,0.75,0,data_5062026_baseline3,data_5062026_baseline3_00000011,data_5062026/2026_05_06_baseline3/00000011.BIN,data_5062026_baseline3_00000011_manual_01_quality_00
64.1,1048.451299,0.0,0.0,0.1575715835122793,0.07648409128995019,3.5985341545251757,1500.0,1500.0,3.0,14.0,0.75,0,data_5062026_baseline3,data_5062026_baseline3_00000011,data_5062026/2026_05_06_baseline3/00000011.BIN,data_5062026_baseline3_00000011_manual_01_quality_00
64.2,1048.551299,0.0,0.0,0.18101286136031364,0.06324166252159812,3.476047047682815,1500.0,1500.0,3.0,14.0,0.75,0,data_5062026_baseline3,data_5062026_baseline3_00000011,data_5062026/2026_05_06_baseline3/00000011.BIN,data_5062026_baseline3_00000011_manual_01_quality_00
64.3,1048.651299,0.0,0.0,0.17732650836000446,0.05953363931359371,3.6038625772098607,1500.0,1500.0,3.0,14.0,0.75,0,data_5062026_baseline3,data_5062026_baseline3_00000011,data_5062026/2026_05_06_baseline3/00000011.BIN,data_5062026_baseline3_00000011_manual_01_quality_00
64.4,1048.751299,0.0,0.0,0.16681878193012104,0.07902320715995297,3.8999272254823665,1500.0,1500.0,3.0,14.0,0.75,0,data_5062026_baseline3,data_5062026_baseline3_00000011,data_5062026/2026_05_06_baseline3/00000011.BIN,data_5062026_baseline3_00000011_manual_01_quality_00
64.5,1048.851299,0.0,0.0,0.16703314737135536,0.11387065429708097,4.152016468394644,1500.0,1500.0,3.0,14.0,0.75,0,data_5062026_baseline3,data_5062026_baseline3_00000011,data_5062026/2026_05_06_baseline3/00000011.BIN,data_5062026_baseline3_00000011_manual_01_quality_00
64.6,1048.951299,0.0,0.0,0.16993658539771406,0.13109361458568253,4.136816917101887,1500.0,1500.0,3.0,14.0,0.75,0,data_5062026_baseline3,data_5062026_baseline3_00000011,data_5062026/2026_05_06_baseline3/00000011.BIN,data_5062026_baseline3_00000011_manual_01_quality_00
64.7,1049.051299,0.0,0.0,0.17008626157933862,0.11141252202039996,3.7958888542126212,1500.0,1500.0,3.0,14.0,0.75,0,data_5062026_baseline3,data_5062026_baseline3_00000011,data_5062026/2026_05_06_baseline3/00000011.BIN,data_5062026_baseline3_00000011_manual_01_quality_00
64.8,1049.151299,0.0,0.0,0.16954374982940287,0.07043246744482994,3.4404443348382046,1500.0,1500.0,3.0,14.0,0.75,0,data_5062026_baseline3,data_5062026_baseline3_00000011,data_5062026/2026_05_06_baseline3/00000011.BIN,data_5062026_baseline3_00000011_manual_01_quality_00
64.9,1049.251299,0.0,0.0,0.1811340730939729,0.054020694918532904,3.4296123697689653,1500.0,1500.0,3.0,14.0,0.75,0,data_5062026_baseline3,data_5062026_baseline3_00000011,data_5062026/2026_05_06_baseline3/00000011.BIN,data_5062026_baseline3_00000011_manual_01_quality_00
65.0,1049.351299,0.0,0.0,0.195788378667214,0.07598192121227627,3.7885626676598565,1500.0,1500.0,3.0,14.0,0.75,0,data_5062026_baseline3,data_5062026_baseline3_00000011,data_5062026/2026_05_06_baseline3/00000011.BIN,data_5062026_baseline3_00000011_manual_01_quality_00
65.1,1049.451299,0.0,0.0,0.19197811427289482,0.10574083061356974,4.159307498833227,1500.0,1500.0,3.0,14.0,0.75,0,data_5062026_baseline3,data_5062026_baseline3_00000011,data_5062026/2026_05_06_baseline3/00000011.BIN,data_5062026_baseline3_00000011_manual_01_quality_00
65.2,1049.551299,0.0,0.0,0.18353351700066622,0.11936443604834228,4.207296339644286,1500.0,1500.0,3.0,14.0,0.75,0,data_5062026_baseline3,data_5062026_baseline3_00000011,data_5062026/2026_05_06_baseline3/00000011.BIN,data_5062026_baseline3_00000011_manual_01_quality_00
65.3,1049.651299,0.0,0.0,0.17870988774219562,0.11329768813821452,3.9622849588971847,1500.0,1500.0,3.0,14.0,0.75,0,data_5062026_baseline3,data_5062026_baseline3_00000011,data_5062026/2026_05_06_baseline3/00000011.BIN,data_5062026_baseline3_00000011_manual_01_quality_00
65.4,1049.751299,0.0,0.0,0.17479603122793502,0.09710125387751861,3.680771577363677,1500.0,1500.0,3.0,14.0,0.75,0,data_5062026_baseline3,data_5062026_baseline3_00000011,data_5062026/2026_05_06_baseline3/00000011.BIN,data_5062026_baseline3_00000011_manual_01_quality_00
65.5,1049.851299,0.0,0.0,0.16294934398122957,0.0814270986230305,3.5468693023574867,1500.0,1500.0,3.0,14.0,0.75,0,data_5062026_baseline3,data_5062026_baseline3_00000011,data_5062026/2026_05_06_baseline3/00000011.BIN,data_5062026_baseline3_00000011_manual_01_quality_00
65.6,1049.951299,0.0,0.0,0.14911386814051028,0.07712091255262708,3.605970926548361,1500.0,1500.0,3.0,14.0,0.75,0,data_5062026_baseline3,data_5062026_baseline3_00000011,data_5062026/2026_05_06_baseline3/00000011.BIN,data_5062026_baseline3_00000011_manual_01_quality_00
65.7,1050.051299,0.0,0.0,0.15488598385779723,0.09055328036752902,3.7856704565255352,1500.0,1500.0,3.0,14.0,0.75,0,data_5062026_baseline3,data_5062026_baseline3_00000011,data_5062026/2026_05_06_baseline3/00000011.BIN,data_5062026_baseline3_00000011_manual_01_quality_00
65.8,1050.151299,0.0,0.0,0.16557041842649983,0.11111590168610552,3.9844083878792125,1500.0,1500.0,3.0,14.0,0.75,0,data_5062026_baseline3,data_5062026_baseline3_00000011,data_5062026/2026_05_06_baseline3/00000011.BIN,data_5062026_baseline3_00000011_manual_01_quality_00
65.9,1050.251299,0.0,0.0,0.17313612756166907,0.1247452551451238,4.06967293542762,1500.0,1500.0,3.0,14.0,0.75,0,data_5062026_baseline3,data_5062026_baseline3_00000011,data_5062026/2026_05_06_baseline3/00000011.BIN,data_5062026_baseline3_00000011_manual_01_quality_00
66.0,1050.351299,0.0,0.0,0.17991634781968302,0.11552417337128741,3.9495287237987475,1500.0,1500.0,3.0,14.0,0.75,0,data_5062026_baseline3,data_5062026_baseline3_00000011,data_5062026/2026_05_06_baseline3/00000011.BIN,data_5062026_baseline3_00000011_manual_01_quality_00
66.1,1050.451299,0.0,0.0,0.18539668815307964,0.08304179075962959,3.728344155666519,1500.0,1500.0,3.0,14.0,0.75,0,data_5062026_baseline3,data_5062026_baseline3_00000011,data_5062026/2026_05_06_baseline3/00000011.BIN,data_5062026_baseline3_00000011_manual_01_quality_00
66.2,1050.551299,0.0,0.0,0.19055096099079671,0.057590000563273507,3.613814880619674,1500.0,1500.0,3.0,14.0,0.75,0,data_5062026_baseline3,data_5062026_baseline3_00000011,data_5062026/2026_05_06_baseline3/00000011.BIN,data_5062026_baseline3_00000011_manual_01_quality_00
66.3,1050.651299,0.0,0.0,0.19893143237707714,0.06596173766433613,3.722564472743836,1500.0,1500.0,3.0,14.0,0.75,0,data_5062026_baseline3,data_5062026_baseline3_00000011,data_5062026/2026_05_06_baseline3/00000011.BIN,data_5062026_baseline3_00000011_manual_01_quality_00
66.4,1050.751299,0.0,0.0,0.20812461273444716,0.08915488300106007,3.966376281586827,1500.0,1500.0,3.0,14.0,0.75,0,data_5062026_baseline3,data_5062026_baseline3_00000011,data_5062026/2026_05_06_baseline3/00000011.BIN,data_5062026_baseline3_00000011_manual_01_quality_00
66.5,1050.851299,0.0,0.0,0.18395754919649315,0.09918259276829751,4.097940837422652,1500.0,1500.0,3.0,14.0,0.75,0,data_5062026_baseline3,data_5062026_baseline3_00000011,data_5062026/2026_05_06_baseline3/00000011.BIN,data_5062026_baseline3_00000011_manual_01_quality_00
66.6,1050.951299,0.0,0.0,0.15137679813050825,0.0954476491524705,4.05724015910749,1500.0,1500.0,3.0,14.0,0.75,0,data_5062026_baseline3,data_5062026_baseline3_00000011,data_5062026/2026_05_06_baseline3/00000011.BIN,data_5062026_baseline3_00000011_manual_01_quality_00
66.7,1051.051299,0.0,0.0,0.17124633507216214,0.09306488911958433,3.9899586593814673,1500.0,1500.0,3.0,14.0,0.75,0,data_5062026_baseline3,data_5062026_baseline3_00000011,data_5062026/2026_05_06_baseline3/00000011.BIN,data_5062026_baseline3_00000011_manual_01_quality_00
66.8,1051.151299,0.0,0.0,0.20428586175885738,0.09606214469471426,3.889665998570799,1500.0,1500.0,3.0,14.0,0.75,0,data_5062026_baseline3,data_5062026_baseline3_00000011,data_5062026/2026_05_06_baseline3/00000011.BIN,data_5062026_baseline3_00000011_manual_01_quality_00
66.9,1051.251299,0.0,0.0,0.2079149205222286,0.08564436783020284,3.6589842611691736,1500.0,1500.0,3.0,14.0,0.75,0,data_5062026_baseline3,data_5062026_baseline3_00000011,data_5062026/2026_05_06_baseline3/00000011.BIN,data_5062026_baseline3_00000011_manual_01_quality_00
67.0,1051.351299,0.0,0.0,0.20414903608199395,0.05685550813484827,3.402700832779176,1500.0,1500.0,3.0,14.0,0.75,0,data_5062026_baseline3,data_5062026_baseline3_00000011,data_5062026/2026_05_06_baseline3/00000011.BIN,data_5062026_baseline3_00000011_manual_01_quality_00
67.1,1051.451299,0.0,0.0,0.20561539581840277,0.0357692605645859,3.401660946345152,1500.0,1500.0,3.0,14.0,0.75,0,data_5062026_baseline3,data_5062026_baseline3_00000011,data_5062026/2026_05_06_baseline3/00000011.BIN,data_5062026_baseline3_00000011_manual_01_quality_00
67.2,1051.551299,0.0,0.0,0.20839447988904472,0.05352291209942375,3.8373284280640347,1500.0,1500.0,3.0,14.0,0.75,0,data_5062026_baseline3,data_5062026_baseline3_00000011,data_5062026/2026_05_06_baseline3/00000011.BIN,data_5062026_baseline3_00000011_manual_01_quality_00
67.3,1051.651299,0.0,0.0,0.18764014417970665,0.09709356504270535,4.427924038677758,1500.0,1500.0,3.0,14.0,0.75,0,data_5062026_baseline3,data_5062026_baseline3_00000011,data_5062026/2026_05_06_baseline3/00000011.BIN,data_5062026_baseline3_00000011_manual_01_quality_00
67.4,1051.751299,0.0,0.0,0.16097779632623327,0.12519501989428367,4.657851251337444,1500.0,1500.0,3.0,14.0,0.75,0,data_5062026_baseline3,data_5062026_baseline3_00000011,data_5062026/2026_05_06_baseline3/00000011.BIN,data_5062026_baseline3_00000011_manual_01_quality_00
67.5,1051.851299,0.0,0.0,0.16209201202087634,0.11810543927285579,4.280760965681887,1500.0,1500.0,3.0,14.0,0.75,0,data_5062026_baseline3,data_5062026_baseline3_00000011,data_5062026/2026_05_06_baseline3/00000011.BIN,data_5062026_baseline3_00000011_manual_01_quality_00
67.6,1051.951299,0.0,0.0,0.17019469401561027,0.07652394748997308,3.606065559351402,1500.0,1500.0,3.0,14.0,0.75,0,data_5062026_baseline3,data_5062026_baseline3_00000011,data_5062026/2026_05_06_baseline3/00000011.BIN,data_5062026_baseline3_00000011_manual_01_quality_00
67.7,1052.051299,0.0,0.0,0.1847062826864687,0.03798423090346311,3.1608611013990133,1500.0,1500.0,3.0,14.0,0.75,0,data_5062026_baseline3,data_5062026_baseline3_00000011,data_5062026/2026_05_06_baseline3/00000011.BIN,data_5062026_baseline3_00000011_manual_01_quality_00
67.8,1052.151299,0.0,0.0,0.20082560946968905,0.04222647264068911,3.2195286195274844,1500.0,1500.0,3.0,14.0,0.75,0,data_5062026_baseline3,data_5062026_baseline3_00000011,data_5062026/2026_05_06_baseline3/00000011.BIN,data_5062026_baseline3_00000011_manual_01_quality_00
67.9,1052.251299,0.0,0.0,0.1988577569392405,0.07371466627575654,3.6668519929426595,1500.0,1500.0,3.0,14.0,0.75,0,data_5062026_baseline3,data_5062026_baseline3_00000011,data_5062026/2026_05_06_baseline3/00000011.BIN,data_5062026_baseline3_00000011_manual_01_quality_00
68.0,1052.351299,0.0,0.0,0.1923301760099969,0.09545827939371249,4.163840987365103,1500.0,1500.0,3.0,14.0,0.75,0,data_5062026_baseline3,data_5062026_baseline3_00000011,data_5062026/2026_05_06_baseline3/00000011.BIN,data_5062026_baseline3_00000011_manual_01_quality_00
68.1,1052.451299,0.0,0.0,0.18163035958491539,0.0934150218293786,4.411886429656174,1500.0,1500.0,3.0,14.0,0.75,0,data_5062026_baseline3,data_5062026_baseline3_00000011,data_5062026/2026_05_06_baseline3/00000011.BIN,data_5062026_baseline3_00000011_manual_01_quality_00
68.2,1052.551299,0.0,0.0,0.16988115306487264,0.07808367772826129,4.36063982521808,1500.0,1500.0,3.0,14.0,0.75,0,data_5062026_baseline3,data_5062026_baseline3_00000011,data_5062026/2026_05_06_baseline3/00000011.BIN,data_5062026_baseline3_00000011_manual_01_quality_00
68.3,1052.651299,0.0,0.0,0.16684787706220508,0.06714972122006792,4.0781548369400396,1500.0,1500.0,3.0,14.0,0.75,0,data_5062026_baseline3,data_5062026_baseline3_00000011,data_5062026/2026_05_06_baseline3/00000011.BIN,data_5062026_baseline3_00000011_manual_01_quality_00
68.4,1052.751299,0.0,0.0,0.16957123624440676,0.06261440629628835,3.697479206060029,1500.0,1500.0,3.0,14.0,0.75,0,data_5062026_baseline3,data_5062026_baseline3_00000011,data_5062026/2026_05_06_baseline3/00000011.BIN,data_5062026_baseline3_00000011_manual_01_quality_00
68.5,1052.851299,0.0,0.0,0.19299257926340035,0.048603063409066644,3.4062586918156534,1500.0,1500.0,3.0,14.0,0.75,0,data_5062026_baseline3,data_5062026_baseline3_00000011,data_5062026/2026_05_06_baseline3/00000011.BIN,data_5062026_baseline3_00000011_manual_01_quality_00
68.6,1052.951299,0.0,0.0,0.2164139222824472,0.03798332575437566,3.355866005895521,1500.0,1500.0,3.0,14.0,0.75,0,data_5062026_baseline3,data_5062026_baseline3_00000011,data_5062026/2026_05_06_baseline3/00000011.BIN,data_5062026_baseline3_00000011_manual_01_quality_00
68.7,1053.051299,0.0,0.0,0.21224603137291884,0.04480160077421678,3.5938561797877253,1500.0,1500.0,3.0,14.0,0.75,0,data_5062026_baseline3,data_5062026_baseline3_00000011,data_5062026/2026_05_06_baseline3/00000011.BIN,data_5062026_baseline3_00000011_manual_01_quality_00
68.8,1053.151299,0.0,0.0,0.2011450150334417,0.054109290742189044,4.039586046462013,1500.0,1500.0,3.0,14.0,0.75,0,data_5062026_baseline3,data_5062026_baseline3_00000011,data_5062026/2026_05_06_baseline3/00000011.BIN,data_5062026_baseline3_00000011_manual_01_quality_00
68.9,1053.251299,0.0,0.0,0.16217651448124096,0.06038549159170145,4.4082355651990195,1500.0,1500.0,3.0,14.0,0.75,0,data_5062026_baseline3,data_5062026_baseline3_00000011,data_5062026/2026_05_06_baseline3/00000011.BIN,data_5062026_baseline3_00000011_manual_01_quality_00
69.0,1053.351299,0.0,0.0,0.11622066566177318,0.06418640804178756,4.449263471268431,1500.0,1500.0,3.0,14.0,0.75,0,data_5062026_baseline3,data_5062026_baseline3_00000011,data_5062026/2026_05_06_baseline3/00000011.BIN,data_5062026_baseline3_00000011_manual_01_quality_00
69.1,1053.451299,0.0,0.0,0.1624636211629172,0.06990052563972794,4.1233703393777175,1500.0,1500.0,3.0,14.0,0.75,0,data_5062026_baseline3,data_5062026_baseline3_00000011,data_5062026/2026_05_06_baseline3/00000011.BIN,data_5062026_baseline3_00000011_manual_01_quality_00
69.2,1053.551299,0.0,0.0,0.23183412303086234,0.049946912942686196,3.5728239766903838,1500.0,1500.0,3.0,14.0,0.75,0,data_5062026_baseline3,data_5062026_baseline3_00000011,data_5062026/2026_05_06_baseline3/00000011.BIN,data_5062026_baseline3_00000011_manual_01_quality_00
69.3,1053.651299,0.0,0.0,0.24793697677550544,0.006283764986597056,3.1858091351197166,1500.0,1500.0,3.0,14.0,0.75,0,data_5062026_baseline3,data_5062026_baseline3_00000011,data_5062026/2026_05_06_baseline3/00000011.BIN,data_5062026_baseline3_00000011_manual_01_quality_00
69.4,1053.751299,0.0,0.0,0.25063374236698643,-0.006522962685006053,3.3204018494743948,1500.0,1500.0,3.0,14.0,0.75,0,data_5062026_baseline3,data_5062026_baseline3_00000011,data_5062026/2026_05_06_baseline3/00000011.BIN,data_5062026_baseline3_00000011_manual_01_quality_00
69.5,1053.851299,0.0,0.0,0.18743350865770878,0.019967868957245387,3.9085182372810414,1500.0,1500.0,3.0,14.0,0.75,0,data_5062026_baseline3,data_5062026_baseline3_00000011,data_5062026/2026_05_06_baseline3/00000011.BIN,data_5062026_baseline3_00000011_manual_01_quality_00
69.6,1053.951299,0.0,0.0,0.10760118824612597,0.053286061070334144,4.44934896729012,1500.0,1500.0,3.0,14.0,0.75,0,data_5062026_baseline3,data_5062026_baseline3_00000011,data_5062026/2026_05_06_baseline3/00000011.BIN,data_5062026_baseline3_00000011_manual_01_quality_00
69.7,1054.051299,0.0,0.0,0.13714675046139396,0.04929880167403766,4.51990479227367,1500.0,1500.0,3.0,14.0,0.75,0,data_5062026_baseline3,data_5062026_baseline3_00000011,data_5062026/2026_05_06_baseline3/00000011.BIN,data_5062026_baseline3_00000011_manual_01_quality_00
69.8,1054.151299,0.0,0.0,0.1943041370601778,0.0372506428321792,4.17923097189132,1500.0,1500.0,3.0,14.0,0.75,0,data_5062026_baseline3,data_5062026_baseline3_00000011,data_5062026/2026_05_06_baseline3/00000011.BIN,data_5062026_baseline3_00000011_manual_01_quality_00
69.9,1054.251299,0.0,0.0,0.20617887927757422,0.03770153692203106,3.763581121817648,1500.0,1500.0,3.0,14.0,0.75,0,data_5062026_baseline3,data_5062026_baseline3_00000011,data_5062026/2026_05_06_baseline3/00000011.BIN,data_5062026_baseline3_00000011_manual_01_quality_00
70.0,1054.351299,0.0,0.0,0.21805362149497062,0.025507622134793555,3.5163034294571953,1500.0,1500.0,3.0,14.0,0.75,0,data_5062026_baseline3,data_5062026_baseline3_00000011,data_5062026/2026_05_06_baseline3/00000011.BIN,data_5062026_baseline3_00000011_manual_01_quality_00
70.1,1054.451299,0.0,0.0,0.19922168134762955,0.012230025452458888,3.4690051651954494,1500.0,1500.0,3.0,14.0,0.75,0,data_5062026_baseline3,data_5062026_baseline3_00000011,data_5062026/2026_05_06_baseline3/00000011.BIN,data_5062026_baseline3_00000011_manual_01_quality_00
70.2,1054.551299,0.0,0.0,0.17268330043872257,0.014201062499975634,3.705355078163862,1500.0,1500.0,3.0,14.0,0.75,0,data_5062026_baseline3,data_5062026_baseline3_00000011,data_5062026/2026_05_06_baseline3/00000011.BIN,data_5062026_baseline3_00000011_manual_01_quality_00
70.3,1054.651299,0.0,0.0,0.15903898309548145,0.03224592090733353,4.102279738547459,1500.0,1500.0,3.0,14.0,0.75,0,data_5062026_baseline3,data_5062026_baseline3_00000011,data_5062026/2026_05_06_baseline3/00000011.BIN,data_5062026_baseline3_00000011_manual_01_quality_00
70.4,1054.751299,0.0,0.0,0.14863088424079496,0.04259393894392743,4.344132200159719,1500.0,1500.0,3.0,14.0,0.75,0,data_5062026_baseline3,data_5062026_baseline3_00000011,data_5062026/2026_05_06_baseline3/00000011.BIN,data_5062026_baseline3_00000011_manual_01_quality_00
70.5,1054.851299,0.0,0.0,0.16619660891785,0.04017680518722547,4.259922161798004,1500.0,1500.0,3.0,14.0,0.75,0,data_5062026_baseline3,data_5062026_baseline3_00000011,data_5062026/2026_05_06_baseline3/00000011.BIN,data_5062026_baseline3_00000011_manual_01_quality_00
70.6,1054.951299,0.0,0.0,0.19079429584225555,0.025570242739242077,3.8988822852256946,1500.0,1500.0,3.0,14.0,0.75,0,data_5062026_baseline3,data_5062026_baseline3_00000011,data_5062026/2026_05_06_baseline3/00000011.BIN,data_5062026_baseline3_00000011_manual_01_quality_00
70.7,1055.051299,0.0,0.0,0.19123726153907117,-0.006830339739404617,3.4938076066569526,1500.0,1500.0,3.0,14.0,0.75,0,data_5062026_baseline3,data_5062026_baseline3_00000011,data_5062026/2026_05_06_baseline3/00000011.BIN,data_5062026_baseline3_00000011_manual_01_quality_00
70.8,1055.151299,0.0,0.0,0.18559013073890257,-0.02098264184827142,3.3887759935434563,1500.0,1500.0,3.0,14.0,0.75,0,data_5062026_baseline3,data_5062026_baseline3_00000011,data_5062026/2026_05_06_baseline3/00000011.BIN,data_5062026_baseline3_00000011_manual_01_quality_00
70.9,1055.251299,0.0,0.0,0.20632458289805938,0.00675833972145117,3.660530862848504,1500.0,1500.0,3.0,14.0,0.75,0,data_5062026_baseline3,data_5062026_baseline3_00000011,data_5062026/2026_05_06_baseline3/00000011.BIN,data_5062026_baseline3_00000011_manual_01_quality_00
71.0,1055.351299,0.0,0.0,0.23368909302001895,0.0452189392799899,3.996320531754911,1500.0,1500.0,3.0,14.0,0.75,0,data_5062026_baseline3,data_5062026_baseline3_00000011,data_5062026/2026_05_06_baseline3/00000011.BIN,data_5062026_baseline3_00000011_manual_01_quality_00
71.1,1055.451299,0.0,0.0,0.20514793233953366,0.04850059294299735,4.158929268765618,1500.0,1500.0,3.0,14.0,0.75,0,data_5062026_baseline3,data_5062026_baseline3_00000011,data_5062026/2026_05_06_baseline3/00000011.BIN,data_5062026_baseline3_00000011_manual_01_quality_00
71.2,1055.551299,0.0,0.0,0.16258665033839276,0.013051893546087998,4.014947312577838,1500.0,1500.0,3.0,14.0,0.75,0,data_5062026_baseline3,data_5062026_baseline3_00000011,data_5062026/2026_05_06_baseline3/00000011.BIN,data_5062026_baseline3_00000011_manual_01_quality_00
71.3,1055.651299,0.0,0.0,0.16543021218419326,-0.018971808027596158,3.8116519451141193,1500.0,1500.0,3.0,14.0,0.75,0,data_5062026_baseline3,data_5062026_baseline3_00000011,data_5062026/2026_05_06_baseline3/00000011.BIN,data_5062026_baseline3_00000011_manual_01_quality_00
71.4,1055.751299,0.0,0.0,0.1797166519430375,-0.01088156072419583,3.817412153537993,1500.0,1500.0,3.0,14.0,0.75,0,data_5062026_baseline3,data_5062026_baseline3_00000011,data_5062026/2026_05_06_baseline3/00000011.BIN,data_5062026_baseline3_00000011_manual_01_quality_00
71.5,1055.851299,0.0,0.0,0.1952144477081888,0.02248970890733041,3.9691388406405075,1500.0,1500.0,3.0,14.0,0.75,0,data_5062026_baseline3,data_5062026_baseline3_00000011,data_5062026/2026_05_06_baseline3/00000011.BIN,data_5062026_baseline3_00000011_manual_01_quality_00
71.6,1055.951299,0.0,0.0,0.21101644647806359,0.03309745288884912,3.9897001142272406,1500.0,1500.0,3.0,14.0,0.75,0,data_5062026_baseline3,data_5062026_baseline3_00000011,data_5062026/2026_05_06_baseline3/00000011.BIN,data_5062026_baseline3_00000011_manual_01_quality_00
71.7,1056.051299,0.0,0.0,0.18358356373672477,0.01096601266613077,3.852061951405085,1500.0,1500.0,3.0,14.0,0.75,0,data_5062026_baseline3,data_5062026_baseline3_00000011,data_5062026/2026_05_06_baseline3/00000011.BIN,data_5062026_baseline3_00000011_manual_01_quality_00
71.8,1056.151299,0.0,0.0,0.14528921668030328,-0.015187089621432484,3.788433410923099,1500.0,1500.0,3.0,14.0,0.75,0,data_5062026_baseline3,data_5062026_baseline3_00000011,data_5062026/2026_05_06_baseline3/00000011.BIN,data_5062026_baseline3_00000011_manual_01_quality_00
71.9,1056.251299,0.0,0.0,0.1606855927050613,-0.021985759114683447,3.884042197179695,1500.0,1500.0,3.0,14.0,0.75,0,data_5062026_baseline3,data_5062026_baseline3_00000011,data_5062026/2026_05_06_baseline3/00000011.BIN,data_5062026_baseline3_00000011_manual_01_quality_00
72.0,1056.351299,0.0,0.0,0.18953738324218206,-0.009969165822351798,3.9972664758770855,1500.0,1500.0,3.0,14.0,0.75,0,data_5062026_baseline3,data_5062026_baseline3_00000011,data_5062026/2026_05_06_baseline3/00000011.BIN,data_5062026_baseline3_00000011_manual_01_quality_00
72.1,1056.451299,0.0,0.0,0.20582698050819762,-0.0032649951240316267,3.9609695230605126,1500.0,1500.0,3.0,14.0,0.75,0,data_5062026_baseline3,data_5062026_baseline3_00000011,data_5062026/2026_05_06_baseline3/00000011.BIN,data_5062026_baseline3_00000011_manual_01_quality_00
72.2,1056.551299,0.0,0.0,0.21896227752455893,-0.012415367895043066,3.7507752006444175,1500.0,1500.0,3.0,14.0,0.75,0,data_5062026_baseline3,data_5062026_baseline3_00000011,data_5062026/2026_05_06_baseline3/00000011.BIN,data_5062026_baseline3_00000011_manual_01_quality_00
72.3,1056.651299,0.0,0.0,0.19290135841203357,-0.02998216886562845,3.5676652664287696,1500.0,1500.0,3.0,14.0,0.75,0,data_5062026_baseline3,data_5062026_baseline3_00000011,data_5062026/2026_05_06_baseline3/00000011.BIN,data_5062026_baseline3_00000011_manual_01_quality_00
72.4,1056.751299,0.0,0.0,0.1569130498477843,-0.041717998110864116,3.649750909707625,1500.0,1500.0,3.0,14.0,0.75,0,data_5062026_baseline3,data_5062026_baseline3_00000011,data_5062026/2026_05_06_baseline3/00000011.BIN,data_5062026_baseline3_00000011_manual_01_quality_00
72.5,1056.851299,0.0,0.0,0.17756449186550205,-0.0425281010753788,3.9116528884545607,1500.0,1500.0,3.0,14.0,0.75,0,data_5062026_baseline3,data_5062026_baseline3_00000011,data_5062026/2026_05_06_baseline3/00000011.BIN,data_5062026_baseline3_00000011_manual_01_quality_00
72.6,1056.951299,0.0,0.0,0.21245561088482245,-0.03353362610210605,4.095483928822129,1500.0,1500.0,3.0,14.0,0.75,0,data_5062026_baseline3,data_5062026_baseline3_00000011,data_5062026/2026_05_06_baseline3/00000011.BIN,data_5062026_baseline3_00000011_manual_01_quality_00
72.7,1057.051299,0.0,0.0,0.20381725502156864,-0.020427396019397314,4.041015753619838,1500.0,1500.0,3.0,14.0,0.75,0,data_5062026_baseline3,data_5062026_baseline3_00000011,data_5062026/2026_05_06_baseline3/00000011.BIN,data_5062026_baseline3_00000011_manual_01_quality_00
72.8,1057.151299,0.0,0.0,0.18417724358985363,-0.018471385225919092,3.8689534845919096,1500.0,1500.0,3.0,14.0,0.75,0,data_5062026_baseline3,data_5062026_baseline3_00000011,data_5062026/2026_05_06_baseline3/00000011.BIN,data_5062026_baseline3_00000011_manual_01_quality_00
72.9,1057.251299,0.0,0.0,0.1789878575977269,-0.039157938122696176,3.79107218383774,1500.0,1500.0,3.0,14.0,0.75,0,data_5062026_baseline3,data_5062026_baseline3_00000011,data_5062026/2026_05_06_baseline3/00000011.BIN,data_5062026_baseline3_00000011_manual_01_quality_00
73.0,1057.351299,0.0,0.0,0.17743599917586317,-0.05832246307048693,3.811245452293199,1500.0,1500.0,3.0,14.0,0.75,0,data_5062026_baseline3,data_5062026_baseline3_00000011,data_5062026/2026_05_06_baseline3/00000011.BIN,data_5062026_baseline3_00000011_manual_01_quality_00
73.1,1057.451299,0.0,0.0,0.18111595722681192,-0.05108179001804535,3.8501117555479993,1500.0,1500.0,3.0,14.0,0.75,0,data_5062026_baseline3,data_5062026_baseline3_00000011,data_5062026/2026_05_06_baseline3/00000011.BIN,data_5062026_baseline3_00000011_manual_01_quality_00
73.2,1057.551299,0.0,0.0,0.1861110710654366,-0.0338524638917793,3.8651632664964732,1500.0,1500.0,3.0,14.0,0.75,0,data_5062026_baseline3,data_5062026_baseline3_00000011,data_5062026/2026_05_06_baseline3/00000011.BIN,data_5062026_baseline3_00000011_manual_01_quality_00
73.3,1057.651299,0.0,0.0,0.19141771727508602,-0.03292874030088768,3.8691934614958847,1500.0,1500.0,3.0,14.0,0.75,0,data_5062026_baseline3,data_5062026_baseline3_00000011,data_5062026/2026_05_06_baseline3/00000011.BIN,data_5062026_baseline3_00000011_manual_01_quality_00
73.4,1057.751299,0.0,0.0,0.19680271931692325,-0.053896787007541164,3.851978184015997,1500.0,1500.0,3.0,14.0,0.75,0,data_5062026_baseline3,data_5062026_baseline3_00000011,data_5062026/2026_05_06_baseline3/00000011.BIN,data_5062026_baseline3_00000011_manual_01_quality_00
73.5,1057.851299,0.0,0.0,0.1788502380336936,-0.06539032800461399,3.8769495325319885,1500.0,1500.0,3.0,14.0,0.75,0,data_5062026_baseline3,data_5062026_baseline3_00000011,data_5062026/2026_05_06_baseline3/00000011.BIN,data_5062026_baseline3_00000011_manual_01_quality_00
73.6,1057.951299,0.0,0.0,0.1550528072872426,-0.0465071957055581,3.9687187768403462,1500.0,1500.0,3.0,14.0,0.75,0,data_5062026_baseline3,data_5062026_baseline3_00000011,data_5062026/2026_05_06_baseline3/00000011.BIN,data_5062026_baseline3_00000011_manual_01_quality_00
73.7,1058.051299,0.0,0.0,0.17258188188918205,-0.023650440274121547,4.009521729976993,1500.0,1500.0,3.0,14.0,0.75,0,data_5062026_baseline3,data_5062026_baseline3_00000011,data_5062026/2026_05_06_baseline3/00000011.BIN,data_5062026_baseline3_00000011_manual_01_quality_00
73.8,1058.151299,0.0,0.0,0.2005065889737468,-0.028542226076516526,3.872425436826008,1500.0,1500.0,3.0,14.0,0.75,0,data_5062026_baseline3,data_5062026_baseline3_00000011,data_5062026/2026_05_06_baseline3/00000011.BIN,data_5062026_baseline3_00000011_manual_01_quality_00
73.9,1058.251299,0.0,0.0,0.2105844563409346,-0.04955197895408952,3.6624981796654876,1500.0,1500.0,3.0,14.0,0.75,0,data_5062026_baseline3,data_5062026_baseline3_00000011,data_5062026/2026_05_06_baseline3/00000011.BIN,data_5062026_baseline3_00000011_manual_01_quality_00
74.0,1058.351299,0.0,0.0,0.2161732522876558,-0.060698656077006606,3.619650609045142,1500.0,1500.0,3.0,14.0,0.75,0,data_5062026_baseline3,data_5062026_baseline3_00000011,data_5062026/2026_05_06_baseline3/00000011.BIN,data_5062026_baseline3_00000011_manual_01_quality_00
74.1,1058.451299,0.0,0.0,0.1948212759453648,-0.0577575546091494,3.8179897859733343,1500.0,1500.0,3.0,14.0,0.75,0,data_5062026_baseline3,data_5062026_baseline3_00000011,data_5062026/2026_05_06_baseline3/00000011.BIN,data_5062026_baseline3_00000011_manual_01_quality_00
74.2,1058.551299,0.0,0.0,0.16668858252017182,-0.05679847562946824,4.036507059877747,1500.0,1500.0,3.0,14.0,0.75,0,data_5062026_baseline3,data_5062026_baseline3_00000011,data_5062026/2026_05_06_baseline3/00000011.BIN,data_5062026_baseline3_00000011_manual_01_quality_00
74.3,1058.651299,0.0,-0.1675,0.16236450521796505,-0.058388315290173486,4.068053296331206,1500.0,1433.0,3.0,14.0,0.75,0,data_5062026_baseline3,data_5062026_baseline3_00000011,data_5062026/2026_05_06_baseline3/00000011.BIN,data_5062026_baseline3_00000011_manual_01_quality_00
74.4,1058.751299,0.0,-0.345,0.17366637265905766,-0.049724725771193606,4.022476755335458,1500.0,1362.0,3.0,14.0,0.75,0,data_5062026_baseline3,data_5062026_baseline3_00000011,data_5062026/2026_05_06_baseline3/00000011.BIN,data_5062026_baseline3_00000011_manual_01_quality_00
74.5,1058.851299,0.0,-0.4575,0.19181493850969344,-0.04463391253156071,3.9734937754056108,1500.0,1317.0,3.0,14.0,0.75,0,data_5062026_baseline3,data_5062026_baseline3_00000011,data_5062026/2026_05_06_baseline3/00000011.BIN,data_5062026_baseline3_00000011_manual_01_quality_00
74.6,1058.951299,0.0,-0.5675,0.2116826740973939,-0.05672854777375025,3.8655646457753847,1500.0,1273.0,3.0,14.0,0.75,0,data_5062026_baseline3,data_5062026_baseline3_00000011,data_5062026/2026_05_06_baseline3/00000011.BIN,data_5062026_baseline3_00000011_manual_01_quality_00
74.7,1059.051299,0.0,-0.5875,0.18915850508616555,-0.06536115963861706,3.734569752239934,1500.0,1265.0,3.0,14.0,0.75,0,data_5062026_baseline3,data_5062026_baseline3_00000011,data_5062026/2026_05_06_baseline3/00000011.BIN,data_5062026_baseline3_00000011_manual_01_quality_00
74.8,1059.151299,0.0,-0.605,0.15599459750617645,-0.06242457546483174,3.77942807756944,1500.0,1258.0,3.0,14.0,0.75,0,data_5062026_baseline3,data_5062026_baseline3_00000011,data_5062026/2026_05_06_baseline3/00000011.BIN,data_5062026_baseline3_00000011_manual_01_quality_00
74.9,1059.251299,0.0,-0.68,0.16741308914903547,-0.059652581157738166,4.017232533645033,1500.0,1228.0,3.0,14.0,0.75,0,data_5062026_baseline3,data_5062026_baseline3_00000011,data_5062026/2026_05_06_baseline3/00000011.BIN,data_5062026_baseline3_00000011_manual_01_quality_00
75.0,1059.351299,0.0,-0.74,0.19001203237925604,-0.06789691567193515,4.132871481847293,1500.0,1204.0,3.0,14.0,0.75,0,data_5062026_baseline3,data_5062026_baseline3_00000011,data_5062026/2026_05_06_baseline3/00000011.BIN,data_5062026_baseline3_00000011_manual_01_quality_00
75.1,1059.451299,0.20588235294117646,-0.83,0.18572918594720048,-0.07878864063420206,3.9127179209452922,1535.0,1168.0,3.0,14.0,0.75,0,data_5062026_baseline3,data_5062026_baseline3_00000011,data_5062026/2026_05_06_baseline3/00000011.BIN,data_5062026_baseline3_00000011_manual_01_quality_00
75.2,1059.551299,0.27647058823529413,-0.8675,0.17471454751577722,-0.08583041146946381,3.5681269240201203,1547.0,1153.0,3.0,14.0,0.75,0,data_5062026_baseline3,data_5062026_baseline3_00000011,data_5062026/2026_05_06_baseline3/00000011.BIN,data_5062026_baseline3_00000011_manual_01_quality_00
75.3,1059.651299,0.36470588235294116,-0.925,0.19246422294841853,-0.08027401223767065,3.5562753247558887,1562.0,1130.0,3.0,14.0,0.75,0,data_5062026_baseline3,data_5062026_baseline3_00000011,data_5062026/2026_05_06_baseline3/00000011.BIN,data_5062026_baseline3_00000011_manual_01_quality_00
75.4,1059.751299,0.38235294117647056,-1.0,0.21749102578807847,-0.053375223393022996,3.941551914354965,1565.0,1100.0,3.0,14.0,0.75,0,data_5062026_baseline3,data_5062026_baseline3_00000011,data_5062026/2026_05_06_baseline3/00000011.BIN,data_5062026_baseline3_00000011_manual_01_quality_00
75.5,1059.851299,0.4117647058823529,-1.0,0.2173957768582175,-0.02248655807806475,4.327502457082171,1570.0,1100.0,3.0,14.0,0.75,0,data_5062026_baseline3,data_5062026_baseline3_00000011,data_5062026/2026_05_06_baseline3/00000011.BIN,data_5062026_baseline3_00000011_manual_01_quality_00
75.6,1059.951299,0.4294117647058823,-1.0,0.21097638338855862,-0.011045066591763233,4.372277465027719,1573.0,1100.0,3.0,14.0,0.75,0,data_5062026_baseline3,data_5062026_baseline3_00000011,data_5062026/2026_05_06_baseline3/00000011.BIN,data_5062026_baseline3_00000011_manual_01_quality_00
75.7,1060.051299,0.4470588235294118,-1.0,0.267448289342334,-0.025850018911208635,4.1657873597095545,1576.0,1100.0,3.0,14.0,0.75,0,data_5062026_baseline3,data_5062026_baseline3_00000011,data_5062026/2026_05_06_baseline3/00000011.BIN,data_5062026_baseline3_00000011_manual_01_quality_00
75.8,1060.151299,0.4470588235294118,-1.0,0.33967742888534647,-0.04349725050287907,4.009644297178427,1576.0,1100.0,3.0,14.0,0.75,0,data_5062026_baseline3,data_5062026_baseline3_00000011,data_5062026/2026_05_06_baseline3/00000011.BIN,data_5062026_baseline3_00000011_manual_01_quality_00
75.9,1060.251299,0.4470588235294118,-1.0,0.3690056583830253,-0.03380854095843747,4.058304908652892,1576.0,1100.0,3.0,14.0,0.75,0,data_5062026_baseline3,data_5062026_baseline3_00000011,data_5062026/2026_05_06_baseline3/00000011.BIN,data_5062026_baseline3_00000011_manual_01_quality_00
76.0,1060.351299,0.4470588235294118,-1.0,0.3875368393499214,-0.009049226575690041,4.30044007840057,1576.0,1100.0,3.0,14.0,0.75,0,data_5062026_baseline3,data_5062026_baseline3_00000011,data_5062026/2026_05_06_baseline3/00000011.BIN,data_5062026_baseline3_00000011_manual_01_quality_00
76.1,1060.451299,0.4470588235294118,-1.0,0.4694959292752111,0.010919635950818954,4.576624833602646,1576.0,1100.0,3.0,14.0,0.75,0,data_5062026_baseline3,data_5062026_baseline3_00000011,data_5062026/2026_05_06_baseline3/00000011.BIN,data_5062026_baseline3_00000011_manual_01_quality_00
76.2,1060.551299,0.4470588235294118,-1.0,0.567379445925207,-0.017467952186787265,4.831671658302505,1576.0,1100.0,3.0,14.0,0.75,0,data_5062026_baseline3,data_5062026_baseline3_00000011,data_5062026/2026_05_06_baseline3/00000011.BIN,data_5062026_baseline3_00000011_manual_01_quality_00
76.3,1060.651299,0.45294117647058824,-1.0,0.5930005193410108,-0.07109052403622022,4.947792449015503,1577.0,1100.0,3.0,14.0,0.75,0,data_5062026_baseline3,data_5062026_baseline3_00000011,data_5062026/2026_05_06_baseline3/00000011.BIN,data_5062026_baseline3_00000011_manual_01_quality_00
76.4,1060.751299,0.45294117647058824,-1.0,0.6004384026249092,-0.11365434327794041,4.842910614127183,1577.0,1100.0,3.0,14.0,0.75,0,data_5062026_baseline3,data_5062026_baseline3_00000011,data_5062026/2026_05_06_baseline3/00000011.BIN,data_5062026_baseline3_00000011_manual_01_quality_00
76.5,1060.851299,0.45294117647058824,-1.0,0.6778415815640662,-0.14912207289774565,4.572414229808762,1577.0,1100.0,3.0,14.0,0.75,0,data_5062026_baseline3,data_5062026_baseline3_00000011,data_5062026/2026_05_06_baseline3/00000011.BIN,data_5062026_baseline3_00000011_manual_01_quality_00
76.6,1060.951299,0.4294117647058823,-1.0,0.7728236285810145,-0.21398383680803662,4.297914876414048,1573.0,1100.0,3.0,14.0,0.75,0,data_5062026_baseline3,data_5062026_baseline3_00000011,data_5062026/2026_05_06_baseline3/00000011.BIN,data_5062026_baseline3_00000011_manual_01_quality_00
76.7,1061.051299,0.4117647058823529,-1.0,0.8175602511015423,-0.2856741663705443,4.21606766715639,1570.0,1100.0,3.0,14.0,0.75,0,data_5062026_baseline3,data_5062026_baseline3_00000011,data_5062026/2026_05_06_baseline3/00000011.BIN,data_5062026_baseline3_00000011_manual_01_quality_00
76.8,1061.151299,0.38235294117647056,-0.9525,0.849713527428406,-0.2960375852270949,4.531891343855964,1565.0,1119.0,3.0,14.0,0.75,0,data_5062026_baseline3,data_5062026_baseline3_00000011,data_5062026/2026_05_06_baseline3/00000011.BIN,data_5062026_baseline3_00000011_manual_01_quality_00
76.9,1061.251299,0.37058823529411766,-0.9675,0.8313778960655787,-0.27886054112653497,4.92914725123682,1563.0,1113.0,3.0,14.0,0.75,0,data_5062026_baseline3,data_5062026_baseline3_00000011,data_5062026/2026_05_06_baseline3/00000011.BIN,data_5062026_baseline3_00000011_manual_01_quality_00
77.0,1061.351299,0.34705882352941175,-0.7225,0.8003236463031245,-0.2608887141252181,4.892622460808531,1559.0,1211.0,3.0,14.0,0.75,0,data_5062026_baseline3,data_5062026_baseline3_00000011,data_5062026/2026_05_06_baseline3/00000011.BIN,data_5062026_baseline3_00000011_manual_01_quality_00
77.1,1061.451299,0.2823529411764706,-0.275,0.7867323289315454,-0.2397099566082569,4.767609829080527,1548.0,1390.0,3.0,14.0,0.75,0,data_5062026_baseline3,data_5062026_baseline3_00000011,data_5062026/2026_05_06_baseline3/00000011.BIN,data_5062026_baseline3_00000011_manual_01_quality_00
77.2,1061.551299,0.23529411764705882,-0.1825,0.7775261348071344,-0.17436965860486558,4.63573483575955,1540.0,1427.0,3.0,14.0,0.75,0,data_5062026_baseline3,data_5062026_baseline3_00000011,data_5062026/2026_05_06_baseline3/00000011.BIN,data_5062026_baseline3_00000011_manual_01_quality_00
77.3,1061.651299,0.0,0.0,0.7475240556718481,-0.10980834881760551,4.209436828687966,1500.0,1500.0,3.0,14.0,0.75,0,data_5062026_baseline3,data_5062026_baseline3_00000011,data_5062026/2026_05_06_baseline3/00000011.BIN,data_5062026_baseline3_00000011_manual_01_quality_00
77.4,1061.751299,0.0,0.0,0.7122751518048007,-0.07197174218327101,3.9228637253882472,1500.0,1500.0,3.0,14.0,0.75,0,data_5062026_baseline3,data_5062026_baseline3_00000011,data_5062026/2026_05_06_baseline3/00000011.BIN,data_5062026_baseline3_00000011_manual_01_quality_00
77.5,1061.851299,0.0,0.0,0.7052150321532304,-0.07944494323985399,3.8931446967922976,1500.0,1500.0,3.0,14.0,0.75,0,data_5062026_baseline3,data_5062026_baseline3_00000011,data_5062026/2026_05_06_baseline3/00000011.BIN,data_5062026_baseline3_00000011_manual_01_quality_00
77.6,1061.951299,0.0,0.0,0.7052462086559809,-0.09066890832484478,3.856842610419947,1500.0,1500.0,3.0,14.0,0.75,0,data_5062026_baseline3,data_5062026_baseline3_00000011,data_5062026/2026_05_06_baseline3/00000011.BIN,data_5062026_baseline3_00000011_manual_01_quality_00
77.7,1062.051299,0.0,0.0,0.6683287523945501,-0.10528378373780138,3.5832315052990977,1500.0,1500.0,3.0,14.0,0.75,0,data_5062026_baseline3,data_5062026_baseline3_00000011,data_5062026/2026_05_06_baseline3/00000011.BIN,data_5062026_baseline3_00000011_manual_01_quality_00
77.8,1062.151299,0.0,0.0,0.6221284843905684,-0.12067423713369257,3.4858679997290576,1500.0,1500.0,3.0,14.0,0.75,0,data_5062026_baseline3,data_5062026_baseline3_00000011,data_5062026/2026_05_06_baseline3/00000011.BIN,data_5062026_baseline3_00000011_manual_01_quality_00
77.9,1062.251299,0.0,0.0,0.596979759328323,-0.1028831630156389,3.7178837812135224,1500.0,1500.0,3.0,14.0,0.75,0,data_5062026_baseline3,data_5062026_baseline3_00000011,data_5062026/2026_05_06_baseline3/00000011.BIN,data_5062026_baseline3_00000011_manual_01_quality_00
78.0,1062.351299,0.0,0.0,0.577119601608948,-0.05172758409716245,4.24164483866869,1500.0,1500.0,3.0,14.0,0.75,0,data_5062026_baseline3,data_5062026_baseline3_00000011,data_5062026/2026_05_06_baseline3/00000011.BIN,data_5062026_baseline3_00000011_manual_01_quality_00
78.1,1062.451299,0.0,-0.03,0.5581282579174592,0.020650228041522032,4.73244295017625,1500.0,1488.0,3.0,14.0,0.75,0,data_5062026_baseline3,data_5062026_baseline3_00000011,data_5062026/2026_05_06_baseline3/00000011.BIN,data_5062026_baseline3_00000011_manual_01_quality_00
78.2,1062.551299,0.0,-0.5125,0.5393549600493811,0.018365283683610397,4.678725798174751,1500.0,1295.0,3.0,14.0,0.75,0,data_5062026_baseline3,data_5062026_baseline3_00000011,data_5062026/2026_05_06_baseline3/00000011.BIN,data_5062026_baseline3_00000011_manual_01_quality_00
78.3,1062.651299,0.27647058823529413,-0.94,0.5208736935251127,-0.05021468994222514,4.273515704729211,1547.0,1124.0,3.0,14.0,0.75,0,data_5062026_baseline3,data_5062026_baseline3_00000011,data_5062026/2026_05_06_baseline3/00000011.BIN,data_5062026_baseline3_00000011_manual_01_quality_00
78.4,1062.751299,0.3235294117647059,-0.96,0.5024656768356298,-0.10215868770574489,3.955100489144858,1555.0,1116.0,3.0,14.0,0.75,0,data_5062026_baseline3,data_5062026_baseline3_00000011,data_5062026/2026_05_06_baseline3/00000011.BIN,data_5062026_baseline3_00000011_manual_01_quality_00
78.5,1062.851299,0.4235294117647059,-0.95,0.5269123499933104,-0.1237244507042676,3.9748117163007284,1572.0,1120.0,3.0,14.0,0.75,0,data_5062026_baseline3,data_5062026_baseline3_00000011,data_5062026/2026_05_06_baseline3/00000011.BIN,data_5062026_baseline3_00000011_manual_01_quality_00
78.6,1062.951299,0.5,-1.0,0.5621914784213634,-0.13878855646412602,4.149357978341338,1585.0,1100.0,3.0,14.0,0.75,0,data_5062026_baseline3,data_5062026_baseline3_00000011,data_5062026/2026_05_06_baseline3/00000011.BIN,data_5062026_baseline3_00000011_manual_01_quality_00
78.7,1063.051299,0.5705882352941176,-1.0,0.6320216025867418,-0.15959648847730604,4.335588400277623,1597.0,1100.0,3.0,14.0,0.75,0,data_5062026_baseline3,data_5062026_baseline3_00000011,data_5062026/2026_05_06_baseline3/00000011.BIN,data_5062026_baseline3_00000011_manual_01_quality_00
78.8,1063.151299,0.6235294117647059,-1.0,0.7105359535508817,-0.17306101739407834,4.915975370709232,1606.0,1100.0,3.0,14.0,0.75,0,data_5062026_baseline3,data_5062026_baseline3_00000011,data_5062026/2026_05_06_baseline3/00000011.BIN,data_5062026_baseline3_00000011_manual_01_quality_00
78.9,1063.251299,0.6529411764705882,-1.0,0.8241930120480531,-0.20716484139997346,5.567522928446515,1611.0,1100.0,3.0,14.0,0.75,0,data_5062026_baseline3,data_5062026_baseline3_00000011,data_5062026/2026_05_06_baseline3/00000011.BIN,data_5062026_baseline3_00000011_manual_01_quality_00
79.0,1063.351299,0.6470588235294118,-1.0,0.9466720182690225,-0.274164883050386,5.864765629255485,1610.0,1100.0,3.0,14.0,0.75,0,data_5062026_baseline3,data_5062026_baseline3_00000011,data_5062026/2026_05_06_baseline3/00000011.BIN,data_5062026_baseline3_00000011_manual_01_quality_00
79.1,1063.451299,0.6294117647058823,-1.0,1.0595516803484453,-0.3461956444250634,5.816396566461916,1607.0,1100.0,3.0,14.0,0.75,0,data_5062026_baseline3,data_5062026_baseline3_00000011,data_5062026/2026_05_06_baseline3/00000011.BIN,data_5062026_baseline3_00000011_manual_01_quality_00
79.2,1063.551299,0.6294117647058823,-1.0,1.1700231010823137,-0.3994171893999404,5.862664499818187,1607.0,1100.0,3.0,14.0,0.75,0,data_5062026_baseline3,data_5062026_baseline3_00000011,data_5062026/2026_05_06_baseline3/00000011.BIN,data_5062026_baseline3_00000011_manual_01_quality_00
79.3,1063.651299,0.6470588235294118,-1.0,1.2100048399376704,-0.42945111756724197,6.321463618643533,1610.0,1100.0,3.0,14.0,0.75,0,data_5062026_baseline3,data_5062026_baseline3_00000011,data_5062026/2026_05_06_baseline3/00000011.BIN,data_5062026_baseline3_00000011_manual_01_quality_00
79.4,1063.751299,0.6529411764705882,-1.0,1.2322627127432235,-0.40492872589526996,6.706087283641034,1611.0,1100.0,3.0,14.0,0.75,0,data_5062026_baseline3,data_5062026_baseline3_00000011,data_5062026/2026_05_06_baseline3/00000011.BIN,data_5062026_baseline3_00000011_manual_01_quality_00
79.5,1063.851299,0.6529411764705882,-1.0,1.2664472654125964,-0.4342928577426925,6.983029328319428,1611.0,1100.0,3.0,14.0,0.75,0,data_5062026_baseline3,data_5062026_baseline3_00000011,data_5062026/2026_05_06_baseline3/00000011.BIN,data_5062026_baseline3_00000011_manual_01_quality_00
79.6,1063.951299,0.6529411764705882,-1.0,1.3036280378751797,-0.44251415544644385,7.238533827874265,1611.0,1100.0,3.0,14.0,0.75,0,data_5062026_baseline3,data_5062026_baseline3_00000011,data_5062026/2026_05_06_baseline3/00000011.BIN,data_5062026_baseline3_00000011_manual_01_quality_00
79.7,1064.051299,0.6764705882352942,-1.0,1.329427388664947,-0.5085139939182178,6.4882723424122215,1615.0,1100.0,3.0,14.0,0.75,0,data_5062026_baseline3,data_5062026_baseline3_00000011,data_5062026/2026_05_06_baseline3/00000011.BIN,data_5062026_baseline3_00000011_manual_01_quality_00
79.8,1064.151299,0.6764705882352942,-1.0,1.3523792496998748,-0.5730456988976019,6.1793471227998795,1615.0,1100.0,3.0,14.0,0.75,0,data_5062026_baseline3,data_5062026_baseline3_00000011,data_5062026/2026_05_06_baseline3/00000011.BIN,data_5062026_baseline3_00000011_manual_01_quality_00
79.9,1064.251299,0.6823529411764706,-1.0,1.3493975348218374,-0.5498211946447596,6.812268477849625,1616.0,1100.0,3.0,14.0,0.75,0,data_5062026_baseline3,data_5062026_baseline3_00000011,data_5062026/2026_05_06_baseline3/00000011.BIN,data_5062026_baseline3_00000011_manual_01_quality_00
80.0,1064.351299,0.6941176470588235,-1.0,1.3399040362760104,-0.5507537855503536,7.3866297393292415,1618.0,1100.0,3.0,14.0,0.75,0,data_5062026_baseline3,data_5062026_baseline3_00000011,data_5062026/2026_05_06_baseline3/00000011.BIN,data_5062026_baseline3_00000011_manual_01_quality_00
80.1,1064.451299,0.7,-1.0,1.3605587911300512,-0.5619747471600327,7.237938362403031,1619.0,1100.0,3.0,14.0,0.75,0,data_5062026_baseline3,data_5062026_baseline3_00000011,data_5062026/2026_05_06_baseline3/00000011.BIN,data_5062026_baseline3_00000011_manual_01_quality_00
80.2,1064.551299,0.711764705882353,-1.0,1.3888195107822305,-0.5858092464627312,6.912567100946889,1621.0,1100.0,3.0,14.0,0.75,0,data_5062026_baseline3,data_5062026_baseline3_00000011,data_5062026/2026_05_06_baseline3/00000011.BIN,data_5062026_baseline3_00000011_manual_01_quality_00
80.3,1064.651299,0.7176470588235294,-0.935,1.3891368539853437,-0.5826050863989397,7.088039226533095,1622.0,1126.0,3.0,14.0,0.75,0,data_5062026_baseline3,data_5062026_baseline3_00000011,data_5062026/2026_05_06_baseline3/00000011.BIN,data_5062026_baseline3_00000011_manual_01_quality_00
80.4,1064.751299,0.7235294117647059,-0.98,1.382422448224071,-0.5878548299609063,7.477960112017339,1623.0,1108.0,3.0,14.0,0.75,0,data_5062026_baseline3,data_5062026_baseline3_00000011,data_5062026/2026_05_06_baseline3/00000011.BIN,data_5062026_baseline3_00000011_manual_01_quality_00
80.5,1064.851299,0.7235294117647059,-1.0,1.3944559564127579,-0.6144278725151423,7.418612743685465,1623.0,1100.0,3.0,14.0,0.75,0,data_5062026_baseline3,data_5062026_baseline3_00000011,data_5062026/2026_05_06_baseline3/00000011.BIN,data_5062026_baseline3_00000011_manual_01_quality_00
80.6,1064.951299,0.7235294117647059,-0.995,1.4110804191188284,-0.6069952854446348,6.95553128607897,1623.0,1102.0,3.0,14.0,0.75,0,data_5062026_baseline3,data_5062026_baseline3_00000011,data_5062026/2026_05_06_baseline3/00000011.BIN,data_5062026_baseline3_00000011_manual_01_quality_00
80.7,1065.051299,0.7235294117647059,-0.8825,1.3687949782559348,-0.5918264728087442,7.150969494866454,1623.0,1147.0,3.0,14.0,0.75,0,data_5062026_baseline3,data_5062026_baseline3_00000011,data_5062026/2026_05_06_baseline3/00000011.BIN,data_5062026_baseline3_00000011_manual_01_quality_00
80.8,1065.151299,0.7235294117647059,-0.715,1.326509537392945,-0.5841385768031685,7.600938569264522,1623.0,1214.0,3.0,14.0,0.75,0,data_5062026_baseline3,data_5062026_baseline3_00000011,data_5062026/2026_05_06_baseline3/00000011.BIN,data_5062026_baseline3_00000011_manual_01_quality_00
80.9,1065.251299,0.7176470588235294,-0.515,1.3537114087695268,-0.5260052804993419,7.621040529800574,1622.0,1294.0,3.0,14.0,0.75,0,data_5062026_baseline3,data_5062026_baseline3_00000011,data_5062026/2026_05_06_baseline3/00000011.BIN,data_5062026_baseline3_00000011_manual_01_quality_00
81.0,1065.351299,0.7176470588235294,-0.4875,1.3983731422198709,-0.44200284436280923,7.520746092213704,1622.0,1305.0,3.0,14.0,0.75,0,data_5062026_baseline3,data_5062026_baseline3_00000011,data_5062026/2026_05_06_baseline3/00000011.BIN,data_5062026_baseline3_00000011_manual_01_quality_00
81.1,1065.451299,0.7176470588235294,-0.4625,1.4345280425369311,-0.3675616596348031,7.133760001429848,1622.0,1315.0,3.0,14.0,0.75,0,data_5062026_baseline3,data_5062026_baseline3_00000011,data_5062026/2026_05_06_baseline3/00000011.BIN,data_5062026_baseline3_00000011_manual_01_quality_00
81.2,1065.551299,0.711764705882353,-0.55,1.4685435922273453,-0.3178109147703033,7.818020873036891,1621.0,1280.0,3.0,14.0,0.75,0,data_5062026_baseline3,data_5062026_baseline3_00000011,data_5062026/2026_05_06_baseline3/00000011.BIN,data_5062026_baseline3_00000011_manual_01_quality_00
81.3,1065.651299,0.711764705882353,-0.625,1.467233751321383,-0.34859703226163546,7.5126356102123095,1621.0,1250.0,3.0,14.0,0.75,0,data_5062026_baseline3,data_5062026_baseline3_00000011,data_5062026/2026_05_06_baseline3/00000011.BIN,data_5062026_baseline3_00000011_manual_01_quality_00
81.4,1065.751299,0.711764705882353,-0.6275,1.4570278889511916,-0.40930887686015494,7.394712814547483,1621.0,1249.0,3.0,14.0,0.75,0,data_5062026_baseline3,data_5062026_baseline3_00000011,data_5062026/2026_05_06_baseline3/00000011.BIN,data_5062026_baseline3_00000011_manual_01_quality_00
81.5,1065.851299,0.711764705882353,-0.6275,1.451147912551092,-0.4407640771620574,7.853523944031037,1621.0,1249.0,3.0,14.0,0.75,0,data_5062026_baseline3,data_5062026_baseline3_00000011,data_5062026/2026_05_06_baseline3/00000011.BIN,data_5062026_baseline3_00000011_manual_01_quality_00
81.6,1065.951299,0.711764705882353,-0.66,1.4463544817981409,-0.468597049599017,7.336154747144424,1621.0,1236.0,3.0,14.0,0.75,0,data_5062026_baseline3,data_5062026_baseline3_00000011,data_5062026/2026_05_06_baseline3/00000011.BIN,data_5062026_baseline3_00000011_manual_01_quality_00
81.7,1066.051299,0.711764705882353,-0.705,1.450421930734852,-0.4924036628267417,7.273953668322192,1621.0,1218.0,3.0,14.0,0.75,0,data_5062026_baseline3,data_5062026_baseline3_00000011,data_5062026/2026_05_06_baseline3/00000011.BIN,data_5062026_baseline3_00000011_manual_01_quality_00
81.8,1066.151299,0.711764705882353,-0.705,1.4567134675680689,-0.5275906770869672,8.184407459497557,1621.0,1218.0,3.0,14.0,0.75,0,data_5062026_baseline3,data_5062026_baseline3_00000011,data_5062026/2026_05_06_baseline3/00000011.BIN,data_5062026_baseline3_00000011_manual_01_quality_00
81.9,1066.251299,0.711764705882353,-0.72,1.442751959915429,-0.531670178134242,7.4994887026876125,1621.0,1212.0,3.0,14.0,0.75,0,data_5062026_baseline3,data_5062026_baseline3_00000011,data_5062026/2026_05_06_baseline3/00000011.BIN,data_5062026_baseline3_00000011_manual_01_quality_00
82.0,1066.351299,0.7,-0.65,1.4236951889027178,-0.5241695342505895,7.36283873983047,1619.0,1240.0,3.0,14.0,0.75,0,data_5062026_baseline3,data_5062026_baseline3_00000011,data_5062026/2026_05_06_baseline3/00000011.BIN,data_5062026_baseline3_00000011_manual_01_quality_00
82.1,1066.451299,0.6705882352941176,-0.21,1.3909716875223594,-0.4995637398845438,8.176238925216031,1614.0,1416.0,3.0,14.0,0.75,0,data_5062026_baseline3,data_5062026_baseline3_00000011,data_5062026/2026_05_06_baseline3/00000011.BIN,data_5062026_baseline3_00000011_manual_01_quality_00
82.2,1066.551299,0.6529411764705882,-0.1375,1.3548154728217023,-0.3131039150023345,7.642988844065744,1611.0,1445.0,3.0,14.0,0.75,0,data_5062026_baseline3,data_5062026_baseline3_00000011,data_5062026/2026_05_06_baseline3/00000011.BIN,data_5062026_baseline3_00000011_manual_01_quality_00
82.3,1066.651299,0.6529411764705882,-0.14,1.3796643739198948,-0.17816655631677986,6.986023515267222,1611.0,1444.0,3.0,14.0,0.75,0,data_5062026_baseline3,data_5062026_baseline3_00000011,data_5062026/2026_05_06_baseline3/00000011.BIN,data_5062026_baseline3_00000011_manual_01_quality_00
82.4,1066.751299,0.6470588235294118,0.0,1.419904933039552,-0.10569982040750235,7.779241269479805,1610.0,1500.0,3.0,14.0,0.75,0,data_5062026_baseline3,data_5062026_baseline3_00000011,data_5062026/2026_05_06_baseline3/00000011.BIN,data_5062026_baseline3_00000011_manual_01_quality_00
82.5,1066.851299,0.6823529411764706,0.0,1.4447761721807095,-0.009646919607369346,7.9032544149690205,1616.0,1500.0,3.0,14.0,0.75,0,data_5062026_baseline3,data_5062026_baseline3_00000011,data_5062026/2026_05_06_baseline3/00000011.BIN,data_5062026_baseline3_00000011_manual_01_quality_00
82.6,1066.951299,0.7,0.0,1.4657899402293326,0.029457767210059136,7.841290186826988,1619.0,1500.0,3.0,14.0,0.75,0,data_5062026_baseline3,data_5062026_baseline3_00000011,data_5062026/2026_05_06_baseline3/00000011.BIN,data_5062026_baseline3_00000011_manual_01_quality_00
82.7,1067.051299,0.7352941176470589,0.0,1.470859945350331,0.009159407932543684,8.199466245771863,1625.0,1500.0,3.0,14.0,0.75,0,data_5062026_baseline3,data_5062026_baseline3_00000011,data_5062026/2026_05_06_baseline3/00000011.BIN,data_5062026_baseline3_00000011_manual_01_quality_00
82.8,1067.151299,0.7705882352941177,0.0,1.471928801744311,0.018292900902422343,7.773368394806693,1631.0,1500.0,3.0,14.0,0.75,0,data_5062026_baseline3,data_5062026_baseline3_00000011,data_5062026/2026_05_06_baseline3/00000011.BIN,data_5062026_baseline3_00000011_manual_01_quality_00
82.9,1067.251299,0.7823529411764706,0.0,1.5080554459818563,0.006239135969022319,8.476383389629758,1633.0,1500.0,3.0,14.0,0.75,0,data_5062026_baseline3,data_5062026_baseline3_00000011,data_5062026/2026_05_06_baseline3/00000011.BIN,data_5062026_baseline3_00000011_manual_01_quality_00
83.0,1067.351299,0.7823529411764706,0.0,1.5529712010608039,-0.005824113628767836,8.19553314891745,1633.0,1500.0,3.0,14.0,0.75,0,data_5062026_baseline3,data_5062026_baseline3_00000011,data_5062026/2026_05_06_baseline3/00000011.BIN,data_5062026_baseline3_00000011_manual_01_quality_00
83.1,1067.451299,0.7823529411764706,0.0,1.5964059423000208,-0.018272865008737392,8.743411539781837,1633.0,1500.0,3.0,14.0,0.75,0,data_5062026_baseline3,data_5062026_baseline3_00000011,data_5062026/2026_05_06_baseline3/00000011.BIN,data_5062026_baseline3_00000011_manual_01_quality_00
83.2,1067.551299,0.8058823529411765,0.0,1.639467857876872,-0.003480403936496475,9.211276078074178,1637.0,1500.0,3.0,14.0,0.75,0,data_5062026_baseline3,data_5062026_baseline3_00000011,data_5062026/2026_05_06_baseline3/00000011.BIN,data_5062026_baseline3_00000011_manual_01_quality_00
83.3,1067.651299,0.8,-0.08,1.6846208121391495,-0.011056963591878211,9.261112491125205,1636.0,1468.0,3.0,14.0,0.75,0,data_5062026_baseline3,data_5062026_baseline3_00000011,data_5062026/2026_05_06_baseline3/00000011.BIN,data_5062026_baseline3_00000011_manual_01_quality_00
83.4,1067.751299,0.8,-0.225,1.7303016001379694,-0.06593887793380297,10.006565241342726,1636.0,1410.0,3.0,14.0,0.75,0,data_5062026_baseline3,data_5062026_baseline3_00000011,data_5062026/2026_05_06_baseline3/00000011.BIN,data_5062026_baseline3_00000011_manual_01_quality_00
83.5,1067.851299,0.8058823529411765,-0.345,1.8228645552095206,-0.21646801443394836,9.923789039949531,1637.0,1362.0,3.0,14.0,0.75,0,data_5062026_baseline3,data_5062026_baseline3_00000011,data_5062026/2026_05_06_baseline3/00000011.BIN,data_5062026_baseline3_00000011_manual_01_quality_00
83.6,1067.951299,0.8235294117647058,-0.3825,1.9272331493683756,-0.37980090068244043,10.727400970543611,1640.0,1347.0,3.0,14.0,0.75,0,data_5062026_baseline3,data_5062026_baseline3_00000011,data_5062026/2026_05_06_baseline3/00000011.BIN,data_5062026_baseline3_00000011_manual_01_quality_00
83.7,1068.051299,0.8294117647058824,-0.35,1.953352487794114,-0.4978424008525703,9.991823250162328,1641.0,1360.0,3.0,14.0,0.75,0,data_5062026_baseline3,data_5062026_baseline3_00000011,data_5062026/2026_05_06_baseline3/00000011.BIN,data_5062026_baseline3_00000011_manual_01_quality_00
83.8,1068.151299,0.8705882352941177,-0.27,1.9598152779503935,-0.4716501588026122,10.31309075744828,1648.0,1392.0,3.0,14.0,0.75,0,data_5062026_baseline3,data_5062026_baseline3_00000011,data_5062026/2026_05_06_baseline3/00000011.BIN,data_5062026_baseline3_00000011_manual_01_quality_00
83.9,1068.251299,0.8941176470588236,-0.255,1.9000745607942815,-0.42336982776692655,10.225549310846423,1652.0,1398.0,3.0,14.0,0.75,0,data_5062026_baseline3,data_5062026_baseline3_00000011,data_5062026/2026_05_06_baseline3/00000011.BIN,data_5062026_baseline3_00000011_manual_01_quality_00
84.0,1068.351299,0.9,-0.255,1.8237063481326623,-0.3625184702303825,9.537890889785244,1653.0,1398.0,3.0,14.0,0.75,0,data_5062026_baseline3,data_5062026_baseline3_00000011,data_5062026/2026_05_06_baseline3/00000011.BIN,data_5062026_baseline3_00000011_manual_01_quality_00
84.1,1068.451299,0.9647058823529412,-0.2425,1.8086437189531468,-0.31889313349388915,10.277256980180791,1664.0,1403.0,3.0,14.0,0.75,0,data_5062026_baseline3,data_5062026_baseline3_00000011,data_5062026/2026_05_06_baseline3/00000011.BIN,data_5062026_baseline3_00000011_manual_01_quality_00
84.2,1068.551299,0.9647058823529412,-0.1275,1.8089477385662172,-0.26758438717824246,10.458702128897292,1664.0,1449.0,3.0,14.0,0.75,0,data_5062026_baseline3,data_5062026_baseline3_00000011,data_5062026/2026_05_06_baseline3/00000011.BIN,data_5062026_baseline3_00000011_manual_01_quality_00
84.3,1068.651299,0.9647058823529412,0.0625,1.839210805177872,-0.12743690513426306,9.929557064118477,1664.0,1525.0,3.0,14.0,0.75,0,data_5062026_baseline3,data_5062026_baseline3_00000011,data_5062026/2026_05_06_baseline3/00000011.BIN,data_5062026_baseline3_00000011_manual_01_quality_00
84.4,1068.751299,0.9647058823529412,0.14,1.877027404925346,0.03542763471052609,10.34191310103517,1664.0,1556.0,3.0,14.0,0.75,0,data_5062026_baseline3,data_5062026_baseline3_00000011,data_5062026/2026_05_06_baseline3/00000011.BIN,data_5062026_baseline3_00000011_manual_01_quality_00
84.5,1068.851299,0.9647058823529412,0.285,1.9213000360867398,0.18050158556915907,10.871998734667537,1664.0,1614.0,3.0,14.0,0.75,0,data_5062026_baseline3,data_5062026_baseline3_00000011,data_5062026/2026_05_06_baseline3/00000011.BIN,data_5062026_baseline3_00000011_manual_01_quality_00
84.6,1068.951299,0.9647058823529412,0.4,1.9671897025017109,0.3519997537250468,10.94375028374219,1664.0,1660.0,3.0,14.0,0.75,0,data_5062026_baseline3,data_5062026_baseline3_00000011,data_5062026/2026_05_06_baseline3/00000011.BIN,data_5062026_baseline3_00000011_manual_01_quality_00
84.7,1069.051299,0.9647058823529412,0.49,1.9514326626518896,0.497257598160926,10.77851207701896,1664.0,1696.0,3.0,14.0,0.75,0,data_5062026_baseline3,data_5062026_baseline3_00000011,data_5062026/2026_05_06_baseline3/00000011.BIN,data_5062026_baseline3_00000011_manual_01_quality_00
84.8,1069.151299,0.9647058823529412,0.4725,1.9201462527194735,0.6017123993685884,10.542540003901497,1664.0,1689.0,3.0,14.0,0.75,0,data_5062026_baseline3,data_5062026_baseline3_00000011,data_5062026/2026_05_06_baseline3/00000011.BIN,data_5062026_baseline3_00000011_manual_01_quality_00
84.9,1069.251299,0.9647058823529412,0.0625,1.9128234894019172,0.5695490626262402,11.133606092665861,1664.0,1525.0,3.0,14.0,0.75,0,data_5062026_baseline3,data_5062026_baseline3_00000011,data_5062026/2026_05_06_baseline3/00000011.BIN,data_5062026_baseline3_00000011_manual_01_quality_00
85.0,1069.351299,0.9647058823529412,0.0,1.9115242487846482,0.30007666101466257,11.19141884981178,1664.0,1500.0,3.0,14.0,0.75,0,data_5062026_baseline3,data_5062026_baseline3_00000011,data_5062026/2026_05_06_baseline3/00000011.BIN,data_5062026_baseline3_00000011_manual_01_quality_00
85.1,1069.451299,0.9470588235294117,-0.055,1.9854749117626558,0.030269109091530574,11.162096803608401,1661.0,1478.0,3.0,14.0,0.75,0,data_5062026_baseline3,data_5062026_baseline3_00000011,data_5062026/2026_05_06_baseline3/00000011.BIN,data_5062026_baseline3_00000011_manual_01_quality_00
85.2,1069.551299,0.9470588235294117,-0.0825,2.0783876120955007,-0.090558081895279,11.10310611914337,1661.0,1467.0,3.0,14.0,0.75,0,data_5062026_baseline3,data_5062026_baseline3_00000011,data_5062026/2026_05_06_baseline3/00000011.BIN,data_5062026_baseline3_00000011_manual_01_quality_00
85.3,1069.651299,0.9470588235294117,-0.045,2.1026776314258915,-0.18679015356976905,11.742779678679733,1661.0,1482.0,3.0,14.0,0.75,0,data_5062026_baseline3,data_5062026_baseline3_00000011,data_5062026/2026_05_06_baseline3/00000011.BIN,data_5062026_baseline3_00000011_manual_01_quality_00
85.4,1069.751299,0.9470588235294117,0.0,2.1096314668893905,-0.1866324971274157,10.91604081911486,1661.0,1500.0,3.0,14.0,0.75,0,data_5062026_baseline3,data_5062026_baseline3_00000011,data_5062026/2026_05_06_baseline3/00000011.BIN,data_5062026_baseline3_00000011_manual_01_quality_00
85.5,1069.851299,0.9470588235294117,-0.025,2.128523262648895,-0.15690592515746332,10.827009405377526,1661.0,1490.0,3.0,14.0,0.75,0,data_5062026_baseline3,data_5062026_baseline3_00000011,data_5062026/2026_05_06_baseline3/00000011.BIN,data_5062026_baseline3_00000011_manual_01_quality_00
85.6,1069.951299,0.9470588235294117,-0.0725,2.150408507328,-0.11002120510524649,10.638862079927279,1661.0,1471.0,3.0,14.0,0.75,0,data_5062026_baseline3,data_5062026_baseline3_00000011,data_5062026/2026_05_06_baseline3/00000011.BIN,data_5062026_baseline3_00000011_manual_01_quality_00
85.7,1070.051299,0.9411764705882353,-0.175,2.225020697789792,-0.19527761288998072,10.58645945033691,1660.0,1430.0,3.0,14.0,0.75,0,data_5062026_baseline3,data_5062026_baseline3_00000011,data_5062026/2026_05_06_baseline3/00000011.BIN,data_5062026_baseline3_00000011_manual_01_quality_00
85.8,1070.151299,0.9235294117647059,-0.1675,2.3128616181163415,-0.26382885002153517,10.96260051173342,1657.0,1433.0,3.0,14.0,0.75,0,data_5062026_baseline3,data_5062026_baseline3_00000011,data_5062026/2026_05_06_baseline3/00000011.BIN,data_5062026_baseline3_00000011_manual_01_quality_00
85.9,1070.251299,0.9117647058823529,-0.055,2.441141231557804,-0.3089917324019995,10.395436901837973,1655.0,1478.0,3.0,14.0,0.75,0,data_5062026_baseline3,data_5062026_baseline3_00000011,data_5062026/2026_05_06_baseline3/00000011.BIN,data_5062026_baseline3_00000011_manual_01_quality_00
86.0,1070.351299,0.8941176470588236,0.0,2.579600751585024,-0.24182142717281568,10.954874712304834,1652.0,1500.0,3.0,14.0,0.75,0,data_5062026_baseline3,data_5062026_baseline3_00000011,data_5062026/2026_05_06_baseline3/00000011.BIN,data_5062026_baseline3_00000011_manual_01_quality_00
86.1,1070.451299,0.8941176470588236,0.0,2.583056518188045,-0.14508530340636283,10.463439003273267,1652.0,1500.0,3.0,14.0,0.75,0,data_5062026_baseline3,data_5062026_baseline3_00000011,data_5062026/2026_05_06_baseline3/00000011.BIN,data_5062026_baseline3_00000011_manual_01_quality_00
86.2,1070.551299,0.8941176470588236,0.0,2.5526515845400097,-0.08795856155103585,10.87256137299172,1652.0,1500.0,3.0,14.0,0.75,0,data_5062026_baseline3,data_5062026_baseline3_00000011,data_5062026/2026_05_06_baseline3/00000011.BIN,data_5062026_baseline3_00000011_manual_01_quality_00
86.3,1070.651299,0.8823529411764706,0.0,2.583454336224677,-0.05422817843683821,10.072098522246728,1650.0,1500.0,3.0,14.0,0.75,0,data_5062026_baseline3,data_5062026_baseline3_00000011,data_5062026/2026_05_06_baseline3/00000011.BIN,data_5062026_baseline3_00000011_manual_01_quality_00
86.4,1070.751299,0.8764705882352941,0.0,2.6545260763710035,-0.015788951784497147,10.297167636059044,1649.0,1500.0,3.0,14.0,0.75,0,data_5062026_baseline3,data_5062026_baseline3_00000011,data_5062026/2026_05_06_baseline3/00000011.BIN,data_5062026_baseline3_00000011_manual_01_quality_00
86.5,1070.851299,0.8705882352941177,0.0,2.67654877246857,-0.02684837115469435,10.622885623825315,1648.0,1500.0,3.0,14.0,0.75,0,data_5062026_baseline3,data_5062026_baseline3_00000011,data_5062026/2026_05_06_baseline3/00000011.BIN,data_5062026_baseline3_00000011_manual_01_quality_00
86.6,1070.951299,0.8470588235294118,0.0,2.686243226971894,-0.03469347613265925,9.955285318323938,1644.0,1500.0,3.0,14.0,0.75,0,data_5062026_baseline3,data_5062026_baseline3_00000011,data_5062026/2026_05_06_baseline3/00000011.BIN,data_5062026_baseline3_00000011_manual_01_quality_00
86.7,1071.051299,0.8470588235294118,0.0175,2.6968645728003646,-0.03787548795635914,10.023608525032335,1644.0,1507.0,3.0,14.0,0.75,0,data_5062026_baseline3,data_5062026_baseline3_00000011,data_5062026/2026_05_06_baseline3/00000011.BIN,data_5062026_baseline3_00000011_manual_01_quality_00
86.8,1071.151299,0.8352941176470589,0.04,2.707718496568734,-0.03963997109703019,9.660199092636327,1642.0,1516.0,3.0,14.0,0.75,0,data_5062026_baseline3,data_5062026_baseline3_00000011,data_5062026/2026_05_06_baseline3/00000011.BIN,data_5062026_baseline3_00000011_manual_01_quality_00
86.9,1071.251299,0.8235294117647058,0.0,2.7672376222536594,-0.011029305507002029,9.690587102733753,1640.0,1500.0,3.0,14.0,0.75,0,data_5062026_baseline3,data_5062026_baseline3_00000011,data_5062026/2026_05_06_baseline3/00000011.BIN,data_5062026_baseline3_00000011_manual_01_quality_00
87.0,1071.351299,0.8117647058823529,0.0,2.8390243492030227,-0.04359119310923043,9.336768187264171,1638.0,1500.0,3.0,14.0,0.75,0,data_5062026_baseline3,data_5062026_baseline3_00000011,data_5062026/2026_05_06_baseline3/00000011.BIN,data_5062026_baseline3_00000011_manual_01_quality_00
87.1,1071.451299,0.8,0.0,2.8873402129238728,-0.05517191581046965,9.102074055195208,1636.0,1500.0,3.0,14.0,0.75,0,data_5062026_baseline3,data_5062026_baseline3_00000011,data_5062026/2026_05_06_baseline3/00000011.BIN,data_5062026_baseline3_00000011_manual_01_quality_00
87.2,1071.551299,0.7588235294117647,0.0,2.9297634018301175,-0.07081216130315415,8.866599360462533,1629.0,1500.0,3.0,14.0,0.75,0,data_5062026_baseline3,data_5062026_baseline3_00000011,data_5062026/2026_05_06_baseline3/00000011.BIN,data_5062026_baseline3_00000011_manual_01_quality_00
87.3,1071.651299,0.7,0.0,2.931383397529393,-0.07821462560131051,8.908204730314733,1619.0,1500.0,3.0,14.0,0.75,0,data_5062026_baseline3,data_5062026_baseline3_00000011,data_5062026/2026_05_06_baseline3/00000011.BIN,data_5062026_baseline3_00000011_manual_01_quality_00
87.4,1071.751299,0.6588235294117647,0.0025,2.9227374818185825,-0.06058895404696059,9.608820911428555,1612.0,1501.0,3.0,14.0,0.75,0,data_5062026_baseline3,data_5062026_baseline3_00000011,data_5062026/2026_05_06_baseline3/00000011.BIN,data_5062026_baseline3_00000011_manual_01_quality_00
87.5,1071.851299,0.5647058823529412,0.0,2.9355075212285926,-0.0870231255022581,9.120626052899732,1596.0,1500.0,3.0,14.0,0.75,0,data_5062026_baseline3,data_5062026_baseline3_00000011,data_5062026/2026_05_06_baseline3/00000011.BIN,data_5062026_baseline3_00000011_manual_01_quality_00
87.6,1071.951299,0.4823529411764706,0.0,2.953640587325224,-0.10256164189878518,8.509463647659356,1582.0,1500.0,3.0,14.0,0.75,0,data_5062026_baseline3,data_5062026_baseline3_00000011,data_5062026/2026_05_06_baseline3/00000011.BIN,data_5062026_baseline3_00000011_manual_01_quality_00
87.7,1072.051299,0.38823529411764707,0.0,2.8347590747213784,-0.15567555259917368,8.479993731809671,1566.0,1500.0,3.0,14.0,0.75,0,data_5062026_baseline3,data_5062026_baseline3_00000011,data_5062026/2026_05_06_baseline3/00000011.BIN,data_5062026_baseline3_00000011_manual_01_quality_00
87.8,1072.151299,0.3411764705882353,0.0,2.681501801825608,-0.1581635812370091,9.62300859127667,1558.0,1500.0,3.0,14.0,0.75,0,data_5062026_baseline3,data_5062026_baseline3_00000011,data_5062026/2026_05_06_baseline3/00000011.BIN,data_5062026_baseline3_00000011_manual_01_quality_00
87.9,1072.251299,0.24705882352941178,0.0925,2.505546703611882,-0.15421921571905692,9.187156772739629,1542.0,1537.0,3.0,14.0,0.75,0,data_5062026_baseline3,data_5062026_baseline3_00000011,data_5062026/2026_05_06_baseline3/00000011.BIN,data_5062026_baseline3_00000011_manual_01_quality_00
88.0,1072.351299,0.0,0.1525,2.323866342798935,-0.043916347563159375,9.085849509160665,1500.0,1561.0,3.0,14.0,0.75,0,data_5062026_baseline3,data_5062026_baseline3_00000011,data_5062026/2026_05_06_baseline3/00000011.BIN,data_5062026_baseline3_00000011_manual_01_quality_00
88.1,1072.451299,0.0,0.17,2.117992530829949,0.048568351514783024,9.75578399669084,1500.0,1568.0,3.0,14.0,0.75,0,data_5062026_baseline3,data_5062026_baseline3_00000011,data_5062026/2026_05_06_baseline3/00000011.BIN,data_5062026_baseline3_00000011_manual_01_quality_00
88.2,1072.551299,0.0,0.17,1.9060298534741527,0.07989048205048668,9.403549146682632,1500.0,1568.0,3.0,14.0,0.75,0,data_5062026_baseline3,data_5062026_baseline3_00000011,data_5062026/2026_05_06_baseline3/00000011.BIN,data_5062026_baseline3_00000011_manual_01_quality_00
88.3,1072.651299,0.0,0.2225,1.6926764524340832,0.12402120899421627,9.877413445646228,1500.0,1589.0,3.0,14.0,0.75,0,data_5062026_baseline3,data_5062026_baseline3_00000011,data_5062026/2026_05_06_baseline3/00000011.BIN,data_5062026_baseline3_00000011_manual_01_quality_00
88.4,1072.751299,0.0,0.29,1.4789718866967885,0.16632410526164285,9.485943412790249,1500.0,1616.0,3.0,14.0,0.75,0,data_5062026_baseline3,data_5062026_baseline3_00000011,data_5062026/2026_05_06_baseline3/00000011.BIN,data_5062026_baseline3_00000011_manual_01_quality_00
88.5,1072.851299,0.0,0.415,1.3597839554690192,0.20842297354755634,8.556714332655266,1500.0,1666.0,3.0,14.0,0.75,0,data_5062026_baseline3,data_5062026_baseline3_00000011,data_5062026/2026_05_06_baseline3/00000011.BIN,data_5062026_baseline3_00000011_manual_01_quality_00
88.6,1072.951299,0.0,0.45,1.2642931557840589,0.22631643955513295,7.741121834533723,1500.0,1680.0,3.0,14.0,0.75,0,data_5062026_baseline3,data_5062026_baseline3_00000011,data_5062026/2026_05_06_baseline3/00000011.BIN,data_5062026_baseline3_00000011_manual_01_quality_00
88.7,1073.051299,0.0,0.47,1.1151985298221485,0.24123386590338572,7.468180166794882,1500.0,1688.0,3.0,14.0,0.75,0,data_5062026_baseline3,data_5062026_baseline3_00000011,data_5062026/2026_05_06_baseline3/00000011.BIN,data_5062026_baseline3_00000011_manual_01_quality_00
88.8,1073.151299,0.22941176470588234,0.505,0.9526459447729703,0.23551606093987654,7.024061192946518,1539.0,1702.0,3.0,14.0,0.75,0,data_5062026_baseline3,data_5062026_baseline3_00000011,data_5062026/2026_05_06_baseline3/00000011.BIN,data_5062026_baseline3_00000011_manual_01_quality_00
88.9,1073.251299,0.3235294117647059,0.6,0.8572399755298403,0.22365796213369152,6.122789536172638,1555.0,1740.0,3.0,14.0,0.75,0,data_5062026_baseline3,data_5062026_baseline3_00000011,data_5062026/2026_05_06_baseline3/00000011.BIN,data_5062026_baseline3_00000011_manual_01_quality_00
89.0,1073.351299,0.37058823529411766,0.595,0.7787204494955773,0.24216051364853972,5.165576573210066,1563.0,1738.0,3.0,14.0,0.75,0,data_5062026_baseline3,data_5062026_baseline3_00000011,data_5062026/2026_05_06_baseline3/00000011.BIN,data_5062026_baseline3_00000011_manual_01_quality_00
89.1,1073.451299,0.47058823529411764,0.5075,0.7833564971046966,0.26641949561416606,4.811279556112498,1580.0,1703.0,3.0,14.0,0.75,0,data_5062026_baseline3,data_5062026_baseline3_00000011,data_5062026/2026_05_06_baseline3/00000011.BIN,data_5062026_baseline3_00000011_manual_01_quality_00
89.2,1073.551299,0.5470588235294118,0.3675,0.8088217322195803,0.26052521704994297,4.972949823832077,1593.0,1647.0,3.0,14.0,0.75,0,data_5062026_baseline3,data_5062026_baseline3_00000011,data_5062026/2026_05_06_baseline3/00000011.BIN,data_5062026_baseline3_00000011_manual_01_quality_00
89.3,1073.651299,0.6470588235294118,0.3175,0.9179834163065247,0.2613807781949034,5.319780123077807,1610.0,1627.0,3.0,14.0,0.75,0,data_5062026_baseline3,data_5062026_baseline3_00000011,data_5062026/2026_05_06_baseline3/00000011.BIN,data_5062026_baseline3_00000011_manual_01_quality_00
89.4,1073.751299,0.6941176470588235,0.315,1.0482709956488383,0.29566112185002036,5.4565168014533425,1618.0,1626.0,3.0,14.0,0.75,0,data_5062026_baseline3,data_5062026_baseline3_00000011,data_5062026/2026_05_06_baseline3/00000011.BIN,data_5062026_baseline3_00000011_manual_01_quality_00
89.5,1073.851299,0.788235294117647,0.21,1.1491374743440632,0.3144893439112617,5.551173942943743,1634.0,1584.0,3.0,14.0,0.75,0,data_5062026_baseline3,data_5062026_baseline3_00000011,data_5062026/2026_05_06_baseline3/00000011.BIN,data_5062026_baseline3_00000011_manual_01_quality_00
89.6,1073.951299,0.8235294117647058,0.1675,1.2426242973766828,0.26330051567494095,5.787795900659794,1640.0,1567.0,3.0,14.0,0.75,0,data_5062026_baseline3,data_5062026_baseline3_00000011,data_5062026/2026_05_06_baseline3/00000011.BIN,data_5062026_baseline3_00000011_manual_01_quality_00
89.7,1074.051299,0.8117647058823529,0.255,1.3570572883807785,0.22305464835370906,7.160898774939122,1638.0,1602.0,3.0,14.0,0.75,0,data_5062026_baseline3,data_5062026_baseline3_00000011,data_5062026/2026_05_06_baseline3/00000011.BIN,data_5062026_baseline3_00000011_manual_01_quality_00
89.8,1074.151299,0.8117647058823529,0.315,1.4767641849828852,0.20317587787370933,7.7316526549474665,1638.0,1626.0,3.0,14.0,0.75,0,data_5062026_baseline3,data_5062026_baseline3_00000011,data_5062026/2026_05_06_baseline3/00000011.BIN,data_5062026_baseline3_00000011_manual_01_quality_00
89.9,1074.251299,0.8117647058823529,0.315,1.5773697796186563,0.21727428405426938,7.212024462606004,1638.0,1626.0,3.0,14.0,0.75,0,data_5062026_baseline3,data_5062026_baseline3_00000011,data_5062026/2026_05_06_baseline3/00000011.BIN,data_5062026_baseline3_00000011_manual_01_quality_00
90.0,1074.351299,0.8117647058823529,0.3125,1.6731764472868653,0.2742305226327374,7.834627037152922,1638.0,1625.0,3.0,14.0,0.75,0,data_5062026_baseline3,data_5062026_baseline3_00000011,data_5062026/2026_05_06_baseline3/00000011.BIN,data_5062026_baseline3_00000011_manual_01_quality_00
90.1,1074.451299,0.8117647058823529,0.3125,1.6935814676064604,0.25014499882017377,8.396750950332326,1638.0,1625.0,3.0,14.0,0.75,0,data_5062026_baseline3,data_5062026_baseline3_00000011,data_5062026/2026_05_06_baseline3/00000011.BIN,data_5062026_baseline3_00000011_manual_01_quality_00
90.2,1074.551299,0.8117647058823529,0.3125,1.6949838491775482,0.27554915175629385,9.132096393662737,1638.0,1625.0,3.0,14.0,0.75,0,data_5062026_baseline3,data_5062026_baseline3_00000011,data_5062026/2026_05_06_baseline3/00000011.BIN,data_5062026_baseline3_00000011_manual_01_quality_00
90.3,1074.651299,0.8235294117647058,0.315,1.6927072059740034,0.2574386577567795,8.83232027187601,1640.0,1626.0,3.0,14.0,0.75,0,data_5062026_baseline3,data_5062026_baseline3_00000011,data_5062026/2026_05_06_baseline3/00000011.BIN,data_5062026_baseline3_00000011_manual_01_quality_00
90.4,1074.751299,0.8294117647058824,0.315,1.6895058575670825,0.29300634383776025,9.525239512676805,1641.0,1626.0,3.0,14.0,0.75,0,data_5062026_baseline3,data_5062026_baseline3_00000011,data_5062026/2026_05_06_baseline3/00000011.BIN,data_5062026_baseline3_00000011_manual_01_quality_00
90.5,1074.851299,0.8352941176470589,0.2675,1.6783348160304705,0.29488383289864056,9.578839640955842,1642.0,1607.0,3.0,14.0,0.75,0,data_5062026_baseline3,data_5062026_baseline3_00000011,data_5062026/2026_05_06_baseline3/00000011.BIN,data_5062026_baseline3_00000011_manual_01_quality_00
90.6,1074.951299,0.8352941176470589,0.2075,1.6651637493011904,0.2695809400502653,9.551943023865267,1642.0,1583.0,3.0,14.0,0.75,0,data_5062026_baseline3,data_5062026_baseline3_00000011,data_5062026/2026_05_06_baseline3/00000011.BIN,data_5062026_baseline3_00000011_manual_01_quality_00
90.7,1075.051299,0.8352941176470589,0.0,1.683683994160008,0.1645447953567442,9.824444420434794,1642.0,1500.0,3.0,14.0,0.75,0,data_5062026_baseline3,data_5062026_baseline3_00000011,data_5062026/2026_05_06_baseline3/00000011.BIN,data_5062026_baseline3_00000011_manual_01_quality_00
90.8,1075.151299,0.8352941176470589,0.0,1.7101439100834879,0.05093136471675342,10.189357895957338,1642.0,1500.0,3.0,14.0,0.75,0,data_5062026_baseline3,data_5062026_baseline3_00000011,data_5062026/2026_05_06_baseline3/00000011.BIN,data_5062026_baseline3_00000011_manual_01_quality_00
90.9,1075.251299,0.8352941176470589,-0.04,1.7684818954762687,-0.0025443905156144926,10.082743987079574,1642.0,1484.0,3.0,14.0,0.75,0,data_5062026_baseline3,data_5062026_baseline3_00000011,data_5062026/2026_05_06_baseline3/00000011.BIN,data_5062026_baseline3_00000011_manual_01_quality_00
91.0,1075.351299,0.8352941176470589,-0.04,1.834838770723485,-0.014304227459109668,10.207763553785574,1642.0,1484.0,3.0,14.0,0.75,0,data_5062026_baseline3,data_5062026_baseline3_00000011,data_5062026/2026_05_06_baseline3/00000011.BIN,data_5062026_baseline3_00000011_manual_01_quality_00
91.1,1075.451299,0.8352941176470589,-0.0875,1.8323052156083233,-0.02325787980864125,10.316168419427523,1642.0,1465.0,3.0,14.0,0.75,0,data_5062026_baseline3,data_5062026_baseline3_00000011,data_5062026/2026_05_06_baseline3/00000011.BIN,data_5062026_baseline3_00000011_manual_01_quality_00
91.2,1075.551299,0.8352941176470589,-0.0875,1.8124606964733596,-0.058670497643423906,10.447950887156205,1642.0,1465.0,3.0,14.0,0.75,0,data_5062026_baseline3,data_5062026_baseline3_00000011,data_5062026/2026_05_06_baseline3/00000011.BIN,data_5062026_baseline3_00000011_manual_01_quality_00
91.3,1075.651299,0.8294117647058824,0.0,1.8235313918930902,-0.060875903544200805,11.098054908111529,1641.0,1500.0,3.0,14.0,0.75,0,data_5062026_baseline3,data_5062026_baseline3_00000011,data_5062026/2026_05_06_baseline3/00000011.BIN,data_5062026_baseline3_00000011_manual_01_quality_00
91.4,1075.751299,0.8235294117647058,0.0,1.84239912128947,-0.0022679736239227914,10.554447728517541,1640.0,1500.0,3.0,14.0,0.75,0,data_5062026_baseline3,data_5062026_baseline3_00000011,data_5062026/2026_05_06_baseline3/00000011.BIN,data_5062026_baseline3_00000011_manual_01_quality_00
91.5,1075.851299,0.8235294117647058,0.0,1.8491197464207325,0.03367729914251262,10.921125943675479,1640.0,1500.0,3.0,14.0,0.75,0,data_5062026_baseline3,data_5062026_baseline3_00000011,data_5062026/2026_05_06_baseline3/00000011.BIN,data_5062026_baseline3_00000011_manual_01_quality_00
91.6,1075.951299,0.8235294117647058,0.0,1.852818084617702,0.057754253616501945,10.814497656646074,1640.0,1500.0,3.0,14.0,0.75,0,data_5062026_baseline3,data_5062026_baseline3_00000011,data_5062026/2026_05_06_baseline3/00000011.BIN,data_5062026_baseline3_00000011_manual_01_quality_00
91.7,1076.051299,0.8117647058823529,0.0,1.8763366917220246,0.053965411721687694,10.791495818671313,1638.0,1500.0,3.0,14.0,0.75,0,data_5062026_baseline3,data_5062026_baseline3_00000011,data_5062026/2026_05_06_baseline3/00000011.BIN,data_5062026_baseline3_00000011_manual_01_quality_00
91.8,1076.151299,0.8058823529411765,0.0,1.8998552988264006,0.04572181425789058,10.772034096939166,1637.0,1500.0,3.0,14.0,0.75,0,data_5062026_baseline3,data_5062026_baseline3_00000011,data_5062026/2026_05_06_baseline3/00000011.BIN,data_5062026_baseline3_00000011_manual_01_quality_00
91.9,1076.251299,0.788235294117647,0.0,1.8921272792953834,0.03476098824076992,10.53626725191178,1634.0,1500.0,3.0,14.0,0.75,0,data_5062026_baseline3,data_5062026_baseline3_00000011,data_5062026/2026_05_06_baseline3/00000011.BIN,data_5062026_baseline3_00000011_manual_01_quality_00
92.0,1076.351299,0.7823529411764706,0.0,1.8765509516041972,0.0414904504190933,11.176869764211864,1633.0,1500.0,3.0,14.0,0.75,0,data_5062026_baseline3,data_5062026_baseline3_00000011,data_5062026/2026_05_06_baseline3/00000011.BIN,data_5062026_baseline3_00000011_manual_01_quality_00
92.1,1076.451299,0.7647058823529411,0.0,1.9069147684936192,0.03798277228148274,10.897585630250342,1630.0,1500.0,3.0,14.0,0.75,0,data_5062026_baseline3,data_5062026_baseline3_00000011,data_5062026/2026_05_06_baseline3/00000011.BIN,data_5062026_baseline3_00000011_manual_01_quality_00
92.2,1076.551299,0.7588235294117647,0.0,1.9488376517622434,0.04080551188018289,11.296935832612524,1629.0,1500.0,3.0,14.0,0.75,0,data_5062026_baseline3,data_5062026_baseline3_00000011,data_5062026/2026_05_06_baseline3/00000011.BIN,data_5062026_baseline3_00000011_manual_01_quality_00
92.3,1076.651299,0.7235294117647059,0.0,1.9331209171674373,0.03366356866184611,10.771856440118695,1623.0,1500.0,3.0,14.0,0.75,0,data_5062026_baseline3,data_5062026_baseline3_00000011,data_5062026/2026_05_06_baseline3/00000011.BIN,data_5062026_baseline3_00000011_manual_01_quality_00
92.4,1076.751299,0.711764705882353,0.0,1.9029158389486325,0.03061285083837349,11.495941562168131,1621.0,1500.0,3.0,14.0,0.75,0,data_5062026_baseline3,data_5062026_baseline3_00000011,data_5062026/2026_05_06_baseline3/00000011.BIN,data_5062026_baseline3_00000011_manual_01_quality_00
92.5,1076.851299,0.7,0.0,1.931946857628536,0.02509975154338999,10.773936788599878,1619.0,1500.0,3.0,14.0,0.75,0,data_5062026_baseline3,data_5062026_baseline3_00000011,data_5062026/2026_05_06_baseline3/00000011.BIN,data_5062026_baseline3_00000011_manual_01_quality_00
92.6,1076.951299,0.7,0.0,1.9758916372074073,0.016229937941281615,10.953758576071747,1619.0,1500.0,3.0,14.0,0.75,0,data_5062026_baseline3,data_5062026_baseline3_00000011,data_5062026/2026_05_06_baseline3/00000011.BIN,data_5062026_baseline3_00000011_manual_01_quality_00
92.7,1077.051299,0.7,0.0,1.949038970234394,0.020918963406237157,10.89617915906521,1619.0,1500.0,3.0,14.0,0.75,0,data_5062026_baseline3,data_5062026_baseline3_00000011,data_5062026/2026_05_06_baseline3/00000011.BIN,data_5062026_baseline3_00000011_manual_01_quality_00
92.8,1077.151299,0.6705882352941176,0.0,1.9043650909674759,0.02782209968072496,10.490557577913846,1614.0,1500.0,3.0,14.0,0.75,0,data_5062026_baseline3,data_5062026_baseline3_00000011,data_5062026/2026_05_06_baseline3/00000011.BIN,data_5062026_baseline3_00000011_manual_01_quality_00
92.9,1077.251299,0.5941176470588235,0.0,1.8457929404166131,0.04240272712622206,10.34749298705838,1601.0,1500.0,3.0,14.0,0.75,0,data_5062026_baseline3,data_5062026_baseline3_00000011,data_5062026/2026_05_06_baseline3/00000011.BIN,data_5062026_baseline3_00000011_manual_01_quality_00
93.0,1077.351299,0.5470588235294118,0.0,1.7837159841985382,0.048645396061292236,10.686180585703317,1593.0,1500.0,3.0,14.0,0.75,0,data_5062026_baseline3,data_5062026_baseline3_00000011,data_5062026/2026_05_06_baseline3/00000011.BIN,data_5062026_baseline3_00000011_manual_01_quality_00
93.1,1077.451299,0.45294117647058824,0.0,1.706424657670649,0.019168974373565073,9.972063821097766,1577.0,1500.0,3.0,14.0,0.75,0,data_5062026_baseline3,data_5062026_baseline3_00000011,data_5062026/2026_05_06_baseline3/00000011.BIN,data_5062026_baseline3_00000011_manual_01_quality_00
93.2,1077.551299,0.37058823529411766,0.0,1.6253064129871717,-0.004839253566740718,9.93621516196029,1563.0,1500.0,3.0,14.0,0.75,0,data_5062026_baseline3,data_5062026_baseline3_00000011,data_5062026/2026_05_06_baseline3/00000011.BIN,data_5062026_baseline3_00000011_manual_01_quality_00
93.3,1077.651299,0.27647058823529413,0.0,1.527869474961473,-0.02349873104567221,9.263281000259658,1547.0,1500.0,3.0,14.0,0.75,0,data_5062026_baseline3,data_5062026_baseline3_00000011,data_5062026/2026_05_06_baseline3/00000011.BIN,data_5062026_baseline3_00000011_manual_01_quality_00
93.4,1077.751299,0.22941176470588234,0.0,1.4263339776418087,0.0011249006115460337,8.877229494769278,1539.0,1500.0,3.0,14.0,0.75,0,data_5062026_baseline3,data_5062026_baseline3_00000011,data_5062026/2026_05_06_baseline3/00000011.BIN,data_5062026_baseline3_00000011_manual_01_quality_00
93.5,1077.851299,0.0,0.0,1.2606282061346854,-0.012711323706052864,8.210753147172625,1500.0,1500.0,3.0,14.0,0.75,0,data_5062026_baseline3,data_5062026_baseline3_00000011,data_5062026/2026_05_06_baseline3/00000011.BIN,data_5062026_baseline3_00000011_manual_01_quality_00
93.6,1077.951299,0.0,0.0,1.0788327133329432,-0.0004904204598833185,7.131336341657456,1500.0,1500.0,3.0,14.0,0.75,0,data_5062026_baseline3,data_5062026_baseline3_00000011,data_5062026/2026_05_06_baseline3/00000011.BIN,data_5062026_baseline3_00000011_manual_01_quality_00
93.7,1078.051299,0.0,0.0,0.9740249884511669,0.030880509596329257,6.555205737746182,1500.0,1500.0,3.0,14.0,0.75,0,data_5062026_baseline3,data_5062026_baseline3_00000011,data_5062026/2026_05_06_baseline3/00000011.BIN,data_5062026_baseline3_00000011_manual_01_quality_00
93.8,1078.151299,0.0,0.0,0.8885147553102786,-0.00016014147285918896,5.946476956870035,1500.0,1500.0,3.0,14.0,0.75,0,data_5062026_baseline3,data_5062026_baseline3_00000011,data_5062026/2026_05_06_baseline3/00000011.BIN,data_5062026_baseline3_00000011_manual_01_quality_00
93.9,1078.251299,0.0,0.0,0.8088642356169291,-0.022355401819958542,4.933073662065372,1500.0,1500.0,3.0,14.0,0.75,0,data_5062026_baseline3,data_5062026_baseline3_00000011,data_5062026/2026_05_06_baseline3/00000011.BIN,data_5062026_baseline3_00000011_manual_01_quality_00
94.0,1078.351299,0.0,0.0,0.7306874444157421,-0.0061983480422530424,3.8632895818692843,1500.0,1500.0,3.0,14.0,0.75,0,data_5062026_baseline3,data_5062026_baseline3_00000011,data_5062026/2026_05_06_baseline3/00000011.BIN,data_5062026_baseline3_00000011_manual_01_quality_00
94.1,1078.451299,0.0,0.0,0.7157296374722087,-0.03569940291902555,3.3819399618392074,1500.0,1500.0,3.0,14.0,0.75,0,data_5062026_baseline3,data_5062026_baseline3_00000011,data_5062026/2026_05_06_baseline3/00000011.BIN,data_5062026_baseline3_00000011_manual_01_quality_00
94.2,1078.551299,0.0,0.0,0.7166388568265788,-0.09186955839203459,3.0797560616126627,1500.0,1500.0,3.0,14.0,0.75,0,data_5062026_baseline3,data_5062026_baseline3_00000011,data_5062026/2026_05_06_baseline3/00000011.BIN,data_5062026_baseline3_00000011_manual_01_quality_00
94.3,1078.651299,0.0,0.0,0.734699063010536,-0.09369034719291916,2.6359004519597073,1500.0,1500.0,3.0,14.0,0.75,0,data_5062026_baseline3,data_5062026_baseline3_00000011,data_5062026/2026_05_06_baseline3/00000011.BIN,data_5062026_baseline3_00000011_manual_01_quality_00
94.4,1078.751299,0.0,0.0,0.7570703559068357,-0.06577815020768235,2.452773027258426,1500.0,1500.0,3.0,14.0,0.75,0,data_5062026_baseline3,data_5062026_baseline3_00000011,data_5062026/2026_05_06_baseline3/00000011.BIN,data_5062026_baseline3_00000011_manual_01_quality_00
94.5,1078.851299,0.0,0.0,0.7356180372367409,-0.08105889557907343,2.9541268520923807,1500.0,1500.0,3.0,14.0,0.75,0,data_5062026_baseline3,data_5062026_baseline3_00000011,data_5062026/2026_05_06_baseline3/00000011.BIN,data_5062026_baseline3_00000011_manual_01_quality_00
94.6,1078.951299,0.0,0.0,0.7031556674331162,-0.09824288649492635,3.4103651189910535,1500.0,1500.0,3.0,14.0,0.75,0,data_5062026_baseline3,data_5062026_baseline3_00000011,data_5062026/2026_05_06_baseline3/00000011.BIN,data_5062026_baseline3_00000011_manual_01_quality_00
94.7,1079.051299,0.0,0.0,0.7096597959081918,-0.09795750033605,3.8454692662540872,1500.0,1500.0,3.0,14.0,0.75,0,data_5062026_baseline3,data_5062026_baseline3_00000011,data_5062026/2026_05_06_baseline3/00000011.BIN,data_5062026_baseline3_00000011_manual_01_quality_00
94.8,1079.151299,0.0,0.0,0.72597505707706,-0.09226187758542627,4.027333643460793,1500.0,1500.0,3.0,14.0,0.75,0,data_5062026_baseline3,data_5062026_baseline3_00000011,data_5062026/2026_05_06_baseline3/00000011.BIN,data_5062026_baseline3_00000011_manual_01_quality_00
94.9,1079.251299,0.0,0.0,0.6981653093407039,-0.052609868496366965,4.224199463925749,1500.0,1500.0,3.0,14.0,0.75,0,data_5062026_baseline3,data_5062026_baseline3_00000011,data_5062026/2026_05_06_baseline3/00000011.BIN,data_5062026_baseline3_00000011_manual_01_quality_00
95.0,1079.351299,0.0,0.0,0.659255277762134,-0.07039864222895845,4.499834391243147,1500.0,1500.0,3.0,14.0,0.75,0,data_5062026_baseline3,data_5062026_baseline3_00000011,data_5062026/2026_05_06_baseline3/00000011.BIN,data_5062026_baseline3_00000011_manual_01_quality_00
95.1,1079.451299,0.0,0.0,0.6442465838768302,-0.08769067311783481,4.508269870630758,1500.0,1500.0,3.0,14.0,0.75,0,data_5062026_baseline3,data_5062026_baseline3_00000011,data_5062026/2026_05_06_baseline3/00000011.BIN,data_5062026_baseline3_00000011_manual_01_quality_00
95.2,1079.551299,0.0,0.0,0.6352371448889658,-0.06602674490314354,4.982087547894351,1500.0,1500.0,3.0,14.0,0.75,0,data_5062026_baseline3,data_5062026_baseline3_00000011,data_5062026/2026_05_06_baseline3/00000011.BIN,data_5062026_baseline3_00000011_manual_01_quality_00
95.3,1079.651299,0.0,0.0,0.5845140082790001,-0.07096832501935027,5.54468324339745,1500.0,1500.0,3.0,14.0,0.75,0,data_5062026_baseline3,data_5062026_baseline3_00000011,data_5062026/2026_05_06_baseline3/00000011.BIN,data_5062026_baseline3_00000011_manual_01_quality_00
95.4,1079.751299,0.0,0.0,0.523298494822472,-0.06599125987759186,5.485814123729812,1500.0,1500.0,3.0,14.0,0.75,0,data_5062026_baseline3,data_5062026_baseline3_00000011,data_5062026/2026_05_06_baseline3/00000011.BIN,data_5062026_baseline3_00000011_manual_01_quality_00
95.5,1079.851299,0.0,0.0,0.49868331555766804,-0.041945889553561,4.818792774177429,1500.0,1500.0,3.0,14.0,0.75,0,data_5062026_baseline3,data_5062026_baseline3_00000011,data_5062026/2026_05_06_baseline3/00000011.BIN,data_5062026_baseline3_00000011_manual_01_quality_00
95.6,1079.951299,0.0,0.0,0.48329266456640885,-0.03228395591442409,4.346995382907713,1500.0,1500.0,3.0,14.0,0.75,0,data_5062026_baseline3,data_5062026_baseline3_00000011,data_5062026/2026_05_06_baseline3/00000011.BIN,data_5062026_baseline3_00000011_manual_01_quality_00
95.7,1080.051299,0.0,0.0,0.4844519428990197,-0.05194719025334384,4.46011931398438,1500.0,1500.0,3.0,14.0,0.75,0,data_5062026_baseline3,data_5062026_baseline3_00000011,data_5062026/2026_05_06_baseline3/00000011.BIN,data_5062026_baseline3_00000011_manual_01_quality_00
95.8,1080.151299,0.0,0.0,0.4856112212316332,-0.07283288795114412,4.417603869264304,1500.0,1500.0,3.0,14.0,0.75,0,data_5062026_baseline3,data_5062026_baseline3_00000011,data_5062026/2026_05_06_baseline3/00000011.BIN,data_5062026_baseline3_00000011_manual_01_quality_00
95.9,1080.251299,0.0,0.0,0.47331077885584527,-0.06390737566088722,3.5496724852656887,1500.0,1500.0,3.0,14.0,0.75,0,data_5062026_baseline3,data_5062026_baseline3_00000011,data_5062026/2026_05_06_baseline3/00000011.BIN,data_5062026_baseline3_00000011_manual_01_quality_00
96.0,1080.351299,0.0,0.0,0.4576169667127798,-0.03542501178268244,2.4969291164156737,1500.0,1500.0,3.0,14.0,0.75,0,data_5062026_baseline3,data_5062026_baseline3_00000011,data_5062026/2026_05_06_baseline3/00000011.BIN,data_5062026_baseline3_00000011_manual_01_quality_00
96.1,1080.451299,0.0,0.0,0.44151853851553174,-0.037448265327369105,2.355205260424632,1500.0,1500.0,3.0,14.0,0.75,0,data_5062026_baseline3,data_5062026_baseline3_00000011,data_5062026/2026_05_06_baseline3/00000011.BIN,data_5062026_baseline3_00000011_manual_01_quality_00
96.2,1080.551299,0.0,0.0,0.4253183613258543,-0.09605468735826977,2.9271968101138737,1500.0,1500.0,3.0,14.0,0.75,0,data_5062026_baseline3,data_5062026_baseline3_00000011,data_5062026/2026_05_06_baseline3/00000011.BIN,data_5062026_baseline3_00000011_manual_01_quality_00
96.3,1080.651299,0.0,0.0,0.44457222577116257,-0.13741410178150404,3.360441494523809,1500.0,1500.0,3.0,14.0,0.75,0,data_5062026_baseline3,data_5062026_baseline3_00000011,data_5062026/2026_05_06_baseline3/00000011.BIN,data_5062026_baseline3_00000011_manual_01_quality_00
96.4,1080.751299,0.0,0.0,0.4727589551666907,-0.09928696611213439,3.3774399396981045,1500.0,1500.0,3.0,14.0,0.75,0,data_5062026_baseline3,data_5062026_baseline3_00000011,data_5062026/2026_05_06_baseline3/00000011.BIN,data_5062026_baseline3_00000011_manual_01_quality_00
96.5,1080.851299,0.0,0.0,0.4401541601632813,-0.061070128865154394,3.6215192705361585,1500.0,1500.0,3.0,14.0,0.75,0,data_5062026_baseline3,data_5062026_baseline3_00000011,data_5062026/2026_05_06_baseline3/00000011.BIN,data_5062026_baseline3_00000011_manual_01_quality_00
96.6,1080.951299,0.0,0.0,0.3922915952407964,-0.058313154291770204,4.310894444162013,1500.0,1500.0,3.0,14.0,0.75,0,data_5062026_baseline3,data_5062026_baseline3_00000011,data_5062026/2026_05_06_baseline3/00000011.BIN,data_5062026_baseline3_00000011_manual_01_quality_00
96.7,1081.051299,0.0,0.0,0.3916918850412048,-0.07161395905393805,5.277329382130064,1500.0,1500.0,3.0,14.0,0.75,0,data_5062026_baseline3,data_5062026_baseline3_00000011,data_5062026/2026_05_06_baseline3/00000011.BIN,data_5062026_baseline3_00000011_manual_01_quality_00
96.8,1081.151299,0.0,0.0,0.4029500120152888,-0.06387503421047884,5.849528274782359,1500.0,1500.0,3.0,14.0,0.75,0,data_5062026_baseline3,data_5062026_baseline3_00000011,data_5062026/2026_05_06_baseline3/00000011.BIN,data_5062026_baseline3_00000011_manual_01_quality_00
96.9,1081.251299,0.0,0.0,0.4047093767599263,-0.04407418512374719,5.468877178564187,1500.0,1500.0,3.0,14.0,0.75,0,data_5062026_baseline3,data_5062026_baseline3_00000011,data_5062026/2026_05_06_baseline3/00000011.BIN,data_5062026_baseline3_00000011_manual_01_quality_00
97.0,1081.351299,0.0,0.0,0.40404513692059896,-0.038407207924017576,4.82568600658843,1500.0,1500.0,3.0,14.0,0.75,0,data_5062026_baseline3,data_5062026_baseline3_00000011,data_5062026/2026_05_06_baseline3/00000011.BIN,data_5062026_baseline3_00000011_manual_01_quality_00
97.1,1081.451299,0.0,0.0,0.35880828322592834,-0.06668025416432118,4.598807877007398,1500.0,1500.0,3.0,14.0,0.75,0,data_5062026_baseline3,data_5062026_baseline3_00000011,data_5062026/2026_05_06_baseline3/00000011.BIN,data_5062026_baseline3_00000011_manual_01_quality_00
97.2,1081.551299,0.0,0.0,0.31357142953136063,-0.09423250746023432,4.500264781259394,1500.0,1500.0,3.0,14.0,0.75,0,data_5062026_baseline3,data_5062026_baseline3_00000011,data_5062026/2026_05_06_baseline3/00000011.BIN,data_5062026_baseline3_00000011_manual_01_quality_00
97.3,1081.651299,0.0,0.0,0.32470323831458436,-0.09924700462332009,3.8823807123785135,1500.0,1500.0,3.0,14.0,0.75,0,data_5062026_baseline3,data_5062026_baseline3_00000011,data_5062026/2026_05_06_baseline3/00000011.BIN,data_5062026_baseline3_00000011_manual_01_quality_00
97.4,1081.751299,0.0,0.0,0.3500101015846088,-0.09598959706942545,3.0549971531779656,1500.0,1500.0,3.0,14.0,0.75,0,data_5062026_baseline3,data_5062026_baseline3_00000011,data_5062026/2026_05_06_baseline3/00000011.BIN,data_5062026_baseline3_00000011_manual_01_quality_00
97.5,1081.851299,0.0,0.0,0.3238080937162747,-0.10028827936043541,2.8708081247059964,1500.0,1500.0,3.0,14.0,0.75,0,data_5062026_baseline3,data_5062026_baseline3_00000011,data_5062026/2026_05_06_baseline3/00000011.BIN,data_5062026_baseline3_00000011_manual_01_quality_00
97.6,1081.951299,0.0,0.0,0.2846200328788305,-0.11098756692146203,3.3183008235660325,1500.0,1500.0,3.0,14.0,0.75,0,data_5062026_baseline3,data_5062026_baseline3_00000011,data_5062026/2026_05_06_baseline3/00000011.BIN,data_5062026_baseline3_00000011_manual_01_quality_00
97.7,1082.051299,0.0,0.0,0.3022676532548963,-0.12352607088331477,3.501350675419428,1500.0,1500.0,3.0,14.0,0.75,0,data_5062026_baseline3,data_5062026_baseline3_00000011,data_5062026/2026_05_06_baseline3/00000011.BIN,data_5062026_baseline3_00000011_manual_01_quality_00
97.8,1082.151299,0.0,0.0,0.33417129218546815,-0.12259613883916173,3.317207642545718,1500.0,1500.0,3.0,14.0,0.75,0,data_5062026_baseline3,data_5062026_baseline3_00000011,data_5062026/2026_05_06_baseline3/00000011.BIN,data_5062026_baseline3_00000011_manual_01_quality_00
97.9,1082.251299,0.0,0.0,0.3315436317444422,-0.1179452527369628,3.619852244278782,1500.0,1500.0,3.0,14.0,0.75,0,data_5062026_baseline3,data_5062026_baseline3_00000011,data_5062026/2026_05_06_baseline3/00000011.BIN,data_5062026_baseline3_00000011_manual_01_quality_00
98.0,1082.351299,0.0,0.0,0.3201977286150592,-0.09998508405480812,4.689518105833861,1500.0,1500.0,3.0,14.0,0.75,0,data_5062026_baseline3,data_5062026_baseline3_00000011,data_5062026/2026_05_06_baseline3/00000011.BIN,data_5062026_baseline3_00000011_manual_01_quality_00
98.1,1082.451299,0.0,0.0,0.31041222851228095,-0.10535781408216971,5.294918799356694,1500.0,1500.0,3.0,14.0,0.75,0,data_5062026_baseline3,data_5062026_baseline3_00000011,data_5062026/2026_05_06_baseline3/00000011.BIN,data_5062026_baseline3_00000011_manual_01_quality_00
98.2,1082.551299,0.0,0.0,0.3010183663984848,-0.10739386643545856,5.077639493752027,1500.0,1500.0,3.0,14.0,0.75,0,data_5062026_baseline3,data_5062026_baseline3_00000011,data_5062026/2026_05_06_baseline3/00000011.BIN,data_5062026_baseline3_00000011_manual_01_quality_00
98.3,1082.651299,0.0,0.0,0.2918945864651899,-0.09298524143974642,4.517845694909597,1500.0,1500.0,3.0,14.0,0.75,0,data_5062026_baseline3,data_5062026_baseline3_00000011,data_5062026/2026_05_06_baseline3/00000011.BIN,data_5062026_baseline3_00000011_manual_01_quality_00
98.4,1082.751299,0.0,0.0,0.2828105478915993,-0.07164428183188444,4.196750647523279,1500.0,1500.0,3.0,14.0,0.75,0,data_5062026_baseline3,data_5062026_baseline3_00000011,data_5062026/2026_05_06_baseline3/00000011.BIN,data_5062026_baseline3_00000011_manual_01_quality_00
98.5,1082.851299,0.0,0.0,0.24028185726793833,-0.06535895556135041,4.177941077405606,1500.0,1500.0,3.0,14.0,0.75,0,data_5062026_baseline3,data_5062026_baseline3_00000011,data_5062026/2026_05_06_baseline3/00000011.BIN,data_5062026_baseline3_00000011_manual_01_quality_00
98.6,1082.951299,0.0,0.0,0.19775316664418063,-0.10997127182964483,4.230282480092247,1500.0,1500.0,3.0,14.0,0.75,0,data_5062026_baseline3,data_5062026_baseline3_00000011,data_5062026/2026_05_06_baseline3/00000011.BIN,data_5062026_baseline3_00000011_manual_01_quality_00
98.7,1083.051299,0.0,0.0,0.22582496603977606,-0.18748650901704542,4.090877598701583,1500.0,1500.0,3.0,14.0,0.75,0,data_5062026_baseline3,data_5062026_baseline3_00000011,data_5062026/2026_05_06_baseline3/00000011.BIN,data_5062026_baseline3_00000011_manual_01_quality_00
98.8,1083.151299,0.0,0.0,0.2717226353305531,-0.2063466103324072,3.573299437234357,1500.0,1500.0,3.0,14.0,0.75,0,data_5062026_baseline3,data_5062026_baseline3_00000011,data_5062026/2026_05_06_baseline3/00000011.BIN,data_5062026_baseline3_00000011_manual_01_quality_00
98.9,1083.251299,0.0,0.0,0.28237685991818867,-0.15662556273645217,2.8737663639232776,1500.0,1500.0,3.0,14.0,0.75,0,data_5062026_baseline3,data_5062026_baseline3_00000011,data_5062026/2026_05_06_baseline3/00000011.BIN,data_5062026_baseline3_00000011_manual_01_quality_00
99.0,1083.351299,0.0,0.0,0.2841689505949931,-0.10385027046956266,2.843673596208553,1500.0,1500.0,3.0,14.0,0.75,0,data_5062026_baseline3,data_5062026_baseline3_00000011,data_5062026/2026_05_06_baseline3/00000011.BIN,data_5062026_baseline3_00000011_manual_01_quality_00
99.1,1083.451299,0.0,0.0,0.2571599837547256,-0.13131913812588053,3.855085213939891,1500.0,1500.0,3.0,14.0,0.75,0,data_5062026_baseline3,data_5062026_baseline3_00000011,data_5062026/2026_05_06_baseline3/00000011.BIN,data_5062026_baseline3_00000011_manual_01_quality_00
99.2,1083.551299,0.0,0.0,0.22289847481577169,-0.18613296925883194,4.879135838214546,1500.0,1500.0,3.0,14.0,0.75,0,data_5062026_baseline3,data_5062026_baseline3_00000011,data_5062026/2026_05_06_baseline3/00000011.BIN,data_5062026_baseline3_00000011_manual_01_quality_00
99.3,1083.651299,0.0,0.0,0.24288921409094186,-0.1900360046705337,5.017312882918528,1500.0,1500.0,3.0,14.0,0.75,0,data_5062026_baseline3,data_5062026_baseline3_00000011,data_5062026/2026_05_06_baseline3/00000011.BIN,data_5062026_baseline3_00000011_manual_01_quality_00
99.4,1083.751299,0.0,0.0,0.27652874047671805,-0.13010253393313054,4.420423611865915,1500.0,1500.0,3.0,14.0,0.75,0,data_5062026_baseline3,data_5062026_baseline3_00000011,data_5062026/2026_05_06_baseline3/00000011.BIN,data_5062026_baseline3_00000011_manual_01_quality_00
99.5,1083.851299,0.0,0.0,0.2658568068529707,-0.08496360912367361,3.8324548035353425,1500.0,1500.0,3.0,14.0,0.75,0,data_5062026_baseline3,data_5062026_baseline3_00000011,data_5062026/2026_05_06_baseline3/00000011.BIN,data_5062026_baseline3_00000011_manual_01_quality_00
99.6,1083.951299,0.0,0.0,0.2440536446390716,-0.1003873380546037,3.866563355192157,1500.0,1500.0,3.0,14.0,0.75,0,data_5062026_baseline3,data_5062026_baseline3_00000011,data_5062026/2026_05_06_baseline3/00000011.BIN,data_5062026_baseline3_00000011_manual_01_quality_00
99.7,1084.051299,0.0,0.0,0.22494088609441013,-0.13435262596782788,4.36824518857079,1500.0,1500.0,3.0,14.0,0.75,0,data_5062026_baseline3,data_5062026_baseline3_00000011,data_5062026/2026_05_06_baseline3/00000011.BIN,data_5062026_baseline3_00000011_manual_01_quality_00
99.8,1084.151299,0.0,0.0,0.2065038421263829,-0.14089263039444574,4.661817479973687,1500.0,1500.0,3.0,14.0,0.75,0,data_5062026_baseline3,data_5062026_baseline3_00000011,data_5062026/2026_05_06_baseline3/00000011.BIN,data_5062026_baseline3_00000011_manual_01_quality_00
99.9,1084.251299,0.0,0.0,0.22440478423906937,-0.14517571112872912,4.396150951837747,1500.0,1500.0,3.0,14.0,0.75,0,data_5062026_baseline3,data_5062026_baseline3_00000011,data_5062026/2026_05_06_baseline3/00000011.BIN,data_5062026_baseline3_00000011_manual_01_quality_00
100.0,1084.351299,0.0,0.0,0.25143967359935815,-0.13969187887637033,3.7277279963204566,1500.0,1500.0,3.0,14.0,0.75,0,data_5062026_baseline3,data_5062026_baseline3_00000011,data_5062026/2026_05_06_baseline3/00000011.BIN,data_5062026_baseline3_00000011_manual_01_quality_00
100.1,1084.451299,0.0,0.0,0.2460613736043557,-0.13550788075679246,3.184084706444378,1500.0,1500.0,3.0,14.0,0.75,0,data_5062026_baseline3,data_5062026_baseline3_00000011,data_5062026/2026_05_06_baseline3/00000011.BIN,data_5062026_baseline3_00000011_manual_01_quality_00
100.2,1084.551299,0.0,0.0,0.2325549447131449,-0.14982156105109776,3.1026357199862855,1500.0,1500.0,3.0,14.0,0.75,0,data_5062026_baseline3,data_5062026_baseline3_00000011,data_5062026/2026_05_06_baseline3/00000011.BIN,data_5062026_baseline3_00000011_manual_01_quality_00
100.3,1084.651299,0.0,0.0,0.21670140045059605,-0.16711156072439165,3.3549632281265844,1500.0,1500.0,3.0,14.0,0.75,0,data_5062026_baseline3,data_5062026_baseline3_00000011,data_5062026/2026_05_06_baseline3/00000011.BIN,data_5062026_baseline3_00000011_manual_01_quality_00
100.4,1084.751299,0.0,0.0,0.20025652274959904,-0.19084592357547833,3.8147399678517577,1500.0,1500.0,3.0,14.0,0.75,0,data_5062026_baseline3,data_5062026_baseline3_00000011,data_5062026/2026_05_06_baseline3/00000011.BIN,data_5062026_baseline3_00000011_manual_01_quality_00
100.5,1084.851299,0.0,0.0,0.22224541733708736,-0.20167161112964788,4.324436264120679,1500.0,1500.0,3.0,14.0,0.75,0,data_5062026_baseline3,data_5062026_baseline3_00000011,data_5062026/2026_05_06_baseline3/00000011.BIN,data_5062026_baseline3_00000011_manual_01_quality_00
100.6,1084.951299,0.0,0.0,0.2538818210378776,-0.15989377948657624,4.620551267508786,1500.0,1500.0,3.0,14.0,0.75,0,data_5062026_baseline3,data_5062026_baseline3_00000011,data_5062026/2026_05_06_baseline3/00000011.BIN,data_5062026_baseline3_00000011_manual_01_quality_00
100.7,1085.051299,0.0,0.0,0.24860982397393028,-0.13090518162502976,4.624222350352439,1500.0,1500.0,3.0,14.0,0.75,0,data_5062026_baseline3,data_5062026_baseline3_00000011,data_5062026/2026_05_06_baseline3/00000011.BIN,data_5062026_baseline3_00000011_manual_01_quality_00
100.8,1085.151299,0.0,0.0,0.23403621307022496,-0.14430429372755363,4.495827579893478,1500.0,1500.0,3.0,14.0,0.75,0,data_5062026_baseline3,data_5062026_baseline3_00000011,data_5062026/2026_05_06_baseline3/00000011.BIN,data_5062026_baseline3_00000011_manual_01_quality_00
100.9,1085.251299,0.0,0.0,0.20375196069757592,-0.14798487256671425,4.372653150365631,1500.0,1500.0,3.0,14.0,0.75,0,data_5062026_baseline3,data_5062026_baseline3_00000011,data_5062026/2026_05_06_baseline3/00000011.BIN,data_5062026_baseline3_00000011_manual_01_quality_00
101.0,1085.351299,0.0,0.0,0.16951399268452264,-0.12361437783455798,4.196904242047809,1500.0,1500.0,3.0,14.0,0.75,0,data_5062026_baseline3,data_5062026_baseline3_00000011,data_5062026/2026_05_06_baseline3/00000011.BIN,data_5062026_baseline3_00000011_manual_01_quality_00
101.1,1085.451299,0.0,0.0,0.1735992022355103,-0.122933241761564,3.993835761596482,1500.0,1500.0,3.0,14.0,0.75,0,data_5062026_baseline3,data_5062026_baseline3_00000011,data_5062026/2026_05_06_baseline3/00000011.BIN,data_5062026_baseline3_00000011_manual_01_quality_00
101.2,1085.551299,0.0,0.0,0.1873101582938772,-0.15848872861952884,3.7295774149502527,1500.0,1500.0,3.0,14.0,0.75,0,data_5062026_baseline3,data_5062026_baseline3_00000011,data_5062026/2026_05_06_baseline3/00000011.BIN,data_5062026_baseline3_00000011_manual_01_quality_00
101.3,1085.651299,0.0,0.0,0.2306069352033384,-0.20861723046794362,3.443565941854349,1500.0,1500.0,3.0,14.0,0.75,0,data_5062026_baseline3,data_5062026_baseline3_00000011,data_5062026/2026_05_06_baseline3/00000011.BIN,data_5062026_baseline3_00000011_manual_01_quality_00
101.4,1085.751299,0.0,0.0,0.2813455261781924,-0.19601992282077407,3.188298416161273,1500.0,1500.0,3.0,14.0,0.75,0,data_5062026_baseline3,data_5062026_baseline3_00000011,data_5062026/2026_05_06_baseline3/00000011.BIN,data_5062026_baseline3_00000011_manual_01_quality_00
101.5,1085.851299,0.0,0.0,0.2644575175492105,-0.1496949250277155,3.3102762570182542,1500.0,1500.0,3.0,14.0,0.75,0,data_5062026_baseline3,data_5062026_baseline3_00000011,data_5062026/2026_05_06_baseline3/00000011.BIN,data_5062026_baseline3_00000011_manual_01_quality_00
101.6,1085.951299,0.0,0.0,0.23058882764837285,-0.15250303749662547,3.853125527027098,1500.0,1500.0,3.0,14.0,0.75,0,data_5062026_baseline3,data_5062026_baseline3_00000011,data_5062026/2026_05_06_baseline3/00000011.BIN,data_5062026_baseline3_00000011_manual_01_quality_00
101.7,1086.051299,0.0,0.0,0.2343622886805327,-0.17200821497674443,4.30953962421923,1500.0,1500.0,3.0,14.0,0.75,0,data_5062026_baseline3,data_5062026_baseline3_00000011,data_5062026/2026_05_06_baseline3/00000011.BIN,data_5062026_baseline3_00000011_manual_01_quality_00
101.8,1086.151299,0.0,0.0,0.24759751295255328,-0.15784473116717013,4.259410836327728,1500.0,1500.0,3.0,14.0,0.75,0,data_5062026_baseline3,data_5062026_baseline3_00000011,data_5062026/2026_05_06_baseline3/00000011.BIN,data_5062026_baseline3_00000011_manual_01_quality_00
101.9,1086.251299,0.0,0.0,0.22175904970094473,-0.1051073595189182,4.054466786976276,1500.0,1500.0,3.0,14.0,0.75,0,data_5062026_baseline3,data_5062026_baseline3_00000011,data_5062026/2026_05_06_baseline3/00000011.BIN,data_5062026_baseline3_00000011_manual_01_quality_00
102.0,1086.351299,0.0,0.0,0.18605367160621333,-0.07075497856262875,4.3543646748650655,1500.0,1500.0,3.0,14.0,0.75,0,data_5062026_baseline3,data_5062026_baseline3_00000011,data_5062026/2026_05_06_baseline3/00000011.BIN,data_5062026_baseline3_00000011_manual_01_quality_00
102.1,1086.451299,0.0,0.0,0.17485962751870876,-0.09307722030055979,4.937342096536774,1500.0,1500.0,3.0,14.0,0.75,0,data_5062026_baseline3,data_5062026_baseline3_00000011,data_5062026/2026_05_06_baseline3/00000011.BIN,data_5062026_baseline3_00000011_manual_01_quality_00
102.2,1086.551299,0.0,0.0,0.16982255182031536,-0.11041972065052955,4.895075712523926,1500.0,1500.0,3.0,14.0,0.75,0,data_5062026_baseline3,data_5062026_baseline3_00000011,data_5062026/2026_05_06_baseline3/00000011.BIN,data_5062026_baseline3_00000011_manual_01_quality_00
102.3,1086.651299,0.0,0.0,0.20727076540050587,-0.10261689452640543,4.032289348961242,1500.0,1500.0,3.0,14.0,0.75,0,data_5062026_baseline3,data_5062026_baseline3_00000011,data_5062026/2026_05_06_baseline3/00000011.BIN,data_5062026_baseline3_00000011_manual_01_quality_00
102.4,1086.751299,0.0,0.0,0.25529814574932735,-0.0935639473912433,3.1694181769585,1500.0,1500.0,3.0,14.0,0.75,0,data_5062026_baseline3,data_5062026_baseline3_00000011,data_5062026/2026_05_06_baseline3/00000011.BIN,data_5062026_baseline3_00000011_manual_01_quality_00
102.5,1086.851299,0.0,0.0,0.2153199272082892,-0.09722655364011512,3.020000322257532,1500.0,1500.0,3.0,14.0,0.75,0,data_5062026_baseline3,data_5062026_baseline3_00000011,data_5062026/2026_05_06_baseline3/00000011.BIN,data_5062026_baseline3_00000011_manual_01_quality_00
102.6,1086.951299,0.0,0.0,0.17534170866716015,-0.10783603392845771,3.5462313521195834,1500.0,1500.0,3.0,14.0,0.75,0,data_5062026_baseline3,data_5062026_baseline3_00000011,data_5062026/2026_05_06_baseline3/00000011.BIN,data_5062026_baseline3_00000011_manual_01_quality_00
102.7,1087.051299,0.0,0.0,0.18983870019370905,-0.10070250097169403,3.845969343373772,1500.0,1500.0,3.0,14.0,0.75,0,data_5062026_baseline3,data_5062026_baseline3_00000011,data_5062026/2026_05_06_baseline3/00000011.BIN,data_5062026_baseline3_00000011_manual_01_quality_00
102.8,1087.151299,0.0,0.0,0.21802265641199978,-0.07580008309438314,4.007476785013908,1500.0,1500.0,3.0,14.0,0.75,0,data_5062026_baseline3,data_5062026_baseline3_00000011,data_5062026/2026_05_06_baseline3/00000011.BIN,data_5062026_baseline3_00000011_manual_01_quality_00
102.9,1087.251299,0.0,0.0,0.23528817432018304,-0.08338741709181263,4.431157393239044,1500.0,1500.0,3.0,14.0,0.75,0,data_5062026_baseline3,data_5062026_baseline3_00000011,data_5062026/2026_05_06_baseline3/00000011.BIN,data_5062026_baseline3_00000011_manual_01_quality_00
103.0,1087.351299,0.0,0.0,0.249811275599363,-0.12537251663706336,4.872364989922832,1500.0,1500.0,3.0,14.0,0.75,0,data_5062026_baseline3,data_5062026_baseline3_00000011,data_5062026/2026_05_06_baseline3/00000011.BIN,data_5062026_baseline3_00000011_manual_01_quality_00
103.1,1087.451299,0.0,0.0,0.23849103732423924,-0.10923852374983253,4.662748928182014,1500.0,1500.0,3.0,14.0,0.75,0,data_5062026_baseline3,data_5062026_baseline3_00000011,data_5062026/2026_05_06_baseline3/00000011.BIN,data_5062026_baseline3_00000011_manual_01_quality_00
103.2,1087.551299,0.0,0.0,0.22068976142481267,-0.04359781993735236,3.5973570914918933,1500.0,1500.0,3.0,14.0,0.75,0,data_5062026_baseline3,data_5062026_baseline3_00000011,data_5062026/2026_05_06_baseline3/00000011.BIN,data_5062026_baseline3_00000011_manual_01_quality_00
103.3,1087.651299,0.0,0.0,0.20500661293606695,-0.016544951258470626,3.0146930272406043,1500.0,1500.0,3.0,14.0,0.75,0,data_5062026_baseline3,data_5062026_baseline3_00000011,data_5062026/2026_05_06_baseline3/00000011.BIN,data_5062026_baseline3_00000011_manual_01_quality_00
103.4,1087.751299,0.0,0.0,0.18985823577504474,-0.06281211479238331,3.3627306392794716,1500.0,1500.0,3.0,14.0,0.75,0,data_5062026_baseline3,data_5062026_baseline3_00000011,data_5062026/2026_05_06_baseline3/00000011.BIN,data_5062026_baseline3_00000011_manual_01_quality_00
103.5,1087.851299,0.0,0.0,0.20263892982496579,-0.15994620445725014,4.247840425386114,1500.0,1500.0,3.0,14.0,0.75,0,data_5062026_baseline3,data_5062026_baseline3_00000011,data_5062026/2026_05_06_baseline3/00000011.BIN,data_5062026_baseline3_00000011_manual_01_quality_00
103.6,1087.951299,0.0,0.0,0.22243202870072293,-0.1969174085680866,4.646929101430206,1500.0,1500.0,3.0,14.0,0.75,0,data_5062026_baseline3,data_5062026_baseline3_00000011,data_5062026/2026_05_06_baseline3/00000011.BIN,data_5062026_baseline3_00000011_manual_01_quality_00
103.7,1088.051299,0.0,0.0,0.20689871436923077,-0.1678216852934717,4.278738127632245,1500.0,1500.0,3.0,14.0,0.75,0,data_5062026_baseline3,data_5062026_baseline3_00000011,data_5062026/2026_05_06_baseline3/00000011.BIN,data_5062026_baseline3_00000011_manual_01_quality_00
103.8,1088.151299,0.0,0.0,0.1824580464101801,-0.08078865564726476,3.8535602609431754,1500.0,1500.0,3.0,14.0,0.75,0,data_5062026_baseline3,data_5062026_baseline3_00000011,data_5062026/2026_05_06_baseline3/00000011.BIN,data_5062026_baseline3_00000011_manual_01_quality_00
103.9,1088.251299,0.0,0.0,0.16510785955752422,-0.025286811489278437,3.7874100189236004,1500.0,1500.0,3.0,14.0,0.75,0,data_5062026_baseline3,data_5062026_baseline3_00000011,data_5062026/2026_05_06_baseline3/00000011.BIN,data_5062026_baseline3_00000011_manual_01_quality_00
104.0,1088.351299,0.0,0.0,0.14953805498689837,-0.040475342957527576,4.012658090077456,1500.0,1500.0,3.0,14.0,0.75,0,data_5062026_baseline3,data_5062026_baseline3_00000011,data_5062026/2026_05_06_baseline3/00000011.BIN,data_5062026_baseline3_00000011_manual_01_quality_00
104.1,1088.451299,0.0,0.0,0.16191381589258175,-0.10354667324906285,4.266099771239794,1500.0,1500.0,3.0,14.0,0.75,0,data_5062026_baseline3,data_5062026_baseline3_00000011,data_5062026/2026_05_06_baseline3/00000011.BIN,data_5062026_baseline3_00000011_manual_01_quality_00
104.2,1088.551299,0.0,0.0,0.18130481082690544,-0.14757683974935476,4.25793704498369,1500.0,1500.0,3.0,14.0,0.75,0,data_5062026_baseline3,data_5062026_baseline3_00000011,data_5062026/2026_05_06_baseline3/00000011.BIN,data_5062026_baseline3_00000011_manual_01_quality_00
104.3,1088.651299,0.0,0.0,0.1790182853401544,-0.11607332589698222,3.950310819563239,1500.0,1500.0,3.0,14.0,0.75,0,data_5062026_baseline3,data_5062026_baseline3_00000011,data_5062026/2026_05_06_baseline3/00000011.BIN,data_5062026_baseline3_00000011_manual_01_quality_00
104.4,1088.751299,0.0,0.0,0.16246101915367633,-0.11156260273171321,3.4860906048897924,1500.0,1500.0,3.0,14.0,0.75,0,data_5062026_baseline3,data_5062026_baseline3_00000011,data_5062026/2026_05_06_baseline3/00000011.BIN,data_5062026_baseline3_00000011_manual_01_quality_00
104.5,1088.851299,0.0,0.0,0.19821047023238297,-0.157033248518627,3.3091433115469107,1500.0,1500.0,3.0,14.0,0.75,0,data_5062026_baseline3,data_5062026_baseline3_00000011,data_5062026/2026_05_06_baseline3/00000011.BIN,data_5062026_baseline3_00000011_manual_01_quality_00
104.6,1088.951299,0.0,0.0,0.2470922237943286,-0.14341653441677588,3.6757881146383977,1500.0,1500.0,3.0,14.0,0.75,0,data_5062026_baseline3,data_5062026_baseline3_00000011,data_5062026/2026_05_06_baseline3/00000011.BIN,data_5062026_baseline3_00000011_manual_01_quality_00
104.7,1089.051299,0.0,0.0,0.228567985556265,-0.1450331914481416,4.195241281741617,1500.0,1500.0,3.0,14.0,0.75,0,data_5062026_baseline3,data_5062026_baseline3_00000011,data_5062026/2026_05_06_baseline3/00000011.BIN,data_5062026_baseline3_00000011_manual_01_quality_00
104.8,1089.151299,0.0,0.0,0.19314799095047008,-0.11044586604695504,4.349724836357072,1500.0,1500.0,3.0,14.0,0.75,0,data_5062026_baseline3,data_5062026_baseline3_00000011,data_5062026/2026_05_06_baseline3/00000011.BIN,data_5062026_baseline3_00000011_manual_01_quality_00
104.9,1089.251299,0.0,0.0,0.22298243157699418,-0.06084665902718569,4.214093685857439,1500.0,1500.0,3.0,14.0,0.75,0,data_5062026_baseline3,data_5062026_baseline3_00000011,data_5062026/2026_05_06_baseline3/00000011.BIN,data_5062026_baseline3_00000011_manual_01_quality_00
105.0,1089.351299,0.0,0.0,0.26921417404209635,-0.0761511386425694,4.107615976427907,1500.0,1500.0,3.0,14.0,0.75,0,data_5062026_baseline3,data_5062026_baseline3_00000011,data_5062026/2026_05_06_baseline3/00000011.BIN,data_5062026_baseline3_00000011_manual_01_quality_00
105.1,1089.451299,0.0,0.0,0.21238432619682995,-0.10472682016022583,4.288144183910016,1500.0,1500.0,3.0,14.0,0.75,0,data_5062026_baseline3,data_5062026_baseline3_00000011,data_5062026/2026_05_06_baseline3/00000011.BIN,data_5062026_baseline3_00000011_manual_01_quality_00
105.2,1089.551299,0.0,0.0,0.1298848148148187,-0.11746147192904881,4.448814121042879,1500.0,1500.0,3.0,14.0,0.75,0,data_5062026_baseline3,data_5062026_baseline3_00000011,data_5062026/2026_05_06_baseline3/00000011.BIN,data_5062026_baseline3_00000011_manual_01_quality_00
105.3,1089.651299,0.0,0.0,0.18174258664511272,-0.10243070197293196,4.2234724555733125,1500.0,1500.0,3.0,14.0,0.75,0,data_5062026_baseline3,data_5062026_baseline3_00000011,data_5062026/2026_05_06_baseline3/00000011.BIN,data_5062026_baseline3_00000011_manual_01_quality_00
105.4,1089.751299,0.0,0.0,0.23360035847528882,-0.07196742870062794,3.5678070014366177,1500.0,1500.0,3.0,14.0,0.75,0,data_5062026_baseline3,data_5062026_baseline3_00000011,data_5062026/2026_05_06_baseline3/00000011.BIN,data_5062026_baseline3_00000011_manual_01_quality_00
105.5,1089.851299,0.0,0.0,0.24718747500151356,-0.07853845229773432,3.079775969101495,1500.0,1500.0,3.0,14.0,0.75,0,data_5062026_baseline3,data_5062026_baseline3_00000011,data_5062026/2026_05_06_baseline3/00000011.BIN,data_5062026_baseline3_00000011_manual_01_quality_00
105.6,1089.951299,0.0,0.0,0.25116503251420136,-0.06578828196553634,3.20884547829265,1500.0,1500.0,3.0,14.0,0.75,0,data_5062026_baseline3,data_5062026_baseline3_00000011,data_5062026/2026_05_06_baseline3/00000011.BIN,data_5062026_baseline3_00000011_manual_01_quality_00
105.7,1090.051299,0.0,0.0,0.220118669099972,-0.03480416508986525,3.867596141369384,1500.0,1500.0,3.0,14.0,0.75,0,data_5062026_baseline3,data_5062026_baseline3_00000011,data_5062026/2026_05_06_baseline3/00000011.BIN,data_5062026_baseline3_00000011_manual_01_quality_00
105.8,1090.151299,0.0,0.0,0.18029168539949267,-0.03374732235455699,4.565889060751698,1500.0,1500.0,3.0,14.0,0.75,0,data_5062026_baseline3,data_5062026_baseline3_00000011,data_5062026/2026_05_06_baseline3/00000011.BIN,data_5062026_baseline3_00000011_manual_01_quality_00
105.9,1090.251299,0.0,0.0,0.1872892734564924,-0.06219126251031897,4.899616588888293,1500.0,1500.0,3.0,14.0,0.75,0,data_5062026_baseline3,data_5062026_baseline3_00000011,data_5062026/2026_05_06_baseline3/00000011.BIN,data_5062026_baseline3_00000011_manual_01_quality_00
106.0,1090.351299,0.0,0.0,0.20605892566824058,-0.07139621831568208,4.629806421402325,1500.0,1500.0,3.0,14.0,0.75,0,data_5062026_baseline3,data_5062026_baseline3_00000011,data_5062026/2026_05_06_baseline3/00000011.BIN,data_5062026_baseline3_00000011_manual_01_quality_00
106.1,1090.451299,0.0,0.0,0.20082021048623303,-0.0406830166391399,4.011993862364942,1500.0,1500.0,3.0,14.0,0.75,0,data_5062026_baseline3,data_5062026_baseline3_00000011,data_5062026/2026_05_06_baseline3/00000011.BIN,data_5062026_baseline3_00000011_manual_01_quality_00
106.2,1090.551299,0.0,0.0,0.18955763008714527,-0.03148927499733297,3.545956115191908,1500.0,1500.0,3.0,14.0,0.75,0,data_5062026_baseline3,data_5062026_baseline3_00000011,data_5062026/2026_05_06_baseline3/00000011.BIN,data_5062026_baseline3_00000011_manual_01_quality_00
106.3,1090.651299,0.0,0.0,0.1942454181677576,-0.03555032739554359,3.4432604826412003,1500.0,1500.0,3.0,14.0,0.75,0,data_5062026_baseline3,data_5062026_baseline3_00000011,data_5062026/2026_05_06_baseline3/00000011.BIN,data_5062026_baseline3_00000011_manual_01_quality_00
106.4,1090.751299,0.0,0.0,0.20293975744196874,-0.020410109814658222,3.557009307683215,1500.0,1500.0,3.0,14.0,0.75,0,data_5062026_baseline3,data_5062026_baseline3_00000011,data_5062026/2026_05_06_baseline3/00000011.BIN,data_5062026_baseline3_00000011_manual_01_quality_00
106.5,1090.851299,0.0,0.0,0.1759849136697891,-0.011177671281184673,3.933585561407033,1500.0,1500.0,3.0,14.0,0.75,0,data_5062026_baseline3,data_5062026_baseline3_00000011,data_5062026/2026_05_06_baseline3/00000011.BIN,data_5062026_baseline3_00000011_manual_01_quality_00
106.6,1090.951299,0.0,0.0,0.14006032726907852,-0.028741816120975747,4.525309797130021,1500.0,1500.0,3.0,14.0,0.75,0,data_5062026_baseline3,data_5062026_baseline3_00000011,data_5062026/2026_05_06_baseline3/00000011.BIN,data_5062026_baseline3_00000011_manual_01_quality_00
106.7,1091.051299,0.0,0.0,0.17299672949732509,-0.03495551025891654,4.822979541408869,1500.0,1500.0,3.0,14.0,0.75,0,data_5062026_baseline3,data_5062026_baseline3_00000011,data_5062026/2026_05_06_baseline3/00000011.BIN,data_5062026_baseline3_00000011_manual_01_quality_00
106.8,1091.151299,0.0,0.0,0.22322591727971847,-0.052999580284026286,4.442524889893546,1500.0,1500.0,3.0,14.0,0.75,0,data_5062026_baseline3,data_5062026_baseline3_00000011,data_5062026/2026_05_06_baseline3/00000011.BIN,data_5062026_baseline3_00000011_manual_01_quality_00
106.9,1091.251299,0.0,0.0,0.21323788875118804,-0.07749599383397615,3.5530460205173573,1500.0,1500.0,3.0,14.0,0.75,0,data_5062026_baseline3,data_5062026_baseline3_00000011,data_5062026/2026_05_06_baseline3/00000011.BIN,data_5062026_baseline3_00000011_manual_01_quality_00
107.0,1091.351299,0.0,0.0,0.18807776033859086,-0.04372625035200637,2.806512022864717,1500.0,1500.0,3.0,14.0,0.75,0,data_5062026_baseline3,data_5062026_baseline3_00000011,data_5062026/2026_05_06_baseline3/00000011.BIN,data_5062026_baseline3_00000011_manual_01_quality_00
107.1,1091.451299,0.0,0.0,0.17942091077226613,0.02445106074686078,2.816154416791632,1500.0,1500.0,3.0,14.0,0.75,0,data_5062026_baseline3,data_5062026_baseline3_00000011,data_5062026/2026_05_06_baseline3/00000011.BIN,data_5062026_baseline3_00000011_manual_01_quality_00
107.2,1091.551299,0.0,0.0,0.17491156423849905,0.032131210494931096,3.6839453482451536,1500.0,1500.0,3.0,14.0,0.75,0,data_5062026_baseline3,data_5062026_baseline3_00000011,data_5062026/2026_05_06_baseline3/00000011.BIN,data_5062026_baseline3_00000011_manual_01_quality_00
107.3,1091.651299,0.0,0.0,0.18521237121401993,-0.005184242246685124,4.871362949711632,1500.0,1500.0,3.0,14.0,0.75,0,data_5062026_baseline3,data_5062026_baseline3_00000011,data_5062026/2026_05_06_baseline3/00000011.BIN,data_5062026_baseline3_00000011_manual_01_quality_00
107.4,1091.751299,0.0,0.0,0.1992507253518312,-0.03335701691917425,5.409431956043977,1500.0,1500.0,3.0,14.0,0.75,0,data_5062026_baseline3,data_5062026_baseline3_00000011,data_5062026/2026_05_06_baseline3/00000011.BIN,data_5062026_baseline3_00000011_manual_01_quality_00
107.5,1091.851299,0.0,0.0,0.20714596121221626,-0.03265856917126926,4.876117545437878,1500.0,1500.0,3.0,14.0,0.75,0,data_5062026_baseline3,data_5062026_baseline3_00000011,data_5062026/2026_05_06_baseline3/00000011.BIN,data_5062026_baseline3_00000011_manual_01_quality_00
107.6,1091.951299,0.0,0.0,0.21349455571777326,0.003178744071290021,3.8558221522856444,1500.0,1500.0,3.0,14.0,0.75,0,data_5062026_baseline3,data_5062026_baseline3_00000011,data_5062026/2026_05_06_baseline3/00000011.BIN,data_5062026_baseline3_00000011_manual_01_quality_00
107.7,1092.051299,0.0,0.0,0.22717856102221784,0.03410652475148924,3.184622594527376,1500.0,1500.0,3.0,14.0,0.75,0,data_5062026_baseline3,data_5062026_baseline3_00000011,data_5062026/2026_05_06_baseline3/00000011.BIN,data_5062026_baseline3_00000011_manual_01_quality_00
107.8,1092.151299,0.0,0.0,0.24270192388742506,0.03705680935053658,3.2248140048930742,1500.0,1500.0,3.0,14.0,0.75,0,data_5062026_baseline3,data_5062026_baseline3_00000011,data_5062026/2026_05_06_baseline3/00000011.BIN,data_5062026_baseline3_00000011_manual_01_quality_00
107.9,1092.251299,0.0,0.0,0.21043594323728182,0.02575197927842328,3.62042514428473,1500.0,1500.0,3.0,14.0,0.75,0,data_5062026_baseline3,data_5062026_baseline3_00000011,data_5062026/2026_05_06_baseline3/00000011.BIN,data_5062026_baseline3_00000011_manual_01_quality_00
108.0,1092.351299,0.0,0.0,0.16618227721391185,0.015379948990412668,3.9164564016896586,1500.0,1500.0,3.0,14.0,0.75,0,data_5062026_baseline3,data_5062026_baseline3_00000011,data_5062026/2026_05_06_baseline3/00000011.BIN,data_5062026_baseline3_00000011_manual_01_quality_00
108.1,1092.451299,0.0,0.0,0.16443619738207338,0.004402987922802942,4.202794990573334,1500.0,1500.0,3.0,14.0,0.75,0,data_5062026_baseline3,data_5062026_baseline3_00000011,data_5062026/2026_05_06_baseline3/00000011.BIN,data_5062026_baseline3_00000011_manual_01_quality_00
108.2,1092.551299,0.0,0.0,0.17335622970074738,0.0013521106179615985,4.333159716683711,1500.0,1500.0,3.0,14.0,0.75,0,data_5062026_baseline3,data_5062026_baseline3_00000011,data_5062026/2026_05_06_baseline3/00000011.BIN,data_5062026_baseline3_00000011_manual_01_quality_00
108.3,1092.651299,0.0,0.0,0.18682585802296697,0.006135932630154391,4.3159981525239814,1500.0,1500.0,3.0,14.0,0.75,0,data_5062026_baseline3,data_5062026_baseline3_00000011,data_5062026/2026_05_06_baseline3/00000011.BIN,data_5062026_baseline3_00000011_manual_01_quality_00
108.4,1092.751299,0.0,0.0,0.20143950417211692,-0.004113351598936915,4.220300048352028,1500.0,1500.0,3.0,14.0,0.75,0,data_5062026_baseline3,data_5062026_baseline3_00000011,data_5062026/2026_05_06_baseline3/00000011.BIN,data_5062026_baseline3_00000011_manual_01_quality_00
108.5,1092.851299,0.0,0.0,0.19970425994391916,0.001703658423696955,3.9230459230268195,1500.0,1500.0,3.0,14.0,0.75,0,data_5062026_baseline3,data_5062026_baseline3_00000011,data_5062026/2026_05_06_baseline3/00000011.BIN,data_5062026_baseline3_00000011_manual_01_quality_00
108.6,1092.951299,0.0,0.0,0.19384289059190074,0.04689138776615305,3.496180005960452,1500.0,1500.0,3.0,14.0,0.75,0,data_5062026_baseline3,data_5062026_baseline3_00000011,data_5062026/2026_05_06_baseline3/00000011.BIN,data_5062026_baseline3_00000011_manual_01_quality_00
108.7,1093.051299,0.0,0.0,0.17402387499787894,0.08605824666443657,3.528380188670585,1500.0,1500.0,3.0,14.0,0.75,0,data_5062026_baseline3,data_5062026_baseline3_00000011,data_5062026/2026_05_06_baseline3/00000011.BIN,data_5062026_baseline3_00000011_manual_01_quality_00
108.8,1093.151299,0.0,0.0,0.1506964535116271,0.059927365614249696,4.07688032368231,1500.0,1500.0,3.0,14.0,0.75,0,data_5062026_baseline3,data_5062026_baseline3_00000011,data_5062026/2026_05_06_baseline3/00000011.BIN,data_5062026_baseline3_00000011_manual_01_quality_00
108.9,1093.251299,0.0,0.0,0.16824999814230512,-0.003412337830738955,4.648295101602204,1500.0,1500.0,3.0,14.0,0.75,0,data_5062026_baseline3,data_5062026_baseline3_00000011,data_5062026/2026_05_06_baseline3/00000011.BIN,data_5062026_baseline3_00000011_manual_01_quality_00
109.0,1093.351299,0.0,0.0,0.19607109668310793,-0.04230402676980796,4.576060200786972,1500.0,1500.0,3.0,14.0,0.75,0,data_5062026_baseline3,data_5062026_baseline3_00000011,data_5062026/2026_05_06_baseline3/00000011.BIN,data_5062026_baseline3_00000011_manual_01_quality_00
109.1,1093.451299,0.0,0.0,0.17614816801938812,-0.02463978570613649,3.7213453927780664,1500.0,1500.0,3.0,14.0,0.75,0,data_5062026_baseline3,data_5062026_baseline3_00000011,data_5062026/2026_05_06_baseline3/00000011.BIN,data_5062026_baseline3_00000011_manual_01_quality_00
109.2,1093.551299,0.0,0.0,0.14427344429586192,0.02612275834511982,3.008845548336216,1500.0,1500.0,3.0,14.0,0.75,0,data_5062026_baseline3,data_5062026_baseline3_00000011,data_5062026/2026_05_06_baseline3/00000011.BIN,data_5062026_baseline3_00000011_manual_01_quality_00
109.3,1093.651299,0.0,0.0,0.16284943155827755,0.04133882348436826,3.14992658405032,1500.0,1500.0,3.0,14.0,0.75,0,data_5062026_baseline3,data_5062026_baseline3_00000011,data_5062026/2026_05_06_baseline3/00000011.BIN,data_5062026_baseline3_00000011_manual_01_quality_00
109.4,1093.751299,0.0,0.0,0.18142541882065094,0.003122088308469996,3.9483329659034867,1500.0,1500.0,3.0,14.0,0.75,0,data_5062026_baseline3,data_5062026_baseline3_00000011,data_5062026/2026_05_06_baseline3/00000011.BIN,data_5062026_baseline3_00000011_manual_01_quality_00
109.5,1093.851299,0.0,0.0,0.19065968177922904,-0.04530657659535973,4.563568380149106,1500.0,1500.0,3.0,14.0,0.75,0,data_5062026_baseline3,data_5062026_baseline3_00000011,data_5062026/2026_05_06_baseline3/00000011.BIN,data_5062026_baseline3_00000011_manual_01_quality_00
109.6,1093.951299,0.0,0.0,0.19754799475500937,-0.049002534626082596,4.522609532573104,1500.0,1500.0,3.0,14.0,0.75,0,data_5062026_baseline3,data_5062026_baseline3_00000011,data_5062026/2026_05_06_baseline3/00000011.BIN,data_5062026_baseline3_00000011_manual_01_quality_00
109.7,1094.051299,0.0,0.0,0.17689029424689276,-0.009571183924504232,4.216029343460664,1500.0,1500.0,3.0,14.0,0.75,0,data_5062026_baseline3,data_5062026_baseline3_00000011,data_5062026/2026_05_06_baseline3/00000011.BIN,data_5062026_baseline3_00000011_manual_01_quality_00
109.8,1094.151299,0.0,0.0,0.1493211086813638,0.048273968515884044,3.907196885502998,1500.0,1500.0,3.0,14.0,0.75,0,data_5062026_baseline3,data_5062026_baseline3_00000011,data_5062026/2026_05_06_baseline3/00000011.BIN,data_5062026_baseline3_00000011_manual_01_quality_00
109.9,1094.251299,0.0,0.0,0.17102242135257217,0.05657985847148515,3.803608112753228,1500.0,1500.0,3.0,14.0,0.75,0,data_5062026_baseline3,data_5062026_baseline3_00000011,data_5062026/2026_05_06_baseline3/00000011.BIN,data_5062026_baseline3_00000011_manual_01_quality_00
110.0,1094.351299,0.0,0.0,0.20511458143080394,0.004367719819704027,3.832290564880091,1500.0,1500.0,3.0,14.0,0.75,0,data_5062026_baseline3,data_5062026_baseline3_00000011,data_5062026/2026_05_06_baseline3/00000011.BIN,data_5062026_baseline3_00000011_manual_01_quality_00
110.1,1094.451299,0.0,0.0,0.19815280948231276,-0.048931001092815354,3.7934833039763998,1500.0,1500.0,3.0,14.0,0.75,0,data_5062026_baseline3,data_5062026_baseline3_00000011,data_5062026/2026_05_06_baseline3/00000011.BIN,data_5062026_baseline3_00000011_manual_01_quality_00
110.2,1094.551299,0.0,0.0,0.18082793402071776,-0.04717094580888351,3.7316055380478916,1500.0,1500.0,3.0,14.0,0.75,0,data_5062026_baseline3,data_5062026_baseline3_00000011,data_5062026/2026_05_06_baseline3/00000011.BIN,data_5062026_baseline3_00000011_manual_01_quality_00
110.3,1094.651299,0.0,0.0,0.16916475864446479,-0.015532267126211868,3.725917101400325,1500.0,1500.0,3.0,14.0,0.75,0,data_5062026_baseline3,data_5062026_baseline3_00000011,data_5062026/2026_05_06_baseline3/00000011.BIN,data_5062026_baseline3_00000011_manual_01_quality_00
110.4,1094.751299,0.0,0.0,0.15892799486269268,-0.007488210020885271,3.8132211284523523,1500.0,1500.0,3.0,14.0,0.75,0,data_5062026_baseline3,data_5062026_baseline3_00000011,data_5062026/2026_05_06_baseline3/00000011.BIN,data_5062026_baseline3_00000011_manual_01_quality_00
110.5,1094.851299,0.0,0.0,0.17430513585810617,-0.01963868745256871,3.988595060431945,1500.0,1500.0,3.0,14.0,0.75,0,data_5062026_baseline3,data_5062026_baseline3_00000011,data_5062026/2026_05_06_baseline3/00000011.BIN,data_5062026_baseline3_00000011_manual_01_quality_00
110.6,1094.951299,0.0,0.0,0.19610442390847382,-0.017786497241012337,4.022680058204147,1500.0,1500.0,3.0,14.0,0.75,0,data_5062026_baseline3,data_5062026_baseline3_00000011,data_5062026/2026_05_06_baseline3/00000011.BIN,data_5062026_baseline3_00000011_manual_01_quality_00
110.7,1095.051299,0.0,0.0,0.1810977424912533,0.0019635075107640103,3.8723502885668006,1500.0,1500.0,3.0,14.0,0.75,0,data_5062026_baseline3,data_5062026_baseline3_00000011,data_5062026/2026_05_06_baseline3/00000011.BIN,data_5062026_baseline3_00000011_manual_01_quality_00
110.8,1095.151299,0.0,0.0,0.16609106107399862,0.01671392446456372,3.9746509571227886,1500.0,1500.0,3.0,14.0,0.75,0,data_5062026_baseline3,data_5062026_baseline3_00000011,data_5062026/2026_05_06_baseline3/00000011.BIN,data_5062026_baseline3_00000011_manual_01_quality_00
110.9,1095.251299,0.0,0.0,0.17699782497178157,0.001273854618340107,4.250047552693488,1500.0,1500.0,3.0,14.0,0.75,0,data_5062026_baseline3,data_5062026_baseline3_00000011,data_5062026/2026_05_06_baseline3/00000011.BIN,data_5062026_baseline3_00000011_manual_01_quality_00
111.0,1095.351299,0.0,0.0,0.1944182146380758,-0.0038543237864714108,4.358010914446706,1500.0,1500.0,3.0,14.0,0.75,0,data_5062026_baseline3,data_5062026_baseline3_00000011,data_5062026/2026_05_06_baseline3/00000011.BIN,data_5062026_baseline3_00000011_manual_01_quality_00
111.1,1095.451299,0.0,0.0,0.18093561628082494,0.010831411844105463,4.143394503006997,1500.0,1500.0,3.0,14.0,0.75,0,data_5062026_baseline3,data_5062026_baseline3_00000011,data_5062026/2026_05_06_baseline3/00000011.BIN,data_5062026_baseline3_00000011_manual_01_quality_00
111.2,1095.551299,0.0,0.0,0.15969440855994216,0.0015592402419013127,3.7066424503806576,1500.0,1500.0,3.0,14.0,0.75,0,data_5062026_baseline3,data_5062026_baseline3_00000011,data_5062026/2026_05_06_baseline3/00000011.BIN,data_5062026_baseline3_00000011_manual_01_quality_00
111.3,1095.651299,0.0,0.0,0.16344624848762243,-0.02095195665574818,3.384945852564306,1500.0,1500.0,3.0,14.0,0.75,0,data_5062026_baseline3,data_5062026_baseline3_00000011,data_5062026/2026_05_06_baseline3/00000011.BIN,data_5062026_baseline3_00000011_manual_01_quality_00
111.4,1095.751299,0.0,0.0,0.1735026860890308,-0.017182372692713912,3.3762891965754176,1500.0,1500.0,3.0,14.0,0.75,0,data_5062026_baseline3,data_5062026_baseline3_00000011,data_5062026/2026_05_06_baseline3/00000011.BIN,data_5062026_baseline3_00000011_manual_01_quality_00
111.5,1095.851299,0.0,0.0,0.17269478634089788,4.6849088415989575e-05,3.6098480154050834,1500.0,1500.0,3.0,14.0,0.75,0,data_5062026_baseline3,data_5062026_baseline3_00000011,data_5062026/2026_05_06_baseline3/00000011.BIN,data_5062026_baseline3_00000011_manual_01_quality_00
111.6,1095.951299,0.0,0.0,0.16915227368563565,0.015435892661495563,4.007283058980132,1500.0,1500.0,3.0,14.0,0.75,0,data_5062026_baseline3,data_5062026_baseline3_00000011,data_5062026/2026_05_06_baseline3/00000011.BIN,data_5062026_baseline3_00000011_manual_01_quality_00
111.7,1096.051299,0.0,0.0,0.15506266726463683,0.03013832706333734,4.324924377053477,1500.0,1500.0,3.0,14.0,0.75,0,data_5062026_baseline3,data_5062026_baseline3_00000011,data_5062026/2026_05_06_baseline3/00000011.BIN,data_5062026_baseline3_00000011_manual_01_quality_00
111.8,1096.151299,0.0,0.0,0.13831829987507743,0.02864953990189898,4.3442345299786105,1500.0,1500.0,3.0,14.0,0.75,0,data_5062026_baseline3,data_5062026_baseline3_00000011,data_5062026/2026_05_06_baseline3/00000011.BIN,data_5062026_baseline3_00000011_manual_01_quality_00
111.9,1096.251299,0.0,0.0,0.16241812730518576,0.014949835969030741,4.192888256033784,1500.0,1500.0,3.0,14.0,0.75,0,data_5062026_baseline3,data_5062026_baseline3_00000011,data_5062026/2026_05_06_baseline3/00000011.BIN,data_5062026_baseline3_00000011_manual_01_quality_00
112.0,1096.351299,0.0,0.0,0.1966857459188049,0.0038371070619825404,4.135246509719617,1500.0,1500.0,3.0,14.0,0.75,0,data_5062026_baseline3,data_5062026_baseline3_00000011,data_5062026/2026_05_06_baseline3/00000011.BIN,data_5062026_baseline3_00000011_manual_01_quality_00
112.1,1096.451299,0.0,0.0,0.15893588046714183,0.010197137369956956,4.067280544615402,1500.0,1500.0,3.0,14.0,0.75,0,data_5062026_baseline3,data_5062026_baseline3_00000011,data_5062026/2026_05_06_baseline3/00000011.BIN,data_5062026_baseline3_00000011_manual_01_quality_00
112.2,1096.551299,0.0,0.0,0.1211860150155646,0.035386690259498726,3.798295801156206,1500.0,1500.0,3.0,14.0,0.75,0,data_5062026_baseline3,data_5062026_baseline3_00000011,data_5062026/2026_05_06_baseline3/00000011.BIN,data_5062026_baseline3_00000011_manual_01_quality_00
112.3,1096.651299,0.0,0.0,0.15047300368990263,0.04485153658892375,3.419607298828972,1500.0,1500.0,3.0,14.0,0.75,0,data_5062026_baseline3,data_5062026_baseline3_00000011,data_5062026/2026_05_06_baseline3/00000011.BIN,data_5062026_baseline3_00000011_manual_01_quality_00
112.4,1096.751299,0.0,0.0,0.19661883203207464,0.01660058040798543,3.2766230251139885,1500.0,1500.0,3.0,14.0,0.75,0,data_5062026_baseline3,data_5062026_baseline3_00000011,data_5062026/2026_05_06_baseline3/00000011.BIN,data_5062026_baseline3_00000011_manual_01_quality_00
112.5,1096.851299,0.0,0.0,0.20961580748462433,-0.012087912247345142,3.582937292041008,1500.0,1500.0,3.0,14.0,0.75,0,data_5062026_baseline3,data_5062026_baseline3_00000011,data_5062026/2026_05_06_baseline3/00000011.BIN,data_5062026_baseline3_00000011_manual_01_quality_00
112.6,1096.951299,0.0,0.0,0.21430484131757682,-0.008092887899309452,4.114352508239627,1500.0,1500.0,3.0,14.0,0.75,0,data_5062026_baseline3,data_5062026_baseline3_00000011,data_5062026/2026_05_06_baseline3/00000011.BIN,data_5062026_baseline3_00000011_manual_01_quality_00
112.7,1097.051299,0.0,0.0,0.17600655158889203,0.028566675447861845,4.477024570325114,1500.0,1500.0,3.0,14.0,0.75,0,data_5062026_baseline3,data_5062026_baseline3_00000011,data_5062026/2026_05_06_baseline3/00000011.BIN,data_5062026_baseline3_00000011_manual_01_quality_00
112.8,1097.151299,0.0,0.0,0.12694127310262024,0.051596298394212,4.495984931681575,1500.0,1500.0,3.0,14.0,0.75,0,data_5062026_baseline3,data_5062026_baseline3_00000011,data_5062026/2026_05_06_baseline3/00000011.BIN,data_5062026_baseline3_00000011_manual_01_quality_00
112.9,1097.251299,0.0,0.0,0.12086464103580974,0.05058854610139275,4.138443435731371,1500.0,1500.0,3.0,14.0,0.75,0,data_5062026_baseline3,data_5062026_baseline3_00000011,data_5062026/2026_05_06_baseline3/00000011.BIN,data_5062026_baseline3_00000011_manual_01_quality_00
113.0,1097.351299,0.0,0.0,0.12561724284122716,0.036886336575672356,3.7943438543533055,1500.0,1500.0,3.0,14.0,0.75,0,data_5062026_baseline3,data_5062026_baseline3_00000011,data_5062026/2026_05_06_baseline3/00000011.BIN,data_5062026_baseline3_00000011_manual_01_quality_00
113.1,1097.451299,0.0,0.0,0.18501886670771078,0.009645733208972869,3.6955328420946127,1500.0,1500.0,3.0,14.0,0.75,0,data_5062026_baseline3,data_5062026_baseline3_00000011,data_5062026/2026_05_06_baseline3/00000011.BIN,data_5062026_baseline3_00000011_manual_01_quality_00
113.2,1097.551299,0.0,0.0,0.2581965027086076,-0.008508990331221655,3.7149168398856713,1500.0,1500.0,3.0,14.0,0.75,0,data_5062026_baseline3,data_5062026_baseline3_00000011,data_5062026/2026_05_06_baseline3/00000011.BIN,data_5062026_baseline3_00000011_manual_01_quality_00
113.3,1097.651299,0.0,0.0,0.2214760341834747,0.013448537608087934,3.6417223174882487,1500.0,1500.0,3.0,14.0,0.75,0,data_5062026_baseline3,data_5062026_baseline3_00000011,data_5062026/2026_05_06_baseline3/00000011.BIN,data_5062026_baseline3_00000011_manual_01_quality_00
113.4,1097.751299,0.0,0.0,0.15694192435278487,0.050666283224970354,3.5694179288889183,1500.0,1500.0,3.0,14.0,0.75,0,data_5062026_baseline3,data_5062026_baseline3_00000011,data_5062026/2026_05_06_baseline3/00000011.BIN,data_5062026_baseline3_00000011_manual_01_quality_00
113.5,1097.851299,0.0,0.0,0.15512148048905855,0.06048932913200226,3.6599811771372766,1500.0,1500.0,3.0,14.0,0.75,0,data_5062026_baseline3,data_5062026_baseline3_00000011,data_5062026/2026_05_06_baseline3/00000011.BIN,data_5062026_baseline3_00000011_manual_01_quality_00
113.6,1097.951299,0.0,0.0,0.16902749769490483,0.02932165062356643,3.932696147899362,1500.0,1500.0,3.0,14.0,0.75,0,data_5062026_baseline3,data_5062026_baseline3_00000011,data_5062026/2026_05_06_baseline3/00000011.BIN,data_5062026_baseline3_00000011_manual_01_quality_00
113.7,1098.051299,0.0,0.0,0.1787524136049337,-0.00714234356463354,4.290006739890945,1500.0,1500.0,3.0,14.0,0.75,0,data_5062026_baseline3,data_5062026_baseline3_00000011,data_5062026/2026_05_06_baseline3/00000011.BIN,data_5062026_baseline3_00000011_manual_01_quality_00
113.8,1098.151299,0.0,0.0,0.1874268880425579,0.014590382027328246,4.459406391784209,1500.0,1500.0,3.0,14.0,0.75,0,data_5062026_baseline3,data_5062026_baseline3_00000011,data_5062026/2026_05_06_baseline3/00000011.BIN,data_5062026_baseline3_00000011_manual_01_quality_00
113.9,1098.251299,0.0,0.0,0.16978477570414108,0.07640951032011471,4.251909120235598,1500.0,1500.0,3.0,14.0,0.75,0,data_5062026_baseline3,data_5062026_baseline3_00000011,data_5062026/2026_05_06_baseline3/00000011.BIN,data_5062026_baseline3_00000011_manual_01_quality_00
114.0,1098.351299,0.0,0.0,0.14552811570219218,0.10046891549517789,3.893888730460086,1500.0,1500.0,3.0,14.0,0.75,0,data_5062026_baseline3,data_5062026_baseline3_00000011,data_5062026/2026_05_06_baseline3/00000011.BIN,data_5062026_baseline3_00000011_manual_01_quality_00
114.1,1098.451299,0.0,0.0,0.15622446686191305,0.0713564372418485,3.553101622160632,1500.0,1500.0,3.0,14.0,0.75,0,data_5062026_baseline3,data_5062026_baseline3_00000011,data_5062026/2026_05_06_baseline3/00000011.BIN,data_5062026_baseline3_00000011_manual_01_quality_00
114.2,1098.551299,0.0,0.0,0.17569076996028804,0.02501331508112818,3.5130337200237554,1500.0,1500.0,3.0,14.0,0.75,0,data_5062026_baseline3,data_5062026_baseline3_00000011,data_5062026/2026_05_06_baseline3/00000011.BIN,data_5062026_baseline3_00000011_manual_01_quality_00
114.3,1098.651299,0.0,0.0,0.17653818598888144,0.0019802057604445247,3.791612180249659,1500.0,1500.0,3.0,14.0,0.75,0,data_5062026_baseline3,data_5062026_baseline3_00000011,data_5062026/2026_05_06_baseline3/00000011.BIN,data_5062026_baseline3_00000011_manual_01_quality_00
114.4,1098.751299,0.0,0.0,0.17269095582432892,0.02418798280704923,3.9965417044081173,1500.0,1500.0,3.0,14.0,0.75,0,data_5062026_baseline3,data_5062026_baseline3_00000011,data_5062026/2026_05_06_baseline3/00000011.BIN,data_5062026_baseline3_00000011_manual_01_quality_00
114.5,1098.851299,0.0,0.0,0.15964884012159655,0.052697392721438426,3.8924238481652096,1500.0,1500.0,3.0,14.0,0.75,0,data_5062026_baseline3,data_5062026_baseline3_00000011,data_5062026/2026_05_06_baseline3/00000011.BIN,data_5062026_baseline3_00000011_manual_01_quality_00
114.6,1098.951299,0.0,0.0,0.14429707372485867,0.051295521209079674,3.706499945309977,1500.0,1500.0,3.0,14.0,0.75,0,data_5062026_baseline3,data_5062026_baseline3_00000011,data_5062026/2026_05_06_baseline3/00000011.BIN,data_5062026_baseline3_00000011_manual_01_quality_00
114.7,1099.051299,0.0,0.0,0.17435126620015606,0.036346152878599644,3.7586713522236628,1500.0,1500.0,3.0,14.0,0.75,0,data_5062026_baseline3,data_5062026_baseline3_00000011,data_5062026/2026_05_06_baseline3/00000011.BIN,data_5062026_baseline3_00000011_manual_01_quality_00
114.8,1099.151299,0.0,0.0,0.21583865467871707,0.030274070757140108,4.196116887245632,1500.0,1500.0,3.0,14.0,0.75,0,data_5062026_baseline3,data_5062026_baseline3_00000011,data_5062026/2026_05_06_baseline3/00000011.BIN,data_5062026_baseline3_00000011_manual_01_quality_00
114.9,1099.251299,0.0,0.0,0.22604554345349098,0.022413982757425475,4.632325403356019,1500.0,1500.0,3.0,14.0,0.75,0,data_5062026_baseline3,data_5062026_baseline3_00000011,data_5062026/2026_05_06_baseline3/00000011.BIN,data_5062026_baseline3_00000011_manual_01_quality_00
115.0,1099.351299,0.0,0.0,0.2283480598273066,0.007181020288261646,4.295293773827049,1500.0,1500.0,3.0,14.0,0.75,0,data_5062026_baseline3,data_5062026_baseline3_00000011,data_5062026/2026_05_06_baseline3/00000011.BIN,data_5062026_baseline3_00000011_manual_01_quality_00
115.1,1099.451299,0.0,0.0,0.18094015303617741,0.028803774248113104,3.3508209790572776,1500.0,1500.0,3.0,14.0,0.75,0,data_5062026_baseline3,data_5062026_baseline3_00000011,data_5062026/2026_05_06_baseline3/00000011.BIN,data_5062026_baseline3_00000011_manual_01_quality_00
115.2,1099.551299,0.0,0.0,0.12105722405175112,0.07195451229402969,2.8632727286756134,1500.0,1500.0,3.0,14.0,0.75,0,data_5062026_baseline3,data_5062026_baseline3_00000011,data_5062026/2026_05_06_baseline3/00000011.BIN,data_5062026_baseline3_00000011_manual_01_quality_00
115.3,1099.651299,0.0,0.0,0.18031971142508513,0.02635685255544704,3.24890876957481,1500.0,1500.0,3.0,14.0,0.75,0,data_5062026_baseline3,data_5062026_baseline3_00000011,data_5062026/2026_05_06_baseline3/00000011.BIN,data_5062026_baseline3_00000011_manual_01_quality_00
115.4,1099.751299,0.0,0.0,0.26960535800134633,-0.05169649180272414,4.124489177249241,1500.0,1500.0,3.0,14.0,0.75,0,data_5062026_baseline3,data_5062026_baseline3_00000011,data_5062026/2026_05_06_baseline3/00000011.BIN,data_5062026_baseline3_00000011_manual_01_quality_00
115.5,1099.851299,0.0,0.0,0.2842441844347133,-0.04317518494654663,4.549886891585213,1500.0,1500.0,3.0,14.0,0.75,0,data_5062026_baseline3,data_5062026_baseline3_00000011,data_5062026/2026_05_06_baseline3/00000011.BIN,data_5062026_baseline3_00000011_manual_01_quality_00
115.6,1099.951299,0.0,0.0,0.2801501037903886,0.01083767588749345,4.167000541292822,1500.0,1500.0,3.0,14.0,0.75,0,data_5062026_baseline3,data_5062026_baseline3_00000011,data_5062026/2026_05_06_baseline3/00000011.BIN,data_5062026_baseline3_00000011_manual_01_quality_00
115.7,1100.051299,0.0,0.0,0.18554633849246233,0.08451562064823985,3.7731714125388485,1500.0,1500.0,3.0,14.0,0.75,0,data_5062026_baseline3,data_5062026_baseline3_00000011,data_5062026/2026_05_06_baseline3/00000011.BIN,data_5062026_baseline3_00000011_manual_01_quality_00
115.8,1100.151299,0.0,0.0,0.06825572385066803,0.09721100149636183,3.9920579013802047,1500.0,1500.0,3.0,14.0,0.75,0,data_5062026_baseline3,data_5062026_baseline3_00000011,data_5062026/2026_05_06_baseline3/00000011.BIN,data_5062026_baseline3_00000011_manual_01_quality_00
115.9,1100.251299,0.0,0.0,0.13754879730053027,0.05020713190660286,4.154756071301735,1500.0,1500.0,3.0,14.0,0.75,0,data_5062026_baseline3,data_5062026_baseline3_00000011,data_5062026/2026_05_06_baseline3/00000011.BIN,data_5062026_baseline3_00000011_manual_01_quality_00
116.0,1100.351299,0.0,0.0,0.25381211477461185,-0.002579143745360179,4.07468314879294,1500.0,1500.0,3.0,14.0,0.75,0,data_5062026_baseline3,data_5062026_baseline3_00000011,data_5062026/2026_05_06_baseline3/00000011.BIN,data_5062026_baseline3_00000011_manual_01_quality_00
116.1,1100.451299,0.0,0.0,0.25457909416090463,-0.026218001473403703,3.6836957155503764,1500.0,1500.0,3.0,14.0,0.75,0,data_5062026_baseline3,data_5062026_baseline3_00000011,data_5062026/2026_05_06_baseline3/00000011.BIN,data_5062026_baseline3_00000011_manual_01_quality_00
116.2,1100.551299,0.0,0.0,0.2553460735471957,0.011324065415023737,3.2625499033132024,1500.0,1500.0,3.0,14.0,0.75,0,data_5062026_baseline3,data_5062026_baseline3_00000011,data_5062026/2026_05_06_baseline3/00000011.BIN,data_5062026_baseline3_00000011_manual_01_quality_00
116.3,1100.651299,0.0,0.0,0.19338289600568093,0.061064151585303476,3.18854413252726,1500.0,1500.0,3.0,14.0,0.75,0,data_5062026_baseline3,data_5062026_baseline3_00000011,data_5062026/2026_05_06_baseline3/00000011.BIN,data_5062026_baseline3_00000011_manual_01_quality_00
116.4,1100.751299,0.0,0.0,0.11547953386391119,0.07207680893133137,3.785988804029452,1500.0,1500.0,3.0,14.0,0.75,0,data_5062026_baseline3,data_5062026_baseline3_00000011,data_5062026/2026_05_06_baseline3/00000011.BIN,data_5062026_baseline3_00000011_manual_01_quality_00
116.5,1100.851299,0.0,0.0,0.12747020903482081,0.03996651406421136,4.406045538593127,1500.0,1500.0,3.0,14.0,0.75,0,data_5062026_baseline3,data_5062026_baseline3_00000011,data_5062026/2026_05_06_baseline3/00000011.BIN,data_5062026_baseline3_00000011_manual_01_quality_00
116.6,1100.951299,0.0,0.0,0.1620679886399458,0.01791204454228219,4.5776671931651185,1500.0,1500.0,3.0,14.0,0.75,0,data_5062026_baseline3,data_5062026_baseline3_00000011,data_5062026/2026_05_06_baseline3/00000011.BIN,data_5062026_baseline3_00000011_manual_01_quality_00
116.7,1101.051299,0.0,0.0,0.18317096492094825,0.016003145454670468,4.302827842260656,1500.0,1500.0,3.0,14.0,0.75,0,data_5062026_baseline3,data_5062026_baseline3_00000011,data_5062026/2026_05_06_baseline3/00000011.BIN,data_5062026_baseline3_00000011_manual_01_quality_00
116.8,1101.151299,0.0,0.0,0.20089264612671953,0.040897056540076734,3.857946265672022,1500.0,1500.0,3.0,14.0,0.75,0,data_5062026_baseline3,data_5062026_baseline3_00000011,data_5062026/2026_05_06_baseline3/00000011.BIN,data_5062026_baseline3_00000011_manual_01_quality_00
116.9,1101.251299,0.0,0.0,0.18061887671175514,0.05898424606579083,3.543514006133965,1500.0,1500.0,3.0,14.0,0.75,0,data_5062026_baseline3,data_5062026_baseline3_00000011,data_5062026/2026_05_06_baseline3/00000011.BIN,data_5062026_baseline3_00000011_manual_01_quality_00
117.0,1101.351299,0.0,0.0,0.15079275336149128,0.03321544802098497,3.49387463933036,1500.0,1500.0,3.0,14.0,0.75,0,data_5062026_baseline3,data_5062026_baseline3_00000011,data_5062026/2026_05_06_baseline3/00000011.BIN,data_5062026_baseline3_00000011_manual_01_quality_00
117.1,1101.451299,0.0,0.0,0.1398434688970109,0.0003167826872905574,3.676243878390777,1500.0,1500.0,3.0,14.0,0.75,0,data_5062026_baseline3,data_5062026_baseline3_00000011,data_5062026/2026_05_06_baseline3/00000011.BIN,data_5062026_baseline3_00000011_manual_01_quality_00
117.2,1101.551299,0.0,0.0,0.13363051370092974,-0.00039757403914129257,3.940444903499442,1500.0,1500.0,3.0,14.0,0.75,0,data_5062026_baseline3,data_5062026_baseline3_00000011,data_5062026/2026_05_06_baseline3/00000011.BIN,data_5062026_baseline3_00000011_manual_01_quality_00
117.3,1101.651299,0.0,0.0,0.14566409754039555,0.020869142808925233,4.136406437818242,1500.0,1500.0,3.0,14.0,0.75,0,data_5062026_baseline3,data_5062026_baseline3_00000011,data_5062026/2026_05_06_baseline3/00000011.BIN,data_5062026_baseline3_00000011_manual_01_quality_00
117.4,1101.751299,0.0,0.0,0.1622908660966097,0.0400895431804446,4.178336483943482,1500.0,1500.0,3.0,14.0,0.75,0,data_5062026_baseline3,data_5062026_baseline3_00000011,data_5062026/2026_05_06_baseline3/00000011.BIN,data_5062026_baseline3_00000011_manual_01_quality_00
117.5,1101.851299,0.0,0.0,0.18507021572531085,0.04501034355221153,4.08832072103182,1500.0,1500.0,3.0,14.0,0.75,0,data_5062026_baseline3,data_5062026_baseline3_00000011,data_5062026/2026_05_06_baseline3/00000011.BIN,data_5062026_baseline3_00000011_manual_01_quality_00
117.6,1101.951299,0.0,0.0,0.2078495653540638,0.02213408996799673,3.9126710637868833,1500.0,1500.0,3.0,14.0,0.75,0,data_5062026_baseline3,data_5062026_baseline3_00000011,data_5062026/2026_05_06_baseline3/00000011.BIN,data_5062026_baseline3_00000011_manual_01_quality_00
117.7,1102.051299,0.0,0.0,0.17488452411674907,-0.004480945119936313,3.7453475434972483,1500.0,1500.0,3.0,14.0,0.75,0,data_5062026_baseline3,data_5062026_baseline3_00000011,data_5062026/2026_05_06_baseline3/00000011.BIN,data_5062026_baseline3_00000011_manual_01_quality_00
117.8,1102.151299,0.0,0.0,0.12791188937883008,0.013965175146870226,3.6828180308043814,1500.0,1500.0,3.0,14.0,0.75,0,data_5062026_baseline3,data_5062026_baseline3_00000011,data_5062026/2026_05_06_baseline3/00000011.BIN,data_5062026_baseline3_00000011_manual_01_quality_00
117.9,1102.251299,0.0,0.0,0.12885224443839507,0.03491912959807201,3.731300036284932,1500.0,1500.0,3.0,14.0,0.75,0,data_5062026_baseline3,data_5062026_baseline3_00000011,data_5062026/2026_05_06_baseline3/00000011.BIN,data_5062026_baseline3_00000011_manual_01_quality_00
118.0,1102.351299,0.0,0.0,0.14188786304119377,0.013805825729340923,3.8060302635210324,1500.0,1500.0,3.0,14.0,0.75,0,data_5062026_baseline3,data_5062026_baseline3_00000011,data_5062026/2026_05_06_baseline3/00000011.BIN,data_5062026_baseline3_00000011_manual_01_quality_00
118.1,1102.451299,0.0,0.0,0.17315497065883578,-0.020928657736814127,3.824659980865142,1500.0,1500.0,3.0,14.0,0.75,0,data_5062026_baseline3,data_5062026_baseline3_00000011,data_5062026/2026_05_06_baseline3/00000011.BIN,data_5062026_baseline3_00000011_manual_01_quality_00
118.2,1102.551299,0.0,0.0,0.209004189980887,-0.019010212469407213,3.8836970851699983,1500.0,1500.0,3.0,14.0,0.75,0,data_5062026_baseline3,data_5062026_baseline3_00000011,data_5062026/2026_05_06_baseline3/00000011.BIN,data_5062026_baseline3_00000011_manual_01_quality_00
118.3,1102.651299,0.0,0.0,0.16628577185774487,0.01540175702117237,4.022761380849846,1500.0,1500.0,3.0,14.0,0.75,0,data_5062026_baseline3,data_5062026_baseline3_00000011,data_5062026/2026_05_06_baseline3/00000011.BIN,data_5062026_baseline3_00000011_manual_01_quality_00
118.4,1102.751299,0.0,0.0,0.10381606456748271,0.038995294402465866,4.1541846523556245,1500.0,1500.0,3.0,14.0,0.75,0,data_5062026_baseline3,data_5062026_baseline3_00000011,data_5062026/2026_05_06_baseline3/00000011.BIN,data_5062026_baseline3_00000011_manual_01_quality_00
118.5,1102.851299,0.0,0.0,0.13083653835288275,0.037658317297469115,4.168940959816982,1500.0,1500.0,3.0,14.0,0.75,0,data_5062026_baseline3,data_5062026_baseline3_00000011,data_5062026/2026_05_06_baseline3/00000011.BIN,data_5062026_baseline3_00000011_manual_01_quality_00
118.6,1102.951299,0.0,0.0,0.18031211705568134,0.00765400753832539,3.9876846794165606,1500.0,1500.0,3.0,14.0,0.75,0,data_5062026_baseline3,data_5062026_baseline3_00000011,data_5062026/2026_05_06_baseline3/00000011.BIN,data_5062026_baseline3_00000011_manual_01_quality_00
118.7,1103.051299,0.0,0.0,0.18296819149395982,-0.03000657980119175,3.7338430429352267,1500.0,1500.0,3.0,14.0,0.75,0,data_5062026_baseline3,data_5062026_baseline3_00000011,data_5062026/2026_05_06_baseline3/00000011.BIN,data_5062026_baseline3_00000011_manual_01_quality_00
118.8,1103.151299,0.0,0.0,0.17387593654874214,-0.024340167522597714,3.5838914321375523,1500.0,1500.0,3.0,14.0,0.75,0,data_5062026_baseline3,data_5062026_baseline3_00000011,data_5062026/2026_05_06_baseline3/00000011.BIN,data_5062026_baseline3_00000011_manual_01_quality_00
118.9,1103.251299,0.0,0.0,0.12284200969561862,0.013979538396294053,3.5885508441393785,1500.0,1500.0,3.0,14.0,0.75,0,data_5062026_baseline3,data_5062026_baseline3_00000011,data_5062026/2026_05_06_baseline3/00000011.BIN,data_5062026_baseline3_00000011_manual_01_quality_00
119.0,1103.351299,0.0,0.0,0.07180808284249512,0.028196629890976994,3.7529567037378375,1500.0,1500.0,3.0,14.0,0.75,0,data_5062026_baseline3,data_5062026_baseline3_00000011,data_5062026/2026_05_06_baseline3/00000011.BIN,data_5062026_baseline3_00000011_manual_01_quality_00
119.1,1103.451299,0.0,0.0,0.10322464405237392,0.008652998804429832,4.008060493350487,1500.0,1500.0,3.0,14.0,0.75,0,data_5062026_baseline3,data_5062026_baseline3_00000011,data_5062026/2026_05_06_baseline3/00000011.BIN,data_5062026_baseline3_00000011_manual_01_quality_00
119.2,1103.551299,0.0,0.0,0.15537119507157854,-0.01695530977092368,4.276506113138229,1500.0,1500.0,3.0,14.0,0.75,0,data_5062026_baseline3,data_5062026_baseline3_00000011,data_5062026/2026_05_06_baseline3/00000011.BIN,data_5062026_baseline3_00000011_manual_01_quality_00
119.3,1103.651299,0.0,0.0,0.17914886148862633,-0.02465100037245983,4.416855858277324,1500.0,1500.0,3.0,14.0,0.75,0,data_5062026_baseline3,data_5062026_baseline3_00000011,data_5062026/2026_05_06_baseline3/00000011.BIN,data_5062026_baseline3_00000011_manual_01_quality_00
119.4,1103.751299,0.0,0.0,0.19578503610780557,-0.013794902880016021,4.229987258757006,1500.0,1500.0,3.0,14.0,0.75,0,data_5062026_baseline3,data_5062026_baseline3_00000011,data_5062026/2026_05_06_baseline3/00000011.BIN,data_5062026_baseline3_00000011_manual_01_quality_00
119.5,1103.851299,0.0,0.0,0.185970193427635,-0.008360894723216853,3.7354396030927433,1500.0,1500.0,3.0,14.0,0.75,0,data_5062026_baseline3,data_5062026_baseline3_00000011,data_5062026/2026_05_06_baseline3/00000011.BIN,data_5062026_baseline3_00000011_manual_01_quality_00
119.6,1103.951299,0.0,0.0,0.1695157102631612,-0.018953525323392235,3.3353067984785385,1500.0,1500.0,3.0,14.0,0.75,0,data_5062026_baseline3,data_5062026_baseline3_00000011,data_5062026/2026_05_06_baseline3/00000011.BIN,data_5062026_baseline3_00000011_manual_01_quality_00
119.7,1104.051299,0.0,0.0,0.1355511055751078,-0.019236164540029792,3.409218339301516,1500.0,1500.0,3.0,14.0,0.75,0,data_5062026_baseline3,data_5062026_baseline3_00000011,data_5062026/2026_05_06_baseline3/00000011.BIN,data_5062026_baseline3_00000011_manual_01_quality_00
119.8,1104.151299,0.0,0.0,0.09718047952031515,-0.007923014139524131,3.8271292653150506,1500.0,1500.0,3.0,14.0,0.75,0,data_5062026_baseline3,data_5062026_baseline3_00000011,data_5062026/2026_05_06_baseline3/00000011.BIN,data_5062026_baseline3_00000011_manual_01_quality_00
119.9,1104.251299,0.0,0.0,0.1332403043149571,-0.016704461807523035,4.195782253008004,1500.0,1500.0,3.0,14.0,0.75,0,data_5062026_baseline3,data_5062026_baseline3_00000011,data_5062026/2026_05_06_baseline3/00000011.BIN,data_5062026_baseline3_00000011_manual_01_quality_00
120.0,1104.351299,0.0,0.0,0.18801602444923965,-0.05033466669591842,4.332772756871483,1500.0,1500.0,3.0,14.0,0.75,0,data_5062026_baseline3,data_5062026_baseline3_00000011,data_5062026/2026_05_06_baseline3/00000011.BIN,data_5062026_baseline3_00000011_manual_01_quality_00
120.1,1104.451299,0.0,0.0,0.17543960897362382,-0.0672328770359967,4.247771581944482,1500.0,1500.0,3.0,14.0,0.75,0,data_5062026_baseline3,data_5062026_baseline3_00000011,data_5062026/2026_05_06_baseline3/00000011.BIN,data_5062026_baseline3_00000011_manual_01_quality_00
120.2,1104.551299,0.0,0.0,0.14595037444818623,-0.04079234370222244,3.966486304312929,1500.0,1500.0,3.0,14.0,0.75,0,data_5062026_baseline3,data_5062026_baseline3_00000011,data_5062026/2026_05_06_baseline3/00000011.BIN,data_5062026_baseline3_00000011_manual_01_quality_00
120.3,1104.651299,0.0,0.0,0.14606790953817214,-0.006911475049692077,3.64420354356236,1500.0,1500.0,3.0,14.0,0.75,0,data_5062026_baseline3,data_5062026_baseline3_00000011,data_5062026/2026_05_06_baseline3/00000011.BIN,data_5062026_baseline3_00000011_manual_01_quality_00
120.4,1104.751299,0.0,0.0,0.15361352436213999,-0.0043590155542202495,3.5129699240300645,1500.0,1500.0,3.0,14.0,0.75,0,data_5062026_baseline3,data_5062026_baseline3_00000011,data_5062026/2026_05_06_baseline3/00000011.BIN,data_5062026_baseline3_00000011_manual_01_quality_00
120.5,1104.851299,0.0,0.0,0.15043831074957967,-0.030562500541443435,3.6917385201175015,1500.0,1500.0,3.0,14.0,0.75,0,data_5062026_baseline3,data_5062026_baseline3_00000011,data_5062026/2026_05_06_baseline3/00000011.BIN,data_5062026_baseline3_00000011_manual_01_quality_00
120.6,1104.951299,0.0,0.0,0.1445688041503771,-0.059539354473490694,4.021435945139089,1500.0,1500.0,3.0,14.0,0.75,0,data_5062026_baseline3,data_5062026_baseline3_00000011,data_5062026/2026_05_06_baseline3/00000011.BIN,data_5062026_baseline3_00000011_manual_01_quality_00
120.7,1105.051299,0.0,0.0,0.14384075872577065,-0.07482841245083598,4.221349790785611,1500.0,1500.0,3.0,14.0,0.75,0,data_5062026_baseline3,data_5062026_baseline3_00000011,data_5062026/2026_05_06_baseline3/00000011.BIN,data_5062026_baseline3_00000011_manual_01_quality_00
120.8,1105.151299,0.0,0.0,0.1444033046374722,-0.07323044022280574,4.2179620039393715,1500.0,1500.0,3.0,14.0,0.75,0,data_5062026_baseline3,data_5062026_baseline3_00000011,data_5062026/2026_05_06_baseline3/00000011.BIN,data_5062026_baseline3_00000011_manual_01_quality_00
120.9,1105.251299,0.0,0.0,0.16437016592449238,-0.056011394552464344,4.073982404444406,1500.0,1500.0,3.0,14.0,0.75,0,data_5062026_baseline3,data_5062026_baseline3_00000011,data_5062026/2026_05_06_baseline3/00000011.BIN,data_5062026_baseline3_00000011_manual_01_quality_00
121.0,1105.351299,0.0,0.0,0.1891291335649603,-0.035046308214777624,3.847226251122412,1500.0,1500.0,3.0,14.0,0.75,0,data_5062026_baseline3,data_5062026_baseline3_00000011,data_5062026/2026_05_06_baseline3/00000011.BIN,data_5062026_baseline3_00000011_manual_01_quality_00
121.1,1105.451299,0.0,0.0,0.15914431909876012,-0.022359193480455206,3.624316362202465,1500.0,1500.0,3.0,14.0,0.75,0,data_5062026_baseline3,data_5062026_baseline3_00000011,data_5062026/2026_05_06_baseline3/00000011.BIN,data_5062026_baseline3_00000011_manual_01_quality_00
121.2,1105.551299,0.0,0.0,0.12920699356700702,-0.026450165691978594,3.526067455758369,1500.0,1500.0,3.0,14.0,0.75,0,data_5062026_baseline3,data_5062026_baseline3_00000011,data_5062026/2026_05_06_baseline3/00000011.BIN,data_5062026_baseline3_00000011_manual_01_quality_00
121.3,1105.651299,0.0,0.0,0.14624092607648892,-0.04457725061411598,3.68114324015538,1500.0,1500.0,3.0,14.0,0.75,0,data_5062026_baseline3,data_5062026_baseline3_00000011,data_5062026/2026_05_06_baseline3/00000011.BIN,data_5062026_baseline3_00000011_manual_01_quality_00
121.4,1105.751299,0.0,0.0,0.16326387892828476,-0.0682807307188515,4.0504621068298725,1500.0,1500.0,3.0,14.0,0.75,0,data_5062026_baseline3,data_5062026_baseline3_00000011,data_5062026/2026_05_06_baseline3/00000011.BIN,data_5062026_baseline3_00000011_manual_01_quality_00
121.5,1105.851299,0.0,0.0,0.17325956935885647,-0.07934568508546198,4.361279673707844,1500.0,1500.0,3.0,14.0,0.75,0,data_5062026_baseline3,data_5062026_baseline3_00000011,data_5062026/2026_05_06_baseline3/00000011.BIN,data_5062026_baseline3_00000011_manual_01_quality_00
121.6,1105.951299,0.0,0.0,0.1832552597894509,-0.06935468077209844,4.340089615128198,1500.0,1500.0,3.0,14.0,0.75,0,data_5062026_baseline3,data_5062026_baseline3_00000011,data_5062026/2026_05_06_baseline3/00000011.BIN,data_5062026_baseline3_00000011_manual_01_quality_00
121.7,1106.051299,0.0,0.0,0.1714520880553345,-0.040718059593722974,3.933155819100382,1500.0,1500.0,3.0,14.0,0.75,0,data_5062026_baseline3,data_5062026_baseline3_00000011,data_5062026/2026_05_06_baseline3/00000011.BIN,data_5062026_baseline3_00000011_manual_01_quality_00
121.8,1106.151299,0.0,0.0,0.1541732900159482,-0.01149979717842816,3.4300927286122977,1500.0,1500.0,3.0,14.0,0.75,0,data_5062026_baseline3,data_5062026_baseline3_00000011,data_5062026/2026_05_06_baseline3/00000011.BIN,data_5062026_baseline3_00000011_manual_01_quality_00
121.9,1106.251299,0.0,0.0,0.16300487258204438,-0.010450217544692149,3.3709647481353824,1500.0,1500.0,3.0,14.0,0.75,0,data_5062026_baseline3,data_5062026_baseline3_00000011,data_5062026/2026_05_06_baseline3/00000011.BIN,data_5062026_baseline3_00000011_manual_01_quality_00
122.0,1106.351299,0.0,0.0,0.17837792733690389,-0.034497149647208146,3.909402118347063,1500.0,1500.0,3.0,14.0,0.75,0,data_5062026_baseline3,data_5062026_baseline3_00000011,data_5062026/2026_05_06_baseline3/00000011.BIN,data_5062026_baseline3_00000011_manual_01_quality_00
122.1,1106.451299,0.0,0.0,0.18558412024180074,-0.06850060384725401,4.478772430694289,1500.0,1500.0,3.0,14.0,0.75,0,data_5062026_baseline3,data_5062026_baseline3_00000011,data_5062026/2026_05_06_baseline3/00000011.BIN,data_5062026_baseline3_00000011_manual_01_quality_00
122.2,1106.551299,0.0,0.0,0.19073031717584016,-0.09142951969591315,4.449794386547673,1500.0,1500.0,3.0,14.0,0.75,0,data_5062026_baseline3,data_5062026_baseline3_00000011,data_5062026/2026_05_06_baseline3/00000011.BIN,data_5062026_baseline3_00000011_manual_01_quality_00
122.3,1106.651299,0.0,0.0,0.19384288095673824,-0.0819278162605994,3.8876228781773703,1500.0,1500.0,3.0,14.0,0.75,0,data_5062026_baseline3,data_5062026_baseline3_00000011,data_5062026/2026_05_06_baseline3/00000011.BIN,data_5062026_baseline3_00000011_manual_01_quality_00
122.4,1106.751299,0.0,0.0,0.19561532104226573,-0.03511001224758517,3.4593875309272586,1500.0,1500.0,3.0,14.0,0.75,0,data_5062026_baseline3,data_5062026_baseline3_00000011,data_5062026/2026_05_06_baseline3/00000011.BIN,data_5062026_baseline3_00000011_manual_01_quality_00
122.5,1106.851299,0.0,0.0,0.1800383496428472,0.01746679454771522,3.5581133030840055,1500.0,1500.0,3.0,14.0,0.75,0,data_5062026_baseline3,data_5062026_baseline3_00000011,data_5062026/2026_05_06_baseline3/00000011.BIN,data_5062026_baseline3_00000011_manual_01_quality_00
122.6,1106.951299,0.0,0.0,0.16009144635711048,0.01704957157192021,3.9070819709277957,1500.0,1500.0,3.0,14.0,0.75,0,data_5062026_baseline3,data_5062026_baseline3_00000011,data_5062026/2026_05_06_baseline3/00000011.BIN,data_5062026_baseline3_00000011_manual_01_quality_00
122.7,1107.051299,0.0,0.0,0.19318292831118652,-0.039071689280410576,4.059367693709416,1500.0,1500.0,3.0,14.0,0.75,0,data_5062026_baseline3,data_5062026_baseline3_00000011,data_5062026/2026_05_06_baseline3/00000011.BIN,data_5062026_baseline3_00000011_manual_01_quality_00
122.8,1107.151299,0.0,0.0,0.23954516978825183,-0.07147506231870221,4.057420492748575,1500.0,1500.0,3.0,14.0,0.75,0,data_5062026_baseline3,data_5062026_baseline3_00000011,data_5062026/2026_05_06_baseline3/00000011.BIN,data_5062026_baseline3_00000011_manual_01_quality_00
122.9,1107.251299,0.0,0.0,0.1980419297317319,-0.05220294427412588,4.072107760935446,1500.0,1500.0,3.0,14.0,0.75,0,data_5062026_baseline3,data_5062026_baseline3_00000011,data_5062026/2026_05_06_baseline3/00000011.BIN,data_5062026_baseline3_00000011_manual_01_quality_00
123.0,1107.351299,0.0,0.0,0.15653868967521198,-0.02019330967157419,4.031093099434617,1500.0,1500.0,3.0,14.0,0.75,0,data_5062026_baseline3,data_5062026_baseline3_00000011,data_5062026/2026_05_06_baseline3/00000011.BIN,data_5062026_baseline3_00000011_manual_01_quality_00
123.1,1107.451299,0.0,0.0,0.1896840989083338,-0.0031048645123053476,3.899026881459791,1500.0,1500.0,3.0,14.0,0.75,0,data_5062026_baseline3,data_5062026_baseline3_00000011,data_5062026/2026_05_06_baseline3/00000011.BIN,data_5062026_baseline3_00000011_manual_01_quality_00
123.2,1107.551299,0.0,0.0,0.24159835989244666,-0.005504961224768031,3.7542300847441683,1500.0,1500.0,3.0,14.0,0.75,0,data_5062026_baseline3,data_5062026_baseline3_00000011,data_5062026/2026_05_06_baseline3/00000011.BIN,data_5062026_baseline3_00000011_manual_01_quality_00
123.3,1107.651299,0.0,0.0,0.24075168715842124,-0.017822465792925304,3.729584636307993,1500.0,1500.0,3.0,14.0,0.75,0,data_5062026_baseline3,data_5062026_baseline3_00000011,data_5062026/2026_05_06_baseline3/00000011.BIN,data_5062026_baseline3_00000011_manual_01_quality_00
123.4,1107.751299,0.0,0.0,0.23990501442439774,-0.018567799138896633,3.841413711648685,1500.0,1500.0,3.0,14.0,0.75,0,data_5062026_baseline3,data_5062026_baseline3_00000011,data_5062026/2026_05_06_baseline3/00000011.BIN,data_5062026_baseline3_00000011_manual_01_quality_00
123.5,1107.851299,0.0,0.0,0.19578527672278306,-0.02005345174872522,3.9854492774657686,1500.0,1500.0,3.0,14.0,0.75,0,data_5062026_baseline3,data_5062026_baseline3_00000011,data_5062026/2026_05_06_baseline3/00000011.BIN,data_5062026_baseline3_00000011_manual_01_quality_00
123.6,1107.951299,0.0,0.0,0.14081615236938927,-0.029119201322048295,4.074116253736086,1500.0,1500.0,3.0,14.0,0.75,0,data_5062026_baseline3,data_5062026_baseline3_00000011,data_5062026/2026_05_06_baseline3/00000011.BIN,data_5062026_baseline3_00000011_manual_01_quality_00
123.7,1108.051299,0.0,0.0,0.18965969962604778,-0.03724671436929066,4.1209515262214245,1500.0,1500.0,3.0,14.0,0.75,0,data_5062026_baseline3,data_5062026_baseline3_00000011,data_5062026/2026_05_06_baseline3/00000011.BIN,data_5062026_baseline3_00000011_manual_01_quality_00
123.8,1108.151299,0.0,0.0,0.2646481021373692,-0.044139599460046926,4.096783860657935,1500.0,1500.0,3.0,14.0,0.75,0,data_5062026_baseline3,data_5062026_baseline3_00000011,data_5062026/2026_05_06_baseline3/00000011.BIN,data_5062026_baseline3_00000011_manual_01_quality_00
123.9,1108.251299,0.0,0.0,0.2408586691943883,-0.02733917223882619,3.950590909345794,1500.0,1500.0,3.0,14.0,0.75,0,data_5062026_baseline3,data_5062026_baseline3_00000011,data_5062026/2026_05_06_baseline3/00000011.BIN,data_5062026_baseline3_00000011_manual_01_quality_00
124.0,1108.351299,0.0,0.0,0.19224499520752775,0.004246507602341805,3.697464299425273,1500.0,1500.0,3.0,14.0,0.75,0,data_5062026_baseline3,data_5062026_baseline3_00000011,data_5062026/2026_05_06_baseline3/00000011.BIN,data_5062026_baseline3_00000011_manual_01_quality_00
124.1,1108.451299,0.0,0.0,0.1761407971739873,0.020226668330116323,3.5295622862284137,1500.0,1500.0,3.0,14.0,0.75,0,data_5062026_baseline3,data_5062026_baseline3_00000011,data_5062026/2026_05_06_baseline3/00000011.BIN,data_5062026_baseline3_00000011_manual_01_quality_00
124.2,1108.551299,0.0,0.0,0.16825889686881787,0.009604826358937788,3.6378948020443187,1500.0,1500.0,3.0,14.0,0.75,0,data_5062026_baseline3,data_5062026_baseline3_00000011,data_5062026/2026_05_06_baseline3/00000011.BIN,data_5062026_baseline3_00000011_manual_01_quality_00
124.3,1108.651299,0.0,0.0,0.19591413719252332,-0.025496574768151075,3.9757424931550385,1500.0,1500.0,3.0,14.0,0.75,0,data_5062026_baseline3,data_5062026_baseline3_00000011,data_5062026/2026_05_06_baseline3/00000011.BIN,data_5062026_baseline3_00000011_manual_01_quality_00
124.4,1108.751299,0.0,0.0,0.22356937751616585,-0.05545337093208211,4.302491059508137,1500.0,1500.0,3.0,14.0,0.75,0,data_5062026_baseline3,data_5062026_baseline3_00000011,data_5062026/2026_05_06_baseline3/00000011.BIN,data_5062026_baseline3_00000011_manual_01_quality_00
124.5,1108.851299,0.0,0.0,0.22436491305821524,-0.05784069389491858,4.368182847826243,1500.0,1500.0,3.0,14.0,0.75,0,data_5062026_baseline3,data_5062026_baseline3_00000011,data_5062026/2026_05_06_baseline3/00000011.BIN,data_5062026_baseline3_00000011_manual_01_quality_00
124.6,1108.951299,0.0,0.0,0.2184156984511293,-0.032003959749034354,4.103327293654465,1500.0,1500.0,3.0,14.0,0.75,0,data_5062026_baseline3,data_5062026_baseline3_00000011,data_5062026/2026_05_06_baseline3/00000011.BIN,data_5062026_baseline3_00000011_manual_01_quality_00
124.7,1109.051299,0.0,0.0,0.20883113665024677,0.002009217384051271,3.759531539350991,1500.0,1500.0,3.0,14.0,0.75,0,data_5062026_baseline3,data_5062026_baseline3_00000011,data_5062026/2026_05_06_baseline3/00000011.BIN,data_5062026_baseline3_00000011_manual_01_quality_00
124.8,1109.151299,0.0,0.0,0.19833318931816138,0.021353057217959208,3.5701142715202545,1500.0,1500.0,3.0,14.0,0.75,0,data_5062026_baseline3,data_5062026_baseline3_00000011,data_5062026/2026_05_06_baseline3/00000011.BIN,data_5062026_baseline3_00000011_manual_01_quality_00
124.9,1109.251299,0.0,0.0,0.1963067986889852,0.015952672024398356,3.5619821862174663,1500.0,1500.0,3.0,14.0,0.75,0,data_5062026_baseline3,data_5062026_baseline3_00000011,data_5062026/2026_05_06_baseline3/00000011.BIN,data_5062026_baseline3_00000011_manual_01_quality_00
125.0,1109.351299,0.0,0.0,0.1964099584533371,-0.015574384487038361,3.6988496657237695,1500.0,1500.0,3.0,14.0,0.75,0,data_5062026_baseline3,data_5062026_baseline3_00000011,data_5062026/2026_05_06_baseline3/00000011.BIN,data_5062026_baseline3_00000011_manual_01_quality_00
125.1,1109.451299,0.0,0.0,0.2013485759470159,-0.051060823705327094,3.958788595305815,1500.0,1500.0,3.0,14.0,0.75,0,data_5062026_baseline3,data_5062026_baseline3_00000011,data_5062026/2026_05_06_baseline3/00000011.BIN,data_5062026_baseline3_00000011_manual_01_quality_00
125.2,1109.551299,0.0,0.0,0.20750067018555968,-0.051891965735289224,4.2576172583924725,1500.0,1500.0,3.0,14.0,0.75,0,data_5062026_baseline3,data_5062026_baseline3_00000011,data_5062026/2026_05_06_baseline3/00000011.BIN,data_5062026_baseline3_00000011_manual_01_quality_00
125.3,1109.651299,0.0,0.0,0.19682469329773505,-0.025091209945788662,4.363606839314966,1500.0,1500.0,3.0,14.0,0.75,0,data_5062026_baseline3,data_5062026_baseline3_00000011,data_5062026/2026_05_06_baseline3/00000011.BIN,data_5062026_baseline3_00000011_manual_01_quality_00
125.4,1109.751299,0.0,0.0,0.1818971679319092,-0.013377787734882157,4.1250595485100625,1500.0,1500.0,3.0,14.0,0.75,0,data_5062026_baseline3,data_5062026_baseline3_00000011,data_5062026/2026_05_06_baseline3/00000011.BIN,data_5062026_baseline3_00000011_manual_01_quality_00
125.5,1109.851299,0.0,0.0,0.18125642707340073,-0.019219636080094325,3.7568204414320254,1500.0,1500.0,3.0,14.0,0.75,0,data_5062026_baseline3,data_5062026_baseline3_00000011,data_5062026/2026_05_06_baseline3/00000011.BIN,data_5062026_baseline3_00000011_manual_01_quality_00
125.6,1109.951299,0.0,0.0,0.18423596128742067,-0.03110330589050947,3.572549658084776,1500.0,1500.0,3.0,14.0,0.75,0,data_5062026_baseline3,data_5062026_baseline3_00000011,data_5062026/2026_05_06_baseline3/00000011.BIN,data_5062026_baseline3_00000011_manual_01_quality_00
125.7,1110.051299,0.0,0.0,0.2060947535368381,-0.03929436397918431,3.660494340722502,1500.0,1500.0,3.0,14.0,0.75,0,data_5062026_baseline3,data_5062026_baseline3_00000011,data_5062026/2026_05_06_baseline3/00000011.BIN,data_5062026_baseline3_00000011_manual_01_quality_00
125.8,1110.151299,0.0,0.0,0.22795354578630517,-0.032347160811112274,3.8302975698252886,1500.0,1500.0,3.0,14.0,0.75,0,data_5062026_baseline3,data_5062026_baseline3_00000011,data_5062026/2026_05_06_baseline3/00000011.BIN,data_5062026_baseline3_00000011_manual_01_quality_00
125.9,1110.251299,0.0,0.0,0.21025017085532768,-0.019493323188723485,3.9302435064029364,1500.0,1500.0,3.0,14.0,0.75,0,data_5062026_baseline3,data_5062026_baseline3_00000011,data_5062026/2026_05_06_baseline3/00000011.BIN,data_5062026_baseline3_00000011_manual_01_quality_00
126.0,1110.351299,0.0,0.0,0.18259742347982777,-0.018594072127883693,3.99013455346399,1500.0,1500.0,3.0,14.0,0.75,0,data_5062026_baseline3,data_5062026_baseline3_00000011,data_5062026/2026_05_06_baseline3/00000011.BIN,data_5062026_baseline3_00000011_manual_01_quality_00
126.1,1110.451299,0.0,0.0,0.22461541659490797,-0.02851709778794854,4.046184699225123,1500.0,1500.0,3.0,14.0,0.75,0,data_5062026_baseline3,data_5062026_baseline3_00000011,data_5062026/2026_05_06_baseline3/00000011.BIN,data_5062026_baseline3_00000011_manual_01_quality_00
126.2,1110.551299,0.0,0.0,0.26663340970989263,-0.04472271895331657,4.016025017408008,1500.0,1500.0,3.0,14.0,0.75,0,data_5062026_baseline3,data_5062026_baseline3_00000011,data_5062026/2026_05_06_baseline3/00000011.BIN,data_5062026_baseline3_00000011_manual_01_quality_00
126.3,1110.651299,0.0,0.0,0.2372703263068613,-0.0432467332737298,3.883562511546303,1500.0,1500.0,3.0,14.0,0.75,0,data_5062026_baseline3,data_5062026_baseline3_00000011,data_5062026/2026_05_06_baseline3/00000011.BIN,data_5062026_baseline3_00000011_manual_01_quality_00
126.4,1110.751299,0.0,0.0,0.1899670699467519,-0.011224955484857661,3.7692534265369897,1500.0,1500.0,3.0,14.0,0.75,0,data_5062026_baseline3,data_5062026_baseline3_00000011,data_5062026/2026_05_06_baseline3/00000011.BIN,data_5062026_baseline3_00000011_manual_01_quality_00
126.5,1110.851299,0.0,0.0,0.1798929524843444,0.011899972906772851,3.7737337896156737,1500.0,1500.0,3.0,14.0,0.75,0,data_5062026_baseline3,data_5062026_baseline3_00000011,data_5062026/2026_05_06_baseline3/00000011.BIN,data_5062026_baseline3_00000011_manual_01_quality_00
126.6,1110.951299,0.0,0.0,0.1791587180617671,-0.0027763004917331804,3.8711586856652933,1500.0,1500.0,3.0,14.0,0.75,0,data_5062026_baseline3,data_5062026_baseline3_00000011,data_5062026/2026_05_06_baseline3/00000011.BIN,data_5062026_baseline3_00000011_manual_01_quality_00
126.7,1111.051299,0.0,0.0,0.1874502638644718,-0.03033277602851261,3.954961415557038,1500.0,1500.0,3.0,14.0,0.75,0,data_5062026_baseline3,data_5062026_baseline3_00000011,data_5062026/2026_05_06_baseline3/00000011.BIN,data_5062026_baseline3_00000011_manual_01_quality_00
126.8,1111.151299,0.0,0.0,0.1980115269330713,-0.04104549467665665,4.018112660229458,1500.0,1500.0,3.0,14.0,0.75,0,data_5062026_baseline3,data_5062026_baseline3_00000011,data_5062026/2026_05_06_baseline3/00000011.BIN,data_5062026_baseline3_00000011_manual_01_quality_00
126.9,1111.251299,0.0,0.0,0.1987408072906935,-0.02965438569395281,4.082780304896828,1500.0,1500.0,3.0,14.0,0.75,0,data_5062026_baseline3,data_5062026_baseline3_00000011,data_5062026/2026_05_06_baseline3/00000011.BIN,data_5062026_baseline3_00000011_manual_01_quality_00
127.0,1111.351299,0.0,0.0,0.19700348845709859,-0.016695537414743045,4.027611957493243,1500.0,1500.0,3.0,14.0,0.75,0,data_5062026_baseline3,data_5062026_baseline3_00000011,data_5062026/2026_05_06_baseline3/00000011.BIN,data_5062026_baseline3_00000011_manual_01_quality_00
127.1,1111.451299,0.0,0.0,0.20847330740590325,-0.010215587840102913,3.762870810262762,1500.0,1500.0,3.0,14.0,0.75,0,data_5062026_baseline3,data_5062026_baseline3_00000011,data_5062026/2026_05_06_baseline3/00000011.BIN,data_5062026_baseline3_00000011_manual_01_quality_00
127.2,1111.551299,0.0,0.0,0.21994312635468183,-0.0026656087175537875,3.5078842533829766,1500.0,1500.0,3.0,14.0,0.75,0,data_5062026_baseline3,data_5062026_baseline3_00000011,data_5062026/2026_05_06_baseline3/00000011.BIN,data_5062026_baseline3_00000011_manual_01_quality_00
127.3,1111.651299,0.0,0.0,0.21352173409045225,-0.0026733869853083933,3.643833113603992,1500.0,1500.0,3.0,14.0,0.75,0,data_5062026_baseline3,data_5062026_baseline3_00000011,data_5062026/2026_05_06_baseline3/00000011.BIN,data_5062026_baseline3_00000011_manual_01_quality_00
127.4,1111.751299,0.0,0.0,0.20259085788468315,-0.02601132204302178,4.1190768380668565,1500.0,1500.0,3.0,14.0,0.75,0,data_5062026_baseline3,data_5062026_baseline3_00000011,data_5062026/2026_05_06_baseline3/00000011.BIN,data_5062026_baseline3_00000011_manual_01_quality_00
127.5,1111.851299,0.0,0.0,0.19489774811735047,-0.07358705959527868,4.401079262321957,1500.0,1500.0,3.0,14.0,0.75,0,data_5062026_baseline3,data_5062026_baseline3_00000011,data_5062026/2026_05_06_baseline3/00000011.BIN,data_5062026_baseline3_00000011_manual_01_quality_00
127.6,1111.951299,0.0,0.0,0.1880199061963983,-0.09099567252555736,4.155830409265401,1500.0,1500.0,3.0,14.0,0.75,0,data_5062026_baseline3,data_5062026_baseline3_00000011,data_5062026/2026_05_06_baseline3/00000011.BIN,data_5062026_baseline3_00000011_manual_01_quality_00
127.7,1112.051299,0.0,0.0,0.21317242876135536,-0.043049872289496076,3.627399660664117,1500.0,1500.0,3.0,14.0,0.75,0,data_5062026_baseline3,data_5062026_baseline3_00000011,data_5062026/2026_05_06_baseline3/00000011.BIN,data_5062026_baseline3_00000011_manual_01_quality_00
127.8,1112.151299,0.0,0.0,0.24637362346040698,0.00725132822791814,3.4153607742952268,1500.0,1500.0,3.0,14.0,0.75,0,data_5062026_baseline3,data_5062026_baseline3_00000011,data_5062026/2026_05_06_baseline3/00000011.BIN,data_5062026_baseline3_00000011_manual_01_quality_00
127.9,1112.251299,0.0,0.0,0.21535109346570264,-0.0035270301661153463,3.7217485148329947,1500.0,1500.0,3.0,14.0,0.75,0,data_5062026_baseline3,data_5062026_baseline3_00000011,data_5062026/2026_05_06_baseline3/00000011.BIN,data_5062026_baseline3_00000011_manual_01_quality_00
128.0,1112.351299,0.0,0.0,0.16814699903351354,-0.061180477309243586,4.126548617571874,1500.0,1500.0,3.0,14.0,0.75,0,data_5062026_baseline3,data_5062026_baseline3_00000011,data_5062026/2026_05_06_baseline3/00000011.BIN,data_5062026_baseline3_00000011_manual_01_quality_00
128.1,1112.451299,0.0,0.0,0.16769800145778577,-0.10694593745732554,4.329300923402822,1500.0,1500.0,3.0,14.0,0.75,0,data_5062026_baseline3,data_5062026_baseline3_00000011,data_5062026/2026_05_06_baseline3/00000011.BIN,data_5062026_baseline3_00000011_manual_01_quality_00
128.2,1112.551299,0.0,0.0,0.17894581523358272,-0.1087435166607828,4.283665459375062,1500.0,1500.0,3.0,14.0,0.75,0,data_5062026_baseline3,data_5062026_baseline3_00000011,data_5062026/2026_05_06_baseline3/00000011.BIN,data_5062026_baseline3_00000011_manual_01_quality_00
128.3,1112.651299,0.0,0.0,0.19704323363268034,-0.0789312549065961,3.970095822087139,1500.0,1500.0,3.0,14.0,0.75,0,data_5062026_baseline3,data_5062026_baseline3_00000011,data_5062026/2026_05_06_baseline3/00000011.BIN,data_5062026_baseline3_00000011_manual_01_quality_00
128.4,1112.751299,0.0,0.0,0.21686419828368078,-0.05115200084326401,3.580050132198252,1500.0,1500.0,3.0,14.0,0.75,0,data_5062026_baseline3,data_5062026_baseline3_00000011,data_5062026/2026_05_06_baseline3/00000011.BIN,data_5062026_baseline3_00000011_manual_01_quality_00
128.5,1112.851299,0.0,0.0,0.23321105944745624,-0.02995583081117559,3.406071770653991,1500.0,1500.0,3.0,14.0,0.75,0,data_5062026_baseline3,data_5062026_baseline3_00000011,data_5062026/2026_05_06_baseline3/00000011.BIN,data_5062026_baseline3_00000011_manual_01_quality_00
128.6,1112.951299,0.0,0.0,0.24868515654359297,-0.027235661732280664,3.5736130993042834,1500.0,1500.0,3.0,14.0,0.75,0,data_5062026_baseline3,data_5062026_baseline3_00000011,data_5062026/2026_05_06_baseline3/00000011.BIN,data_5062026_baseline3_00000011_manual_01_quality_00
128.7,1113.051299,0.0,0.0,0.23176503182278135,-0.05138739113329835,3.9844588184346543,1500.0,1500.0,3.0,14.0,0.75,0,data_5062026_baseline3,data_5062026_baseline3_00000011,data_5062026/2026_05_06_baseline3/00000011.BIN,data_5062026_baseline3_00000011_manual_01_quality_00
128.8,1113.151299,0.0,0.0,0.20670176054246775,-0.08107828936940392,4.406883371209737,1500.0,1500.0,3.0,14.0,0.75,0,data_5062026_baseline3,data_5062026_baseline3_00000011,data_5062026/2026_05_06_baseline3/00000011.BIN,data_5062026_baseline3_00000011_manual_01_quality_00
128.9,1113.251299,0.0,0.0,0.20712618084001092,-0.10356289136304439,4.476204873920066,1500.0,1500.0,3.0,14.0,0.75,0,data_5062026_baseline3,data_5062026_baseline3_00000011,data_5062026/2026_05_06_baseline3/00000011.BIN,data_5062026_baseline3_00000011_manual_01_quality_00
129.0,1113.351299,0.0,0.0,0.21399156975964811,-0.10113418181049125,4.170847600196723,1500.0,1500.0,3.0,14.0,0.75,0,data_5062026_baseline3,data_5062026_baseline3_00000011,data_5062026/2026_05_06_baseline3/00000011.BIN,data_5062026_baseline3_00000011_manual_01_quality_00
129.1,1113.451299,0.0,0.0,0.1972133059973048,-0.07930119277150936,3.726881577073297,1500.0,1500.0,3.0,14.0,0.75,0,data_5062026_baseline3,data_5062026_baseline3_00000011,data_5062026/2026_05_06_baseline3/00000011.BIN,data_5062026_baseline3_00000011_manual_01_quality_00
129.2,1113.551299,0.0,0.0,0.17448565811661942,-0.05717993700061044,3.405015571721121,1500.0,1500.0,3.0,14.0,0.75,0,data_5062026_baseline3,data_5062026_baseline3_00000011,data_5062026/2026_05_06_baseline3/00000011.BIN,data_5062026_baseline3_00000011_manual_01_quality_00
129.3,1113.651299,0.0,0.0,0.18360156605893183,-0.047388597508830115,3.4459396084610896,1500.0,1500.0,3.0,14.0,0.75,0,data_5062026_baseline3,data_5062026_baseline3_00000011,data_5062026/2026_05_06_baseline3/00000011.BIN,data_5062026_baseline3_00000011_manual_01_quality_00
129.4,1113.751299,0.0,0.0,0.2007276819897071,-0.062456359099434,3.9119163944925597,1500.0,1500.0,3.0,14.0,0.75,0,data_5062026_baseline3,data_5062026_baseline3_00000011,data_5062026/2026_05_06_baseline3/00000011.BIN,data_5062026_baseline3_00000011_manual_01_quality_00
129.5,1113.851299,0.0,0.0,0.19459518552515703,-0.0978274698459246,4.423133319357296,1500.0,1500.0,3.0,14.0,0.75,0,data_5062026_baseline3,data_5062026_baseline3_00000011,data_5062026/2026_05_06_baseline3/00000011.BIN,data_5062026_baseline3_00000011_manual_01_quality_00
129.6,1113.951299,0.0,0.0,0.18265018290776283,-0.12289170553276926,4.512901483174248,1500.0,1500.0,3.0,14.0,0.75,0,data_5062026_baseline3,data_5062026_baseline3_00000011,data_5062026/2026_05_06_baseline3/00000011.BIN,data_5062026_baseline3_00000011_manual_01_quality_00
129.7,1114.051299,0.0,0.0,0.21179144922794785,-0.12062559146791436,4.133018969504644,1500.0,1500.0,3.0,14.0,0.75,0,data_5062026_baseline3,data_5062026_baseline3_00000011,data_5062026/2026_05_06_baseline3/00000011.BIN,data_5062026_baseline3_00000011_manual_01_quality_00
129.8,1114.151299,0.0,0.0,0.24093271554819914,-0.10233477324064376,3.6944558629663784,1500.0,1500.0,3.0,14.0,0.75,0,data_5062026_baseline3,data_5062026_baseline3_00000011,data_5062026/2026_05_06_baseline3/00000011.BIN,data_5062026_baseline3_00000011_manual_01_quality_00
129.9,1114.251299,0.0,0.0,0.235593889413816,-0.08603582692216824,3.5628168611584115,1500.0,1500.0,3.0,14.0,0.75,0,data_5062026_baseline3,data_5062026_baseline3_00000011,data_5062026/2026_05_06_baseline3/00000011.BIN,data_5062026_baseline3_00000011_manual_01_quality_00
130.0,1114.351299,0.0,0.0,0.22153730502863242,-0.07892380442336788,3.689190275507786,1500.0,1500.0,3.0,14.0,0.75,0,data_5062026_baseline3,data_5062026_baseline3_00000011,data_5062026/2026_05_06_baseline3/00000011.BIN,data_5062026_baseline3_00000011_manual_01_quality_00
130.1,1114.451299,0.0,0.0,0.2222510920890587,-0.07352115829714147,3.807436548575106,1500.0,1500.0,3.0,14.0,0.75,0,data_5062026_baseline3,data_5062026_baseline3_00000011,data_5062026/2026_05_06_baseline3/00000011.BIN,data_5062026_baseline3_00000011_manual_01_quality_00
130.2,1114.551299,0.0,0.0,0.22667271653317309,-0.07831136949683135,3.829949856814548,1500.0,1500.0,3.0,14.0,0.75,0,data_5062026_baseline3,data_5062026_baseline3_00000011,data_5062026/2026_05_06_baseline3/00000011.BIN,data_5062026_baseline3_00000011_manual_01_quality_00
130.3,1114.651299,0.0,0.0,0.2044181147990773,-0.09746171221082052,3.9491801110733835,1500.0,1500.0,3.0,14.0,0.75,0,data_5062026_baseline3,data_5062026_baseline3_00000011,data_5062026/2026_05_06_baseline3/00000011.BIN,data_5062026_baseline3_00000011_manual_01_quality_00
130.4,1114.751299,0.0,0.0,0.17543641825029027,-0.11865926407763688,4.221393544108885,1500.0,1500.0,3.0,14.0,0.75,0,data_5062026_baseline3,data_5062026_baseline3_00000011,data_5062026/2026_05_06_baseline3/00000011.BIN,data_5062026_baseline3_00000011_manual_01_quality_00
130.5,1114.851299,0.0,0.0,0.18978912258212113,-0.12582754582617348,4.389900781869159,1500.0,1500.0,3.0,14.0,0.75,0,data_5062026_baseline3,data_5062026_baseline3_00000011,data_5062026/2026_05_06_baseline3/00000011.BIN,data_5062026_baseline3_00000011_manual_01_quality_00
130.6,1114.951299,0.0,0.0,0.2150357561513449,-0.10650477146820315,4.163734723666486,1500.0,1500.0,3.0,14.0,0.75,0,data_5062026_baseline3,data_5062026_baseline3_00000011,data_5062026/2026_05_06_baseline3/00000011.BIN,data_5062026_baseline3_00000011_manual_01_quality_00
130.7,1115.051299,0.0,0.0,0.21670592384137188,-0.07195321996596754,3.609989778736601,1500.0,1500.0,3.0,14.0,0.75,0,data_5062026_baseline3,data_5062026_baseline3_00000011,data_5062026/2026_05_06_baseline3/00000011.BIN,data_5062026_baseline3_00000011_manual_01_quality_00
130.8,1115.151299,0.0,0.0,0.21245690375597742,-0.04632792947023024,3.2144112355888876,1500.0,1500.0,3.0,14.0,0.75,0,data_5062026_baseline3,data_5062026_baseline3_00000011,data_5062026/2026_05_06_baseline3/00000011.BIN,data_5062026_baseline3_00000011_manual_01_quality_00
130.9,1115.251299,0.0,0.0,0.19287007025652259,-0.042318049316842146,3.3784349208690454,1500.0,1500.0,3.0,14.0,0.75,0,data_5062026_baseline3,data_5062026_baseline3_00000011,data_5062026/2026_05_06_baseline3/00000011.BIN,data_5062026_baseline3_00000011_manual_01_quality_00
131.0,1115.351299,0.0,0.0,0.16944849476743887,-0.07173585704671645,3.938208313006083,1500.0,1500.0,3.0,14.0,0.75,0,data_5062026_baseline3,data_5062026_baseline3_00000011,data_5062026/2026_05_06_baseline3/00000011.BIN,data_5062026_baseline3_00000011_manual_01_quality_00
131.1,1115.451299,0.0,0.0,0.1659907071117362,-0.11703404798482106,4.450979377877198,1500.0,1500.0,3.0,14.0,0.75,0,data_5062026_baseline3,data_5062026_baseline3_00000011,data_5062026/2026_05_06_baseline3/00000011.BIN,data_5062026_baseline3_00000011_manual_01_quality_00
131.2,1115.551299,0.0,0.0,0.16253291945604137,-0.13083642465610867,4.553848884622983,1500.0,1500.0,3.0,14.0,0.75,0,data_5062026_baseline3,data_5062026_baseline3_00000011,data_5062026/2026_05_06_baseline3/00000011.BIN,data_5062026_baseline3_00000011_manual_01_quality_00
131.3,1115.651299,0.0,0.0,0.18866150195964815,-0.1019327764525934,4.172452203859883,1500.0,1500.0,3.0,14.0,0.75,0,data_5062026_baseline3,data_5062026_baseline3_00000011,data_5062026/2026_05_06_baseline3/00000011.BIN,data_5062026_baseline3_00000011_manual_01_quality_00
131.4,1115.751299,0.0,0.0,0.22221258321125986,-0.06216572204814084,3.6275327780589626,1500.0,1500.0,3.0,14.0,0.75,0,data_5062026_baseline3,data_5062026_baseline3_00000011,data_5062026/2026_05_06_baseline3/00000011.BIN,data_5062026_baseline3_00000011_manual_01_quality_00
131.5,1115.851299,0.0,0.0,0.23609153867321347,-0.0431768750452863,3.441153333236545,1500.0,1500.0,3.0,14.0,0.75,0,data_5062026_baseline3,data_5062026_baseline3_00000011,data_5062026/2026_05_06_baseline3/00000011.BIN,data_5062026_baseline3_00000011_manual_01_quality_00
131.6,1115.951299,0.0,0.0,0.2450136720949687,-0.059968869465879024,3.7302444924331937,1500.0,1500.0,3.0,14.0,0.75,0,data_5062026_baseline3,data_5062026_baseline3_00000011,data_5062026/2026_05_06_baseline3/00000011.BIN,data_5062026_baseline3_00000011_manual_01_quality_00
131.7,1116.051299,0.0,0.0,0.22491289020077798,-0.09785814315310414,4.144644978304038,1500.0,1500.0,3.0,14.0,0.75,0,data_5062026_baseline3,data_5062026_baseline3_00000011,data_5062026/2026_05_06_baseline3/00000011.BIN,data_5062026_baseline3_00000011_manual_01_quality_00
131.8,1116.151299,0.0,0.0,0.19751824686193808,-0.12354149443161587,4.30644402485577,1500.0,1500.0,3.0,14.0,0.75,0,data_5062026_baseline3,data_5062026_baseline3_00000011,data_5062026/2026_05_06_baseline3/00000011.BIN,data_5062026_baseline3_00000011_manual_01_quality_00
131.9,1116.251299,0.0,0.0,0.20993163939444306,-0.11424890257582575,4.1134548946133425,1500.0,1500.0,3.0,14.0,0.75,0,data_5062026_baseline3,data_5062026_baseline3_00000011,data_5062026/2026_05_06_baseline3/00000011.BIN,data_5062026_baseline3_00000011_manual_01_quality_00
132.0,1116.351299,0.0,0.0,0.23238052881206656,-0.0763084306472163,3.8019492571288738,1500.0,1500.0,3.0,14.0,0.75,0,data_5062026_baseline3,data_5062026_baseline3_00000011,data_5062026/2026_05_06_baseline3/00000011.BIN,data_5062026_baseline3_00000011_manual_01_quality_00
132.1,1116.451299,0.0,0.0,0.22130537655527946,-0.04728609005603085,3.6776165296468397,1500.0,1500.0,3.0,14.0,0.75,0,data_5062026_baseline3,data_5062026_baseline3_00000011,data_5062026/2026_05_06_baseline3/00000011.BIN,data_5062026_baseline3_00000011_manual_01_quality_00
132.2,1116.551299,0.0,0.0,0.2018025425876179,-0.05429590543109695,3.7857790264506748,1500.0,1500.0,3.0,14.0,0.75,0,data_5062026_baseline3,data_5062026_baseline3_00000011,data_5062026/2026_05_06_baseline3/00000011.BIN,data_5062026_baseline3_00000011_manual_01_quality_00
132.3,1116.651299,0.0,0.0,0.2123952039365194,-0.07961433490822963,3.9992797237817115,1500.0,1500.0,3.0,14.0,0.75,0,data_5062026_baseline3,data_5062026_baseline3_00000011,data_5062026/2026_05_06_baseline3/00000011.BIN,data_5062026_baseline3_00000011_manual_01_quality_00
132.4,1116.751299,0.0,0.0,0.23053023024565766,-0.09479848562487816,4.2039556557708995,1500.0,1500.0,3.0,14.0,0.75,0,data_5062026_baseline3,data_5062026_baseline3_00000011,data_5062026/2026_05_06_baseline3/00000011.BIN,data_5062026_baseline3_00000011_manual_01_quality_00
132.5,1116.851299,0.0,0.0,0.21125809289187522,-0.09254169005117335,4.229525573472418,1500.0,1500.0,3.0,14.0,0.75,0,data_5062026_baseline3,data_5062026_baseline3_00000011,data_5062026/2026_05_06_baseline3/00000011.BIN,data_5062026_baseline3_00000011_manual_01_quality_00
132.6,1116.951299,0.0,0.0,0.19198595553804895,-0.07516070051329911,4.013002636106703,1500.0,1500.0,3.0,14.0,0.75,0,data_5062026_baseline3,data_5062026_baseline3_00000011,data_5062026/2026_05_06_baseline3/00000011.BIN,data_5062026_baseline3_00000011_manual_01_quality_00
132.7,1117.051299,0.0,0.0,0.21723835719628784,-0.05729518452149002,3.701075124806591,1500.0,1500.0,3.0,14.0,0.75,0,data_5062026_baseline3,data_5062026_baseline3_00000011,data_5062026/2026_05_06_baseline3/00000011.BIN,data_5062026_baseline3_00000011_manual_01_quality_00
132.8,1117.151299,0.0,0.0,0.2536936426643962,-0.04164810142213711,3.5253739977445013,1500.0,1500.0,3.0,14.0,0.75,0,data_5062026_baseline3,data_5062026_baseline3_00000011,data_5062026/2026_05_06_baseline3/00000011.BIN,data_5062026_baseline3_00000011_manual_01_quality_00
132.9,1117.251299,0.0,0.0,0.24626387068182162,-0.024843484375549812,3.6325937485460087,1500.0,1500.0,3.0,14.0,0.75,0,data_5062026_baseline3,data_5062026_baseline3_00000011,data_5062026/2026_05_06_baseline3/00000011.BIN,data_5062026_baseline3_00000011_manual_01_quality_00
133.0,1117.351299,0.0,0.0,0.22781960093689796,-0.025570618254523246,3.9452922115009446,1500.0,1500.0,3.0,14.0,0.75,0,data_5062026_baseline3,data_5062026_baseline3_00000011,data_5062026/2026_05_06_baseline3/00000011.BIN,data_5062026_baseline3_00000011_manual_01_quality_00
133.1,1117.451299,0.0,0.0,0.2120232210014301,-0.0498368498232103,4.219655369870903,1500.0,1500.0,3.0,14.0,0.75,0,data_5062026_baseline3,data_5062026_baseline3_00000011,data_5062026/2026_05_06_baseline3/00000011.BIN,data_5062026_baseline3_00000011_manual_01_quality_00
133.2,1117.551299,0.0,0.0,0.1968936197877462,-0.07383571213609674,4.281122921215984,1500.0,1500.0,3.0,14.0,0.75,0,data_5062026_baseline3,data_5062026_baseline3_00000011,data_5062026/2026_05_06_baseline3/00000011.BIN,data_5062026_baseline3_00000011_manual_01_quality_00
133.3,1117.651299,0.0,0.0,0.1996616507998261,-0.07500192792097485,4.145162577189079,1500.0,1500.0,3.0,14.0,0.75,0,data_5062026_baseline3,data_5062026_baseline3_00000011,data_5062026/2026_05_06_baseline3/00000011.BIN,data_5062026_baseline3_00000011_manual_01_quality_00
133.4,1117.751299,0.0,0.0,0.20694078417121223,-0.05430356961340571,3.934285838759227,1500.0,1500.0,3.0,14.0,0.75,0,data_5062026_baseline3,data_5062026_baseline3_00000011,data_5062026/2026_05_06_baseline3/00000011.BIN,data_5062026_baseline3_00000011_manual_01_quality_00
133.5,1117.851299,0.0,0.0,0.23605633282473276,-0.022884164839304666,3.7216334917024043,1500.0,1500.0,3.0,14.0,0.75,0,data_5062026_baseline3,data_5062026_baseline3_00000011,data_5062026/2026_05_06_baseline3/00000011.BIN,data_5062026_baseline3_00000011_manual_01_quality_00
133.6,1117.951299,0.0,0.0,0.2706630952630157,0.0033594141004599444,3.5938902486919013,1500.0,1500.0,3.0,14.0,0.75,0,data_5062026_baseline3,data_5062026_baseline3_00000011,data_5062026/2026_05_06_baseline3/00000011.BIN,data_5062026_baseline3_00000011_manual_01_quality_00
133.7,1118.051299,0.0,0.0,0.23250615213143033,0.010290210131827978,3.6719048745787193,1500.0,1500.0,3.0,14.0,0.75,0,data_5062026_baseline3,data_5062026_baseline3_00000011,data_5062026/2026_05_06_baseline3/00000011.BIN,data_5062026_baseline3_00000011_manual_01_quality_00
133.8,1118.151299,0.0,0.0,0.1759394663315318,-0.013986047626968383,3.9615468954155846,1500.0,1500.0,3.0,14.0,0.75,0,data_5062026_baseline3,data_5062026_baseline3_00000011,data_5062026/2026_05_06_baseline3/00000011.BIN,data_5062026_baseline3_00000011_manual_01_quality_00
133.9,1118.251299,0.0,0.0,0.17188081980956307,-0.05837943336587281,4.2684593190813835,1500.0,1500.0,3.0,14.0,0.75,0,data_5062026_baseline3,data_5062026_baseline3_00000011,data_5062026/2026_05_06_baseline3/00000011.BIN,data_5062026_baseline3_00000011_manual_01_quality_00
134.0,1118.351299,0.0,0.0,0.18102310570019653,-0.07929584129628107,4.373151960397575,1500.0,1500.0,3.0,14.0,0.75,0,data_5062026_baseline3,data_5062026_baseline3_00000011,data_5062026/2026_05_06_baseline3/00000011.BIN,data_5062026_baseline3_00000011_manual_01_quality_00
134.1,1118.451299,0.0,0.0,0.19570299277206457,-0.061840149701623645,4.249971579331166,1500.0,1500.0,3.0,14.0,0.75,0,data_5062026_baseline3,data_5062026_baseline3_00000011,data_5062026/2026_05_06_baseline3/00000011.BIN,data_5062026_baseline3_00000011_manual_01_quality_00
134.2,1118.551299,0.0,0.0,0.2117732555192488,-0.02637131356347495,3.98711275305021,1500.0,1500.0,3.0,14.0,0.75,0,data_5062026_baseline3,data_5062026_baseline3_00000011,data_5062026/2026_05_06_baseline3/00000011.BIN,data_5062026_baseline3_00000011_manual_01_quality_00
134.3,1118.651299,0.0,0.0,0.2163940097339141,0.007605890992728212,3.677182296240811,1500.0,1500.0,3.0,14.0,0.75,0,data_5062026_baseline3,data_5062026_baseline3_00000011,data_5062026/2026_05_06_baseline3/00000011.BIN,data_5062026_baseline3_00000011_manual_01_quality_00
134.4,1118.751299,0.0,0.0,0.21813823985820424,0.024679113787599526,3.4282376440185747,1500.0,1500.0,3.0,14.0,0.75,0,data_5062026_baseline3,data_5062026_baseline3_00000011,data_5062026/2026_05_06_baseline3/00000011.BIN,data_5062026_baseline3_00000011_manual_01_quality_00
134.5,1118.851299,0.0,0.0,0.2196442971926862,0.02174593410096984,3.4388178060356402,1500.0,1500.0,3.0,14.0,0.75,0,data_5062026_baseline3,data_5062026_baseline3_00000011,data_5062026/2026_05_06_baseline3/00000011.BIN,data_5062026_baseline3_00000011_manual_01_quality_00
134.6,1118.951299,0.0,0.0,0.2210906176884605,0.0031355899892699167,3.8039595312844723,1500.0,1500.0,3.0,14.0,0.75,0,data_5062026_baseline3,data_5062026_baseline3_00000011,data_5062026/2026_05_06_baseline3/00000011.BIN,data_5062026_baseline3_00000011_manual_01_quality_00
134.7,1119.051299,0.0,0.0,0.20968256183738804,-0.02160019710231466,4.344306778890894,1500.0,1500.0,3.0,14.0,0.75,0,data_5062026_baseline3,data_5062026_baseline3_00000011,data_5062026/2026_05_06_baseline3/00000011.BIN,data_5062026_baseline3_00000011_manual_01_quality_00
134.8,1119.151299,0.0,0.0,0.19503092946235664,-0.03552175804999701,4.638778282893348,1500.0,1500.0,3.0,14.0,0.75,0,data_5062026_baseline3,data_5062026_baseline3_00000011,data_5062026/2026_05_06_baseline3/00000011.BIN,data_5062026_baseline3_00000011_manual_01_quality_00
134.9,1119.251299,0.0,0.0,0.19632994847615004,-0.021414938612890108,4.415242778655708,1500.0,1500.0,3.0,14.0,0.75,0,data_5062026_baseline3,data_5062026_baseline3_00000011,data_5062026/2026_05_06_baseline3/00000011.BIN,data_5062026_baseline3_00000011_manual_01_quality_00
135.0,1119.351299,0.0,0.0,0.20165798101935145,0.017062635494925118,3.7891243054174897,1500.0,1500.0,3.0,14.0,0.75,0,data_5062026_baseline3,data_5062026_baseline3_00000011,data_5062026/2026_05_06_baseline3/00000011.BIN,data_5062026_baseline3_00000011_manual_01_quality_00
135.1,1119.451299,0.0,0.0,0.21313899946382464,0.05271441181143774,3.2730586309613767,1500.0,1500.0,3.0,14.0,0.75,0,data_5062026_baseline3,data_5062026_baseline3_00000011,data_5062026/2026_05_06_baseline3/00000011.BIN,data_5062026_baseline3_00000011_manual_01_quality_00
135.2,1119.551299,0.0,0.0,0.2246200179082717,0.06760283626903078,3.3166478606202245,1500.0,1500.0,3.0,14.0,0.75,0,data_5062026_baseline3,data_5062026_baseline3_00000011,data_5062026/2026_05_06_baseline3/00000011.BIN,data_5062026_baseline3_00000011_manual_01_quality_00
135.3,1119.651299,0.0,0.0,0.21419955176547367,0.04158414547934115,3.841827341932147,1500.0,1500.0,3.0,14.0,0.75,0,data_5062026_baseline3,data_5062026_baseline3_00000011,data_5062026/2026_05_06_baseline3/00000011.BIN,data_5062026_baseline3_00000011_manual_01_quality_00
135.4,1119.751299,0.0,0.0,0.19825743794020442,-0.018217868968778504,4.3719269935587075,1500.0,1500.0,3.0,14.0,0.75,0,data_5062026_baseline3,data_5062026_baseline3_00000011,data_5062026/2026_05_06_baseline3/00000011.BIN,data_5062026_baseline3_00000011_manual_01_quality_00
135.5,1119.851299,0.0,0.0,0.19820093928123875,-0.05115346482539283,4.535009003323907,1500.0,1500.0,3.0,14.0,0.75,0,data_5062026_baseline3,data_5062026_baseline3_00000011,data_5062026/2026_05_06_baseline3/00000011.BIN,data_5062026_baseline3_00000011_manual_01_quality_00
135.6,1119.951299,0.0,0.0,0.20213149414043566,-0.01809980294833456,4.264618137017334,1500.0,1500.0,3.0,14.0,0.75,0,data_5062026_baseline3,data_5062026_baseline3_00000011,data_5062026/2026_05_06_baseline3/00000011.BIN,data_5062026_baseline3_00000011_manual_01_quality_00
135.7,1120.051299,0.0,0.0,0.21095825845356408,0.0412029454014807,3.83099413995118,1500.0,1500.0,3.0,14.0,0.75,0,data_5062026_baseline3,data_5062026_baseline3_00000011,data_5062026/2026_05_06_baseline3/00000011.BIN,data_5062026_baseline3_00000011_manual_01_quality_00
135.8,1120.151299,0.0,0.0,0.2210160448560721,0.06482829962945078,3.5819275171264855,1500.0,1500.0,3.0,14.0,0.75,0,data_5062026_baseline3,data_5062026_baseline3_00000011,data_5062026/2026_05_06_baseline3/00000011.BIN,data_5062026_baseline3_00000011_manual_01_quality_00
135.9,1120.251299,0.0,0.0,0.20622030035816988,0.0438540690457633,3.649282474759701,1500.0,1500.0,3.0,14.0,0.75,0,data_5062026_baseline3,data_5062026_baseline3_00000011,data_5062026/2026_05_06_baseline3/00000011.BIN,data_5062026_baseline3_00000011_manual_01_quality_00
136.0,1120.351299,0.0,0.0,0.18518785546175548,0.01365599518309042,3.861396663612522,1500.0,1500.0,3.0,14.0,0.75,0,data_5062026_baseline3,data_5062026_baseline3_00000011,data_5062026/2026_05_06_baseline3/00000011.BIN,data_5062026_baseline3_00000011_manual_01_quality_00
136.1,1120.451299,0.0,0.0,0.20065169432486507,-0.011542140171498046,4.025613003958129,1500.0,1500.0,3.0,14.0,0.75,0,data_5062026_baseline3,data_5062026_baseline3_00000011,data_5062026/2026_05_06_baseline3/00000011.BIN,data_5062026_baseline3_00000011_manual_01_quality_00
136.2,1120.551299,0.0,0.0,0.22527898565037233,-0.01570026532504892,4.132511082919918,1500.0,1500.0,3.0,14.0,0.75,0,data_5062026_baseline3,data_5062026_baseline3_00000011,data_5062026/2026_05_06_baseline3/00000011.BIN,data_5062026_baseline3_00000011_manual_01_quality_00
136.3,1120.651299,0.0,0.0,0.22641100063677788,0.01321537826168503,4.154223697247698,1500.0,1500.0,3.0,14.0,0.75,0,data_5062026_baseline3,data_5062026_baseline3_00000011,data_5062026/2026_05_06_baseline3/00000011.BIN,data_5062026_baseline3_00000011_manual_01_quality_00
136.4,1120.751299,0.0,0.0,0.2216051077349245,0.05117967792946633,4.047658954810728,1500.0,1500.0,3.0,14.0,0.75,0,data_5062026_baseline3,data_5062026_baseline3_00000011,data_5062026/2026_05_06_baseline3/00000011.BIN,data_5062026_baseline3_00000011_manual_01_quality_00
136.5,1120.851299,0.0,0.0,0.2117883315397379,0.06524830260018305,3.8330341264480325,1500.0,1500.0,3.0,14.0,0.75,0,data_5062026_baseline3,data_5062026_baseline3_00000011,data_5062026/2026_05_06_baseline3/00000011.BIN,data_5062026_baseline3_00000011_manual_01_quality_00
136.6,1120.951299,0.0,0.0,0.20197155534452896,0.052962938577545034,3.652906161200771,1500.0,1500.0,3.0,14.0,0.75,0,data_5062026_baseline3,data_5062026_baseline3_00000011,data_5062026/2026_05_06_baseline3/00000011.BIN,data_5062026_baseline3_00000011_manual_01_quality_00
136.7,1121.051299,0.0,0.0,0.204092684498017,0.029628742782933086,3.7023675913921035,1500.0,1500.0,3.0,14.0,0.75,0,data_5062026_baseline3,data_5062026_baseline3_00000011,data_5062026/2026_05_06_baseline3/00000011.BIN,data_5062026_baseline3_00000011_manual_01_quality_00
136.8,1121.151299,0.0,0.0,0.20920911656464783,0.012173256112032868,3.976140353323495,1500.0,1500.0,3.0,14.0,0.75,0,data_5062026_baseline3,data_5062026_baseline3_00000011,data_5062026/2026_05_06_baseline3/00000011.BIN,data_5062026_baseline3_00000011_manual_01_quality_00
136.9,1121.251299,0.0,0.0,0.20692380742003083,0.005732649192031425,4.235081391345607,1500.0,1500.0,3.0,14.0,0.75,0,data_5062026_baseline3,data_5062026_baseline3_00000011,data_5062026/2026_05_06_baseline3/00000011.BIN,data_5062026_baseline3_00000011_manual_01_quality_00
137.0,1121.351299,0.0,0.0,0.20277543968289086,0.006044780741975572,4.245001210146156,1500.0,1500.0,3.0,14.0,0.75,0,data_5062026_baseline3,data_5062026_baseline3_00000011,data_5062026/2026_05_06_baseline3/00000011.BIN,data_5062026_baseline3_00000011_manual_01_quality_00
137.1,1121.451299,0.0,0.0,0.2108138031949622,0.01801188236610968,3.948957038057896,1500.0,1500.0,3.0,14.0,0.75,0,data_5062026_baseline3,data_5062026_baseline3_00000011,data_5062026/2026_05_06_baseline3/00000011.BIN,data_5062026_baseline3_00000011_manual_01_quality_00
137.2,1121.551299,0.0,0.0,0.22191123673287452,0.03586973124413118,3.5599565359431287,1500.0,1500.0,3.0,14.0,0.75,0,data_5062026_baseline3,data_5062026_baseline3_00000011,data_5062026/2026_05_06_baseline3/00000011.BIN,data_5062026_baseline3_00000011_manual_01_quality_00
137.3,1121.651299,0.0,0.0,0.2190378194771825,0.054000742196688774,3.40871901262182,1500.0,1500.0,3.0,14.0,0.75,0,data_5062026_baseline3,data_5062026_baseline3_00000011,data_5062026/2026_05_06_baseline3/00000011.BIN,data_5062026_baseline3_00000011_manual_01_quality_00
137.4,1121.751299,0.0,0.0,0.21264786295413513,0.06505259323836658,3.6768348638257105,1500.0,1500.0,3.0,14.0,0.75,0,data_5062026_baseline3,data_5062026_baseline3_00000011,data_5062026/2026_05_06_baseline3/00000011.BIN,data_5062026_baseline3_00000011_manual_01_quality_00
137.5,1121.851299,0.0,0.0,0.17355380115765695,0.048800368578097705,4.221562323567915,1500.0,1500.0,3.0,14.0,0.75,0,data_5062026_baseline3,data_5062026_baseline3_00000011,data_5062026/2026_05_06_baseline3/00000011.BIN,data_5062026_baseline3_00000011_manual_01_quality_00
137.6,1121.951299,0.0,0.0,0.12626070502668407,0.00874181514399841,4.648948756109825,1500.0,1500.0,3.0,14.0,0.75,0,data_5062026_baseline3,data_5062026_baseline3_00000011,data_5062026/2026_05_06_baseline3/00000011.BIN,data_5062026_baseline3_00000011_manual_01_quality_00
137.7,1122.051299,0.0,0.0,0.1467563751239917,-0.027436958394968205,4.625301367241403,1500.0,1500.0,3.0,14.0,0.75,0,data_5062026_baseline3,data_5062026_baseline3_00000011,data_5062026/2026_05_06_baseline3/00000011.BIN,data_5062026_baseline3_00000011_manual_01_quality_00
137.8,1122.151299,0.0,0.0,0.18427130880877676,-0.02229110442101653,4.052182916416111,1500.0,1500.0,3.0,14.0,0.75,0,data_5062026_baseline3,data_5062026_baseline3_00000011,data_5062026/2026_05_06_baseline3/00000011.BIN,data_5062026_baseline3_00000011_manual_01_quality_00
137.9,1122.251299,0.0,0.0,0.21338969947901804,0.04504258105582264,3.255089104412901,1500.0,1500.0,3.0,14.0,0.75,0,data_5062026_baseline3,data_5062026_baseline3_00000011,data_5062026/2026_05_06_baseline3/00000011.BIN,data_5062026_baseline3_00000011_manual_01_quality_00
138.0,1122.351299,0.0,0.0,0.24250809014925928,0.12554686844437218,2.881656507713729,1500.0,1500.0,3.0,14.0,0.75,0,data_5062026_baseline3,data_5062026_baseline3_00000011,data_5062026/2026_05_06_baseline3/00000011.BIN,data_5062026_baseline3_00000011_manual_01_quality_00
138.1,1122.451299,0.0,0.0,0.20749114852229367,0.15008243223015488,3.3177168590047117,1500.0,1500.0,3.0,14.0,0.75,0,data_5062026_baseline3,data_5062026_baseline3_00000011,data_5062026/2026_05_06_baseline3/00000011.BIN,data_5062026_baseline3_00000011_manual_01_quality_00
138.2,1122.551299,0.0,0.0,0.15632697469876822,0.10229638349748138,4.222239775744718,1500.0,1500.0,3.0,14.0,0.75,0,data_5062026_baseline3,data_5062026_baseline3_00000011,data_5062026/2026_05_06_baseline3/00000011.BIN,data_5062026_baseline3_00000011_manual_01_quality_00
138.3,1122.651299,0.0,0.0,0.14240718666149535,0.018732963106572284,4.841095928500201,1500.0,1500.0,3.0,14.0,0.75,0,data_5062026_baseline3,data_5062026_baseline3_00000011,data_5062026/2026_05_06_baseline3/00000011.BIN,data_5062026_baseline3_00000011_manual_01_quality_00
138.4,1122.751299,0.0,0.0,0.13790581952617564,-0.031123817322067242,4.776415735880182,1500.0,1500.0,3.0,14.0,0.75,0,data_5062026_baseline3,data_5062026_baseline3_00000011,data_5062026/2026_05_06_baseline3/00000011.BIN,data_5062026_baseline3_00000011_manual_01_quality_00
138.5,1122.851299,0.0,0.0,0.17160344587783216,0.004839068309488256,4.209220702910401,1500.0,1500.0,3.0,14.0,0.75,0,data_5062026_baseline3,data_5062026_baseline3_00000011,data_5062026/2026_05_06_baseline3/00000011.BIN,data_5062026_baseline3_00000011_manual_01_quality_00
138.6,1122.951299,0.0,0.0,0.21492434733931698,0.07726354949430105,3.6006052845264453,1500.0,1500.0,3.0,14.0,0.75,0,data_5062026_baseline3,data_5062026_baseline3_00000011,data_5062026/2026_05_06_baseline3/00000011.BIN,data_5062026_baseline3_00000011_manual_01_quality_00
138.7,1123.051299,0.0,0.0,0.19698419217034305,0.1180784039043788,3.3177478820543786,1500.0,1500.0,3.0,14.0,0.75,0,data_5062026_baseline3,data_5062026_baseline3_00000011,data_5062026/2026_05_06_baseline3/00000011.BIN,data_5062026_baseline3_00000011_manual_01_quality_00
138.8,1123.151299,0.0,0.0,0.1636636275975209,0.12205888315418856,3.4089161068275105,1500.0,1500.0,3.0,14.0,0.75,0,data_5062026_baseline3,data_5062026_baseline3_00000011,data_5062026/2026_05_06_baseline3/00000011.BIN,data_5062026_baseline3_00000011_manual_01_quality_00
138.9,1123.251299,0.0,0.0,0.1516915717226759,0.09847682259117853,3.720003083223718,1500.0,1500.0,3.0,14.0,0.75,0,data_5062026_baseline3,data_5062026_baseline3_00000011,data_5062026/2026_05_06_baseline3/00000011.BIN,data_5062026_baseline3_00000011_manual_01_quality_00
139.0,1123.351299,0.0,0.0,0.14508168428209237,0.05376867082985145,4.159833099008463,1500.0,1500.0,3.0,14.0,0.75,0,data_5062026_baseline3,data_5062026_baseline3_00000011,data_5062026/2026_05_06_baseline3/00000011.BIN,data_5062026_baseline3_00000011_manual_01_quality_00
139.1,1123.451299,0.0,0.0,0.16915168165607727,0.006586717671619992,4.516350551527546,1500.0,1500.0,3.0,14.0,0.75,0,data_5062026_baseline3,data_5062026_baseline3_00000011,data_5062026/2026_05_06_baseline3/00000011.BIN,data_5062026_baseline3_00000011_manual_01_quality_00
139.2,1123.551299,0.0,0.0,0.20087768866294192,-0.009136667386307655,4.4910908524861695,1500.0,1500.0,3.0,14.0,0.75,0,data_5062026_baseline3,data_5062026_baseline3_00000011,data_5062026/2026_05_06_baseline3/00000011.BIN,data_5062026_baseline3_00000011_manual_01_quality_00
139.3,1123.651299,0.0,0.0,0.19522291939339587,0.023790289643174273,3.9658210145647637,1500.0,1500.0,3.0,14.0,0.75,0,data_5062026_baseline3,data_5062026_baseline3_00000011,data_5062026/2026_05_06_baseline3/00000011.BIN,data_5062026_baseline3_00000011_manual_01_quality_00
139.4,1123.751299,0.0,0.0,0.18956815012386266,0.0781156086153175,3.3282262540986416,1500.0,1500.0,3.0,14.0,0.75,0,data_5062026_baseline3,data_5062026_baseline3_00000011,data_5062026/2026_05_06_baseline3/00000011.BIN,data_5062026_baseline3_00000011_manual_01_quality_00
139.5,1123.851299,0.0,0.0,0.16892954546585986,0.10527520213233366,3.163200426879838,1500.0,1500.0,3.0,14.0,0.75,0,data_5062026_baseline3,data_5062026_baseline3_00000011,data_5062026/2026_05_06_baseline3/00000011.BIN,data_5062026_baseline3_00000011_manual_01_quality_00
139.6,1123.951299,0.0,0.0,0.14451661023465884,0.08235481232208733,3.6064072537225615,1500.0,1500.0,3.0,14.0,0.75,0,data_5062026_baseline3,data_5062026_baseline3_00000011,data_5062026/2026_05_06_baseline3/00000011.BIN,data_5062026_baseline3_00000011_manual_01_quality_00
139.7,1124.051299,0.0,0.0,0.16028391669866446,0.020874934540786986,4.2758811022252585,1500.0,1500.0,3.0,14.0,0.75,0,data_5062026_baseline3,data_5062026_baseline3_00000011,data_5062026/2026_05_06_baseline3/00000011.BIN,data_5062026_baseline3_00000011_manual_01_quality_00
139.8,1124.151299,0.0,0.0,0.18617614303051083,-0.03338388379949428,4.617262598408291,1500.0,1500.0,3.0,14.0,0.75,0,data_5062026_baseline3,data_5062026_baseline3_00000011,data_5062026/2026_05_06_baseline3/00000011.BIN,data_5062026_baseline3_00000011_manual_01_quality_00
139.9,1124.251299,0.0,0.0,0.1782779123680578,-0.027668107222750562,4.312669877799319,1500.0,1500.0,3.0,14.0,0.75,0,data_5062026_baseline3,data_5062026_baseline3_00000011,data_5062026/2026_05_06_baseline3/00000011.BIN,data_5062026_baseline3_00000011_manual_01_quality_00
140.0,1124.351299,0.0,0.0,0.16188714177286298,0.022308886401685338,3.7079221256583366,1500.0,1500.0,3.0,14.0,0.75,0,data_5062026_baseline3,data_5062026_baseline3_00000011,data_5062026/2026_05_06_baseline3/00000011.BIN,data_5062026_baseline3_00000011_manual_01_quality_00
140.1,1124.451299,0.0,0.0,0.15688004550820203,0.06122592626213994,3.4278553214582965,1500.0,1500.0,3.0,14.0,0.75,0,data_5062026_baseline3,data_5062026_baseline3_00000011,data_5062026/2026_05_06_baseline3/00000011.BIN,data_5062026_baseline3_00000011_manual_01_quality_00
140.2,1124.551299,0.0,0.0,0.1547284792891508,0.04960239365458503,3.623968979096937,1500.0,1500.0,3.0,14.0,0.75,0,data_5062026_baseline3,data_5062026_baseline3_00000011,data_5062026/2026_05_06_baseline3/00000011.BIN,data_5062026_baseline3_00000011_manual_01_quality_00
140.3,1124.651299,0.0,0.0,0.15044697322487183,0.012492999853946809,3.964095762213457,1500.0,1500.0,3.0,14.0,0.75,0,data_5062026_baseline3,data_5062026_baseline3_00000011,data_5062026/2026_05_06_baseline3/00000011.BIN,data_5062026_baseline3_00000011_manual_01_quality_00
140.4,1124.751299,0.0,0.0,0.14476053048898807,-0.009913462511625977,4.064247933453911,1500.0,1500.0,3.0,14.0,0.75,0,data_5062026_baseline3,data_5062026_baseline3_00000011,data_5062026/2026_05_06_baseline3/00000011.BIN,data_5062026_baseline3_00000011_manual_01_quality_00
140.5,1124.851299,0.0,0.0,0.15432629906049655,-0.011327247371145306,3.8925755331661676,1500.0,1500.0,3.0,14.0,0.75,0,data_5062026_baseline3,data_5062026_baseline3_00000011,data_5062026/2026_05_06_baseline3/00000011.BIN,data_5062026_baseline3_00000011_manual_01_quality_00
140.6,1124.951299,0.0,0.0,0.16772898186580407,0.003782261297830658,3.7596346170462076,1500.0,1500.0,3.0,14.0,0.75,0,data_5062026_baseline3,data_5062026_baseline3_00000011,data_5062026/2026_05_06_baseline3/00000011.BIN,data_5062026_baseline3_00000011_manual_01_quality_00
140.7,1125.051299,0.0,0.0,0.14684041682352172,0.013544166921257348,3.8709506623529353,1500.0,1500.0,3.0,14.0,0.75,0,data_5062026_baseline3,data_5062026_baseline3_00000011,data_5062026/2026_05_06_baseline3/00000011.BIN,data_5062026_baseline3_00000011_manual_01_quality_00
140.8,1125.151299,0.0,0.0,0.11736027858506227,0.005895580470806214,4.042349846591856,1500.0,1500.0,3.0,14.0,0.75,0,data_5062026_baseline3,data_5062026_baseline3_00000011,data_5062026/2026_05_06_baseline3/00000011.BIN,data_5062026_baseline3_00000011_manual_01_quality_00
140.9,1125.251299,0.0,0.0,0.13028793389782853,0.0033226621407917074,3.987969196208743,1500.0,1500.0,3.0,14.0,0.75,0,data_5062026_baseline3,data_5062026_baseline3_00000011,data_5062026/2026_05_06_baseline3/00000011.BIN,data_5062026_baseline3_00000011_manual_01_quality_00
141.0,1125.351299,0.0,0.0,0.15390115964660409,0.009420201352396488,3.7260544209105513,1500.0,1500.0,3.0,14.0,0.75,0,data_5062026_baseline3,data_5062026_baseline3_00000011,data_5062026/2026_05_06_baseline3/00000011.BIN,data_5062026_baseline3_00000011_manual_01_quality_00
141.1,1125.451299,0.0,0.0,0.13587717929540077,0.011822695951157352,3.589805631153915,1500.0,1500.0,3.0,14.0,0.75,0,data_5062026_baseline3,data_5062026_baseline3_00000011,data_5062026/2026_05_06_baseline3/00000011.BIN,data_5062026_baseline3_00000011_manual_01_quality_00
141.2,1125.551299,0.0,0.0,0.1073787578601719,7.735359338689645e-05,3.810754293724799,1500.0,1500.0,3.0,14.0,0.75,0,data_5062026_baseline3,data_5062026_baseline3_00000011,data_5062026/2026_05_06_baseline3/00000011.BIN,data_5062026_baseline3_00000011_manual_01_quality_00
141.3,1125.651299,0.0,0.0,0.13277456160784787,-0.020365971420065843,4.202936788395592,1500.0,1500.0,3.0,14.0,0.75,0,data_5062026_baseline3,data_5062026_baseline3_00000011,data_5062026/2026_05_06_baseline3/00000011.BIN,data_5062026_baseline3_00000011_manual_01_quality_00
141.4,1125.751299,0.0,0.0,0.17176962827269612,-0.026106756471004033,4.360363599681258,1500.0,1500.0,3.0,14.0,0.75,0,data_5062026_baseline3,data_5062026_baseline3_00000011,data_5062026/2026_05_06_baseline3/00000011.BIN,data_5062026_baseline3_00000011_manual_01_quality_00
141.5,1125.851299,0.0,0.0,0.18406952443452926,-0.00519844493585065,4.079654580354754,1500.0,1500.0,3.0,14.0,0.75,0,data_5062026_baseline3,data_5062026_baseline3_00000011,data_5062026/2026_05_06_baseline3/00000011.BIN,data_5062026_baseline3_00000011_manual_01_quality_00
141.6,1125.951299,0.0,0.0,0.18964759103300466,0.016369973628691473,3.625073550777951,1500.0,1500.0,3.0,14.0,0.75,0,data_5062026_baseline3,data_5062026_baseline3_00000011,data_5062026/2026_05_06_baseline3/00000011.BIN,data_5062026_baseline3_00000011_manual_01_quality_00
141.7,1126.051299,0.0,0.0,0.16994390450171273,0.0209152868672179,3.464501390269604,1500.0,1500.0,3.0,14.0,0.75,0,data_5062026_baseline3,data_5062026_baseline3_00000011,data_5062026/2026_05_06_baseline3/00000011.BIN,data_5062026_baseline3_00000011_manual_01_quality_00
141.8,1126.151299,0.0,0.0,0.1438936863529825,-0.005813784055524489,3.715181547548634,1500.0,1500.0,3.0,14.0,0.75,0,data_5062026_baseline3,data_5062026_baseline3_00000011,data_5062026/2026_05_06_baseline3/00000011.BIN,data_5062026_baseline3_00000011_manual_01_quality_00
141.9,1126.251299,0.0,0.0,0.15313496965843065,-0.050264155194775374,4.1260353504400875,1500.0,1500.0,3.0,14.0,0.75,0,data_5062026_baseline3,data_5062026_baseline3_00000011,data_5062026/2026_05_06_baseline3/00000011.BIN,data_5062026_baseline3_00000011_manual_01_quality_00
142.0,1126.351299,0.0,0.0,0.17125378750938294,-0.06220442272307702,4.292151698352797,1500.0,1500.0,3.0,14.0,0.75,0,data_5062026_baseline3,data_5062026_baseline3_00000011,data_5062026/2026_05_06_baseline3/00000011.BIN,data_5062026_baseline3_00000011_manual_01_quality_00
142.1,1126.451299,0.0,0.0,0.17813554119612782,-0.02915729370110507,4.0352547955884,1500.0,1500.0,3.0,14.0,0.75,0,data_5062026_baseline3,data_5062026_baseline3_00000011,data_5062026/2026_05_06_baseline3/00000011.BIN,data_5062026_baseline3_00000011_manual_01_quality_00
142.2,1126.551299,0.0,0.0,0.18218904066195735,0.012735570364937773,3.5997487153573817,1500.0,1500.0,3.0,14.0,0.75,0,data_5062026_baseline3,data_5062026_baseline3_00000011,data_5062026/2026_05_06_baseline3/00000011.BIN,data_5062026_baseline3_00000011_manual_01_quality_00
142.3,1126.651299,0.0,0.0,0.19112924401175907,0.012210826772032316,3.3892844499555133,1500.0,1500.0,3.0,14.0,0.75,0,data_5062026_baseline3,data_5062026_baseline3_00000011,data_5062026/2026_05_06_baseline3/00000011.BIN,data_5062026_baseline3_00000011_manual_01_quality_00
142.4,1126.751299,0.0,0.0,0.20129677881521535,-0.019293816519798564,3.592068291106699,1500.0,1500.0,3.0,14.0,0.75,0,data_5062026_baseline3,data_5062026_baseline3_00000011,data_5062026/2026_05_06_baseline3/00000011.BIN,data_5062026_baseline3_00000011_manual_01_quality_00
142.5,1126.851299,0.0,0.0,0.14801843512930538,-0.04684179195911725,4.06213275137602,1500.0,1500.0,3.0,14.0,0.75,0,data_5062026_baseline3,data_5062026_baseline3_00000011,data_5062026/2026_05_06_baseline3/00000011.BIN,data_5062026_baseline3_00000011_manual_01_quality_00
142.6,1126.951299,0.0,0.0,0.07876345918037056,-0.06986585620210785,4.453365115635503,1500.0,1500.0,3.0,14.0,0.75,0,data_5062026_baseline3,data_5062026_baseline3_00000011,data_5062026/2026_05_06_baseline3/00000011.BIN,data_5062026_baseline3_00000011_manual_01_quality_00
142.7,1127.051299,0.0,0.0,0.10808772362832642,-0.0783828152151537,4.3738110691659395,1500.0,1500.0,3.0,14.0,0.75,0,data_5062026_baseline3,data_5062026_baseline3_00000011,data_5062026/2026_05_06_baseline3/00000011.BIN,data_5062026_baseline3_00000011_manual_01_quality_00
142.8,1127.151299,0.0,0.0,0.1622048446919804,-0.049845237749865344,3.906438230339878,1500.0,1500.0,3.0,14.0,0.75,0,data_5062026_baseline3,data_5062026_baseline3_00000011,data_5062026/2026_05_06_baseline3/00000011.BIN,data_5062026_baseline3_00000011_manual_01_quality_00
142.9,1127.251299,0.0,0.0,0.1822855929713184,-0.025682930639713133,3.498561524410021,1500.0,1500.0,3.0,14.0,0.75,0,data_5062026_baseline3,data_5062026_baseline3_00000011,data_5062026/2026_05_06_baseline3/00000011.BIN,data_5062026_baseline3_00000011_manual_01_quality_00
143.0,1127.351299,0.0,0.0,0.1937826629653036,-0.024658323054862086,3.4588059743339574,1500.0,1500.0,3.0,14.0,0.75,0,data_5062026_baseline3,data_5062026_baseline3_00000011,data_5062026/2026_05_06_baseline3/00000011.BIN,data_5062026_baseline3_00000011_manual_01_quality_00
143.1,1127.451299,0.0,0.0,0.1413844720475195,-0.025020327662934095,3.7468550746762554,1500.0,1500.0,3.0,14.0,0.75,0,data_5062026_baseline3,data_5062026_baseline3_00000011,data_5062026/2026_05_06_baseline3/00000011.BIN,data_5062026_baseline3_00000011_manual_01_quality_00
143.2,1127.551299,0.0,0.0,0.07301563558622436,-0.04225005744766465,4.037055033238635,1500.0,1500.0,3.0,14.0,0.75,0,data_5062026_baseline3,data_5062026_baseline3_00000011,data_5062026/2026_05_06_baseline3/00000011.BIN,data_5062026_baseline3_00000011_manual_01_quality_00
143.3,1127.651299,0.0,0.0,0.08434654799325517,-0.0649623598924934,4.220928454885815,1500.0,1500.0,3.0,14.0,0.75,0,data_5062026_baseline3,data_5062026_baseline3_00000011,data_5062026/2026_05_06_baseline3/00000011.BIN,data_5062026_baseline3_00000011_manual_01_quality_00
143.4,1127.751299,0.0,0.0,0.0956774604002602,-0.06194560278497087,4.197196385569984,1500.0,1500.0,3.0,14.0,0.75,0,data_5062026_baseline3,data_5062026_baseline3_00000011,data_5062026/2026_05_06_baseline3/00000011.BIN,data_5062026_baseline3_00000011_manual_01_quality_00
143.5,1127.851299,0.0,0.0,0.12755403710571792,-0.046581867809595015,3.989976833553412,1500.0,1500.0,3.0,14.0,0.75,0,data_5062026_baseline3,data_5062026_baseline3_00000011,data_5062026/2026_05_06_baseline3/00000011.BIN,data_5062026_baseline3_00000011_manual_01_quality_00
143.6,1127.951299,0.0,0.0,0.16458212697763197,-0.03602659093749196,3.723513855259445,1500.0,1500.0,3.0,14.0,0.75,0,data_5062026_baseline3,data_5062026_baseline3_00000011,data_5062026/2026_05_06_baseline3/00000011.BIN,data_5062026_baseline3_00000011_manual_01_quality_00
143.7,1128.051299,0.0,0.0,0.15803534924467713,-0.02258625713207125,3.553365514649298,1500.0,1500.0,3.0,14.0,0.75,0,data_5062026_baseline3,data_5062026_baseline3_00000011,data_5062026/2026_05_06_baseline3/00000011.BIN,data_5062026_baseline3_00000011_manual_01_quality_00
143.8,1128.151299,0.0,0.0,0.14056692514707014,-0.018839843683453626,3.663771454856581,1500.0,1500.0,3.0,14.0,0.75,0,data_5062026_baseline3,data_5062026_baseline3_00000011,data_5062026/2026_05_06_baseline3/00000011.BIN,data_5062026_baseline3_00000011_manual_01_quality_00
143.9,1128.251299,0.0,0.0,0.13660169331622263,-0.031493045783848504,4.10531248998122,1500.0,1500.0,3.0,14.0,0.75,0,data_5062026_baseline3,data_5062026_baseline3_00000011,data_5062026/2026_05_06_baseline3/00000011.BIN,data_5062026_baseline3_00000011_manual_01_quality_00
144.0,1128.351299,0.0,0.0,0.13603021255432793,-0.04834155848020985,4.458690985090101,1500.0,1500.0,3.0,14.0,0.75,0,data_5062026_baseline3,data_5062026_baseline3_00000011,data_5062026/2026_05_06_baseline3/00000011.BIN,data_5062026_baseline3_00000011_manual_01_quality_00
144.1,1128.451299,0.0,0.0,0.13718315734837308,-0.053163462854089225,4.292165953013812,1500.0,1500.0,3.0,14.0,0.75,0,data_5062026_baseline3,data_5062026_baseline3_00000011,data_5062026/2026_05_06_baseline3/00000011.BIN,data_5062026_baseline3_00000011_manual_01_quality_00
144.2,1128.551299,0.0,0.0,0.1387695822276041,-0.046385196540559774,3.7782169492376236,1500.0,1500.0,3.0,14.0,0.75,0,data_5062026_baseline3,data_5062026_baseline3_00000011,data_5062026/2026_05_06_baseline3/00000011.BIN,data_5062026_baseline3_00000011_manual_01_quality_00
144.3,1128.651299,0.0,0.0,0.15837839899515208,-0.025707334691406514,3.397856061145802,1500.0,1500.0,3.0,14.0,0.75,0,data_5062026_baseline3,data_5062026_baseline3_00000011,data_5062026/2026_05_06_baseline3/00000011.BIN,data_5062026_baseline3_00000011_manual_01_quality_00
144.4,1128.751299,0.0,0.0,0.18254672803090868,0.007321431285816849,3.4081408253779784,1500.0,1500.0,3.0,14.0,0.75,0,data_5062026_baseline3,data_5062026_baseline3_00000011,data_5062026/2026_05_06_baseline3/00000011.BIN,data_5062026_baseline3_00000011_manual_01_quality_00
144.5,1128.851299,0.0,0.0,0.17247694935803276,0.01700824322706188,3.744243150047335,1500.0,1500.0,3.0,14.0,0.75,0,data_5062026_baseline3,data_5062026_baseline3_00000011,data_5062026/2026_05_06_baseline3/00000011.BIN,data_5062026_baseline3_00000011_manual_01_quality_00
144.6,1128.951299,0.0,0.0,0.1537707156692388,-0.009563671069197451,4.180932308192108,1500.0,1500.0,3.0,14.0,0.75,0,data_5062026_baseline3,data_5062026_baseline3_00000011,data_5062026/2026_05_06_baseline3/00000011.BIN,data_5062026_baseline3_00000011_manual_01_quality_00
144.7,1129.051299,0.0,0.0,0.12368282778763706,-0.04755868791065471,4.431499115069004,1500.0,1500.0,3.0,14.0,0.75,0,data_5062026_baseline3,data_5062026_baseline3_00000011,data_5062026/2026_05_06_baseline3/00000011.BIN,data_5062026_baseline3_00000011_manual_01_quality_00
144.8,1129.151299,0.0,0.0,0.0935949399059669,-0.056388951022824804,4.369235687953518,1500.0,1500.0,3.0,14.0,0.75,0,data_5062026_baseline3,data_5062026_baseline3_00000011,data_5062026/2026_05_06_baseline3/00000011.BIN,data_5062026_baseline3_00000011_manual_01_quality_00
144.9,1129.251299,0.0,0.0,0.1330322003384948,-0.024346741941179376,4.004521196044684,1500.0,1500.0,3.0,14.0,0.75,0,data_5062026_baseline3,data_5062026_baseline3_00000011,data_5062026/2026_05_06_baseline3/00000011.BIN,data_5062026_baseline3_00000011_manual_01_quality_00
145.0,1129.351299,0.0,0.0,0.18992903409883527,0.009898591584975034,3.6021652999162592,1500.0,1500.0,3.0,14.0,0.75,0,data_5062026_baseline3,data_5062026_baseline3_00000011,data_5062026/2026_05_06_baseline3/00000011.BIN,data_5062026_baseline3_00000011_manual_01_quality_00
145.1,1129.451299,0.0,0.0,0.18634496556432334,0.026352072841958635,3.5177837776442846,1500.0,1500.0,3.0,14.0,0.75,0,data_5062026_baseline3,data_5062026_baseline3_00000011,data_5062026/2026_05_06_baseline3/00000011.BIN,data_5062026_baseline3_00000011_manual_01_quality_00
145.2,1129.551299,0.0,0.0,0.16755836572199387,0.035911913424491425,3.7781830495640962,1500.0,1500.0,3.0,14.0,0.75,0,data_5062026_baseline3,data_5062026_baseline3_00000011,data_5062026/2026_05_06_baseline3/00000011.BIN,data_5062026_baseline3_00000011_manual_01_quality_00
145.3,1129.651299,0.0,0.0,0.14884721696581607,0.02873064127287242,4.091333174597284,1500.0,1500.0,3.0,14.0,0.75,0,data_5062026_baseline3,data_5062026_baseline3_00000011,data_5062026/2026_05_06_baseline3/00000011.BIN,data_5062026_baseline3_00000011_manual_01_quality_00
145.4,1129.751299,0.0,0.0,0.1301550419303774,-0.005027386682944656,4.239469135340958,1500.0,1500.0,3.0,14.0,0.75,0,data_5062026_baseline3,data_5062026_baseline3_00000011,data_5062026/2026_05_06_baseline3/00000011.BIN,data_5062026_baseline3_00000011_manual_01_quality_00
145.5,1129.851299,0.0,0.0,0.14665216259387695,-0.022366982863571336,4.222210215674279,1500.0,1500.0,3.0,14.0,0.75,0,data_5062026_baseline3,data_5062026_baseline3_00000011,data_5062026/2026_05_06_baseline3/00000011.BIN,data_5062026_baseline3_00000011_manual_01_quality_00
145.6,1129.951299,0.0,0.0,0.171995045746178,0.015785031981695997,4.0220161288477065,1500.0,1500.0,3.0,14.0,0.75,0,data_5062026_baseline3,data_5062026_baseline3_00000011,data_5062026/2026_05_06_baseline3/00000011.BIN,data_5062026_baseline3_00000011_manual_01_quality_00
145.7,1130.051299,0.0,0.0,0.1946928046798201,0.08553785462302281,3.6992700660475433,1500.0,1500.0,3.0,14.0,0.75,0,data_5062026_baseline3,data_5062026_baseline3_00000011,data_5062026/2026_05_06_baseline3/00000011.BIN,data_5062026_baseline3_00000011_manual_01_quality_00
145.8,1130.151299,0.0,0.0,0.2167267595010111,0.1280422644534132,3.4754073107292003,1500.0,1500.0,3.0,14.0,0.75,0,data_5062026_baseline3,data_5062026_baseline3_00000011,data_5062026/2026_05_06_baseline3/00000011.BIN,data_5062026_baseline3_00000011_manual_01_quality_00
145.9,1130.251299,0.0,0.0,0.1843343978531461,0.12628261210649977,3.584502480934136,1500.0,1500.0,3.0,14.0,0.75,0,data_5062026_baseline3,data_5062026_baseline3_00000011,data_5062026/2026_05_06_baseline3/00000011.BIN,data_5062026_baseline3_00000011_manual_01_quality_00
146.0,1130.351299,0.0,0.0,0.13831771965791834,0.09600920948285127,3.9726273964442593,1500.0,1500.0,3.0,14.0,0.75,0,data_5062026_baseline3,data_5062026_baseline3_00000011,data_5062026/2026_05_06_baseline3/00000011.BIN,data_5062026_baseline3_00000011_manual_01_quality_00
146.1,1130.451299,0.0,0.0,0.15425458233618605,0.05381125237894348,4.40493322229147,1500.0,1500.0,3.0,14.0,0.75,0,data_5062026_baseline3,data_5062026_baseline3_00000011,data_5062026/2026_05_06_baseline3/00000011.BIN,data_5062026_baseline3_00000011_manual_01_quality_00
146.2,1130.551299,0.0,0.0,0.17019144501441757,0.03258022071605148,4.523492893628034,1500.0,1500.0,3.0,14.0,0.75,0,data_5062026_baseline3,data_5062026_baseline3_00000011,data_5062026/2026_05_06_baseline3/00000011.BIN,data_5062026_baseline3_00000011_manual_01_quality_00
146.3,1130.651299,0.0,0.0,0.1970921802156513,0.04688658990946283,4.161534784536442,1500.0,1500.0,3.0,13.0,0.75,0,data_5062026_baseline3,data_5062026_baseline3_00000011,data_5062026/2026_05_06_baseline3/00000011.BIN,data_5062026_baseline3_00000011_manual_01_quality_00
146.4,1130.751299,0.0,0.0,0.22672384149476735,0.08340896754089994,3.5849591375893697,1500.0,1500.0,3.0,13.0,0.75,0,data_5062026_baseline3,data_5062026_baseline3_00000011,data_5062026/2026_05_06_baseline3/00000011.BIN,data_5062026_baseline3_00000011_manual_01_quality_00
146.5,1130.851299,0.0,0.0,0.20913376442212597,0.12281547311465141,3.274167238826156,1500.0,1500.0,3.0,13.0,0.75,0,data_5062026_baseline3,data_5062026_baseline3_00000011,data_5062026/2026_05_06_baseline3/00000011.BIN,data_5062026_baseline3_00000011_manual_01_quality_00
146.6,1130.951299,0.0,0.0,0.19150779928812584,0.13225724719853982,3.510856279313034,1500.0,1500.0,3.0,13.0,0.75,0,data_5062026_baseline3,data_5062026_baseline3_00000011,data_5062026/2026_05_06_baseline3/00000011.BIN,data_5062026_baseline3_00000011_manual_01_quality_00
146.7,1131.051299,0.0,0.0,0.143759687504153,0.09493933426387731,4.14197058565824,1500.0,1500.0,3.0,13.0,0.75,0,data_5062026_baseline3,data_5062026_baseline3_00000011,data_5062026/2026_05_06_baseline3/00000011.BIN,data_5062026_baseline3_00000011_manual_01_quality_00
146.8,1131.151299,0.0,0.0,0.09608174016229713,0.042208677915339866,4.626892709711001,1500.0,1500.0,3.0,13.0,0.95,0,data_5062026_baseline3,data_5062026_baseline3_00000011,data_5062026/2026_05_06_baseline3/00000011.BIN,data_5062026_baseline3_00000011_manual_01_quality_00
146.9,1131.251299,0.0,0.0,0.15970575857319824,0.014366961762243925,4.612235575355234,1500.0,1500.0,3.0,13.0,0.95,0,data_5062026_baseline3,data_5062026_baseline3_00000011,data_5062026/2026_05_06_baseline3/00000011.BIN,data_5062026_baseline3_00000011_manual_01_quality_00
147.0,1131.351299,0.0,0.0,0.22327608853992983,0.024819750546630187,4.122862258773764,1500.0,1500.0,3.0,13.0,0.95,0,data_5062026_baseline3,data_5062026_baseline3_00000011,data_5062026/2026_05_06_baseline3/00000011.BIN,data_5062026_baseline3_00000011_manual_01_quality_00
147.1,1131.451299,0.0,0.0,0.20301191272423608,0.06665397198031207,3.5436349792149606,1500.0,1500.0,3.0,13.0,0.95,0,data_5062026_baseline3,data_5062026_baseline3_00000011,data_5062026/2026_05_06_baseline3/00000011.BIN,data_5062026_baseline3_00000011_manual_01_quality_00
147.2,1131.551299,0.0,0.0,0.18274773690858842,0.11074119918852014,3.312760394002485,1500.0,1500.0,3.0,13.0,0.95,0,data_5062026_baseline3,data_5062026_baseline3_00000011,data_5062026/2026_05_06_baseline3/00000011.BIN,data_5062026_baseline3_00000011_manual_01_quality_00
147.3,1131.651299,0.0,0.0,0.15208700409803436,0.11915927740076279,3.542740421170313,1500.0,1500.0,3.0,13.0,0.95,0,data_5062026_baseline3,data_5062026_baseline3_00000011,data_5062026/2026_05_06_baseline3/00000011.BIN,data_5062026_baseline3_00000011_manual_01_quality_00
147.4,1131.751299,0.0,0.0,0.11887920305072693,0.09089421322652028,3.947087075469421,1500.0,1500.0,3.0,13.0,0.95,0,data_5062026_baseline3,data_5062026_baseline3_00000011,data_5062026/2026_05_06_baseline3/00000011.BIN,data_5062026_baseline3_00000011_manual_01_quality_00
147.5,1131.851299,0.0,0.0,0.14101790097508332,0.04779484443554019,4.1986977679367845,1500.0,1500.0,3.0,13.0,0.95,0,data_5062026_baseline3,data_5062026_baseline3_00000011,data_5062026/2026_05_06_baseline3/00000011.BIN,data_5062026_baseline3_00000011_manual_01_quality_00
147.6,1131.951299,0.0,0.0,0.16315659889949005,0.023952522741221144,4.279825346561584,1500.0,1500.0,3.0,13.0,0.95,0,data_5062026_baseline3,data_5062026_baseline3_00000011,data_5062026/2026_05_06_baseline3/00000011.BIN,data_5062026_baseline3_00000011_manual_01_quality_00
147.7,1132.051299,0.0,0.0,0.1808919839834745,0.03099422067115015,4.235080123769738,1500.0,1500.0,3.0,13.0,0.95,0,data_5062026_baseline3,data_5062026_baseline3_00000011,data_5062026/2026_05_06_baseline3/00000011.BIN,data_5062026_baseline3_00000011_manual_01_quality_00
147.8,1132.151299,0.0,0.0,0.1975214448130883,0.049742881141594655,4.073152943307062,1500.0,1500.0,3.0,13.0,0.95,0,data_5062026_baseline3,data_5062026_baseline3_00000011,data_5062026/2026_05_06_baseline3/00000011.BIN,data_5062026_baseline3_00000011_manual_01_quality_00
147.9,1132.251299,0.0,0.0,0.1690710484243454,0.05140002811669872,3.8502302734441605,1500.0,1500.0,3.0,13.0,0.95,0,data_5062026_baseline3,data_5062026_baseline3_00000011,data_5062026/2026_05_06_baseline3/00000011.BIN,data_5062026_baseline3_00000011_manual_01_quality_00
148.0,1132.351299,0.0,0.0,0.129251902669589,0.04469142164184521,3.629194425215967,1500.0,1500.0,3.0,13.0,0.95,0,data_5062026_baseline3,data_5062026_baseline3_00000011,data_5062026/2026_05_06_baseline3/00000011.BIN,data_5062026_baseline3_00000011_manual_01_quality_00
148.1,1132.451299,0.0,0.0,0.14985342718710312,0.05287637973444745,3.5259196338010415,1500.0,1500.0,3.0,13.0,0.95,0,data_5062026_baseline3,data_5062026_baseline3_00000011,data_5062026/2026_05_06_baseline3/00000011.BIN,data_5062026_baseline3_00000011_manual_01_quality_00
148.2,1132.551299,0.0,0.0,0.18561680616620538,0.06379313598453612,3.633231182948524,1500.0,1500.0,3.0,13.0,0.95,0,data_5062026_baseline3,data_5062026_baseline3_00000011,data_5062026/2026_05_06_baseline3/00000011.BIN,data_5062026_baseline3_00000011_manual_01_quality_00
148.3,1132.651299,0.0,0.0,0.1804061583750377,0.04026561697085453,3.9352845467691773,1500.0,1500.0,3.0,13.0,0.95,0,data_5062026_baseline3,data_5062026_baseline3_00000011,data_5062026/2026_05_06_baseline3/00000011.BIN,data_5062026_baseline3_00000011_manual_01_quality_00
148.4,1132.751299,0.0,0.0,0.16486863993295603,-0.013750733796626578,4.272494338111689,1500.0,1500.0,3.0,13.0,0.95,0,data_5062026_baseline3,data_5062026_baseline3_00000011,data_5062026/2026_05_06_baseline3/00000011.BIN,data_5062026_baseline3_00000011_manual_01_quality_00
148.5,1132.851299,0.0,0.0,0.15932410258404403,-0.051364990215436064,4.406914742382329,1500.0,1500.0,3.0,13.0,0.95,0,data_5062026_baseline3,data_5062026_baseline3_00000011,data_5062026/2026_05_06_baseline3/00000011.BIN,data_5062026_baseline3_00000011_manual_01_quality_00
148.6,1132.951299,0.0,0.0,0.15629489904736385,-0.03262509068446434,4.156298784081409,1500.0,1500.0,3.0,13.0,0.95,0,data_5062026_baseline3,data_5062026_baseline3_00000011,data_5062026/2026_05_06_baseline3/00000011.BIN,data_5062026_baseline3_00000011_manual_01_quality_00
148.7,1133.051299,0.0,0.0,0.17106537620275986,0.02880481405235626,3.645377963443594,1500.0,1500.0,3.0,13.0,0.95,0,data_5062026_baseline3,data_5062026_baseline3_00000011,data_5062026/2026_05_06_baseline3/00000011.BIN,data_5062026_baseline3_00000011_manual_01_quality_00
148.8,1133.151299,0.0,0.0,0.18583585335818942,0.07236005517833513,3.2939752445859978,1500.0,1500.0,3.0,13.0,0.95,0,data_5062026_baseline3,data_5062026_baseline3_00000011,data_5062026/2026_05_06_baseline3/00000011.BIN,data_5062026_baseline3_00000011_manual_01_quality_00
148.9,1133.251299,0.0,0.0,0.17546302447972711,0.05830466108965422,3.4456032310747235,1500.0,1500.0,3.0,13.0,0.95,0,data_5062026_baseline3,data_5062026_baseline3_00000011,data_5062026/2026_05_06_baseline3/00000011.BIN,data_5062026_baseline3_00000011_manual_01_quality_00
149.0,1133.351299,0.0,0.0,0.1587595186670945,0.008847494048114012,4.0047982841525425,1500.0,1500.0,3.0,13.0,0.95,0,data_5062026_baseline3,data_5062026_baseline3_00000011,data_5062026/2026_05_06_baseline3/00000011.BIN,data_5062026_baseline3_00000011_manual_01_quality_00
149.1,1133.451299,0.0,0.0,0.1390860134480446,-0.03620635430183262,4.501860181545322,1500.0,1500.0,3.0,13.0,0.95,0,data_5062026_baseline3,data_5062026_baseline3_00000011,data_5062026/2026_05_06_baseline3/00000011.BIN,data_5062026_baseline3_00000011_manual_01_quality_00
149.2,1133.551299,0.0,0.0,0.11866373294515861,-0.04306756066285036,4.612722382703077,1500.0,1500.0,3.0,13.0,0.95,0,data_5062026_baseline3,data_5062026_baseline3_00000011,data_5062026/2026_05_06_baseline3/00000011.BIN,data_5062026_baseline3_00000011_manual_01_quality_00
149.3,1133.651299,0.0,0.0,0.14569342507539174,-0.018760070502629376,4.301503504969872,1500.0,1500.0,3.0,13.0,0.95,0,data_5062026_baseline3,data_5062026_baseline3_00000011,data_5062026/2026_05_06_baseline3/00000011.BIN,data_5062026_baseline3_00000011_manual_01_quality_00
149.4,1133.751299,0.0,0.0,0.18468786149151412,0.013406084847546629,3.770700474232778,1500.0,1500.0,3.0,13.0,0.95,0,data_5062026_baseline3,data_5062026_baseline3_00000011,data_5062026/2026_05_06_baseline3/00000011.BIN,data_5062026_baseline3_00000011_manual_01_quality_00
149.5,1133.851299,0.0,0.0,0.19362710062520483,0.039678330715348355,3.3700275539764966,1500.0,1500.0,3.0,13.0,0.95,0,data_5062026_baseline3,data_5062026_baseline3_00000011,data_5062026/2026_05_06_baseline3/00000011.BIN,data_5062026_baseline3_00000011_manual_01_quality_00
149.6,1133.951299,0.0,0.0,0.19502481285421935,0.04753330158919229,3.34764913950845,1500.0,1500.0,3.0,13.0,0.95,0,data_5062026_baseline3,data_5062026_baseline3_00000011,data_5062026/2026_05_06_baseline3/00000011.BIN,data_5062026_baseline3_00000011_manual_01_quality_00
149.7,1134.051299,0.0,0.0,0.18118097795889887,0.031131979462612803,3.6869062933375396,1500.0,1500.0,3.0,13.0,0.95,0,data_5062026_baseline3,data_5062026_baseline3_00000011,data_5062026/2026_05_06_baseline3/00000011.BIN,data_5062026_baseline3_00000011_manual_01_quality_00
149.8,1134.151299,0.0,0.0,0.1635174639346532,-0.0021810928346917948,4.238180485212086,1500.0,1500.0,3.0,13.0,0.95,0,data_5062026_baseline3,data_5062026_baseline3_00000011,data_5062026/2026_05_06_baseline3/00000011.BIN,data_5062026_baseline3_00000011_manual_01_quality_00
149.9,1134.251299,0.0,0.0,0.17066484489420677,-0.03180039671989002,4.49223788870192,1500.0,1500.0,3.0,13.0,0.95,0,data_5062026_baseline3,data_5062026_baseline3_00000011,data_5062026/2026_05_06_baseline3/00000011.BIN,data_5062026_baseline3_00000011_manual_01_quality_00
150.0,1134.351299,0.0,0.0,0.18406368654843364,-0.03611280129284152,4.280712700626262,1500.0,1500.0,3.0,14.0,0.95,0,data_5062026_baseline3,data_5062026_baseline3_00000011,data_5062026/2026_05_06_baseline3/00000011.BIN,data_5062026_baseline3_00000011_manual_01_quality_00
150.1,1134.451299,0.0,0.0,0.19719996088539088,-0.009778313258061333,3.798720913221102,1500.0,1500.0,3.0,14.0,0.95,0,data_5062026_baseline3,data_5062026_baseline3_00000011,data_5062026/2026_05_06_baseline3/00000011.BIN,data_5062026_baseline3_00000011_manual_01_quality_00
150.2,1134.551299,0.0,0.0,0.21033623522231823,0.03177422846390126,3.427098596940164,1500.0,1500.0,3.0,14.0,0.95,0,data_5062026_baseline3,data_5062026_baseline3_00000011,data_5062026/2026_05_06_baseline3/00000011.BIN,data_5062026_baseline3_00000011_manual_01_quality_00
150.3,1134.651299,0.0,0.0,0.17085468322984454,0.04751395184225787,3.5079782224882643,1500.0,1500.0,3.0,14.0,0.95,0,data_5062026_baseline3,data_5062026_baseline3_00000011,data_5062026/2026_05_06_baseline3/00000011.BIN,data_5062026_baseline3_00000011_manual_01_quality_00
150.4,1134.751299,0.0,0.0,0.11810749631430673,0.010607368430476667,3.984185936152516,1500.0,1500.0,3.0,14.0,0.95,0,data_5062026_baseline3,data_5062026_baseline3_00000011,data_5062026/2026_05_06_baseline3/00000011.BIN,data_5062026_baseline3_00000011_manual_01_quality_00
150.5,1134.851299,0.0,0.0,0.1397693938485644,-0.04763967494467388,4.311306057847153,1500.0,1500.0,3.0,14.0,0.95,0,data_5062026_baseline3,data_5062026_baseline3_00000011,data_5062026/2026_05_06_baseline3/00000011.BIN,data_5062026_baseline3_00000011_manual_01_quality_00
150.6,1134.951299,0.0,0.0,0.1801231721743135,-0.06678211449211209,4.182182858488667,1500.0,1500.0,3.0,14.0,0.95,0,data_5062026_baseline3,data_5062026_baseline3_00000011,data_5062026/2026_05_06_baseline3/00000011.BIN,data_5062026_baseline3_00000011_manual_01_quality_00
150.7,1135.051299,0.0,0.0,0.191007018987679,-0.0448194284601339,3.7955377027993693,1500.0,1500.0,3.0,14.0,0.95,0,data_5062026_baseline3,data_5062026_baseline3_00000011,data_5062026/2026_05_06_baseline3/00000011.BIN,data_5062026_baseline3_00000011_manual_01_quality_00
150.8,1135.151299,0.0,0.0,0.1944989619570652,-0.010947378684527217,3.5948184637483465,1500.0,1500.0,3.0,14.0,0.95,0,data_5062026_baseline3,data_5062026_baseline3_00000011,data_5062026/2026_05_06_baseline3/00000011.BIN,data_5062026_baseline3_00000011_manual_01_quality_00
150.9,1135.251299,0.0,0.0,0.18820821613701946,-0.0003706973447036949,3.820584536246972,1500.0,1500.0,3.0,14.0,0.75,0,data_5062026_baseline3,data_5062026_baseline3_00000011,data_5062026/2026_05_06_baseline3/00000011.BIN,data_5062026_baseline3_00000011_manual_01_quality_00
151.0,1135.351299,0.0,0.0,0.1794380773949266,-0.029029612140014538,4.2416663927663585,1500.0,1500.0,3.0,14.0,0.75,0,data_5062026_baseline3,data_5062026_baseline3_00000011,data_5062026/2026_05_06_baseline3/00000011.BIN,data_5062026_baseline3_00000011_manual_01_quality_00
151.1,1135.451299,0.0,0.0,0.15190168217812697,-0.07128505363145861,4.464457137000423,1500.0,1500.0,3.0,14.0,0.75,0,data_5062026_baseline3,data_5062026_baseline3_00000011,data_5062026/2026_05_06_baseline3/00000011.BIN,data_5062026_baseline3_00000011_manual_01_quality_00
151.2,1135.551299,0.0,0.0,0.11963965961114871,-0.08535546576741697,4.309728554161848,1500.0,1500.0,3.0,14.0,0.75,0,data_5062026_baseline3,data_5062026_baseline3_00000011,data_5062026/2026_05_06_baseline3/00000011.BIN,data_5062026_baseline3_00000011_manual_01_quality_00
151.3,1135.651299,0.0,0.0,0.12992248665405345,-0.056879603853123045,3.9293987840853855,1500.0,1500.0,3.0,14.0,0.75,0,data_5062026_baseline3,data_5062026_baseline3_00000011,data_5062026/2026_05_06_baseline3/00000011.BIN,data_5062026_baseline3_00000011_manual_01_quality_00
151.4,1135.751299,0.0,0.0,0.15089314456560862,-0.012486493920702925,3.540788951344004,1500.0,1500.0,3.0,14.0,0.75,0,data_5062026_baseline3,data_5062026_baseline3_00000011,data_5062026/2026_05_06_baseline3/00000011.BIN,data_5062026_baseline3_00000011_manual_01_quality_00
151.5,1135.851299,0.0,0.0,0.1648151351323365,0.009649823713047529,3.354934583773023,1500.0,1500.0,3.0,14.0,0.75,0,data_5062026_baseline3,data_5062026_baseline3_00000011,data_5062026/2026_05_06_baseline3/00000011.BIN,data_5062026_baseline3_00000011_manual_01_quality_00
151.6,1135.951299,0.0,0.0,0.17873712569909603,-0.006955624803692943,3.473043162937172,1500.0,1500.0,3.0,14.0,0.75,0,data_5062026_baseline3,data_5062026_baseline3_00000011,data_5062026/2026_05_06_baseline3/00000011.BIN,data_5062026_baseline3_00000011_manual_01_quality_00
151.7,1136.051299,0.0,0.0,0.16353250155750743,-0.041267482603545264,3.8046288744407253,1500.0,1500.0,3.0,14.0,0.75,0,data_5062026_baseline3,data_5062026_baseline3_00000011,data_5062026/2026_05_06_baseline3/00000011.BIN,data_5062026_baseline3_00000011_manual_01_quality_00
151.8,1136.151299,0.0,0.0,0.14101069103271038,-0.06117942003461262,4.199369851397197,1500.0,1500.0,3.0,14.0,0.75,0,data_5062026_baseline3,data_5062026_baseline3_00000011,data_5062026/2026_05_06_baseline3/00000011.BIN,data_5062026_baseline3_00000011_manual_01_quality_00
151.9,1136.251299,0.0,0.0,0.13612264040015287,-0.06747535182920415,4.369414097528424,1500.0,1500.0,3.0,14.0,0.75,0,data_5062026_baseline3,data_5062026_baseline3_00000011,data_5062026/2026_05_06_baseline3/00000011.BIN,data_5062026_baseline3_00000011_manual_01_quality_00
152.0,1136.351299,0.0,0.0,0.13568333030388544,-0.050956333503701816,4.166856815544461,1500.0,1500.0,3.0,14.0,0.75,0,data_5062026_baseline3,data_5062026_baseline3_00000011,data_5062026/2026_05_06_baseline3/00000011.BIN,data_5062026_baseline3_00000011_manual_01_quality_00
152.1,1136.451299,0.0,0.0,0.15637070752582116,-0.025389530822409852,3.8093144409879067,1500.0,1500.0,3.0,14.0,0.75,0,data_5062026_baseline3,data_5062026_baseline3_00000011,data_5062026/2026_05_06_baseline3/00000011.BIN,data_5062026_baseline3_00000011_manual_01_quality_00
152.2,1136.551299,0.0,0.0,0.18237545605644026,-0.014328711283080638,3.647516472607296,1500.0,1500.0,3.0,14.0,0.75,0,data_5062026_baseline3,data_5062026_baseline3_00000011,data_5062026/2026_05_06_baseline3/00000011.BIN,data_5062026_baseline3_00000011_manual_01_quality_00
152.3,1136.651299,0.0,0.0,0.16864756691656022,-0.026720165457721497,3.851257087514552,1500.0,1500.0,3.0,14.0,0.75,0,data_5062026_baseline3,data_5062026_baseline3_00000011,data_5062026/2026_05_06_baseline3/00000011.BIN,data_5062026_baseline3_00000011_manual_01_quality_00
152.4,1136.751299,0.0,0.0,0.14488387094223693,-0.052340429379800886,4.128432588616088,1500.0,1500.0,3.0,14.0,0.75,0,data_5062026_baseline3,data_5062026_baseline3_00000011,data_5062026/2026_05_06_baseline3/00000011.BIN,data_5062026_baseline3_00000011_manual_01_quality_00
152.5,1136.851299,0.0,0.0,0.13169222816037235,-0.0630229741431926,4.132321188529868,1500.0,1500.0,3.0,14.0,0.75,0,data_5062026_baseline3,data_5062026_baseline3_00000011,data_5062026/2026_05_06_baseline3/00000011.BIN,data_5062026_baseline3_00000011_manual_01_quality_00
152.6,1136.951299,0.0,0.0,0.12115285570307462,-0.05120363732230134,3.876824016668991,1500.0,1500.0,3.0,14.0,0.75,0,data_5062026_baseline3,data_5062026_baseline3_00000011,data_5062026/2026_05_06_baseline3/00000011.BIN,data_5062026_baseline3_00000011_manual_01_quality_00
152.7,1137.051299,0.0,0.0,0.15385553099576182,-0.03567625948343011,3.739307933373042,1500.0,1500.0,3.0,14.0,0.75,0,data_5062026_baseline3,data_5062026_baseline3_00000011,data_5062026/2026_05_06_baseline3/00000011.BIN,data_5062026_baseline3_00000011_manual_01_quality_00
152.8,1137.151299,0.0,0.0,0.19741470198800798,-0.04717477991490721,3.8775078318684053,1500.0,1500.0,3.0,14.0,0.75,0,data_5062026_baseline3,data_5062026_baseline3_00000011,data_5062026/2026_05_06_baseline3/00000011.BIN,data_5062026_baseline3_00000011_manual_01_quality_00
152.9,1137.251299,0.0,0.0,0.17416320061479423,-0.06435081964286099,4.004146757512262,1500.0,1500.0,3.0,14.0,0.75,0,data_5062026_baseline3,data_5062026_baseline3_00000011,data_5062026/2026_05_06_baseline3/00000011.BIN,data_5062026_baseline3_00000011_manual_01_quality_00
153.0,1137.351299,0.0,0.0,0.13414007575633757,-0.06799393570937588,3.8887633970930575,1500.0,1500.0,3.0,14.0,0.75,0,data_5062026_baseline3,data_5062026_baseline3_00000011,data_5062026/2026_05_06_baseline3/00000011.BIN,data_5062026_baseline3_00000011_manual_01_quality_00
153.1,1137.451299,0.0,0.0,0.1504228342422225,-0.05752148143129715,3.735360756534905,1500.0,1500.0,3.0,14.0,0.75,0,data_5062026_baseline3,data_5062026_baseline3_00000011,data_5062026/2026_05_06_baseline3/00000011.BIN,data_5062026_baseline3_00000011_manual_01_quality_00
153.2,1137.551299,0.0,0.0,0.18082696093695838,-0.035955608561368764,3.8302157807800365,1500.0,1500.0,3.0,14.0,0.75,0,data_5062026_baseline3,data_5062026_baseline3_00000011,data_5062026/2026_05_06_baseline3/00000011.BIN,data_5062026_baseline3_00000011_manual_01_quality_00
153.3,1137.651299,0.0,0.0,0.1691935829723639,-0.03547466280305024,4.13121366522124,1500.0,1500.0,3.0,14.0,0.75,0,data_5062026_baseline3,data_5062026_baseline3_00000011,data_5062026/2026_05_06_baseline3/00000011.BIN,data_5062026_baseline3_00000011_manual_01_quality_00
153.4,1137.751299,0.0,0.0,0.14698440454522693,-0.06078415101825538,4.323097369366575,1500.0,1500.0,3.0,14.0,0.75,0,data_5062026_baseline3,data_5062026_baseline3_00000011,data_5062026/2026_05_06_baseline3/00000011.BIN,data_5062026_baseline3_00000011_manual_01_quality_00
153.5,1137.851299,0.0,0.0,0.1610355924917386,-0.07641859456300994,4.123794124595596,1500.0,1500.0,3.0,14.0,0.75,0,data_5062026_baseline3,data_5062026_baseline3_00000011,data_5062026/2026_05_06_baseline3/00000011.BIN,data_5062026_baseline3_00000011_manual_01_quality_00
153.6,1137.951299,0.0,0.0,0.18420008155336468,-0.07282682700620116,3.6993163665013347,1500.0,1500.0,3.0,14.0,0.75,0,data_5062026_baseline3,data_5062026_baseline3_00000011,data_5062026/2026_05_06_baseline3/00000011.BIN,data_5062026_baseline3_00000011_manual_01_quality_00
153.7,1138.051299,0.0,0.0,0.15439433317521825,-0.06841722466584549,3.490169100593663,1500.0,1500.0,3.0,14.0,0.75,0,data_5062026_baseline3,data_5062026_baseline3_00000011,data_5062026/2026_05_06_baseline3/00000011.BIN,data_5062026_baseline3_00000011_manual_01_quality_00
153.8,1138.151299,0.0,0.0,0.1112407454901917,-0.07279747341771352,3.6764319553073985,1500.0,1500.0,3.0,14.0,0.75,0,data_5062026_baseline3,data_5062026_baseline3_00000011,data_5062026/2026_05_06_baseline3/00000011.BIN,data_5062026_baseline3_00000011_manual_01_quality_00
153.9,1138.251299,0.0,0.0,0.12991539113268008,-0.07331402635263812,4.032107051062298,1500.0,1500.0,3.0,14.0,0.75,0,data_5062026_baseline3,data_5062026_baseline3_00000011,data_5062026/2026_05_06_baseline3/00000011.BIN,data_5062026_baseline3_00000011_manual_01_quality_00
154.0,1138.351299,0.0,0.0,0.16412155386672297,-0.06649298951769739,4.224503378210557,1500.0,1500.0,3.0,14.0,0.75,0,data_5062026_baseline3,data_5062026_baseline3_00000011,data_5062026/2026_05_06_baseline3/00000011.BIN,data_5062026_baseline3_00000011_manual_01_quality_00
154.1,1138.451299,0.0,0.0,0.16430082525669648,-0.062197584513566585,4.099861182085273,1500.0,1500.0,3.0,14.0,0.75,0,data_5062026_baseline3,data_5062026_baseline3_00000011,data_5062026/2026_05_06_baseline3/00000011.BIN,data_5062026_baseline3_00000011_manual_01_quality_00
154.2,1138.551299,0.0,0.0,0.1558972088304381,-0.06495312948290749,3.9104934388833676,1500.0,1500.0,3.0,14.0,0.75,0,data_5062026_baseline3,data_5062026_baseline3_00000011,data_5062026/2026_05_06_baseline3/00000011.BIN,data_5062026_baseline3_00000011_manual_01_quality_00
154.3,1138.651299,0.0,0.0,0.13226728423466413,-0.07769108545218888,3.929812208636634,1500.0,1500.0,3.0,14.0,0.75,0,data_5062026_baseline3,data_5062026_baseline3_00000011,data_5062026/2026_05_06_baseline3/00000011.BIN,data_5062026_baseline3_00000011_manual_01_quality_00
154.4,1138.751299,0.0,0.0,0.10480576910452241,-0.09683065950152692,4.070785823699829,1500.0,1500.0,3.0,14.0,0.75,0,data_5062026_baseline3,data_5062026_baseline3_00000011,data_5062026/2026_05_06_baseline3/00000011.BIN,data_5062026_baseline3_00000011_manual_01_quality_00
154.5,1138.851299,0.0,0.0,0.137448601061137,-0.10294335408596274,4.041555300069068,1500.0,1500.0,3.0,14.0,0.75,0,data_5062026_baseline3,data_5062026_baseline3_00000011,data_5062026/2026_05_06_baseline3/00000011.BIN,data_5062026_baseline3_00000011_manual_01_quality_00
154.6,1138.951299,0.0,0.0,0.18517202887325832,-0.09618920902373447,3.771918670572394,1500.0,1500.0,3.0,14.0,0.75,0,data_5062026_baseline3,data_5062026_baseline3_00000011,data_5062026/2026_05_06_baseline3/00000011.BIN,data_5062026_baseline3_00000011_manual_01_quality_00
154.7,1139.051299,0.0,0.0,0.18317928826433155,-0.08024939941833574,3.4871948165886444,1500.0,1500.0,3.0,14.0,0.75,0,data_5062026_baseline3,data_5062026_baseline3_00000011,data_5062026/2026_05_06_baseline3/00000011.BIN,data_5062026_baseline3_00000011_manual_01_quality_00
154.8,1139.151299,0.0,0.0,0.16871397343039474,-0.057564648220797765,3.4441057142877027,1500.0,1500.0,3.0,14.0,0.75,0,data_5062026_baseline3,data_5062026_baseline3_00000011,data_5062026/2026_05_06_baseline3/00000011.BIN,data_5062026_baseline3_00000011_manual_01_quality_00
154.9,1139.251299,0.0,0.0,0.14737497307278222,-0.046971764447685124,3.7860929367195117,1500.0,1500.0,3.0,14.0,0.75,0,data_5062026_baseline3,data_5062026_baseline3_00000011,data_5062026/2026_05_06_baseline3/00000011.BIN,data_5062026_baseline3_00000011_manual_01_quality_00
155.0,1139.351299,0.0,0.0,0.12430281211024778,-0.06690147863353489,4.3238862649428125,1500.0,1500.0,3.0,14.0,0.75,0,data_5062026_baseline3,data_5062026_baseline3_00000011,data_5062026/2026_05_06_baseline3/00000011.BIN,data_5062026_baseline3_00000011_manual_01_quality_00
155.1,1139.451299,0.0,0.0,0.13924990034628765,-0.10422251833693513,4.575205599791815,1500.0,1500.0,3.0,14.0,0.75,0,data_5062026_baseline3,data_5062026_baseline3_00000011,data_5062026/2026_05_06_baseline3/00000011.BIN,data_5062026_baseline3_00000011_manual_01_quality_00
155.2,1139.551299,0.0,0.0,0.16374818206353237,-0.1225360661059374,4.293474657234004,1500.0,1500.0,3.0,14.0,0.75,0,data_5062026_baseline3,data_5062026_baseline3_00000011,data_5062026/2026_05_06_baseline3/00000011.BIN,data_5062026_baseline3_00000011_manual_01_quality_00
155.3,1139.651299,0.0,0.0,0.16450110153807992,-0.11015994260904917,3.738067948973884,1500.0,1500.0,3.0,14.0,0.75,0,data_5062026_baseline3,data_5062026_baseline3_00000011,data_5062026/2026_05_06_baseline3/00000011.BIN,data_5062026_baseline3_00000011_manual_01_quality_00
155.4,1139.751299,0.0,0.0,0.15926862470030712,-0.07877496739408724,3.427977469528865,1500.0,1500.0,3.0,14.0,0.75,0,data_5062026_baseline3,data_5062026_baseline3_00000011,data_5062026/2026_05_06_baseline3/00000011.BIN,data_5062026_baseline3_00000011_manual_01_quality_00
155.5,1139.851299,0.0,0.0,0.12722609059145715,-0.050435400797833735,3.5853450330022065,1500.0,1500.0,3.0,14.0,0.75,0,data_5062026_baseline3,data_5062026_baseline3_00000011,data_5062026/2026_05_06_baseline3/00000011.BIN,data_5062026_baseline3_00000011_manual_01_quality_00
155.6,1139.951299,0.0,0.0,0.08844959464686886,-0.04689602870205494,3.9171515671601975,1500.0,1500.0,3.0,14.0,0.75,0,data_5062026_baseline3,data_5062026_baseline3_00000011,data_5062026/2026_05_06_baseline3/00000011.BIN,data_5062026_baseline3_00000011_manual_01_quality_00
155.7,1140.051299,0.0,0.0,0.09831714958365963,-0.06416978188401237,4.053376543988301,1500.0,1500.0,3.0,14.0,0.75,0,data_5062026_baseline3,data_5062026_baseline3_00000011,data_5062026/2026_05_06_baseline3/00000011.BIN,data_5062026_baseline3_00000011_manual_01_quality_00
155.8,1140.151299,0.0,0.0,0.12041343821357794,-0.08062643527906335,3.9546975365677186,1500.0,1500.0,3.0,14.0,0.75,0,data_5062026_baseline3,data_5062026_baseline3_00000011,data_5062026/2026_05_06_baseline3/00000011.BIN,data_5062026_baseline3_00000011_manual_01_quality_00
155.9,1140.251299,0.0,0.0,0.15842385938646056,-0.08662053154541699,3.8803736586783133,1500.0,1500.0,3.0,14.0,0.75,0,data_5062026_baseline3,data_5062026_baseline3_00000011,data_5062026/2026_05_06_baseline3/00000011.BIN,data_5062026_baseline3_00000011_manual_01_quality_00
156.0,1140.351299,0.0,0.0,0.20043447052079405,-0.08516104941170324,3.9981418221502443,1500.0,1500.0,3.0,14.0,0.75,0,data_5062026_baseline3,data_5062026_baseline3_00000011,data_5062026/2026_05_06_baseline3/00000011.BIN,data_5062026_baseline3_00000011_manual_01_quality_00
156.1,1140.451299,0.0,0.0,0.1707903496681466,-0.07908517979413429,4.1639675748820295,1500.0,1500.0,3.0,14.0,0.75,0,data_5062026_baseline3,data_5062026_baseline3_00000011,data_5062026/2026_05_06_baseline3/00000011.BIN,data_5062026_baseline3_00000011_manual_01_quality_00
156.2,1140.551299,0.0,0.0,0.12315410481984773,-0.06135330770590163,4.138143383486047,1500.0,1500.0,3.0,14.0,0.75,0,data_5062026_baseline3,data_5062026_baseline3_00000011,data_5062026/2026_05_06_baseline3/00000011.BIN,data_5062026_baseline3_00000011_manual_01_quality_00
156.3,1140.651299,0.0,0.0,0.1343799849837199,-0.03934710889682051,3.8950809310463543,1500.0,1500.0,3.0,14.0,0.75,0,data_5062026_baseline3,data_5062026_baseline3_00000011,data_5062026/2026_05_06_baseline3/00000011.BIN,data_5062026_baseline3_00000011_manual_01_quality_00
156.4,1140.751299,0.0,0.0,0.16037293683833215,-0.03699644679035462,3.5735852620985638,1500.0,1500.0,3.0,14.0,0.75,0,data_5062026_baseline3,data_5062026_baseline3_00000011,data_5062026/2026_05_06_baseline3/00000011.BIN,data_5062026_baseline3_00000011_manual_01_quality_00
156.5,1140.851299,0.0,0.0,0.16640393779678858,-0.05640697629027984,3.520987963154389,1500.0,1500.0,3.0,14.0,0.75,0,data_5062026_baseline3,data_5062026_baseline3_00000011,data_5062026/2026_05_06_baseline3/00000011.BIN,data_5062026_baseline3_00000011_manual_01_quality_00
156.6,1140.951299,0.0,0.0,0.16740790464061575,-0.07495602343506234,3.8203207932639307,1500.0,1500.0,3.0,14.0,0.75,0,data_5062026_baseline3,data_5062026_baseline3_00000011,data_5062026/2026_05_06_baseline3/00000011.BIN,data_5062026_baseline3_00000011_manual_01_quality_00
156.7,1141.051299,0.0,0.0,0.16396226414950962,-0.06814945134559171,4.182228028268608,1500.0,1500.0,3.0,14.0,0.75,0,data_5062026_baseline3,data_5062026_baseline3_00000011,data_5062026/2026_05_06_baseline3/00000011.BIN,data_5062026_baseline3_00000011_manual_01_quality_00
156.8,1141.151299,0.0,0.0,0.15941612339111327,-0.0406764554406165,4.2848252914552,1500.0,1500.0,3.0,14.0,0.75,0,data_5062026_baseline3,data_5062026_baseline3_00000011,data_5062026/2026_05_06_baseline3/00000011.BIN,data_5062026_baseline3_00000011_manual_01_quality_00
156.9,1141.251299,0.0,0.0,0.17381466019846747,-0.011156693357077866,4.104595686049673,1500.0,1500.0,3.0,14.0,0.75,0,data_5062026_baseline3,data_5062026_baseline3_00000011,data_5062026/2026_05_06_baseline3/00000011.BIN,data_5062026_baseline3_00000011_manual_01_quality_00
157.0,1141.351299,0.0,0.0,0.1882131970058217,0.0033205727427516197,3.722609092761497,1500.0,1500.0,3.0,14.0,0.75,0,data_5062026_baseline3,data_5062026_baseline3_00000011,data_5062026/2026_05_06_baseline3/00000011.BIN,data_5062026_baseline3_00000011_manual_01_quality_00
157.1,1141.451299,0.0,0.0,0.20238925469627933,-0.007579158793014412,3.5288065771983534,1500.0,1500.0,3.0,14.0,0.75,0,data_5062026_baseline3,data_5062026_baseline3_00000011,data_5062026/2026_05_06_baseline3/00000011.BIN,data_5062026_baseline3_00000011_manual_01_quality_00
157.2,1141.551299,0.0,0.0,0.2165093445487784,-0.032681872455273035,3.7873869397024644,1500.0,1500.0,3.0,14.0,0.75,0,data_5062026_baseline3,data_5062026_baseline3_00000011,data_5062026/2026_05_06_baseline3/00000011.BIN,data_5062026_baseline3_00000011_manual_01_quality_00
157.3,1141.651299,0.0,0.0,0.19267841719581402,-0.04844202449813949,4.217525537028636,1500.0,1500.0,3.0,14.0,0.75,0,data_5062026_baseline3,data_5062026_baseline3_00000011,data_5062026/2026_05_06_baseline3/00000011.BIN,data_5062026_baseline3_00000011_manual_01_quality_00
157.4,1141.751299,0.0,0.0,0.15930333502474048,-0.04532246534976358,4.37681102911309,1500.0,1500.0,3.0,14.0,0.75,0,data_5062026_baseline3,data_5062026_baseline3_00000011,data_5062026/2026_05_06_baseline3/00000011.BIN,data_5062026_baseline3_00000011_manual_01_quality_00
157.5,1141.851299,0.0,0.0,0.1510076694952399,-0.01758745993564726,4.129580096009922,1500.0,1500.0,3.0,14.0,0.75,0,data_5062026_baseline3,data_5062026_baseline3_00000011,data_5062026/2026_05_06_baseline3/00000011.BIN,data_5062026_baseline3_00000011_manual_01_quality_00
157.6,1141.951299,0.0,0.0,0.14900264078653894,0.01978286827207246,3.6674646130128847,1500.0,1500.0,3.0,14.0,0.75,0,data_5062026_baseline3,data_5062026_baseline3_00000011,data_5062026/2026_05_06_baseline3/00000011.BIN,data_5062026_baseline3_00000011_manual_01_quality_00
157.7,1142.051299,0.0,0.0,0.15059801058767053,0.03983127003510908,3.4141824484179537,1500.0,1500.0,3.0,14.0,0.75,0,data_5062026_baseline3,data_5062026_baseline3_00000011,data_5062026/2026_05_06_baseline3/00000011.BIN,data_5062026_baseline3_00000011_manual_01_quality_00
157.8,1142.151299,0.0,0.0,0.15309770319249194,0.025802898881684015,3.671946952760598,1500.0,1500.0,3.0,14.0,0.75,0,data_5062026_baseline3,data_5062026_baseline3_00000011,data_5062026/2026_05_06_baseline3/00000011.BIN,data_5062026_baseline3_00000011_manual_01_quality_00
157.9,1142.251299,0.0,0.0,0.17171459456448915,-0.008508234441712196,4.176753314166102,1500.0,1500.0,3.0,14.0,0.75,0,data_5062026_baseline3,data_5062026_baseline3_00000011,data_5062026/2026_05_06_baseline3/00000011.BIN,data_5062026_baseline3_00000011_manual_01_quality_00
158.0,1142.351299,0.0,0.0,0.1943860002696509,-0.031094027478186497,4.430930142822001,1500.0,1500.0,3.0,14.0,0.75,0,data_5062026_baseline3,data_5062026_baseline3_00000011,data_5062026/2026_05_06_baseline3/00000011.BIN,data_5062026_baseline3_00000011_manual_01_quality_00
158.1,1142.451299,0.0,0.0,0.16602707236785635,-0.03327996017724593,4.239414405586918,1500.0,1500.0,3.0,13.0,0.75,0,data_5062026_baseline3,data_5062026_baseline3_00000011,data_5062026/2026_05_06_baseline3/00000011.BIN,data_5062026_baseline3_00000011_manual_01_quality_00
158.2,1142.551299,0.0,0.0,0.12480673698507089,-0.024343352710730015,3.795623135881009,1500.0,1500.0,3.0,13.0,0.75,0,data_5062026_baseline3,data_5062026_baseline3_00000011,data_5062026/2026_05_06_baseline3/00000011.BIN,data_5062026_baseline3_00000011_manual_01_quality_00
158.3,1142.651299,0.0,0.0,0.14523772395484574,0.0012456061339054306,3.4473025683990897,1500.0,1500.0,3.0,13.0,0.75,0,data_5062026_baseline3,data_5062026_baseline3_00000011,data_5062026/2026_05_06_baseline3/00000011.BIN,data_5062026_baseline3_00000011_manual_01_quality_00
158.4,1142.751299,0.0,0.0,0.1811905486012536,0.023520941597721057,3.4906596600902704,1500.0,1500.0,3.0,13.0,0.75,0,data_5062026_baseline3,data_5062026_baseline3_00000011,data_5062026/2026_05_06_baseline3/00000011.BIN,data_5062026_baseline3_00000011_manual_01_quality_00
158.5,1142.851299,0.0,0.0,0.18578079425450927,0.016582019949076387,3.830135530656716,1500.0,1500.0,3.0,13.0,0.75,0,data_5062026_baseline3,data_5062026_baseline3_00000011,data_5062026/2026_05_06_baseline3/00000011.BIN,data_5062026_baseline3_00000011_manual_01_quality_00
158.6,1142.951299,0.0,0.0,0.18246314447201215,-0.0015790145891346839,4.131424794539757,1500.0,1500.0,3.0,13.0,0.75,0,data_5062026_baseline3,data_5062026_baseline3_00000011,data_5062026/2026_05_06_baseline3/00000011.BIN,data_5062026_baseline3_00000011_manual_01_quality_00
158.7,1143.051299,0.0,0.0,0.17385585125883435,-0.026509676429436208,4.245300650010772,1500.0,1500.0,3.0,13.0,0.75,0,data_5062026_baseline3,data_5062026_baseline3_00000011,data_5062026/2026_05_06_baseline3/00000011.BIN,data_5062026_baseline3_00000011_manual_01_quality_00
158.8,1143.151299,0.0,0.0,0.1639186174110973,-0.05268088763662493,4.243674765197724,1500.0,1500.0,3.0,13.0,0.75,0,data_5062026_baseline3,data_5062026_baseline3_00000011,data_5062026/2026_05_06_baseline3/00000011.BIN,data_5062026_baseline3_00000011_manual_01_quality_00
158.9,1143.251299,0.0,0.0,0.17777608710781206,-0.048690163813202035,4.12793716463586,1500.0,1500.0,3.0,13.0,0.95,0,data_5062026_baseline3,data_5062026_baseline3_00000011,data_5062026/2026_05_06_baseline3/00000011.BIN,data_5062026_baseline3_00000011_manual_01_quality_00
159.0,1143.351299,0.0,0.0,0.1976250503488835,-0.01611653874734245,3.873804768522231,1500.0,1500.0,3.0,13.0,0.95,0,data_5062026_baseline3,data_5062026_baseline3_00000011,data_5062026/2026_05_06_baseline3/00000011.BIN,data_5062026_baseline3_00000011_manual_01_quality_00
159.1,1143.451299,0.0,0.0,0.20952209125583532,0.016497603797294175,3.5734999860084242,1500.0,1500.0,3.0,13.0,0.95,0,data_5062026_baseline3,data_5062026_baseline3_00000011,data_5062026/2026_05_06_baseline3/00000011.BIN,data_5062026_baseline3_00000011_manual_01_quality_00
159.2,1143.551299,0.0,0.0,0.21942568162413456,0.02803218174386095,3.4108953293073454,1500.0,1500.0,3.0,13.0,0.95,0,data_5062026_baseline3,data_5062026_baseline3_00000011,data_5062026/2026_05_06_baseline3/00000011.BIN,data_5062026_baseline3_00000011_manual_01_quality_00
159.3,1143.651299,0.0,0.0,0.21206160847055452,0.01694506172418524,3.591802161687931,1500.0,1500.0,3.0,13.0,0.95,0,data_5062026_baseline3,data_5062026_baseline3_00000011,data_5062026/2026_05_06_baseline3/00000011.BIN,data_5062026_baseline3_00000011_manual_01_quality_00
159.4,1143.751299,0.0,0.0,0.20035468682212187,-0.00780848840894902,4.000624722575886,1500.0,1500.0,3.0,13.0,0.95,0,data_5062026_baseline3,data_5062026_baseline3_00000011,data_5062026/2026_05_06_baseline3/00000011.BIN,data_5062026_baseline3_00000011_manual_01_quality_00
159.5,1143.851299,0.0,0.0,0.16360871040216224,-0.029814328841352402,4.397477301760208,1500.0,1500.0,3.0,13.0,0.95,0,data_5062026_baseline3,data_5062026_baseline3_00000011,data_5062026/2026_05_06_baseline3/00000011.BIN,data_5062026_baseline3_00000011_manual_01_quality_00
159.6,1143.951299,0.0,0.0,0.12064651524096158,-0.036525206934302216,4.613535822851403,1500.0,1500.0,3.0,13.0,0.95,0,data_5062026_baseline3,data_5062026_baseline3_00000011,data_5062026/2026_05_06_baseline3/00000011.BIN,data_5062026_baseline3_00000011_manual_01_quality_00
159.7,1144.051299,0.0,0.0,0.17348429810493612,-0.022140728402884377,4.330041581307118,1500.0,1500.0,3.0,13.0,0.95,0,data_5062026_baseline3,data_5062026_baseline3_00000011,data_5062026/2026_05_06_baseline3/00000011.BIN,data_5062026_baseline3_00000011_manual_01_quality_00
159.8,1144.151299,0.0,0.0,0.22632208096903084,0.009092387054703827,3.6949965726357292,1500.0,1500.0,3.0,13.0,0.95,0,data_5062026_baseline3,data_5062026_baseline3_00000011,data_5062026/2026_05_06_baseline3/00000011.BIN,data_5062026_baseline3_00000011_manual_01_quality_00
159.9,1144.251299,0.0,0.0,0.23058836154308465,0.04455075265401272,3.210758133749123,1500.0,1500.0,3.0,13.0,0.95,0,data_5062026_baseline3,data_5062026_baseline3_00000011,data_5062026/2026_05_06_baseline3/00000011.BIN,data_5062026_baseline3_00000011_manual_01_quality_00
160.0,1144.351299,0.0,0.0,0.22260152191641291,0.053414363160318855,3.3037576584172546,1500.0,1500.0,3.0,13.0,0.95,0,data_5062026_baseline3,data_5062026_baseline3_00000011,data_5062026/2026_05_06_baseline3/00000011.BIN,data_5062026_baseline3_00000011_manual_01_quality_00
160.1,1144.451299,0.0,0.0,0.18991015264704125,0.019744229145366686,3.923424234052325,1500.0,1500.0,3.0,13.0,0.95,0,data_5062026_baseline3,data_5062026_baseline3_00000011,data_5062026/2026_05_06_baseline3/00000011.BIN,data_5062026_baseline3_00000011_manual_01_quality_00
160.2,1144.551299,0.0,0.0,0.1510225654811675,-0.01996312136345545,4.537622401141778,1500.0,1500.0,3.0,13.0,0.95,0,data_5062026_baseline3,data_5062026_baseline3_00000011,data_5062026/2026_05_06_baseline3/00000011.BIN,data_5062026_baseline3_00000011_manual_01_quality_00
160.3,1144.651299,0.0,0.0,0.17575582014237937,-0.028533820740172647,4.574898837522524,1500.0,1500.0,3.0,13.0,0.95,0,data_5062026_baseline3,data_5062026_baseline3_00000011,data_5062026/2026_05_06_baseline3/00000011.BIN,data_5062026_baseline3_00000011_manual_01_quality_00
160.4,1144.751299,0.0,0.0,0.2165117594619691,-0.011600534369660603,4.128563334851641,1500.0,1500.0,3.0,13.0,0.95,0,data_5062026_baseline3,data_5062026_baseline3_00000011,data_5062026/2026_05_06_baseline3/00000011.BIN,data_5062026_baseline3_00000011_manual_01_quality_00
160.5,1144.851299,0.0,0.0,0.23063684049563363,0.004735625024647967,3.693090072801974,1500.0,1500.0,3.0,13.0,0.95,0,data_5062026_baseline3,data_5062026_baseline3_00000011,data_5062026/2026_05_06_baseline3/00000011.BIN,data_5062026_baseline3_00000011_manual_01_quality_00
160.6,1144.951299,0.0,0.0,0.23806880022956603,0.019756305329178697,3.5739975402277184,1500.0,1500.0,3.0,13.0,0.95,0,data_5062026_baseline3,data_5062026_baseline3_00000011,data_5062026/2026_05_06_baseline3/00000011.BIN,data_5062026_baseline3_00000011_manual_01_quality_00
160.7,1145.051299,0.0,0.0,0.20229140171507332,0.031819185242521794,3.6533744335174267,1500.0,1500.0,3.0,13.0,0.95,0,data_5062026_baseline3,data_5062026_baseline3_00000011,data_5062026/2026_05_06_baseline3/00000011.BIN,data_5062026_baseline3_00000011_manual_01_quality_00
160.8,1145.151299,0.0,0.0,0.15566774344878148,0.031953194491988975,3.810466187697578,1500.0,1500.0,3.0,13.0,0.95,0,data_5062026_baseline3,data_5062026_baseline3_00000011,data_5062026/2026_05_06_baseline3/00000011.BIN,data_5062026_baseline3_00000011_manual_01_quality_00
160.9,1145.251299,0.0,0.0,0.17606435407386758,0.01463607319039863,4.024576273158274,1500.0,1500.0,3.0,13.0,0.95,0,data_5062026_baseline3,data_5062026_baseline3_00000011,data_5062026/2026_05_06_baseline3/00000011.BIN,data_5062026_baseline3_00000011_manual_01_quality_00
161.0,1145.351299,0.0,0.0,0.21326423045407167,-0.014037215502087705,4.273289392238659,1500.0,1500.0,3.0,13.0,0.95,0,data_5062026_baseline3,data_5062026_baseline3_00000011,data_5062026/2026_05_06_baseline3/00000011.BIN,data_5062026_baseline3_00000011_manual_01_quality_00
161.1,1145.451299,0.0,0.0,0.2148146248210503,-0.040041050962875795,4.346336312612684,1500.0,1500.0,3.0,13.0,0.95,0,data_5062026_baseline3,data_5062026_baseline3_00000011,data_5062026/2026_05_06_baseline3/00000011.BIN,data_5062026_baseline3_00000011_manual_01_quality_00
161.2,1145.551299,0.0,0.0,0.207444533883811,-0.030201364785521153,4.000079033536601,1500.0,1500.0,3.0,13.0,0.95,0,data_5062026_baseline3,data_5062026_baseline3_00000011,data_5062026/2026_05_06_baseline3/00000011.BIN,data_5062026_baseline3_00000011_manual_01_quality_00
161.3,1145.651299,0.0,0.0,0.2200869063786406,0.01726532194180152,3.434816165845324,1500.0,1500.0,3.0,13.0,0.95,0,data_5062026_baseline3,data_5062026_baseline3_00000011,data_5062026/2026_05_06_baseline3/00000011.BIN,data_5062026_baseline3_00000011_manual_01_quality_00
161.4,1145.751299,0.0,0.0,0.23272927887344141,0.06071134099145587,3.2991855793963603,1500.0,1500.0,3.0,13.0,0.95,0,data_5062026_baseline3,data_5062026_baseline3_00000011,data_5062026/2026_05_06_baseline3/00000011.BIN,data_5062026_baseline3_00000011_manual_01_quality_00
161.5,1145.851299,0.0,0.0,0.23595774989813667,0.058469064667674264,3.78384401469308,1500.0,1500.0,3.0,13.0,0.95,0,data_5062026_baseline3,data_5062026_baseline3_00000011,data_5062026/2026_05_06_baseline3/00000011.BIN,data_5062026_baseline3_00000011_manual_01_quality_00
161.6,1145.951299,0.0,0.0,0.23681344487086353,0.02111987760257264,4.392289724735524,1500.0,1500.0,3.0,13.0,0.95,0,data_5062026_baseline3,data_5062026_baseline3_00000011,data_5062026/2026_05_06_baseline3/00000011.BIN,data_5062026_baseline3_00000011_manual_01_quality_00
161.7,1146.051299,0.0,0.0,0.20840551312164074,-0.015916463334811205,4.551309526309515,1500.0,1500.0,3.0,13.0,0.95,0,data_5062026_baseline3,data_5062026_baseline3_00000011,data_5062026/2026_05_06_baseline3/00000011.BIN,data_5062026_baseline3_00000011_manual_01_quality_00
161.8,1146.151299,0.0,0.0,0.17264597483941224,-0.027926253355233983,4.193404303436201,1500.0,1500.0,3.0,13.0,0.95,0,data_5062026_baseline3,data_5062026_baseline3_00000011,data_5062026/2026_05_06_baseline3/00000011.BIN,data_5062026_baseline3_00000011_manual_01_quality_00
161.9,1146.251299,0.0,0.0,0.18484917558586375,-0.004666196490401439,3.7911058625185734,1500.0,1500.0,3.0,13.0,0.95,0,data_5062026_baseline3,data_5062026_baseline3_00000011,data_5062026/2026_05_06_baseline3/00000011.BIN,data_5062026_baseline3_00000011_manual_01_quality_00
162.0,1146.351299,0.0,0.0,0.20909556627718423,0.03586126003859486,3.641292597825209,1500.0,1500.0,3.0,13.0,0.95,0,data_5062026_baseline3,data_5062026_baseline3_00000011,data_5062026/2026_05_06_baseline3/00000011.BIN,data_5062026_baseline3_00000011_manual_01_quality_00
162.1,1146.451299,0.0,0.0,0.2034241374826931,0.06309909678778151,3.654642925795673,1500.0,1500.0,3.0,13.0,0.95,0,data_5062026_baseline3,data_5062026_baseline3_00000011,data_5062026/2026_05_06_baseline3/00000011.BIN,data_5062026_baseline3_00000011_manual_01_quality_00
162.2,1146.551299,0.0,0.0,0.19023390420553069,0.06256825982150695,3.6915720140100827,1500.0,1500.0,3.0,13.0,0.95,0,data_5062026_baseline3,data_5062026_baseline3_00000011,data_5062026/2026_05_06_baseline3/00000011.BIN,data_5062026_baseline3_00000011_manual_01_quality_00
162.3,1146.651299,0.0,0.0,0.17651877584730313,0.039890486905244354,3.75282099829416,1500.0,1500.0,3.0,13.0,0.95,0,data_5062026_baseline3,data_5062026_baseline3_00000011,data_5062026/2026_05_06_baseline3/00000011.BIN,data_5062026_baseline3_00000011_manual_01_quality_00
162.4,1146.751299,0.0,0.0,0.16283028978442465,0.0165546095954923,3.9657589094411057,1500.0,1500.0,3.0,13.0,0.95,0,data_5062026_baseline3,data_5062026_baseline3_00000011,data_5062026/2026_05_06_baseline3/00000011.BIN,data_5062026_baseline3_00000011_manual_01_quality_00
162.5,1146.851299,0.0,0.0,0.17905032466562368,0.007224652700372193,4.2867661711746115,1500.0,1500.0,3.0,13.0,0.95,0,data_5062026_baseline3,data_5062026_baseline3_00000011,data_5062026/2026_05_06_baseline3/00000011.BIN,data_5062026_baseline3_00000011_manual_01_quality_00
162.6,1146.951299,0.0,0.0,0.1952645068748554,0.004931707749062171,4.424476639337169,1500.0,1500.0,3.0,13.0,0.95,0,data_5062026_baseline3,data_5062026_baseline3_00000011,data_5062026/2026_05_06_baseline3/00000011.BIN,data_5062026_baseline3_00000011_manual_01_quality_00
162.7,1147.051299,0.0,0.0,0.20475733256521877,0.008362256511156694,4.1604578963100165,1500.0,1500.0,3.0,13.0,0.95,0,data_5062026_baseline3,data_5062026_baseline3_00000011,data_5062026/2026_05_06_baseline3/00000011.BIN,data_5062026_baseline3_00000011_manual_01_quality_00
162.8,1147.151299,0.0,0.0,0.21425015825560373,0.029433900542853254,3.6455847041195613,1500.0,1500.0,3.0,13.0,0.95,0,data_5062026_baseline3,data_5062026_baseline3_00000011,data_5062026/2026_05_06_baseline3/00000011.BIN,data_5062026_baseline3_00000011_manual_01_quality_00
162.9,1147.251299,0.0,0.0,0.20852148608334403,0.06585473490035855,3.2734737686830377,1500.0,1500.0,3.0,13.0,0.95,0,data_5062026_baseline3,data_5062026_baseline3_00000011,data_5062026/2026_05_06_baseline3/00000011.BIN,data_5062026_baseline3_00000011_manual_01_quality_00
163.0,1147.351299,0.0,0.0,0.19896191271044714,0.08744261276912815,3.382555972345212,1500.0,1500.0,3.0,13.0,0.95,0,data_5062026_baseline3,data_5062026_baseline3_00000011,data_5062026/2026_05_06_baseline3/00000011.BIN,data_5062026_baseline3_00000011_manual_01_quality_00
163.1,1147.451299,0.0,0.0,0.1867987519295818,0.05749226198542805,3.9555220087539174,1500.0,1500.0,3.0,13.0,0.95,0,data_5062026_baseline3,data_5062026_baseline3_00000011,data_5062026/2026_05_06_baseline3/00000011.BIN,data_5062026_baseline3_00000011_manual_01_quality_00
163.2,1147.551299,0.0,0.0,0.17463559114874413,0.0009853118877584514,4.539404441823459,1500.0,1500.0,3.0,13.0,0.95,0,data_5062026_baseline3,data_5062026_baseline3_00000011,data_5062026/2026_05_06_baseline3/00000011.BIN,data_5062026_baseline3_00000011_manual_01_quality_00
163.3,1147.651299,0.0,0.0,0.1796389226159853,-0.013633918391267907,4.578409977040729,1500.0,1500.0,3.0,13.0,0.95,0,data_5062026_baseline3,data_5062026_baseline3_00000011,data_5062026/2026_05_06_baseline3/00000011.BIN,data_5062026_baseline3_00000011_manual_01_quality_00
163.4,1147.751299,0.0,0.0,0.18895858238885516,0.017655175245031362,4.037994113862044,1500.0,1500.0,3.0,13.0,0.95,0,data_5062026_baseline3,data_5062026_baseline3_00000011,data_5062026/2026_05_06_baseline3/00000011.BIN,data_5062026_baseline3_00000011_manual_01_quality_00
163.5,1147.851299,0.0,0.0,0.2000088555202241,0.05003321983466716,3.4761366992001217,1500.0,1500.0,3.0,13.0,0.95,0,data_5062026_baseline3,data_5062026_baseline3_00000011,data_5062026/2026_05_06_baseline3/00000011.BIN,data_5062026_baseline3_00000011_manual_01_quality_00
163.6,1147.951299,0.0,0.0,0.21146893807421221,0.04873406265189095,3.438665954052516,1500.0,1500.0,3.0,13.0,0.95,0,data_5062026_baseline3,data_5062026_baseline3_00000011,data_5062026/2026_05_06_baseline3/00000011.BIN,data_5062026_baseline3_00000011_manual_01_quality_00
163.7,1148.051299,0.0,0.0,0.19695901690381887,0.02142548270459536,3.817458416251689,1500.0,1500.0,3.0,13.0,0.95,0,data_5062026_baseline3,data_5062026_baseline3_00000011,data_5062026/2026_05_06_baseline3/00000011.BIN,data_5062026_baseline3_00000011_manual_01_quality_00
163.8,1148.151299,0.0,0.0,0.18245008850663766,0.01662095381521267,4.066577572111791,1500.0,1500.0,3.0,13.0,0.95,0,data_5062026_baseline3,data_5062026_baseline3_00000011,data_5062026/2026_05_06_baseline3/00000011.BIN,data_5062026_baseline3_00000011_manual_01_quality_00
163.9,1148.251299,0.0,0.0,0.17019647016017878,0.027064500415225352,4.0682005885859605,1500.0,1500.0,3.0,13.0,0.95,0,data_5062026_baseline3,data_5062026_baseline3_00000011,data_5062026/2026_05_06_baseline3/00000011.BIN,data_5062026_baseline3_00000011_manual_01_quality_00
164.0,1148.351299,0.0,0.0,0.15797377662201614,0.02891904651416589,3.9607342472744427,1500.0,1500.0,3.0,13.0,0.95,0,data_5062026_baseline3,data_5062026_baseline3_00000011,data_5062026/2026_05_06_baseline3/00000011.BIN,data_5062026_baseline3_00000011_manual_01_quality_00
164.1,1148.451299,0.0,0.0,0.18486548527540012,0.017799058737237708,3.954342980314324,1500.0,1500.0,3.0,13.0,0.95,0,data_5062026_baseline3,data_5062026_baseline3_00000011,data_5062026/2026_05_06_baseline3/00000011.BIN,data_5062026_baseline3_00000011_manual_01_quality_00
164.2,1148.551299,0.0,0.0,0.21175719392872294,0.0030652042465274198,4.02829865495741,1500.0,1500.0,3.0,13.0,0.95,0,data_5062026_baseline3,data_5062026_baseline3_00000011,data_5062026/2026_05_06_baseline3/00000011.BIN,data_5062026_baseline3_00000011_manual_01_quality_00
164.3,1148.651299,0.0,0.0,0.19079667231105296,0.00573870901691125,3.9640268340077927,1500.0,1500.0,3.0,13.0,0.95,0,data_5062026_baseline3,data_5062026_baseline3_00000011,data_5062026/2026_05_06_baseline3/00000011.BIN,data_5062026_baseline3_00000011_manual_01_quality_00
164.4,1148.751299,0.0,0.0,0.1578281165398435,0.02335820097248614,3.7452048681236607,1500.0,1500.0,3.0,13.0,0.95,0,data_5062026_baseline3,data_5062026_baseline3_00000011,data_5062026/2026_05_06_baseline3/00000011.BIN,data_5062026_baseline3_00000011_manual_01_quality_00
164.5,1148.851299,0.0,0.0,0.16764727835374102,0.04496061475836954,3.6575890429936218,1500.0,1500.0,3.0,13.0,0.95,0,data_5062026_baseline3,data_5062026_baseline3_00000011,data_5062026/2026_05_06_baseline3/00000011.BIN,data_5062026_baseline3_00000011_manual_01_quality_00
164.6,1148.951299,0.0,0.0,0.1774205290046725,0.05008089072895309,3.8178921508370087,1500.0,1500.0,3.0,13.0,0.95,0,data_5062026_baseline3,data_5062026_baseline3_00000011,data_5062026/2026_05_06_baseline3/00000011.BIN,data_5062026_baseline3_00000011_manual_01_quality_00
164.7,1149.051299,0.0,0.0,0.15723239473890677,0.020208364838053324,4.111510416809532,1500.0,1500.0,3.0,13.0,0.95,0,data_5062026_baseline3,data_5062026_baseline3_00000011,data_5062026/2026_05_06_baseline3/00000011.BIN,data_5062026_baseline3_00000011_manual_01_quality_00
164.8,1149.151299,0.0,0.0,0.13707566885370837,-0.020246219387803074,4.263154707912146,1500.0,1500.0,3.0,13.0,0.95,0,data_5062026_baseline3,data_5062026_baseline3_00000011,data_5062026/2026_05_06_baseline3/00000011.BIN,data_5062026_baseline3_00000011_manual_01_quality_00
164.9,1149.251299,0.0,0.0,0.16175664971727108,-0.017898901968183556,4.100261160018633,1500.0,1500.0,3.0,13.0,0.95,0,data_5062026_baseline3,data_5062026_baseline3_00000011,data_5062026/2026_05_06_baseline3/00000011.BIN,data_5062026_baseline3_00000011_manual_01_quality_00
165.0,1149.351299,0.0,0.0,0.18640593886124554,0.02134038450253747,3.793955414413316,1500.0,1500.0,3.0,14.0,0.95,0,data_5062026_baseline3,data_5062026_baseline3_00000011,data_5062026/2026_05_06_baseline3/00000011.BIN,data_5062026_baseline3_00000011_manual_01_quality_00
165.1,1149.451299,0.0,0.0,0.19023710418481246,0.047662460150508915,3.633400769777308,1500.0,1500.0,3.0,14.0,0.95,0,data_5062026_baseline3,data_5062026_baseline3_00000011,data_5062026/2026_05_06_baseline3/00000011.BIN,data_5062026_baseline3_00000011_manual_01_quality_00
165.2,1149.551299,0.0,0.0,0.19402627323990404,0.03460041714956649,3.762069724971241,1500.0,1500.0,3.0,14.0,0.95,0,data_5062026_baseline3,data_5062026_baseline3_00000011,data_5062026/2026_05_06_baseline3/00000011.BIN,data_5062026_baseline3_00000011_manual_01_quality_00
165.3,1149.651299,0.0,0.0,0.15586117008620543,-0.0022482615905250964,4.05203739291229,1500.0,1500.0,3.0,14.0,0.95,0,data_5062026_baseline3,data_5062026_baseline3_00000011,data_5062026/2026_05_06_baseline3/00000011.BIN,data_5062026_baseline3_00000011_manual_01_quality_00
165.4,1149.751299,0.0,0.0,0.11769606693259363,-0.023898617205672084,4.104000106860125,1500.0,1500.0,3.0,14.0,0.95,0,data_5062026_baseline3,data_5062026_baseline3_00000011,data_5062026/2026_05_06_baseline3/00000011.BIN,data_5062026_baseline3_00000011_manual_01_quality_00
165.5,1149.851299,0.0,0.0,0.14978341224248692,-0.0071096790366179255,3.919528754598023,1500.0,1500.0,3.0,14.0,0.95,0,data_5062026_baseline3,data_5062026_baseline3_00000011,data_5062026/2026_05_06_baseline3/00000011.BIN,data_5062026_baseline3_00000011_manual_01_quality_00
165.6,1149.951299,0.0,0.0,0.19947256431165616,0.022815066042663357,3.7351953604141297,1500.0,1500.0,3.0,14.0,0.95,0,data_5062026_baseline3,data_5062026_baseline3_00000011,data_5062026/2026_05_06_baseline3/00000011.BIN,data_5062026_baseline3_00000011_manual_01_quality_00
165.7,1150.051299,0.0,0.0,0.21443974844730063,0.025309817362329446,3.812014359173569,1500.0,1500.0,3.0,14.0,0.95,0,data_5062026_baseline3,data_5062026_baseline3_00000011,data_5062026/2026_05_06_baseline3/00000011.BIN,data_5062026_baseline3_00000011_manual_01_quality_00
165.8,1150.151299,0.0,0.0,0.2293809610922011,0.009809264298858087,4.0414575473944625,1500.0,1500.0,3.0,14.0,0.95,0,data_5062026_baseline3,data_5062026_baseline3_00000011,data_5062026/2026_05_06_baseline3/00000011.BIN,data_5062026_baseline3_00000011_manual_01_quality_00
165.9,1150.251299,0.0,0.0,0.17415492694743684,-0.00626751426592058,4.072857868017401,1500.0,1500.0,3.0,14.0,0.95,0,data_5062026_baseline3,data_5062026_baseline3_00000011,data_5062026/2026_05_06_baseline3/00000011.BIN,data_5062026_baseline3_00000011_manual_01_quality_00
166.0,1150.351299,0.0,0.0,0.11892889280267253,-0.013110128434409788,3.9125459718687163,1500.0,1500.0,3.0,14.0,0.95,0,data_5062026_baseline3,data_5062026_baseline3_00000011,data_5062026/2026_05_06_baseline3/00000011.BIN,data_5062026_baseline3_00000011_manual_01_quality_00
166.1,1150.451299,0.0,0.0,0.12461452822510383,-0.0026790732102870084,3.847874144490459,1500.0,1500.0,3.0,14.0,0.95,0,data_5062026_baseline3,data_5062026_baseline3_00000011,data_5062026/2026_05_06_baseline3/00000011.BIN,data_5062026_baseline3_00000011_manual_01_quality_00
166.2,1150.551299,0.0,0.0,0.14560715790311585,0.01257921452531427,3.9357828963576083,1500.0,1500.0,3.0,14.0,0.95,0,data_5062026_baseline3,data_5062026_baseline3_00000011,data_5062026/2026_05_06_baseline3/00000011.BIN,data_5062026_baseline3_00000011_manual_01_quality_00
166.3,1150.651299,0.0,0.0,0.1671312964308484,0.010136730779594049,4.05414251045119,1500.0,1500.0,3.0,14.0,0.95,0,data_5062026_baseline3,data_5062026_baseline3_00000011,data_5062026/2026_05_06_baseline3/00000011.BIN,data_5062026_baseline3_00000011_manual_01_quality_00
166.4,1150.751299,0.0,0.0,0.18873812389278463,-0.010923780990294646,4.000371866461001,1500.0,1500.0,3.0,14.0,0.95,0,data_5062026_baseline3,data_5062026_baseline3_00000011,data_5062026/2026_05_06_baseline3/00000011.BIN,data_5062026_baseline3_00000011_manual_01_quality_00
166.5,1150.851299,0.0,0.0,0.1611793194466207,-0.016373069854661162,3.742955922411118,1500.0,1500.0,3.0,14.0,0.95,0,data_5062026_baseline3,data_5062026_baseline3_00000011,data_5062026/2026_05_06_baseline3/00000011.BIN,data_5062026_baseline3_00000011_manual_01_quality_00
166.6,1150.951299,0.0,0.0,0.13362051500039412,0.010695814555417406,3.597082708352091,1500.0,1500.0,3.0,14.0,0.95,0,data_5062026_baseline3,data_5062026_baseline3_00000011,data_5062026/2026_05_06_baseline3/00000011.BIN,data_5062026_baseline3_00000011_manual_01_quality_00
166.7,1151.051299,0.0,0.0,0.11015644190425986,0.02682316286585398,3.8290764582368597,1500.0,1500.0,3.0,14.0,0.95,0,data_5062026_baseline3,data_5062026_baseline3_00000011,data_5062026/2026_05_06_baseline3/00000011.BIN,data_5062026_baseline3_00000011_manual_01_quality_00
166.8,1151.151299,0.0,0.0,0.08772226525677955,0.001946012604386854,4.169873010873069,1500.0,1500.0,3.0,14.0,0.95,0,data_5062026_baseline3,data_5062026_baseline3_00000011,data_5062026/2026_05_06_baseline3/00000011.BIN,data_5062026_baseline3_00000011_manual_01_quality_00
166.9,1151.251299,0.0,0.0,0.1422177674995486,-0.013883627013643348,4.222365130622785,1500.0,1500.0,3.0,14.0,0.75,0,data_5062026_baseline3,data_5062026_baseline3_00000011,data_5062026/2026_05_06_baseline3/00000011.BIN,data_5062026_baseline3_00000011_manual_01_quality_00
167.0,1151.351299,0.0,0.0,0.21604676579857948,0.007679060219661074,3.8743369680883637,1500.0,1500.0,3.0,14.0,0.75,0,data_5062026_baseline3,data_5062026_baseline3_00000011,data_5062026/2026_05_06_baseline3/00000011.BIN,data_5062026_baseline3_00000011_manual_01_quality_00
167.1,1151.451299,0.0,0.0,0.1989097703306666,0.03371984124908354,3.5080958850629638,1500.0,1500.0,3.0,14.0,0.75,0,data_5062026_baseline3,data_5062026_baseline3_00000011,data_5062026/2026_05_06_baseline3/00000011.BIN,data_5062026_baseline3_00000011_manual_01_quality_00
167.2,1151.551299,0.0,0.0,0.1589245756149642,0.05169331141744058,3.583343539504683,1500.0,1500.0,3.0,14.0,0.75,0,data_5062026_baseline3,data_5062026_baseline3_00000011,data_5062026/2026_05_06_baseline3/00000011.BIN,data_5062026_baseline3_00000011_manual_01_quality_00
167.3,1151.651299,0.0,0.0,0.1251443418448894,0.03993487995614043,3.9588450206318613,1500.0,1500.0,3.0,14.0,0.75,0,data_5062026_baseline3,data_5062026_baseline3_00000011,data_5062026/2026_05_06_baseline3/00000011.BIN,data_5062026_baseline3_00000011_manual_01_quality_00
167.4,1151.751299,0.0,0.0,0.09292670836963168,0.005284564722376131,4.277988427944949,1500.0,1500.0,3.0,14.0,0.75,0,data_5062026_baseline3,data_5062026_baseline3_00000011,data_5062026/2026_05_06_baseline3/00000011.BIN,data_5062026_baseline3_00000011_manual_01_quality_00
167.5,1151.851299,0.0,0.0,0.13710929850472645,-0.003391904694357316,4.268597434185446,1500.0,1500.0,3.0,14.0,0.75,0,data_5062026_baseline3,data_5062026_baseline3_00000011,data_5062026/2026_05_06_baseline3/00000011.BIN,data_5062026_baseline3_00000011_manual_01_quality_00
167.6,1151.951299,0.0,0.0,0.2004421085252619,0.013046802364875668,3.971054474721516,1500.0,1500.0,3.0,14.0,0.75,0,data_5062026_baseline3,data_5062026_baseline3_00000011,data_5062026/2026_05_06_baseline3/00000011.BIN,data_5062026_baseline3_00000011_manual_01_quality_00
167.7,1152.051299,0.0,0.0,0.20992241496083763,0.03188264654700701,3.7214180823793805,1500.0,1500.0,3.0,14.0,0.75,0,data_5062026_baseline3,data_5062026_baseline3_00000011,data_5062026/2026_05_06_baseline3/00000011.BIN,data_5062026_baseline3_00000011_manual_01_quality_00
167.8,1152.151299,0.0,0.0,0.20576686724871918,0.04431694875699586,3.7247053162353465,1500.0,1500.0,3.0,14.0,0.75,0,data_5062026_baseline3,data_5062026_baseline3_00000011,data_5062026/2026_05_06_baseline3/00000011.BIN,data_5062026_baseline3_00000011_manual_01_quality_00
167.9,1152.251299,0.0,0.0,0.15771234094621456,0.03778261297734934,3.836008228532105,1500.0,1500.0,3.0,14.0,0.75,0,data_5062026_baseline3,data_5062026_baseline3_00000011,data_5062026/2026_05_06_baseline3/00000011.BIN,data_5062026_baseline3_00000011_manual_01_quality_00
168.0,1152.351299,0.0,0.0,0.10965781464370994,0.025318548239208132,3.920971445968215,1500.0,1500.0,3.0,14.0,0.75,0,data_5062026_baseline3,data_5062026_baseline3_00000011,data_5062026/2026_05_06_baseline3/00000011.BIN,data_5062026_baseline3_00000011_manual_01_quality_00
168.1,1152.451299,0.0,0.0,0.13646998968801294,0.019481209911403313,3.926888172820024,1500.0,1500.0,3.0,14.0,0.75,0,data_5062026_baseline3,data_5062026_baseline3_00000011,data_5062026/2026_05_06_baseline3/00000011.BIN,data_5062026_baseline3_00000011_manual_01_quality_00
168.2,1152.551299,0.0,0.0,0.18206439432064356,0.019403304030692185,3.9259798423915044,1500.0,1500.0,3.0,14.0,0.75,0,data_5062026_baseline3,data_5062026_baseline3_00000011,data_5062026/2026_05_06_baseline3/00000011.BIN,data_5062026_baseline3_00000011_manual_01_quality_00
168.3,1152.651299,0.0,0.0,0.16880004450476624,0.016226380200512057,3.963095506863409,1500.0,1500.0,3.0,14.0,0.75,0,data_5062026_baseline3,data_5062026_baseline3_00000011,data_5062026/2026_05_06_baseline3/00000011.BIN,data_5062026_baseline3_00000011_manual_01_quality_00
168.4,1152.751299,0.0,0.0,0.14072615815212347,0.01132653755796793,4.000928301118329,1500.0,1500.0,3.0,14.0,0.75,0,data_5062026_baseline3,data_5062026_baseline3_00000011,data_5062026/2026_05_06_baseline3/00000011.BIN,data_5062026_baseline3_00000011_manual_01_quality_00
168.5,1152.851299,0.0,0.0,0.14270845391788872,0.01289589177834695,4.002059102052522,1500.0,1500.0,3.0,14.0,0.75,0,data_5062026_baseline3,data_5062026_baseline3_00000011,data_5062026/2026_05_06_baseline3/00000011.BIN,data_5062026_baseline3_00000011_manual_01_quality_00
168.6,1152.951299,0.0,0.0,0.15223628665298758,0.02227090164195756,3.9888298792360732,1500.0,1500.0,3.0,14.0,0.75,0,data_5062026_baseline3,data_5062026_baseline3_00000011,data_5062026/2026_05_06_baseline3/00000011.BIN,data_5062026_baseline3_00000011_manual_01_quality_00
168.7,1153.051299,0.0,0.0,0.15882276198508682,0.03257644135114155,3.952474918198337,1500.0,1500.0,3.0,14.0,0.75,0,data_5062026_baseline3,data_5062026_baseline3_00000011,data_5062026/2026_05_06_baseline3/00000011.BIN,data_5062026_baseline3_00000011_manual_01_quality_00
168.8,1153.151299,0.0,0.0,0.1646718746704326,0.03563506885629358,3.8564316524669593,1500.0,1500.0,3.0,14.0,0.75,0,data_5062026_baseline3,data_5062026_baseline3_00000011,data_5062026/2026_05_06_baseline3/00000011.BIN,data_5062026_baseline3_00000011_manual_01_quality_00
168.9,1153.251299,0.0,0.0,0.1524748219055683,0.02159237790870818,3.772927145035564,1500.0,1500.0,3.0,14.0,0.75,0,data_5062026_baseline3,data_5062026_baseline3_00000011,data_5062026/2026_05_06_baseline3/00000011.BIN,data_5062026_baseline3_00000011_manual_01_quality_00
169.0,1153.351299,0.0,0.0,0.13580983290929044,-0.006384768646428289,3.83607440037864,1500.0,1500.0,3.0,14.0,0.75,0,data_5062026_baseline3,data_5062026_baseline3_00000011,data_5062026/2026_05_06_baseline3/00000011.BIN,data_5062026_baseline3_00000011_manual_01_quality_00
169.1,1153.451299,0.0,0.0,0.1585417468078866,-0.016158160281467278,3.9744897835263178,1500.0,1500.0,3.0,14.0,0.75,0,data_5062026_baseline3,data_5062026_baseline3_00000011,data_5062026/2026_05_06_baseline3/00000011.BIN,data_5062026_baseline3_00000011_manual_01_quality_00
169.2,1153.551299,0.0,0.0,0.1812736607064311,0.006876570466782883,3.968148232541479,1500.0,1500.0,3.0,14.0,0.75,0,data_5062026_baseline3,data_5062026_baseline3_00000011,data_5062026/2026_05_06_baseline3/00000011.BIN,data_5062026_baseline3_00000011_manual_01_quality_00
169.3,1153.651299,0.0,0.0,0.16492237860142656,0.03398760319891713,3.7977659358680187,1500.0,1500.0,3.0,14.0,0.75,0,data_5062026_baseline3,data_5062026_baseline3_00000011,data_5062026/2026_05_06_baseline3/00000011.BIN,data_5062026_baseline3_00000011_manual_01_quality_00
169.4,1153.751299,0.0,0.0,0.13873286055378278,0.04533532816146904,3.6678882623426503,1500.0,1500.0,3.0,14.0,0.75,0,data_5062026_baseline3,data_5062026_baseline3_00000011,data_5062026/2026_05_06_baseline3/00000011.BIN,data_5062026_baseline3_00000011_manual_01_quality_00
169.5,1153.851299,0.0,0.0,0.12451194433730471,0.036929634282897146,3.752925282330724,1500.0,1500.0,3.0,14.0,0.75,0,data_5062026_baseline3,data_5062026_baseline3_00000011,data_5062026/2026_05_06_baseline3/00000011.BIN,data_5062026_baseline3_00000011_manual_01_quality_00
169.6,1153.951299,0.0,0.0,0.11035450262225409,0.015595199589496156,4.0116873876554795,1500.0,1500.0,3.0,14.0,0.75,0,data_5062026_baseline3,data_5062026_baseline3_00000011,data_5062026/2026_05_06_baseline3/00000011.BIN,data_5062026_baseline3_00000011_manual_01_quality_00
169.7,1154.051299,0.0,0.0,0.14732270042770104,-0.01139831218328344,4.213579890943975,1500.0,1500.0,3.0,14.0,0.75,0,data_5062026_baseline3,data_5062026_baseline3_00000011,data_5062026/2026_05_06_baseline3/00000011.BIN,data_5062026_baseline3_00000011_manual_01_quality_00
169.8,1154.151299,0.0,0.0,0.18429089823323203,-0.026787141434362473,4.21741565461294,1500.0,1500.0,3.0,14.0,0.75,0,data_5062026_baseline3,data_5062026_baseline3_00000011,data_5062026/2026_05_06_baseline3/00000011.BIN,data_5062026_baseline3_00000011_manual_01_quality_00
169.9,1154.251299,0.0,0.0,0.1585323811034798,-0.01097305122533263,4.001612317246064,1500.0,1500.0,3.0,14.0,0.75,0,data_5062026_baseline3,data_5062026_baseline3_00000011,data_5062026/2026_05_06_baseline3/00000011.BIN,data_5062026_baseline3_00000011_manual_01_quality_00
170.0,1154.351299,0.0,0.0,0.11703555258567118,0.033917816681412236,3.6804811609610026,1500.0,1500.0,3.0,14.0,0.75,0,data_5062026_baseline3,data_5062026_baseline3_00000011,data_5062026/2026_05_06_baseline3/00000011.BIN,data_5062026_baseline3_00000011_manual_01_quality_00
170.1,1154.451299,0.0,0.0,0.11373327978136284,0.07018553286917556,3.523197244467708,1500.0,1500.0,3.0,14.0,0.75,0,data_5062026_baseline3,data_5062026_baseline3_00000011,data_5062026/2026_05_06_baseline3/00000011.BIN,data_5062026_baseline3_00000011_manual_01_quality_00
170.2,1154.551299,0.0,0.0,0.110431006977062,0.05672925995964341,3.7429351421850865,1500.0,1500.0,3.0,14.0,0.75,0,data_5062026_baseline3,data_5062026_baseline3_00000011,data_5062026/2026_05_06_baseline3/00000011.BIN,data_5062026_baseline3_00000011_manual_01_quality_00
170.3,1154.651299,0.0,0.0,0.14252501228931913,0.006557072553262271,4.178266794058595,1500.0,1500.0,3.0,14.0,0.75,0,data_5062026_baseline3,data_5062026_baseline3_00000011,data_5062026/2026_05_06_baseline3/00000011.BIN,data_5062026_baseline3_00000011_manual_01_quality_00
170.4,1154.751299,0.0,0.0,0.1834509493848844,-0.03186742497580528,4.41580947587312,1500.0,1500.0,3.0,14.0,0.75,0,data_5062026_baseline3,data_5062026_baseline3_00000011,data_5062026/2026_05_06_baseline3/00000011.BIN,data_5062026_baseline3_00000011_manual_01_quality_00
170.5,1154.851299,0.0,0.0,0.1453816357563641,-0.04488352695813136,4.2388533778840305,1500.0,1500.0,3.0,14.0,0.75,0,data_5062026_baseline3,data_5062026_baseline3_00000011,data_5062026/2026_05_06_baseline3/00000011.BIN,data_5062026_baseline3_00000011_manual_01_quality_00
170.6,1154.951299,0.0,0.0,0.10735695290111183,-0.014685858346464634,3.732042732158019,1500.0,1500.0,3.0,14.0,0.75,0,data_5062026_baseline3,data_5062026_baseline3_00000011,data_5062026/2026_05_06_baseline3/00000011.BIN,data_5062026_baseline3_00000011_manual_01_quality_00
170.7,1155.051299,0.0,0.0,0.14127275750416843,0.05242159913108617,3.2139489048826215,1500.0,1500.0,3.0,14.0,0.75,0,data_5062026_baseline3,data_5062026_baseline3_00000011,data_5062026/2026_05_06_baseline3/00000011.BIN,data_5062026_baseline3_00000011_manual_01_quality_00
170.8,1155.151299,0.0,0.0,0.17518856210730213,0.08174691655404766,3.2090499430122916,1500.0,1500.0,3.0,14.0,0.75,0,data_5062026_baseline3,data_5062026_baseline3_00000011,data_5062026/2026_05_06_baseline3/00000011.BIN,data_5062026_baseline3_00000011_manual_01_quality_00
170.9,1155.251299,0.0,0.0,0.17219009529363083,0.039396138039238957,3.8953056025378396,1500.0,1500.0,3.0,14.0,0.75,0,data_5062026_baseline3,data_5062026_baseline3_00000011,data_5062026/2026_05_06_baseline3/00000011.BIN,data_5062026_baseline3_00000011_manual_01_quality_00
171.0,1155.351299,0.0,0.0,0.15989647274767607,-0.03225032369189211,4.647341626548374,1500.0,1500.0,3.0,14.0,0.75,0,data_5062026_baseline3,data_5062026_baseline3_00000011,data_5062026/2026_05_06_baseline3/00000011.BIN,data_5062026_baseline3_00000011_manual_01_quality_00
171.1,1155.451299,0.0,0.0,0.15371573235263986,-0.06968822338393053,4.689346720133455,1500.0,1500.0,3.0,14.0,0.75,0,data_5062026_baseline3,data_5062026_baseline3_00000011,data_5062026/2026_05_06_baseline3/00000011.BIN,data_5062026_baseline3_00000011_manual_01_quality_00
171.2,1155.551299,0.0,0.0,0.1475349919576177,-0.039185355150941514,4.1141360403696385,1500.0,1500.0,3.0,14.0,0.75,0,data_5062026_baseline3,data_5062026_baseline3_00000011,data_5062026/2026_05_06_baseline3/00000011.BIN,data_5062026_baseline3_00000011_manual_01_quality_00
171.3,1155.651299,0.0,0.0,0.17740703915801792,0.02846501161107639,3.420581057404336,1500.0,1500.0,3.0,14.0,0.75,0,data_5062026_baseline3,data_5062026_baseline3_00000011,data_5062026/2026_05_06_baseline3/00000011.BIN,data_5062026_baseline3_00000011_manual_01_quality_00
171.4,1155.751299,0.0,0.0,0.2162545432298429,0.06112462849302933,3.176744138807948,1500.0,1500.0,3.0,14.0,0.75,0,data_5062026_baseline3,data_5062026_baseline3_00000011,data_5062026/2026_05_06_baseline3/00000011.BIN,data_5062026_baseline3_00000011_manual_01_quality_00
171.5,1155.851299,0.0,0.0,0.17041050650201492,0.053070117956536565,3.5453160112606725,1500.0,1500.0,3.0,14.0,0.75,0,data_5062026_baseline3,data_5062026_baseline3_00000011,data_5062026/2026_05_06_baseline3/00000011.BIN,data_5062026_baseline3_00000011_manual_01_quality_00
171.6,1155.951299,0.0,0.0,0.12458735207506087,0.020689626554228194,4.08425333842861,1500.0,1500.0,3.0,14.0,0.75,0,data_5062026_baseline3,data_5062026_baseline3_00000011,data_5062026/2026_05_06_baseline3/00000011.BIN,data_5062026_baseline3_00000011_manual_01_quality_00
171.7,1156.051299,0.0,0.0,0.11188982486021351,-0.02057111166942293,4.396660574223397,1500.0,1500.0,3.0,14.0,0.75,0,data_5062026_baseline3,data_5062026_baseline3_00000011,data_5062026/2026_05_06_baseline3/00000011.BIN,data_5062026_baseline3_00000011_manual_01_quality_00
171.8,1156.151299,0.0,0.0,0.09923797633354074,-0.042144282998321694,4.505819234419075,1500.0,1500.0,3.0,14.0,0.75,0,data_5062026_baseline3,data_5062026_baseline3_00000011,data_5062026/2026_05_06_baseline3/00000011.BIN,data_5062026_baseline3_00000011_manual_01_quality_00
171.9,1156.251299,0.0,0.0,0.14744536660008528,-0.035168460820048264,4.153965952564374,1500.0,1500.0,3.0,14.0,0.75,0,data_5062026_baseline3,data_5062026_baseline3_00000011,data_5062026/2026_05_06_baseline3/00000011.BIN,data_5062026_baseline3_00000011_manual_01_quality_00
172.0,1156.351299,0.0,0.0,0.1955717251372391,-0.0022241160047208035,3.652419838179692,1500.0,1500.0,3.0,14.0,0.75,0,data_5062026_baseline3,data_5062026_baseline3_00000011,data_5062026/2026_05_06_baseline3/00000011.BIN,data_5062026_baseline3_00000011_manual_01_quality_00
172.1,1156.451299,0.0,0.0,0.1673340876477015,0.03636697582861738,3.3891178167179334,1500.0,1500.0,3.0,14.0,0.75,0,data_5062026_baseline3,data_5062026_baseline3_00000011,data_5062026/2026_05_06_baseline3/00000011.BIN,data_5062026_baseline3_00000011_manual_01_quality_00
172.2,1156.551299,0.0,0.0,0.1391300844301082,0.04906420247688436,3.4963665430526873,1500.0,1500.0,3.0,14.0,0.75,0,data_5062026_baseline3,data_5062026_baseline3_00000011,data_5062026/2026_05_06_baseline3/00000011.BIN,data_5062026_baseline3_00000011_manual_01_quality_00
172.3,1156.651299,0.0,0.0,0.13259197719285012,0.023655031797262544,3.9009492386507367,1500.0,1500.0,3.0,14.0,0.75,0,data_5062026_baseline3,data_5062026_baseline3_00000011,data_5062026/2026_05_06_baseline3/00000011.BIN,data_5062026_baseline3_00000011_manual_01_quality_00
172.4,1156.751299,0.0,0.0,0.12610576602264065,-0.02014892141162547,4.383874937337853,1500.0,1500.0,3.0,14.0,0.75,0,data_5062026_baseline3,data_5062026_baseline3_00000011,data_5062026/2026_05_06_baseline3/00000011.BIN,data_5062026_baseline3_00000011_manual_01_quality_00
172.5,1156.851299,0.0,0.0,0.154871105754297,-0.04722633952072643,4.48964639817285,1500.0,1500.0,3.0,14.0,0.75,0,data_5062026_baseline3,data_5062026_baseline3_00000011,data_5062026/2026_05_06_baseline3/00000011.BIN,data_5062026_baseline3_00000011_manual_01_quality_00
172.6,1156.951299,0.0,0.0,0.18361302449914804,-0.036905065887047325,4.268425827625344,1500.0,1500.0,3.0,14.0,0.75,0,data_5062026_baseline3,data_5062026_baseline3_00000011,data_5062026/2026_05_06_baseline3/00000011.BIN,data_5062026_baseline3_00000011_manual_01_quality_00
172.7,1157.051299,0.0,0.0,0.17334338616240896,-0.010013364282594674,3.865200597142622,1500.0,1500.0,3.0,14.0,0.75,0,data_5062026_baseline3,data_5062026_baseline3_00000011,data_5062026/2026_05_06_baseline3/00000011.BIN,data_5062026_baseline3_00000011_manual_01_quality_00
172.8,1157.151299,0.0,0.0,0.16307374782564651,0.020834301988913898,3.4976198615790905,1500.0,1500.0,3.0,14.0,0.75,0,data_5062026_baseline3,data_5062026_baseline3_00000011,data_5062026/2026_05_06_baseline3/00000011.BIN,data_5062026_baseline3_00000011_manual_01_quality_00
172.9,1157.251299,0.0,0.0,0.1517785001319948,0.038905709821829317,3.41240313301042,1500.0,1500.0,3.0,14.0,0.75,0,data_5062026_baseline3,data_5062026_baseline3_00000011,data_5062026/2026_05_06_baseline3/00000011.BIN,data_5062026_baseline3_00000011_manual_01_quality_00
173.0,1157.351299,0.0,0.0,0.1402256952492264,0.02235252359984388,3.6486573255945207,1500.0,1500.0,3.0,14.0,0.75,0,data_5062026_baseline3,data_5062026_baseline3_00000011,data_5062026/2026_05_06_baseline3/00000011.BIN,data_5062026_baseline3_00000011_manual_01_quality_00
173.1,1157.451299,0.0,0.0,0.14142946148804764,-0.013526538729749873,4.007133619142838,1500.0,1500.0,3.0,14.0,0.75,0,data_5062026_baseline3,data_5062026_baseline3_00000011,data_5062026/2026_05_06_baseline3/00000011.BIN,data_5062026_baseline3_00000011_manual_01_quality_00
173.2,1157.551299,0.0,0.0,0.14583072239839373,-0.0285754826355959,4.293923790256058,1500.0,1500.0,3.0,14.0,0.75,0,data_5062026_baseline3,data_5062026_baseline3_00000011,data_5062026/2026_05_06_baseline3/00000011.BIN,data_5062026_baseline3_00000011_manual_01_quality_00
173.3,1157.651299,0.0,0.0,0.13875522278276095,-0.028705631187455036,4.350816235077731,1500.0,1500.0,3.0,14.0,0.75,0,data_5062026_baseline3,data_5062026_baseline3_00000011,data_5062026/2026_05_06_baseline3/00000011.BIN,data_5062026_baseline3_00000011_manual_01_quality_00
173.4,1157.751299,0.0,0.0,0.1316848814519406,-0.014778875267512905,4.124226954022264,1500.0,1500.0,3.0,14.0,0.75,0,data_5062026_baseline3,data_5062026_baseline3_00000011,data_5062026/2026_05_06_baseline3/00000011.BIN,data_5062026_baseline3_00000011_manual_01_quality_00
173.5,1157.851299,0.0,0.0,0.1312225674700308,0.011147525424542932,3.692832815161813,1500.0,1500.0,3.0,14.0,0.75,0,data_5062026_baseline3,data_5062026_baseline3_00000011,data_5062026/2026_05_06_baseline3/00000011.BIN,data_5062026_baseline3_00000011_manual_01_quality_00
173.6,1157.951299,0.0,0.0,0.13076025348812,0.013730086612025022,3.3893635851231103,1500.0,1500.0,3.0,14.0,0.75,0,data_5062026_baseline3,data_5062026_baseline3_00000011,data_5062026/2026_05_06_baseline3/00000011.BIN,data_5062026_baseline3_00000011_manual_01_quality_00
173.7,1158.051299,0.0,0.0,0.13282227426112883,-0.0015991998581257208,3.4740811336898973,1500.0,1500.0,3.0,14.0,0.75,0,data_5062026_baseline3,data_5062026_baseline3_00000011,data_5062026/2026_05_06_baseline3/00000011.BIN,data_5062026_baseline3_00000011_manual_01_quality_00
173.8,1158.151299,0.0,0.0,0.13551766806100946,-0.012377267541666594,3.854448569670213,1500.0,1500.0,3.0,14.0,0.75,0,data_5062026_baseline3,data_5062026_baseline3_00000011,data_5062026/2026_05_06_baseline3/00000011.BIN,data_5062026_baseline3_00000011_manual_01_quality_00
173.9,1158.251299,0.0,0.0,0.13103854727056752,-0.0177725391611618,4.255274909896036,1500.0,1500.0,3.0,14.0,0.75,0,data_5062026_baseline3,data_5062026_baseline3_00000011,data_5062026/2026_05_06_baseline3/00000011.BIN,data_5062026_baseline3_00000011_manual_01_quality_00
174.0,1158.351299,0.0,0.0,0.12475715767854083,-0.023434503893301203,4.4044336219707665,1500.0,1500.0,3.0,14.0,0.75,0,data_5062026_baseline3,data_5062026_baseline3_00000011,data_5062026/2026_05_06_baseline3/00000011.BIN,data_5062026_baseline3_00000011_manual_01_quality_00
174.1,1158.451299,0.0,0.0,0.13424113308114313,-0.023958395391105936,4.18198721588229,1500.0,1500.0,3.0,14.0,0.75,0,data_5062026_baseline3,data_5062026_baseline3_00000011,data_5062026/2026_05_06_baseline3/00000011.BIN,data_5062026_baseline3_00000011_manual_01_quality_00
174.2,1158.551299,0.0,0.0,0.14770569481065723,-0.014968420670097618,3.738451525696575,1500.0,1500.0,3.0,14.0,0.75,0,data_5062026_baseline3,data_5062026_baseline3_00000011,data_5062026/2026_05_06_baseline3/00000011.BIN,data_5062026_baseline3_00000011_manual_01_quality_00
174.3,1158.651299,0.0,0.0,0.16555657944110838,-0.004929055247668408,3.4791034928932967,1500.0,1500.0,3.0,14.0,0.75,0,data_5062026_baseline3,data_5062026_baseline3_00000011,data_5062026/2026_05_06_baseline3/00000011.BIN,data_5062026_baseline3_00000011_manual_01_quality_00
174.4,1158.751299,0.0,0.0,0.1845180619447097,-0.007234417316431339,3.656598493688513,1500.0,1500.0,3.0,14.0,0.75,0,data_5062026_baseline3,data_5062026_baseline3_00000011,data_5062026/2026_05_06_baseline3/00000011.BIN,data_5062026_baseline3_00000011_manual_01_quality_00
174.5,1158.851299,0.0,0.0,0.15660166810582582,-0.009962673945018147,4.065544726883868,1500.0,1500.0,3.0,14.0,0.75,0,data_5062026_baseline3,data_5062026_baseline3_00000011,data_5062026/2026_05_06_baseline3/00000011.BIN,data_5062026_baseline3_00000011_manual_01_quality_00
174.6,1158.951299,0.0,0.0,0.11697798606868604,-0.01262304501423612,4.252741758469025,1500.0,1500.0,3.0,14.0,0.75,0,data_5062026_baseline3,data_5062026_baseline3_00000011,data_5062026/2026_05_06_baseline3/00000011.BIN,data_5062026_baseline3_00000011_manual_01_quality_00
174.7,1159.051299,0.0,0.0,0.12815054968348524,-0.01664004889547649,4.073120251674912,1500.0,1500.0,3.0,14.0,0.75,0,data_5062026_baseline3,data_5062026_baseline3_00000011,data_5062026/2026_05_06_baseline3/00000011.BIN,data_5062026_baseline3_00000011_manual_01_quality_00
174.8,1159.151299,0.0,0.0,0.1393298781310027,-0.018118845573782866,3.803320886774164,1500.0,1500.0,3.0,14.0,0.75,0,data_5062026_baseline3,data_5062026_baseline3_00000011,data_5062026/2026_05_06_baseline3/00000011.BIN,data_5062026_baseline3_00000011_manual_01_quality_00
174.9,1159.251299,0.0,0.0,0.16141346220562747,-0.01874609633463529,3.8040016766742144,1500.0,1500.0,3.0,14.0,0.75,0,data_5062026_baseline3,data_5062026_baseline3_00000011,data_5062026/2026_05_06_baseline3/00000011.BIN,data_5062026_baseline3_00000011_manual_01_quality_00
175.0,1159.351299,0.0,0.0,0.18347426837575576,-0.017607174181252065,4.045971642741633,1500.0,1500.0,3.0,13.0,0.75,0,data_5062026_baseline3,data_5062026_baseline3_00000011,data_5062026/2026_05_06_baseline3/00000011.BIN,data_5062026_baseline3_00000011_manual_01_quality_00
175.1,1159.451299,0.0,0.0,0.1755869254953574,-0.007123202528936186,4.152073597551986,1500.0,1500.0,3.0,13.0,0.75,0,data_5062026_baseline3,data_5062026_baseline3_00000011,data_5062026/2026_05_06_baseline3/00000011.BIN,data_5062026_baseline3_00000011_manual_01_quality_00
175.2,1159.551299,0.0,0.0,0.16768169062281188,0.003140730295117086,3.985867511741189,1500.0,1500.0,3.0,13.0,0.75,0,data_5062026_baseline3,data_5062026_baseline3_00000011,data_5062026/2026_05_06_baseline3/00000011.BIN,data_5062026_baseline3_00000011_manual_01_quality_00
175.3,1159.651299,0.0,0.0,0.13423435895358005,-0.0011893558112831288,3.74834136310063,1500.0,1500.0,3.0,13.0,0.75,0,data_5062026_baseline3,data_5062026_baseline3_00000011,data_5062026/2026_05_06_baseline3/00000011.BIN,data_5062026_baseline3_00000011_manual_01_quality_00
175.4,1159.751299,0.0,0.0,0.10078702728442425,-0.016853584755028753,3.7177891895275677,1500.0,1500.0,3.0,13.0,0.75,0,data_5062026_baseline3,data_5062026_baseline3_00000011,data_5062026/2026_05_06_baseline3/00000011.BIN,data_5062026_baseline3_00000011_manual_01_quality_00
175.5,1159.851299,0.0,0.0,0.12434663869763297,-0.0256607855730126,3.949017228996643,1500.0,1500.0,3.0,13.0,0.75,0,data_5062026_baseline3,data_5062026_baseline3_00000011,data_5062026/2026_05_06_baseline3/00000011.BIN,data_5062026_baseline3_00000011_manual_01_quality_00
175.6,1159.951299,0.0,0.0,0.1622337787576412,-0.015615326964385246,4.168824752230705,1500.0,1500.0,3.0,13.0,0.75,0,data_5062026_baseline3,data_5062026_baseline3_00000011,data_5062026/2026_05_06_baseline3/00000011.BIN,data_5062026_baseline3_00000011_manual_01_quality_00
175.7,1160.051299,0.0,0.0,0.16865419074232024,0.0006806400003395663,4.108957953381223,1500.0,1500.0,3.0,13.0,0.75,0,data_5062026_baseline3,data_5062026_baseline3_00000011,data_5062026/2026_05_06_baseline3/00000011.BIN,data_5062026_baseline3_00000011_manual_01_quality_00
175.8,1160.151299,0.0,0.0,0.16711470456605027,0.0075740463523413315,3.7765011256236103,1500.0,1500.0,3.0,13.0,0.95,0,data_5062026_baseline3,data_5062026_baseline3_00000011,data_5062026/2026_05_06_baseline3/00000011.BIN,data_5062026_baseline3_00000011_manual_01_quality_00
175.9,1160.251299,0.0,0.0,0.13436768770471919,0.008746496503930872,3.5590807676615923,1500.0,1500.0,3.0,13.0,0.95,0,data_5062026_baseline3,data_5062026_baseline3_00000011,data_5062026/2026_05_06_baseline3/00000011.BIN,data_5062026_baseline3_00000011_manual_01_quality_00
176.0,1160.351299,0.0,0.0,0.10162067084338809,0.002965345120217203,3.755401085976045,1500.0,1500.0,3.0,13.0,0.95,0,data_5062026_baseline3,data_5062026_baseline3_00000011,data_5062026/2026_05_06_baseline3/00000011.BIN,data_5062026_baseline3_00000011_manual_01_quality_00
176.1,1160.451299,0.0,0.0,0.11685455837491923,-0.008376508841165647,4.172008893975459,1500.0,1500.0,3.0,13.0,0.95,0,data_5062026_baseline3,data_5062026_baseline3_00000011,data_5062026/2026_05_06_baseline3/00000011.BIN,data_5062026_baseline3_00000011_manual_01_quality_00
176.2,1160.551299,0.0,0.0,0.14413845020889052,-0.017411506492667976,4.339330670648214,1500.0,1500.0,3.0,13.0,0.95,0,data_5062026_baseline3,data_5062026_baseline3_00000011,data_5062026/2026_05_06_baseline3/00000011.BIN,data_5062026_baseline3_00000011_manual_01_quality_00
176.3,1160.651299,0.0,0.0,0.16091729132157173,-0.011688281482133883,4.059619313757862,1500.0,1500.0,3.0,13.0,0.95,0,data_5062026_baseline3,data_5062026_baseline3_00000011,data_5062026/2026_05_06_baseline3/00000011.BIN,data_5062026_baseline3_00000011_manual_01_quality_00
176.4,1160.751299,0.0,0.0,0.17077659700333236,0.01352895636741656,3.6490030671693137,1500.0,1500.0,3.0,13.0,0.95,0,data_5062026_baseline3,data_5062026_baseline3_00000011,data_5062026/2026_05_06_baseline3/00000011.BIN,data_5062026_baseline3_00000011_manual_01_quality_00
176.5,1160.851299,0.0,0.0,0.14929081023920301,0.028972529109466443,3.537257851953173,1500.0,1500.0,3.0,13.0,0.95,0,data_5062026_baseline3,data_5062026_baseline3_00000011,data_5062026/2026_05_06_baseline3/00000011.BIN,data_5062026_baseline3_00000011_manual_01_quality_00
176.6,1160.951299,0.0,0.0,0.1278050234750248,0.01919981348011918,3.832123749644544,1500.0,1500.0,3.0,13.0,0.95,0,data_5062026_baseline3,data_5062026_baseline3_00000011,data_5062026/2026_05_06_baseline3/00000011.BIN,data_5062026_baseline3_00000011_manual_01_quality_00
176.7,1161.051299,0.0,0.0,0.13492138348707022,0.0008539805700399714,4.293843094967471,1500.0,1500.0,3.0,13.0,0.95,0,data_5062026_baseline3,data_5062026_baseline3_00000011,data_5062026/2026_05_06_baseline3/00000011.BIN,data_5062026_baseline3_00000011_manual_01_quality_00
176.8,1161.151299,0.0,0.0,0.1492150572059834,-0.016755496173336902,4.542454757141982,1500.0,1500.0,3.0,13.0,0.95,0,data_5062026_baseline3,data_5062026_baseline3_00000011,data_5062026/2026_05_06_baseline3/00000011.BIN,data_5062026_baseline3_00000011_manual_01_quality_00
176.9,1161.251299,0.0,0.0,0.14992418190718243,-0.01579557610758609,4.310770812314877,1500.0,1500.0,3.0,13.0,0.95,0,data_5062026_baseline3,data_5062026_baseline3_00000011,data_5062026/2026_05_06_baseline3/00000011.BIN,data_5062026_baseline3_00000011_manual_01_quality_00
177.0,1161.351299,0.0,0.0,0.15062538434791295,0.0063164443692629215,3.703735005826215,1500.0,1500.0,3.0,13.0,0.95,0,data_5062026_baseline3,data_5062026_baseline3_00000011,data_5062026/2026_05_06_baseline3/00000011.BIN,data_5062026_baseline3_00000011_manual_01_quality_00
177.1,1161.451299,0.0,0.0,0.1470054049650784,0.03436320305264312,3.264530505740959,1500.0,1500.0,3.0,13.0,0.95,0,data_5062026_baseline3,data_5062026_baseline3_00000011,data_5062026/2026_05_06_baseline3/00000011.BIN,data_5062026_baseline3_00000011_manual_01_quality_00
177.2,1161.551299,0.0,0.0,0.14340956759849685,0.05024760557882985,3.442344201190767,1500.0,1500.0,3.0,14.0,0.95,0,data_5062026_baseline3,data_5062026_baseline3_00000011,data_5062026/2026_05_06_baseline3/00000011.BIN,data_5062026_baseline3_00000011_manual_01_quality_00
177.3,1161.651299,0.0,0.0,0.15526523964855696,0.022864687712167354,4.061871090788387,1500.0,1500.0,3.0,14.0,0.95,0,data_5062026_baseline3,data_5062026_baseline3_00000011,data_5062026/2026_05_06_baseline3/00000011.BIN,data_5062026_baseline3_00000011_manual_01_quality_00
177.4,1161.751299,0.0,0.0,0.1671209116985901,-0.018039301184656957,4.486296557443983,1500.0,1500.0,3.0,14.0,0.95,0,data_5062026_baseline3,data_5062026_baseline3_00000011,data_5062026/2026_05_06_baseline3/00000011.BIN,data_5062026_baseline3_00000011_manual_01_quality_00
177.5,1161.851299,0.0,0.0,0.1839933787385088,-0.02230452123678304,4.291187956795434,1500.0,1500.0,3.0,13.0,0.95,0,data_5062026_baseline3,data_5062026_baseline3_00000011,data_5062026/2026_05_06_baseline3/00000011.BIN,data_5062026_baseline3_00000011_manual_01_quality_00
177.6,1161.951299,0.0,0.0,0.20212482980743882,0.012539992806922045,3.7302804872315116,1500.0,1500.0,3.0,13.0,0.95,0,data_5062026_baseline3,data_5062026_baseline3_00000011,data_5062026/2026_05_06_baseline3/00000011.BIN,data_5062026_baseline3_00000011_manual_01_quality_00
177.7,1162.051299,0.0,0.0,0.1779075002252198,0.04729593852383686,3.3820511531041757,1500.0,1500.0,3.0,13.0,0.95,0,data_5062026_baseline3,data_5062026_baseline3_00000011,data_5062026/2026_05_06_baseline3/00000011.BIN,data_5062026_baseline3_00000011_manual_01_quality_00
177.8,1162.151299,0.0,0.0,0.14306324369954904,0.048821540904144166,3.5650161236671156,1500.0,1500.0,3.0,13.0,0.95,0,data_5062026_baseline3,data_5062026_baseline3_00000011,data_5062026/2026_05_06_baseline3/00000011.BIN,data_5062026_baseline3_00000011_manual_01_quality_00
177.9,1162.251299,0.0,0.0,0.13681154497515557,0.02334173960246095,4.056985149469299,1500.0,1500.0,3.0,13.0,0.95,0,data_5062026_baseline3,data_5062026_baseline3_00000011,data_5062026/2026_05_06_baseline3/00000011.BIN,data_5062026_baseline3_00000011_manual_01_quality_00
178.0,1162.351299,0.0,0.0,0.13774420983392266,0.0013795537843825651,4.38462223647962,1500.0,1500.0,3.0,13.0,0.95,0,data_5062026_baseline3,data_5062026_baseline3_00000011,data_5062026/2026_05_06_baseline3/00000011.BIN,data_5062026_baseline3_00000011_manual_01_quality_00
178.1,1162.451299,0.0,0.0,0.13175802405405296,-0.00216946436336103,4.358718224303329,1500.0,1500.0,3.0,13.0,0.95,0,data_5062026_baseline3,data_5062026_baseline3_00000011,data_5062026/2026_05_06_baseline3/00000011.BIN,data_5062026_baseline3_00000011_manual_01_quality_00
178.2,1162.551299,0.0,0.0,0.12403736628708927,0.008678217196124466,4.117674672953171,1500.0,1500.0,3.0,13.0,0.95,0,data_5062026_baseline3,data_5062026_baseline3_00000011,data_5062026/2026_05_06_baseline3/00000011.BIN,data_5062026_baseline3_00000011_manual_01_quality_00
178.3,1162.651299,0.0,0.0,0.12807756059002048,0.02546469367241412,3.879453713365473,1500.0,1500.0,3.0,13.0,0.95,0,data_5062026_baseline3,data_5062026_baseline3_00000011,data_5062026/2026_05_06_baseline3/00000011.BIN,data_5062026_baseline3_00000011_manual_01_quality_00
178.4,1162.751299,0.0,0.0,0.13508318667149513,0.037639341150856355,3.760179010613438,1500.0,1500.0,3.0,13.0,0.95,0,data_5062026_baseline3,data_5062026_baseline3_00000011,data_5062026/2026_05_06_baseline3/00000011.BIN,data_5062026_baseline3_00000011_manual_01_quality_00
178.5,1162.851299,0.0,0.0,0.1279465407392667,0.03863708498055536,3.731784868748757,1500.0,1500.0,3.0,13.0,0.95,0,data_5062026_baseline3,data_5062026_baseline3_00000011,data_5062026/2026_05_06_baseline3/00000011.BIN,data_5062026_baseline3_00000011_manual_01_quality_00
178.6,1162.951299,0.0,0.0,0.11731494350462068,0.032774033715363464,3.7466917402216473,1500.0,1500.0,3.0,13.0,0.95,0,data_5062026_baseline3,data_5062026_baseline3_00000011,data_5062026/2026_05_06_baseline3/00000011.BIN,data_5062026_baseline3_00000011_manual_01_quality_00
178.7,1163.051299,0.0,0.0,0.14390547192870332,0.030576758395206433,3.8213329126174935,1500.0,1500.0,3.0,13.0,0.95,0,data_5062026_baseline3,data_5062026_baseline3_00000011,data_5062026/2026_05_06_baseline3/00000011.BIN,data_5062026_baseline3_00000011_manual_01_quality_00
178.8,1163.151299,0.0,0.0,0.1704960003528464,0.03091110124375898,3.960935843696359,1500.0,1500.0,3.0,13.0,0.95,0,data_5062026_baseline3,data_5062026_baseline3_00000011,data_5062026/2026_05_06_baseline3/00000011.BIN,data_5062026_baseline3_00000011_manual_01_quality_00
178.9,1163.251299,0.0,0.0,0.15822006069841033,0.027834308274323996,4.103566575006889,1500.0,1500.0,3.0,13.0,0.95,0,data_5062026_baseline3,data_5062026_baseline3_00000011,data_5062026/2026_05_06_baseline3/00000011.BIN,data_5062026_baseline3_00000011_manual_01_quality_00
179.0,1163.351299,0.0,0.0,0.1361338012077067,0.021032471995170592,4.134919788718985,1500.0,1500.0,3.0,13.0,0.95,0,data_5062026_baseline3,data_5062026_baseline3_00000011,data_5062026/2026_05_06_baseline3/00000011.BIN,data_5062026_baseline3_00000011_manual_01_quality_00
179.1,1163.451299,0.0,0.0,0.13645058106430866,0.02326785712985681,4.015490157104525,1500.0,1500.0,3.0,14.0,0.95,0,data_5062026_baseline3,data_5062026_baseline3_00000011,data_5062026/2026_05_06_baseline3/00000011.BIN,data_5062026_baseline3_00000011_manual_01_quality_00
179.2,1163.551299,0.0,0.0,0.14239369756336567,0.03140081448497478,3.8393873256186755,1500.0,1500.0,3.0,14.0,0.95,0,data_5062026_baseline3,data_5062026_baseline3_00000011,data_5062026/2026_05_06_baseline3/00000011.BIN,data_5062026_baseline3_00000011_manual_01_quality_00
179.3,1163.651299,0.0,0.0,0.15768999822462548,0.03336537263248607,3.7665180430439524,1500.0,1500.0,3.0,14.0,0.95,0,data_5062026_baseline3,data_5062026_baseline3_00000011,data_5062026/2026_05_06_baseline3/00000011.BIN,data_5062026_baseline3_00000011_manual_01_quality_00
179.4,1163.751299,0.0,0.0,0.17529085840765232,0.03326811734157686,3.841249204338472,1500.0,1500.0,3.0,14.0,0.95,0,data_5062026_baseline3,data_5062026_baseline3_00000011,data_5062026/2026_05_06_baseline3/00000011.BIN,data_5062026_baseline3_00000011_manual_01_quality_00
179.5,1163.851299,0.0,0.0,0.12966745205815922,0.03228478902868328,3.9932455712677806,1500.0,1500.0,3.0,14.0,0.95,0,data_5062026_baseline3,data_5062026_baseline3_00000011,data_5062026/2026_05_06_baseline3/00000011.BIN,data_5062026_baseline3_00000011_manual_01_quality_00
179.6,1163.951299,0.0,0.0,0.08411668587039685,0.023776722593383277,4.146233065694508,1500.0,1500.0,3.0,14.0,0.95,0,data_5062026_baseline3,data_5062026_baseline3_00000011,data_5062026/2026_05_06_baseline3/00000011.BIN,data_5062026_baseline3_00000011_manual_01_quality_00
179.7,1164.051299,0.0,0.0,0.1380003503133136,0.011006821020641712,4.174215421189067,1500.0,1500.0,3.0,14.0,0.95,0,data_5062026_baseline3,data_5062026_baseline3_00000011,data_5062026/2026_05_06_baseline3/00000011.BIN,data_5062026_baseline3_00000011_manual_01_quality_00
179.8,1164.151299,0.0,0.0,0.19186410451034744,0.012712821280787608,4.013885126664327,1500.0,1500.0,3.0,14.0,0.75,0,data_5062026_baseline3,data_5062026_baseline3_00000011,data_5062026/2026_05_06_baseline3/00000011.BIN,data_5062026_baseline3_00000011_manual_01_quality_00
179.9,1164.251299,0.0,0.0,0.21730456039467155,0.02442665487104207,3.7972601136831576,1500.0,1500.0,3.0,14.0,0.75,0,data_5062026_baseline3,data_5062026_baseline3_00000011,data_5062026/2026_05_06_baseline3/00000011.BIN,data_5062026_baseline3_00000011_manual_01_quality_00
180.0,1164.351299,0.0,0.0,0.24256970201659667,0.03522485208399983,3.7362630923423743,1500.0,1500.0,3.0,14.0,0.75,0,data_5062026_baseline3,data_5062026_baseline3_00000011,data_5062026/2026_05_06_baseline3/00000011.BIN,data_5062026_baseline3_00000011_manual_01_quality_00
180.1,1164.451299,0.0,0.0,0.15490418212285656,0.0425538259906433,3.8614656377148493,1500.0,1500.0,3.0,14.0,0.75,0,data_5062026_baseline3,data_5062026_baseline3_00000011,data_5062026/2026_05_06_baseline3/00000011.BIN,data_5062026_baseline3_00000011_manual_01_quality_00
180.2,1164.551299,0.0,0.0,0.06748636224445195,0.042310319169759754,4.023187989231331,1500.0,1500.0,3.0,14.0,0.75,0,data_5062026_baseline3,data_5062026_baseline3_00000011,data_5062026/2026_05_06_baseline3/00000011.BIN,data_5062026_baseline3_00000011_manual_01_quality_00
180.3,1164.651299,0.0,0.0,0.10184055420701643,0.026901210571916807,4.09889558553472,1500.0,1500.0,3.0,14.0,0.75,0,data_5062026_baseline3,data_5062026_baseline3_00000011,data_5062026/2026_05_06_baseline3/00000011.BIN,data_5062026_baseline3_00000011_manual_01_quality_00
180.4,1164.751299,0.0,0.0,0.13619474616950278,0.0041501007831700396,4.044526786453924,1500.0,1500.0,3.0,14.0,0.75,0,data_5062026_baseline3,data_5062026_baseline3_00000011,data_5062026/2026_05_06_baseline3/00000011.BIN,data_5062026_baseline3_00000011_manual_01_quality_00
180.5,1164.851299,0.0,0.0,0.17887844413976373,-0.005708463707571,3.9091057535054374,1500.0,1500.0,3.0,14.0,0.75,0,data_5062026_baseline3,data_5062026_baseline3_00000011,data_5062026/2026_05_06_baseline3/00000011.BIN,data_5062026_baseline3_00000011_manual_01_quality_00
180.6,1164.951299,0.0,0.0,0.22365676696583342,0.018190506561550232,3.751685769932514,1500.0,1500.0,3.0,14.0,0.75,0,data_5062026_baseline3,data_5062026_baseline3_00000011,data_5062026/2026_05_06_baseline3/00000011.BIN,data_5062026_baseline3_00000011_manual_01_quality_00
180.7,1165.051299,0.0,0.0,0.16095368364695922,0.06535058910503695,3.6398395521218214,1500.0,1500.0,3.0,14.0,0.75,0,data_5062026_baseline3,data_5062026_baseline3_00000011,data_5062026/2026_05_06_baseline3/00000011.BIN,data_5062026_baseline3_00000011_manual_01_quality_00
180.8,1165.151299,0.0,0.0,0.07124744528764437,0.08733920076871682,3.7147001701134994,1500.0,1500.0,3.0,14.0,0.75,0,data_5062026_baseline3,data_5062026_baseline3_00000011,data_5062026/2026_05_06_baseline3/00000011.BIN,data_5062026_baseline3_00000011_manual_01_quality_00
180.9,1165.251299,0.0,0.0,0.08582384332235193,0.04764169530529829,4.054582939248254,1500.0,1500.0,3.0,14.0,0.75,0,data_5062026_baseline3,data_5062026_baseline3_00000011,data_5062026/2026_05_06_baseline3/00000011.BIN,data_5062026_baseline3_00000011_manual_01_quality_00
181.0,1165.351299,0.0,0.0,0.1266046411486004,-0.01310304144928976,4.373859093252551,1500.0,1500.0,3.0,14.0,0.75,0,data_5062026_baseline3,data_5062026_baseline3_00000011,data_5062026/2026_05_06_baseline3/00000011.BIN,data_5062026_baseline3_00000011_manual_01_quality_00
181.1,1165.451299,0.0,0.0,0.172695303148319,-0.032136658191907176,4.39772094525216,1500.0,1500.0,3.0,14.0,0.75,0,data_5062026_baseline3,data_5062026_baseline3_00000011,data_5062026/2026_05_06_baseline3/00000011.BIN,data_5062026_baseline3_00000011_manual_01_quality_00
181.2,1165.551299,0.0,0.0,0.21878596514793278,-0.00041895742289300346,4.036903031320294,1500.0,1500.0,3.0,14.0,0.75,0,data_5062026_baseline3,data_5062026_baseline3_00000011,data_5062026/2026_05_06_baseline3/00000011.BIN,data_5062026_baseline3_00000011_manual_01_quality_00
181.3,1165.651299,0.0,0.0,0.16625809708235825,0.04780512150703742,3.5896595271046685,1500.0,1500.0,3.0,13.0,0.75,0,data_5062026_baseline3,data_5062026_baseline3_00000011,data_5062026/2026_05_06_baseline3/00000011.BIN,data_5062026_baseline3_00000011_manual_01_quality_00
181.4,1165.751299,0.0,0.0,0.08906083982129656,0.0706633354016056,3.5075313888844497,1500.0,1500.0,3.0,13.0,0.75,0,data_5062026_baseline3,data_5062026_baseline3_00000011,data_5062026/2026_05_06_baseline3/00000011.BIN,data_5062026_baseline3_00000011_manual_01_quality_00
181.5,1165.851299,0.0,0.0,0.10435297443774978,0.041820606504161986,3.8885932206603697,1500.0,1500.0,3.0,13.0,0.75,0,data_5062026_baseline3,data_5062026_baseline3_00000011,data_5062026/2026_05_06_baseline3/00000011.BIN,data_5062026_baseline3_00000011_manual_01_quality_00
181.6,1165.951299,0.0,0.0,0.11968031625562577,-0.005486694926660833,4.25033423705769,1500.0,1500.0,3.0,13.0,0.75,0,data_5062026_baseline3,data_5062026_baseline3_00000011,data_5062026/2026_05_06_baseline3/00000011.BIN,data_5062026_baseline3_00000011_manual_01_quality_00
181.7,1166.051299,0.0,0.0,0.15350255686817427,-0.020181271173033772,4.299851653476196,1500.0,1500.0,3.0,13.0,0.75,0,data_5062026_baseline3,data_5062026_baseline3_00000011,data_5062026/2026_05_06_baseline3/00000011.BIN,data_5062026_baseline3_00000011_manual_01_quality_00
181.8,1166.151299,0.0,0.0,0.18722019872208806,-0.002587523567234508,4.003013867359695,1500.0,1500.0,3.0,13.0,0.95,0,data_5062026_baseline3,data_5062026_baseline3_00000011,data_5062026/2026_05_06_baseline3/00000011.BIN,data_5062026_baseline3_00000011_manual_01_quality_00
181.9,1166.251299,0.0,0.0,0.16712555345431596,0.024811000810046696,3.618112954469095,1500.0,1500.0,3.0,13.0,0.95,0,data_5062026_baseline3,data_5062026_baseline3_00000011,data_5062026/2026_05_06_baseline3/00000011.BIN,data_5062026_baseline3_00000011_manual_01_quality_00
182.0,1166.351299,0.0,0.0,0.14704814606123506,0.03645159644311419,3.4715755201763367,1500.0,1500.0,3.0,14.0,0.95,0,data_5062026_baseline3,data_5062026_baseline3_00000011,data_5062026/2026_05_06_baseline3/00000011.BIN,data_5062026_baseline3_00000011_manual_01_quality_00
182.1,1166.451299,0.0,0.0,0.14168672704813481,0.02430086803744771,3.6201637946571505,1500.0,1500.0,3.0,14.0,0.95,0,data_5062026_baseline3,data_5062026_baseline3_00000011,data_5062026/2026_05_06_baseline3/00000011.BIN,data_5062026_baseline3_00000011_manual_01_quality_00
182.2,1166.551299,0.0,0.0,0.13632530803504675,0.009673492962019794,3.9212811026458096,1500.0,1500.0,3.0,14.0,0.95,0,data_5062026_baseline3,data_5062026_baseline3_00000011,data_5062026/2026_05_06_baseline3/00000011.BIN,data_5062026_baseline3_00000011_manual_01_quality_00
182.3,1166.651299,0.0,0.0,0.1462986682991766,-0.002069877477081319,4.206010172825222,1500.0,1500.0,3.0,13.0,0.95,0,data_5062026_baseline3,data_5062026_baseline3_00000011,data_5062026/2026_05_06_baseline3/00000011.BIN,data_5062026_baseline3_00000011_manual_01_quality_00
182.4,1166.751299,0.0,0.0,0.1600968017636773,-0.016995844768468108,4.320669504697258,1500.0,1500.0,3.0,14.0,0.95,0,data_5062026_baseline3,data_5062026_baseline3_00000011,data_5062026/2026_05_06_baseline3/00000011.BIN,data_5062026_baseline3_00000011_manual_01_quality_00
182.5,1166.851299,0.0,0.0,0.1465893666395306,-0.01853918270319463,4.185564114189678,1500.0,1500.0,3.0,14.0,0.95,0,data_5062026_baseline3,data_5062026_baseline3_00000011,data_5062026/2026_05_06_baseline3/00000011.BIN,data_5062026_baseline3_00000011_manual_01_quality_00
182.6,1166.951299,0.0,0.0,0.13308727694245878,0.006271935059607599,3.856854624452802,1500.0,1500.0,3.0,14.0,0.95,0,data_5062026_baseline3,data_5062026_baseline3_00000011,data_5062026/2026_05_06_baseline3/00000011.BIN,data_5062026_baseline3_00000011_manual_01_quality_00
182.7,1167.051299,0.0,0.0,0.12558593968193055,0.025260785168631426,3.604013788113252,1500.0,1500.0,3.0,14.0,0.95,0,data_5062026_baseline3,data_5062026_baseline3_00000011,data_5062026/2026_05_06_baseline3/00000011.BIN,data_5062026_baseline3_00000011_manual_01_quality_00
182.8,1167.151299,0.0,0.0,0.11809842935852075,0.015324857448539763,3.722837512981563,1500.0,1500.0,3.0,14.0,0.75,0,data_5062026_baseline3,data_5062026_baseline3_00000011,data_5062026/2026_05_06_baseline3/00000011.BIN,data_5062026_baseline3_00000011_manual_01_quality_00
182.9,1167.251299,0.0,0.0,0.13443663885007576,-0.016840037727221653,4.101440953062661,1500.0,1500.0,3.0,14.0,0.75,0,data_5062026_baseline3,data_5062026_baseline3_00000011,data_5062026/2026_05_06_baseline3/00000011.BIN,data_5062026_baseline3_00000011_manual_01_quality_00
183.0,1167.351299,0.0,0.0,0.1507491531206981,-0.03766420078073387,4.332965764520695,1500.0,1500.0,3.0,14.0,0.75,0,data_5062026_baseline3,data_5062026_baseline3_00000011,data_5062026/2026_05_06_baseline3/00000011.BIN,data_5062026_baseline3_00000011_manual_01_quality_00
183.1,1167.451299,0.0,0.0,0.12564345777751842,-0.026376196028867444,4.099444543838102,1500.0,1500.0,3.0,14.0,0.75,0,data_5062026_baseline3,data_5062026_baseline3_00000011,data_5062026/2026_05_06_baseline3/00000011.BIN,data_5062026_baseline3_00000011_manual_01_quality_00
183.2,1167.551299,0.0,0.0,0.10060095959825427,-0.003319444224822681,3.626651900286337,1500.0,1500.0,3.0,14.0,0.75,0,data_5062026_baseline3,data_5062026_baseline3_00000011,data_5062026/2026_05_06_baseline3/00000011.BIN,data_5062026_baseline3_00000011_manual_01_quality_00
183.3,1167.651299,0.0,0.0,0.12729621827169632,0.011202979006868197,3.4180284816896784,1500.0,1500.0,3.0,14.0,0.75,0,data_5062026_baseline3,data_5062026_baseline3_00000011,data_5062026/2026_05_06_baseline3/00000011.BIN,data_5062026_baseline3_00000011_manual_01_quality_00
183.4,1167.751299,0.0,0.0,0.15396918816217744,0.012413987985811122,3.6843328950302405,1500.0,1500.0,3.0,14.0,0.75,0,data_5062026_baseline3,data_5062026_baseline3_00000011,data_5062026/2026_05_06_baseline3/00000011.BIN,data_5062026_baseline3_00000011_manual_01_quality_00
183.5,1167.851299,0.0,0.0,0.1687453116009357,-0.0034229304540891272,4.194328261765609,1500.0,1500.0,3.0,14.0,0.75,0,data_5062026_baseline3,data_5062026_baseline3_00000011,data_5062026/2026_05_06_baseline3/00000011.BIN,data_5062026_baseline3_00000011_manual_01_quality_00
183.6,1167.951299,0.0,0.0,0.18352143503972754,-0.033888916075534924,4.498158899755673,1500.0,1500.0,3.0,14.0,0.75,0,data_5062026_baseline3,data_5062026_baseline3_00000011,data_5062026/2026_05_06_baseline3/00000011.BIN,data_5062026_baseline3_00000011_manual_01_quality_00
183.7,1168.051299,0.0,0.0,0.1432013224818338,-0.04216366628073947,4.320909840308234,1500.0,1500.0,3.0,14.0,0.75,0,data_5062026_baseline3,data_5062026_baseline3_00000011,data_5062026/2026_05_06_baseline3/00000011.BIN,data_5062026_baseline3_00000011_manual_01_quality_00
183.8,1168.151299,0.0,0.0,0.08916132129811813,-0.007666004648713941,3.823909263558347,1500.0,1500.0,3.0,14.0,0.75,0,data_5062026_baseline3,data_5062026_baseline3_00000011,data_5062026/2026_05_06_baseline3/00000011.BIN,data_5062026_baseline3_00000011_manual_01_quality_00
183.9,1168.251299,0.0,0.0,0.13185064579373684,0.02536955362283263,3.467346498764822,1500.0,1500.0,3.0,14.0,0.75,0,data_5062026_baseline3,data_5062026_baseline3_00000011,data_5062026/2026_05_06_baseline3/00000011.BIN,data_5062026_baseline3_00000011_manual_01_quality_00
184.0,1168.351299,0.0,0.0,0.17449762764884946,0.015301851551980935,3.622834905873509,1500.0,1500.0,3.0,14.0,0.75,0,data_5062026_baseline3,data_5062026_baseline3_00000011,data_5062026/2026_05_06_baseline3/00000011.BIN,data_5062026_baseline3_00000011_manual_01_quality_00
184.1,1168.451299,0.0,0.0,0.1756745594791903,-0.015503842383955128,4.060798095495738,1500.0,1500.0,3.0,14.0,0.75,0,data_5062026_baseline3,data_5062026_baseline3_00000011,data_5062026/2026_05_06_baseline3/00000011.BIN,data_5062026_baseline3_00000011_manual_01_quality_00
184.2,1168.551299,0.0,0.0,0.17685149130952849,-0.026929545480900503,4.268470083649826,1500.0,1500.0,3.0,14.0,0.75,0,data_5062026_baseline3,data_5062026_baseline3_00000011,data_5062026/2026_05_06_baseline3/00000011.BIN,data_5062026_baseline3_00000011_manual_01_quality_00
184.3,1168.651299,0.0,0.0,0.16025396818914178,-0.009025015304534175,4.042797776426187,1500.0,1500.0,3.0,14.0,0.75,0,data_5062026_baseline3,data_5062026_baseline3_00000011,data_5062026/2026_05_06_baseline3/00000011.BIN,data_5062026_baseline3_00000011_manual_01_quality_00
184.4,1168.751299,0.0,0.0,0.13918956390275913,0.01564763591727025,3.7623135368417397,1500.0,1500.0,3.0,14.0,0.75,0,data_5062026_baseline3,data_5062026_baseline3_00000011,data_5062026/2026_05_06_baseline3/00000011.BIN,data_5062026_baseline3_00000011_manual_01_quality_00
184.5,1168.851299,0.0,0.0,0.11019048313845176,0.029671301289608477,3.728910484265601,1500.0,1500.0,3.0,14.0,0.75,0,data_5062026_baseline3,data_5062026_baseline3_00000011,data_5062026/2026_05_06_baseline3/00000011.BIN,data_5062026_baseline3_00000011_manual_01_quality_00
184.6,1168.951299,0.0,0.0,0.0812485146829838,0.031473335007651745,3.940585781326802,1500.0,1500.0,3.0,14.0,0.75,0,data_5062026_baseline3,data_5062026_baseline3_00000011,data_5062026/2026_05_06_baseline3/00000011.BIN,data_5062026_baseline3_00000011_manual_01_quality_00
184.7,1169.051299,0.0,0.0,0.12024027784120787,0.013199848251884859,4.178463064638089,1500.0,1500.0,3.0,14.0,0.75,0,data_5062026_baseline3,data_5062026_baseline3_00000011,data_5062026/2026_05_06_baseline3/00000011.BIN,data_5062026_baseline3_00000011_manual_01_quality_00
184.8,1169.151299,0.0,0.0,0.1592320409995206,-0.009963883284771142,4.214010828960924,1500.0,1500.0,3.0,14.0,0.75,0,data_5062026_baseline3,data_5062026_baseline3_00000011,data_5062026/2026_05_06_baseline3/00000011.BIN,data_5062026_baseline3_00000011_manual_01_quality_00
184.9,1169.251299,0.0,0.0,0.18026440043950398,-0.009931236357254665,4.012525161142652,1500.0,1500.0,3.0,14.0,0.75,0,data_5062026_baseline3,data_5062026_baseline3_00000011,data_5062026/2026_05_06_baseline3/00000011.BIN,data_5062026_baseline3_00000011_manual_01_quality_00
185.0,1169.351299,0.0,0.0,0.1966118077904829,0.01393788967624119,3.719849064957565,1500.0,1500.0,3.0,14.0,0.75,0,data_5062026_baseline3,data_5062026_baseline3_00000011,data_5062026/2026_05_06_baseline3/00000011.BIN,data_5062026_baseline3_00000011_manual_01_quality_00
185.1,1169.451299,0.0,0.0,0.12729842754662024,0.046044431599403884,3.548312820634355,1500.0,1500.0,3.0,14.0,0.75,0,data_5062026_baseline3,data_5062026_baseline3_00000011,data_5062026/2026_05_06_baseline3/00000011.BIN,data_5062026_baseline3_00000011_manual_01_quality_00
185.2,1169.551299,0.0,0.0,0.057985047302915205,0.053702489735858734,3.6746973503398235,1500.0,1500.0,3.0,14.0,0.75,0,data_5062026_baseline3,data_5062026_baseline3_00000011,data_5062026/2026_05_06_baseline3/00000011.BIN,data_5062026_baseline3_00000011_manual_01_quality_00
185.3,1169.651299,0.0,0.0,0.11678145215336995,0.022925657289680882,4.018269217808473,1500.0,1500.0,3.0,14.0,0.75,0,data_5062026_baseline3,data_5062026_baseline3_00000011,data_5062026/2026_05_06_baseline3/00000011.BIN,data_5062026_baseline3_00000011_manual_01_quality_00
185.4,1169.751299,0.0,0.0,0.20769841313398588,-0.016621421084086176,4.236871080040293,1500.0,1500.0,3.0,14.0,0.75,0,data_5062026_baseline3,data_5062026_baseline3_00000011,data_5062026/2026_05_06_baseline3/00000011.BIN,data_5062026_baseline3_00000011_manual_01_quality_00
185.5,1169.851299,0.0,0.0,0.21633121602882846,-0.018006285232242705,4.057011706288609,1500.0,1500.0,3.0,14.0,0.75,0,data_5062026_baseline3,data_5062026_baseline3_00000011,data_5062026/2026_05_06_baseline3/00000011.BIN,data_5062026_baseline3_00000011_manual_01_quality_00
185.6,1169.951299,0.0,0.0,0.224865368132519,0.03221129036075946,3.633255898457181,1500.0,1500.0,3.0,14.0,0.75,0,data_5062026_baseline3,data_5062026_baseline3_00000011,data_5062026/2026_05_06_baseline3/00000011.BIN,data_5062026_baseline3_00000011_manual_01_quality_00
185.7,1170.051299,0.0,0.0,0.13283409838269833,0.07170282887873053,3.4645642960053746,1500.0,1500.0,3.0,14.0,0.75,0,data_5062026_baseline3,data_5062026_baseline3_00000011,data_5062026/2026_05_06_baseline3/00000011.BIN,data_5062026_baseline3_00000011_manual_01_quality_00
185.8,1170.151299,0.0,0.0,0.0408028286326684,0.07329438922808212,3.8460082503042328,1500.0,1500.0,3.0,14.0,0.75,0,data_5062026_baseline3,data_5062026_baseline3_00000011,data_5062026/2026_05_06_baseline3/00000011.BIN,data_5062026_baseline3_00000011_manual_01_quality_00
185.9,1170.251299,0.0,0.0,0.0792583277499983,0.034447179722499194,4.353260691867688,1500.0,1500.0,3.0,14.0,0.75,0,data_5062026_baseline3,data_5062026_baseline3_00000011,data_5062026/2026_05_06_baseline3/00000011.BIN,data_5062026_baseline3_00000011_manual_01_quality_00
186.0,1170.351299,0.0,0.0,0.15038451016366858,-0.010399901696682978,4.540330985401823,1500.0,1500.0,3.0,14.0,0.75,0,data_5062026_baseline3,data_5062026_baseline3_00000011,data_5062026/2026_05_06_baseline3/00000011.BIN,data_5062026_baseline3_00000011_manual_01_quality_00
186.1,1170.451299,0.0,0.0,0.18235782245451995,-0.013744183217494765,4.256926672252055,1500.0,1500.0,3.0,14.0,0.75,0,data_5062026_baseline3,data_5062026_baseline3_00000011,data_5062026/2026_05_06_baseline3/00000011.BIN,data_5062026_baseline3_00000011_manual_01_quality_00
186.2,1170.551299,0.0,0.0,0.2143311347452986,0.024377338121341952,3.722073584696153,1500.0,1500.0,3.0,14.0,0.75,0,data_5062026_baseline3,data_5062026_baseline3_00000011,data_5062026/2026_05_06_baseline3/00000011.BIN,data_5062026_baseline3_00000011_manual_01_quality_00
186.3,1170.651299,0.0,0.0,0.17051627170966316,0.07572286282353068,3.3566204325580475,1500.0,1500.0,3.0,14.0,0.75,0,data_5062026_baseline3,data_5062026_baseline3_00000011,data_5062026/2026_05_06_baseline3/00000011.BIN,data_5062026_baseline3_00000011_manual_01_quality_00
186.4,1170.751299,0.0,0.0,0.10777579705320266,0.10504137200647032,3.3902512253023254,1500.0,1500.0,3.0,14.0,0.75,0,data_5062026_baseline3,data_5062026_baseline3_00000011,data_5062026/2026_05_06_baseline3/00000011.BIN,data_5062026_baseline3_00000011_manual_01_quality_00
186.5,1170.851299,0.0,0.0,0.10291688243792363,0.07953317195705571,3.7661744004081688,1500.0,1500.0,3.0,14.0,0.75,0,data_5062026_baseline3,data_5062026_baseline3_00000011,data_5062026/2026_05_06_baseline3/00000011.BIN,data_5062026_baseline3_00000011_manual_01_quality_00
186.6,1170.951299,0.0,0.0,0.09805796782263357,0.02289279212947036,4.298901265169049,1500.0,1500.0,3.0,14.0,0.75,0,data_5062026_baseline3,data_5062026_baseline3_00000011,data_5062026/2026_05_06_baseline3/00000011.BIN,data_5062026_baseline3_00000011_manual_01_quality_00
186.7,1171.051299,0.0,0.0,0.14099243884310397,-0.015937727338378622,4.601997856269324,1500.0,1500.0,3.0,14.0,0.75,0,data_5062026_baseline3,data_5062026_baseline3_00000011,data_5062026/2026_05_06_baseline3/00000011.BIN,data_5062026_baseline3_00000011_manual_01_quality_00
186.8,1171.151299,0.0,0.0,0.1958576416237465,-0.017405414029114295,4.436157658049154,1500.0,1500.0,3.0,14.0,0.75,0,data_5062026_baseline3,data_5062026_baseline3_00000011,data_5062026/2026_05_06_baseline3/00000011.BIN,data_5062026_baseline3_00000011_manual_01_quality_00
186.9,1171.251299,0.0,0.0,0.17249440733590093,0.023217388687158842,3.8981339330518856,1500.0,1500.0,3.0,14.0,0.75,0,data_5062026_baseline3,data_5062026_baseline3_00000011,data_5062026/2026_05_06_baseline3/00000011.BIN,data_5062026_baseline3_00000011_manual_01_quality_00
187.0,1171.351299,0.0,0.0,0.14914607995749746,0.08004510290654579,3.3523604523874684,1500.0,1500.0,3.0,14.0,0.75,0,data_5062026_baseline3,data_5062026_baseline3_00000011,data_5062026/2026_05_06_baseline3/00000011.BIN,data_5062026_baseline3_00000011_manual_01_quality_00
187.1,1171.451299,0.0,0.0,0.13628066923008392,0.11154749824689808,3.29281456645176,1500.0,1500.0,3.0,14.0,0.75,0,data_5062026_baseline3,data_5062026_baseline3_00000011,data_5062026/2026_05_06_baseline3/00000011.BIN,data_5062026_baseline3_00000011_manual_01_quality_00
187.2,1171.551299,0.0,0.0,0.12341525850269962,0.09418694389070247,3.789578676389581,1500.0,1500.0,3.0,14.0,0.75,0,data_5062026_baseline3,data_5062026_baseline3_00000011,data_5062026/2026_05_06_baseline3/00000011.BIN,data_5062026_baseline3_00000011_manual_01_quality_00
187.3,1171.651299,0.0,0.0,0.15071553242023064,0.03978986131347288,4.345655921392281,1500.0,1500.0,3.0,14.0,0.75,0,data_5062026_baseline3,data_5062026_baseline3_00000011,data_5062026/2026_05_06_baseline3/00000011.BIN,data_5062026_baseline3_00000011_manual_01_quality_00
187.4,1171.751299,0.0,0.0,0.18811440311907654,-0.0173338488506408,4.551362724079996,1500.0,1500.0,3.0,14.0,0.75,0,data_5062026_baseline3,data_5062026_baseline3_00000011,data_5062026/2026_05_06_baseline3/00000011.BIN,data_5062026_baseline3_00000011_manual_01_quality_00
187.5,1171.851299,0.0,0.0,0.17648069160324273,-0.01658697574652417,4.321322019573155,1500.0,1500.0,3.0,14.0,0.75,0,data_5062026_baseline3,data_5062026_baseline3_00000011,data_5062026/2026_05_06_baseline3/00000011.BIN,data_5062026_baseline3_00000011_manual_01_quality_00
187.6,1171.951299,0.0,0.0,0.15256762193938037,0.039535512808983014,3.7983854171843308,1500.0,1500.0,3.0,14.0,0.75,0,data_5062026_baseline3,data_5062026_baseline3_00000011,data_5062026/2026_05_06_baseline3/00000011.BIN,data_5062026_baseline3_00000011_manual_01_quality_00
187.7,1172.051299,0.0,0.0,0.1205973140278321,0.09193122227798764,3.3983895220842375,1500.0,1500.0,3.0,14.0,0.75,0,data_5062026_baseline3,data_5062026_baseline3_00000011,data_5062026/2026_05_06_baseline3/00000011.BIN,data_5062026_baseline3_00000011_manual_01_quality_00
187.8,1172.151299,0.0,0.0,0.08862700611621113,0.10111834097199673,3.3865369253450375,1500.0,1500.0,3.0,14.0,0.75,0,data_5062026_baseline3,data_5062026_baseline3_00000011,data_5062026/2026_05_06_baseline3/00000011.BIN,data_5062026_baseline3_00000011_manual_01_quality_00
187.9,1172.251299,0.0,0.0,0.1281853185252988,0.0614478549480142,3.762049610597694,1500.0,1500.0,3.0,14.0,0.75,0,data_5062026_baseline3,data_5062026_baseline3_00000011,data_5062026/2026_05_06_baseline3/00000011.BIN,data_5062026_baseline3_00000011_manual_01_quality_00
188.0,1172.351299,0.0,0.0,0.18573768936295398,0.0020183224616118108,4.267348934358406,1500.0,1500.0,3.0,14.0,0.75,0,data_5062026_baseline3,data_5062026_baseline3_00000011,data_5062026/2026_05_06_baseline3/00000011.BIN,data_5062026_baseline3_00000011_manual_01_quality_00
188.1,1172.451299,0.0,0.0,0.2064221274960162,-0.020907040109860452,4.486105790677459,1500.0,1500.0,3.0,14.0,0.75,0,data_5062026_baseline3,data_5062026_baseline3_00000011,data_5062026/2026_05_06_baseline3/00000011.BIN,data_5062026_baseline3_00000011_manual_01_quality_00
188.2,1172.551299,0.0,0.0,0.21784345140595535,0.016499995312875396,4.181154940453813,1500.0,1500.0,3.0,14.0,0.75,0,data_5062026_baseline3,data_5062026_baseline3_00000011,data_5062026/2026_05_06_baseline3/00000011.BIN,data_5062026_baseline3_00000011_manual_01_quality_00
188.3,1172.651299,0.0,0.0,0.167361318786659,0.07448001307478999,3.6202866292300526,1500.0,1500.0,3.0,14.0,0.75,0,data_5062026_baseline3,data_5062026_baseline3_00000011,data_5062026/2026_05_06_baseline3/00000011.BIN,data_5062026_baseline3_00000011_manual_01_quality_00
188.4,1172.751299,0.0,0.0,0.1012531085629062,0.10134663893710506,3.371396306337137,1500.0,1500.0,3.0,14.0,0.75,0,data_5062026_baseline3,data_5062026_baseline3_00000011,data_5062026/2026_05_06_baseline3/00000011.BIN,data_5062026_baseline3_00000011_manual_01_quality_00
188.5,1172.851299,0.0,0.0,0.13041402700078306,0.0796715635653245,3.6929602492176827,1500.0,1500.0,3.0,14.0,0.75,0,data_5062026_baseline3,data_5062026_baseline3_00000011,data_5062026/2026_05_06_baseline3/00000011.BIN,data_5062026_baseline3_00000011_manual_01_quality_00
188.6,1172.951299,0.0,0.0,0.18342315645988522,0.031393887132377646,4.253581670710963,1500.0,1500.0,3.0,14.0,0.75,0,data_5062026_baseline3,data_5062026_baseline3_00000011,data_5062026/2026_05_06_baseline3/00000011.BIN,data_5062026_baseline3_00000011_manual_01_quality_00
188.7,1173.051299,0.0,0.0,0.21131676866261243,0.0013872402566962986,4.468324827052611,1500.0,1500.0,3.0,14.0,0.75,0,data_5062026_baseline3,data_5062026_baseline3_00000011,data_5062026/2026_05_06_baseline3/00000011.BIN,data_5062026_baseline3_00000011_manual_01_quality_00
188.8,1173.151299,0.0,0.0,0.23921038086540306,0.01690076765346967,4.0795932640811285,1500.0,1500.0,3.0,14.0,0.75,0,data_5062026_baseline3,data_5062026_baseline3_00000011,data_5062026/2026_05_06_baseline3/00000011.BIN,data_5062026_baseline3_00000011_manual_01_quality_00
188.9,1173.251299,0.0,0.0,0.19025158939668604,0.05958238127209756,3.463001638944417,1500.0,1500.0,3.0,14.0,0.75,0,data_5062026_baseline3,data_5062026_baseline3_00000011,data_5062026/2026_05_06_baseline3/00000011.BIN,data_5062026_baseline3_00000011_manual_01_quality_00
189.0,1173.351299,0.0,0.0,0.12191851731406332,0.0938144678492216,3.2621172853632707,1500.0,1500.0,3.0,14.0,0.75,0,data_5062026_baseline3,data_5062026_baseline3_00000011,data_5062026/2026_05_06_baseline3/00000011.BIN,data_5062026_baseline3_00000011_manual_01_quality_00
189.1,1173.451299,0.0,0.0,0.11747956366681273,0.09008656798034119,3.6736937728576944,1500.0,1500.0,3.0,14.0,0.75,0,data_5062026_baseline3,data_5062026_baseline3_00000011,data_5062026/2026_05_06_baseline3/00000011.BIN,data_5062026_baseline3_00000011_manual_01_quality_00
189.2,1173.551299,0.0,0.0,0.12905109550770716,0.05179874100571059,4.311757113578496,1500.0,1500.0,3.0,14.0,0.75,0,data_5062026_baseline3,data_5062026_baseline3_00000011,data_5062026/2026_05_06_baseline3/00000011.BIN,data_5062026_baseline3_00000011_manual_01_quality_00
189.3,1173.651299,0.0,0.0,0.1560318690544666,0.004925681616619605,4.610592451577041,1500.0,1500.0,3.0,14.0,0.75,0,data_5062026_baseline3,data_5062026_baseline3_00000011,data_5062026/2026_05_06_baseline3/00000011.BIN,data_5062026_baseline3_00000011_manual_01_quality_00
189.4,1173.751299,0.0,0.0,0.18683349157914528,-0.007690188415555821,4.307539433267813,1500.0,1500.0,3.0,14.0,0.75,0,data_5062026_baseline3,data_5062026_baseline3_00000011,data_5062026/2026_05_06_baseline3/00000011.BIN,data_5062026_baseline3_00000011_manual_01_quality_00
189.5,1173.851299,0.0,0.0,0.1759709033787464,0.02718362420039396,3.7177383505684523,1500.0,1500.0,3.0,14.0,0.75,0,data_5062026_baseline3,data_5062026_baseline3_00000011,data_5062026/2026_05_06_baseline3/00000011.BIN,data_5062026_baseline3_00000011_manual_01_quality_00
189.6,1173.951299,0.0,0.0,0.1650957425216574,0.07395226012289983,3.406412851940574,1500.0,1500.0,3.0,14.0,0.75,0,data_5062026_baseline3,data_5062026_baseline3_00000011,data_5062026/2026_05_06_baseline3/00000011.BIN,data_5062026_baseline3_00000011_manual_01_quality_00
189.7,1174.051299,0.0,0.0,0.14800906686843526,0.0872332013246739,3.590928411066475,1500.0,1500.0,3.0,14.0,0.75,0,data_5062026_baseline3,data_5062026_baseline3_00000011,data_5062026/2026_05_06_baseline3/00000011.BIN,data_5062026_baseline3_00000011_manual_01_quality_00
189.8,1174.151299,0.0,0.0,0.13092239121517427,0.056998873557408694,4.057892723068491,1500.0,1500.0,3.0,14.0,0.75,0,data_5062026_baseline3,data_5062026_baseline3_00000011,data_5062026/2026_05_06_baseline3/00000011.BIN,data_5062026_baseline3_00000011_manual_01_quality_00
189.9,1174.251299,0.0,0.0,0.1547335684342561,0.009042832821944465,4.367024165229979,1500.0,1500.0,3.0,14.0,0.75,0,data_5062026_baseline3,data_5062026_baseline3_00000011,data_5062026/2026_05_06_baseline3/00000011.BIN,data_5062026_baseline3_00000011_manual_01_quality_00
190.0,1174.351299,0.0,0.0,0.18884201443639553,-0.013819594430841624,4.243753187248749,1500.0,1500.0,3.0,14.0,0.75,0,data_5062026_baseline3,data_5062026_baseline3_00000011,data_5062026/2026_05_06_baseline3/00000011.BIN,data_5062026_baseline3_00000011_manual_01_quality_00
190.1,1174.451299,0.0,0.0,0.1782983606331028,0.013175375127322163,3.8481698853258823,1500.0,1500.0,3.0,14.0,0.75,0,data_5062026_baseline3,data_5062026_baseline3_00000011,data_5062026/2026_05_06_baseline3/00000011.BIN,data_5062026_baseline3_00000011_manual_01_quality_00
190.2,1174.551299,0.0,0.0,0.16777991408914616,0.0551364952042285,3.5680887070929383,1500.0,1500.0,3.0,14.0,0.75,0,data_5062026_baseline3,data_5062026_baseline3_00000011,data_5062026/2026_05_06_baseline3/00000011.BIN,data_5062026_baseline3_00000011_manual_01_quality_00
190.3,1174.651299,0.0,0.0,0.18377021749181194,0.05173043272965486,3.6775444187259883,1500.0,1500.0,3.0,14.0,0.75,0,data_5062026_baseline3,data_5062026_baseline3_00000011,data_5062026/2026_05_06_baseline3/00000011.BIN,data_5062026_baseline3_00000011_manual_01_quality_00
190.4,1174.751299,0.0,0.0,0.1997146942806132,-0.010813874839651646,4.080098316170105,1500.0,1500.0,3.0,14.0,0.75,0,data_5062026_baseline3,data_5062026_baseline3_00000011,data_5062026/2026_05_06_baseline3/00000011.BIN,data_5062026_baseline3_00000011_manual_01_quality_00
190.5,1174.851299,0.0,0.0,0.16894314682864617,-0.05270916941901899,4.43396504300227,1500.0,1500.0,3.0,14.0,0.75,0,data_5062026_baseline3,data_5062026_baseline3_00000011,data_5062026/2026_05_06_baseline3/00000011.BIN,data_5062026_baseline3_00000011_manual_01_quality_00
190.6,1174.951299,0.0,0.0,0.13819170274141745,-0.034046057501896085,4.377867072960861,1500.0,1500.0,3.0,14.0,0.75,0,data_5062026_baseline3,data_5062026_baseline3_00000011,data_5062026/2026_05_06_baseline3/00000011.BIN,data_5062026_baseline3_00000011_manual_01_quality_00
190.7,1175.051299,0.0,0.0,0.13787979891033214,0.0016584504419621213,3.9383040795042095,1500.0,1500.0,3.0,14.0,0.75,0,data_5062026_baseline3,data_5062026_baseline3_00000011,data_5062026/2026_05_06_baseline3/00000011.BIN,data_5062026_baseline3_00000011_manual_01_quality_00
190.8,1175.151299,0.0,0.0,0.13761328791686406,0.012148353191441584,3.5362760337049792,1500.0,1500.0,3.0,14.0,0.75,0,data_5062026_baseline3,data_5062026_baseline3_00000011,data_5062026/2026_05_06_baseline3/00000011.BIN,data_5062026_baseline3_00000011_manual_01_quality_00
190.9,1175.251299,0.0,0.0,0.18773787032782083,-0.0046186999858589955,3.487152655461293,1500.0,1500.0,3.0,14.0,0.75,0,data_5062026_baseline3,data_5062026_baseline3_00000011,data_5062026/2026_05_06_baseline3/00000011.BIN,data_5062026_baseline3_00000011_manual_01_quality_00
191.0,1175.351299,0.0,0.0,0.2378624527387776,-0.05264040855423478,3.7207375085416277,1500.0,1500.0,3.0,14.0,0.75,0,data_5062026_baseline3,data_5062026_baseline3_00000011,data_5062026/2026_05_06_baseline3/00000011.BIN,data_5062026_baseline3_00000011_manual_01_quality_00
191.1,1175.451299,0.0,0.0,0.20336482257529032,-0.08625718221097031,3.9676681515641445,1500.0,1500.0,3.0,14.0,0.75,0,data_5062026_baseline3,data_5062026_baseline3_00000011,data_5062026/2026_05_06_baseline3/00000011.BIN,data_5062026_baseline3_00000011_manual_01_quality_00
191.2,1175.551299,0.0,0.0,0.1475845534465226,-0.05981479330278893,4.117701762737158,1500.0,1500.0,3.0,14.0,0.75,0,data_5062026_baseline3,data_5062026_baseline3_00000011,data_5062026/2026_05_06_baseline3/00000011.BIN,data_5062026_baseline3_00000011_manual_01_quality_00
191.3,1175.651299,0.0,0.0,0.09340572207435627,-0.018400991081933264,4.256424193357845,1500.0,1500.0,3.0,14.0,0.75,0,data_5062026_baseline3,data_5062026_baseline3_00000011,data_5062026/2026_05_06_baseline3/00000011.BIN,data_5062026_baseline3_00000011_manual_01_quality_00
0.0,1268.691233,0.0,-0.01,0.17672585521761358,0.06531884776845295,3.767438072016073,1500.0,1496.0,3.0,14.0,0.75,0,data_5062026_baseline3,data_5062026_baseline3_00000011,data_5062026/2026_05_06_baseline3/00000011.BIN,data_5062026_baseline3_00000011_manual_04_quality_00
0.1,1268.791233,0.0,0.0,0.14680013784767976,0.05543662209198336,4.283304760356887,1500.0,1500.0,3.0,14.0,0.75,0,data_5062026_baseline3,data_5062026_baseline3_00000011,data_5062026/2026_05_06_baseline3/00000011.BIN,data_5062026_baseline3_00000011_manual_04_quality_00
0.2,1268.891233,0.0,0.0,0.12249510514195261,0.024831170200247343,4.507147259356258,1500.0,1500.0,3.0,14.0,0.75,0,data_5062026_baseline3,data_5062026_baseline3_00000011,data_5062026/2026_05_06_baseline3/00000011.BIN,data_5062026_baseline3_00000011_manual_04_quality_00
0.3,1268.991233,0.0,0.0,0.12410994514091525,-0.00723977984910096,4.220276982966622,1500.0,1500.0,3.0,14.0,0.75,0,data_5062026_baseline3,data_5062026_baseline3_00000011,data_5062026/2026_05_06_baseline3/00000011.BIN,data_5062026_baseline3_00000011_manual_04_quality_00
0.4,1269.091233,0.0,0.0,0.16445105959724818,-0.02027997709459959,3.6967108843019933,1500.0,1500.0,3.0,14.0,0.75,0,data_5062026_baseline3,data_5062026_baseline3_00000011,data_5062026/2026_05_06_baseline3/00000011.BIN,data_5062026_baseline3_00000011_manual_04_quality_00
0.5,1269.191233,0.0,0.0,0.19939035522329002,-0.004864369755287409,3.341082901244576,1500.0,1500.0,3.0,14.0,0.75,0,data_5062026_baseline3,data_5062026_baseline3_00000011,data_5062026/2026_05_06_baseline3/00000011.BIN,data_5062026_baseline3_00000011_manual_04_quality_00
0.6,1269.291233,0.0,0.0,0.21238048826072925,0.0205761278625586,3.377088357739035,1500.0,1500.0,3.0,14.0,0.75,0,data_5062026_baseline3,data_5062026_baseline3_00000011,data_5062026/2026_05_06_baseline3/00000011.BIN,data_5062026_baseline3_00000011_manual_04_quality_00
0.7,1269.391233,0.0,0.0,0.20936931283390553,0.029783023562928466,3.7858644252035316,1500.0,1500.0,3.0,14.0,0.75,0,data_5062026_baseline3,data_5062026_baseline3_00000011,data_5062026/2026_05_06_baseline3/00000011.BIN,data_5062026_baseline3_00000011_manual_04_quality_00
0.8,1269.491233,0.0,0.0,0.14169955846260335,0.016251978774742534,4.306754237177564,1500.0,1500.0,3.0,14.0,0.75,0,data_5062026_baseline3,data_5062026_baseline3_00000011,data_5062026/2026_05_06_baseline3/00000011.BIN,data_5062026_baseline3_00000011_manual_04_quality_00
0.9,1269.591233,0.0,0.0,0.0957150221429252,-0.007336632933894323,4.579009833441199,1500.0,1500.0,3.0,14.0,0.75,0,data_5062026_baseline3,data_5062026_baseline3_00000011,data_5062026/2026_05_06_baseline3/00000011.BIN,data_5062026_baseline3_00000011_manual_04_quality_00
1.0,1269.691233,0.0,0.0,0.1372741906132346,-0.012978727631872699,4.328111197260739,1500.0,1500.0,3.0,14.0,0.75,0,data_5062026_baseline3,data_5062026_baseline3_00000011,data_5062026/2026_05_06_baseline3/00000011.BIN,data_5062026_baseline3_00000011_manual_04_quality_00
1.1,1269.791233,0.0,0.0,0.17241250202391933,-0.01155034308759442,3.8547770925361537,1500.0,1500.0,3.0,14.0,0.75,0,data_5062026_baseline3,data_5062026_baseline3_00000011,data_5062026/2026_05_06_baseline3/00000011.BIN,data_5062026_baseline3_00000011_manual_04_quality_00
1.2,1269.891233,0.0,0.0,0.18163455798591877,-0.029645792314531835,3.6293793009004447,1500.0,1500.0,3.0,14.0,0.75,0,data_5062026_baseline3,data_5062026_baseline3_00000011,data_5062026/2026_05_06_baseline3/00000011.BIN,data_5062026_baseline3_00000011_manual_04_quality_00
1.3,1269.991233,0.0,0.0,0.184995830309657,-0.05520536565183051,3.6862440873522586,1500.0,1500.0,3.0,14.0,0.75,0,data_5062026_baseline3,data_5062026_baseline3_00000011,data_5062026/2026_05_06_baseline3/00000011.BIN,data_5062026_baseline3_00000011_manual_04_quality_00
1.4,1270.091233,0.0,0.0,0.1647281829495934,-0.062373627250162024,3.7273367739971777,1500.0,1500.0,3.0,14.0,0.75,0,data_5062026_baseline3,data_5062026_baseline3_00000011,data_5062026/2026_05_06_baseline3/00000011.BIN,data_5062026_baseline3_00000011_manual_04_quality_00
1.5,1270.191233,0.0,0.0,0.14531543832156685,-0.03979785447830425,3.7147837955408005,1500.0,1500.0,3.0,14.0,0.75,0,data_5062026_baseline3,data_5062026_baseline3_00000011,data_5062026/2026_05_06_baseline3/00000011.BIN,data_5062026_baseline3_00000011_manual_04_quality_00
1.6,1270.291233,0.0,0.0,0.12935243714475955,-0.011569921715765475,3.6919847118118083,1500.0,1500.0,3.0,14.0,0.75,0,data_5062026_baseline3,data_5062026_baseline3_00000011,data_5062026/2026_05_06_baseline3/00000011.BIN,data_5062026_baseline3_00000011_manual_04_quality_00
1.7,1270.391233,0.0,0.0,0.12995109684530684,-0.0037490247524951423,3.799693194039622,1500.0,1500.0,3.0,14.0,0.75,0,data_5062026_baseline3,data_5062026_baseline3_00000011,data_5062026/2026_05_06_baseline3/00000011.BIN,data_5062026_baseline3_00000011_manual_04_quality_00
1.8,1270.491233,0.0,0.0,0.15539121278393384,-0.03232341175629745,4.068030418951233,1500.0,1500.0,3.0,14.0,0.75,0,data_5062026_baseline3,data_5062026_baseline3_00000011,data_5062026/2026_05_06_baseline3/00000011.BIN,data_5062026_baseline3_00000011_manual_04_quality_00
1.9,1270.591233,0.0,0.0,0.1796737841303927,-0.07796170557971956,4.272558510398923,1500.0,1500.0,3.0,14.0,0.75,0,data_5062026_baseline3,data_5062026_baseline3_00000011,data_5062026/2026_05_06_baseline3/00000011.BIN,data_5062026_baseline3_00000011_manual_04_quality_00
2.0,1270.691233,0.0,0.0,0.1992762653309054,-0.09754844272097035,4.213279532694748,1500.0,1500.0,3.0,14.0,0.75,0,data_5062026_baseline3,data_5062026_baseline3_00000011,data_5062026/2026_05_06_baseline3/00000011.BIN,data_5062026_baseline3_00000011_manual_04_quality_00
2.1,1270.791233,0.0,0.0,0.20187555295097392,-0.0718276819512779,3.917927671198267,1500.0,1500.0,3.0,14.0,0.75,0,data_5062026_baseline3,data_5062026_baseline3_00000011,data_5062026/2026_05_06_baseline3/00000011.BIN,data_5062026_baseline3_00000011_manual_04_quality_00
2.2,1270.891233,0.0,0.0,0.13554689966672132,-0.02900486765772997,3.6718832482077395,1500.0,1500.0,3.0,14.0,0.75,0,data_5062026_baseline3,data_5062026_baseline3_00000011,data_5062026/2026_05_06_baseline3/00000011.BIN,data_5062026_baseline3_00000011_manual_04_quality_00
2.3,1270.991233,0.0,0.0,0.0895869196738802,-0.01587075881541876,3.683605587572814,1500.0,1500.0,3.0,14.0,0.75,0,data_5062026_baseline3,data_5062026_baseline3_00000011,data_5062026/2026_05_06_baseline3/00000011.BIN,data_5062026_baseline3_00000011_manual_04_quality_00
2.4,1271.091233,0.0,0.0,0.12592812520932603,-0.05268228117448545,3.932331392156916,1500.0,1500.0,3.0,14.0,0.75,0,data_5062026_baseline3,data_5062026_baseline3_00000011,data_5062026/2026_05_06_baseline3/00000011.BIN,data_5062026_baseline3_00000011_manual_04_quality_00
2.5,1271.191233,0.0,0.0,0.1620774063641294,-0.10575424371237863,4.183820454109368,1500.0,1500.0,3.0,14.0,0.75,0,data_5062026_baseline3,data_5062026_baseline3_00000011,data_5062026/2026_05_06_baseline3/00000011.BIN,data_5062026_baseline3_00000011_manual_04_quality_00
2.6,1271.291233,0.0,0.0,0.19745227394793055,-0.11087000601233965,4.104047743341363,1500.0,1500.0,3.0,14.0,0.75,0,data_5062026_baseline3,data_5062026_baseline3_00000011,data_5062026/2026_05_06_baseline3/00000011.BIN,data_5062026_baseline3_00000011_manual_04_quality_00
2.7,1271.391233,0.0,0.0,0.21799394773003736,-0.07331012813575888,3.6802745998163218,1500.0,1500.0,3.0,14.0,0.75,0,data_5062026_baseline3,data_5062026_baseline3_00000011,data_5062026/2026_05_06_baseline3/00000011.BIN,data_5062026_baseline3_00000011_manual_04_quality_00
2.8,1271.491233,0.0,0.0,0.17873639366959265,-0.044982002210023436,3.388870341108391,1500.0,1500.0,3.0,14.0,0.75,0,data_5062026_baseline3,data_5062026_baseline3_00000011,data_5062026/2026_05_06_baseline3/00000011.BIN,data_5062026_baseline3_00000011_manual_04_quality_00
2.9,1271.591233,0.0,0.0,0.14737309244724547,-0.048639076227567794,3.551123981087208,1500.0,1500.0,3.0,14.0,0.75,0,data_5062026_baseline3,data_5062026_baseline3_00000011,data_5062026/2026_05_06_baseline3/00000011.BIN,data_5062026_baseline3_00000011_manual_04_quality_00
3.0,1271.691233,0.0,0.0,0.1478830706933491,-0.07445513583946527,4.007326383003837,1500.0,1500.0,3.0,14.0,0.75,0,data_5062026_baseline3,data_5062026_baseline3_00000011,data_5062026/2026_05_06_baseline3/00000011.BIN,data_5062026_baseline3_00000011_manual_04_quality_00
3.1,1271.791233,0.0,0.0,0.15837417948103183,-0.10523247319027475,4.347680750701614,1500.0,1500.0,3.0,14.0,0.75,0,data_5062026_baseline3,data_5062026_baseline3_00000011,data_5062026/2026_05_06_baseline3/00000011.BIN,data_5062026_baseline3_00000011_manual_04_quality_00
3.2,1271.891233,0.0,0.0,0.18383823178484082,-0.1152395392859789,4.240392297613747,1500.0,1500.0,3.0,14.0,0.75,0,data_5062026_baseline3,data_5062026_baseline3_00000011,data_5062026/2026_05_06_baseline3/00000011.BIN,data_5062026_baseline3_00000011_manual_04_quality_00
3.3,1271.991233,0.0,0.0,0.20286182111022036,-0.08763710609943841,3.8057431068860903,1500.0,1500.0,3.0,14.0,0.75,0,data_5062026_baseline3,data_5062026_baseline3_00000011,data_5062026/2026_05_06_baseline3/00000011.BIN,data_5062026_baseline3_00000011_manual_04_quality_00
3.4,1272.091233,0.0,0.0,0.19588185055183172,-0.05189461617133207,3.511962935549945,1500.0,1500.0,3.0,14.0,0.75,0,data_5062026_baseline3,data_5062026_baseline3_00000011,data_5062026/2026_05_06_baseline3/00000011.BIN,data_5062026_baseline3_00000011_manual_04_quality_00
3.5,1272.191233,0.0,0.0,0.1816848336456311,-0.0460029771134531,3.638972981648076,1500.0,1500.0,3.0,14.0,0.75,0,data_5062026_baseline3,data_5062026_baseline3_00000011,data_5062026/2026_05_06_baseline3/00000011.BIN,data_5062026_baseline3_00000011_manual_04_quality_00
3.6,1272.291233,0.0,0.0,0.13832678784251776,-0.06957989519202815,4.010682327809634,1500.0,1500.0,3.0,14.0,0.75,0,data_5062026_baseline3,data_5062026_baseline3_00000011,data_5062026/2026_05_06_baseline3/00000011.BIN,data_5062026_baseline3_00000011_manual_04_quality_00
3.7,1272.391233,0.0,0.0,0.11603156665952011,-0.09922929902309292,4.289977131365406,1500.0,1500.0,3.0,14.0,0.75,0,data_5062026_baseline3,data_5062026_baseline3_00000011,data_5062026/2026_05_06_baseline3/00000011.BIN,data_5062026_baseline3_00000011_manual_04_quality_00
3.8,1272.491233,0.0,0.0,0.17865532935051087,-0.11286241683578725,4.234311007786843,1500.0,1500.0,3.0,14.0,0.75,0,data_5062026_baseline3,data_5062026_baseline3_00000011,data_5062026/2026_05_06_baseline3/00000011.BIN,data_5062026_baseline3_00000011_manual_04_quality_00
3.9,1272.591233,0.0,0.0,0.21956199233883586,-0.10052683830806385,3.9218505335103178,1500.0,1500.0,3.0,14.0,0.75,0,data_5062026_baseline3,data_5062026_baseline3_00000011,data_5062026/2026_05_06_baseline3/00000011.BIN,data_5062026_baseline3_00000011_manual_04_quality_00
4.0,1272.691233,0.0,0.0,0.17252004931535456,-0.07099933982473529,3.6180936934371757,1500.0,1500.0,3.0,14.0,0.75,0,data_5062026_baseline3,data_5062026_baseline3_00000011,data_5062026/2026_05_06_baseline3/00000011.BIN,data_5062026_baseline3_00000011_manual_04_quality_00
4.1,1272.791233,0.0,0.0,0.1355514611314567,-0.05175453758134676,3.500035872078914,1500.0,1500.0,3.0,14.0,0.75,0,data_5062026_baseline3,data_5062026_baseline3_00000011,data_5062026/2026_05_06_baseline3/00000011.BIN,data_5062026_baseline3_00000011_manual_04_quality_00
4.2,1272.891233,0.0,0.0,0.1392032669862045,-0.053507808271432145,3.5982138651260183,1500.0,1500.0,3.0,14.0,0.75,0,data_5062026_baseline3,data_5062026_baseline3_00000011,data_5062026/2026_05_06_baseline3/00000011.BIN,data_5062026_baseline3_00000011_manual_04_quality_00
4.3,1272.991233,0.0,0.0,0.14503300135545574,-0.0718541026593692,3.835107803758716,1500.0,1500.0,3.0,14.0,0.75,0,data_5062026_baseline3,data_5062026_baseline3_00000011,data_5062026/2026_05_06_baseline3/00000011.BIN,data_5062026_baseline3_00000011_manual_04_quality_00
4.4,1273.091233,0.0,0.0,0.1596572920432544,-0.0918677179922949,4.067189652778971,1500.0,1500.0,3.0,14.0,0.75,0,data_5062026_baseline3,data_5062026_baseline3_00000011,data_5062026/2026_05_06_baseline3/00000011.BIN,data_5062026_baseline3_00000011_manual_04_quality_00
4.5,1273.191233,0.0,0.0,0.16437054054147027,-0.0942202283555686,4.139535682875142,1500.0,1500.0,3.0,14.0,0.75,0,data_5062026_baseline3,data_5062026_baseline3_00000011,data_5062026/2026_05_06_baseline3/00000011.BIN,data_5062026_baseline3_00000011_manual_04_quality_00
4.6,1273.291233,0.0,0.0,0.15418310963818968,-0.07386843793908636,4.020680558443083,1500.0,1500.0,3.0,14.0,0.75,0,data_5062026_baseline3,data_5062026_baseline3_00000011,data_5062026/2026_05_06_baseline3/00000011.BIN,data_5062026_baseline3_00000011_manual_04_quality_00
4.7,1273.391233,0.0,0.0,0.14991495946659403,-0.051258232716345546,3.866988474169582,1500.0,1500.0,3.0,14.0,0.75,0,data_5062026_baseline3,data_5062026_baseline3_00000011,data_5062026/2026_05_06_baseline3/00000011.BIN,data_5062026_baseline3_00000011_manual_04_quality_00
4.8,1273.491233,0.0,0.0,0.1696093031691288,-0.05140340321629755,3.7813383533526745,1500.0,1500.0,3.0,14.0,0.75,0,data_5062026_baseline3,data_5062026_baseline3_00000011,data_5062026/2026_05_06_baseline3/00000011.BIN,data_5062026_baseline3_00000011_manual_04_quality_00
4.9,1273.591233,0.0,0.0,0.1866683863090384,-0.06619865238689332,3.72178595610344,1500.0,1500.0,3.0,14.0,0.75,0,data_5062026_baseline3,data_5062026_baseline3_00000011,data_5062026/2026_05_06_baseline3/00000011.BIN,data_5062026_baseline3_00000011_manual_04_quality_00
5.0,1273.691233,0.0,0.0,0.1930781579358528,-0.062209019462078,3.698728666448675,1500.0,1500.0,3.0,14.0,0.75,0,data_5062026_baseline3,data_5062026_baseline3_00000011,data_5062026/2026_05_06_baseline3/00000011.BIN,data_5062026_baseline3_00000011_manual_04_quality_00
5.1,1273.791233,0.0,0.0,0.19770517609483906,-0.040502136014071884,3.8161165391332985,1500.0,1500.0,3.0,14.0,0.75,0,data_5062026_baseline3,data_5062026_baseline3_00000011,data_5062026/2026_05_06_baseline3/00000011.BIN,data_5062026_baseline3_00000011_manual_04_quality_00
5.2,1273.891233,0.0,0.0,0.1951234035251479,-0.03083364068398187,4.001221971671459,1500.0,1500.0,3.0,14.0,0.75,0,data_5062026_baseline3,data_5062026_baseline3_00000011,data_5062026/2026_05_06_baseline3/00000011.BIN,data_5062026_baseline3_00000011_manual_04_quality_00
5.3,1273.991233,0.0,0.0,0.19442610038812586,-0.040991176285801616,4.104797083336605,1500.0,1500.0,3.0,14.0,0.75,0,data_5062026_baseline3,data_5062026_baseline3_00000011,data_5062026/2026_05_06_baseline3/00000011.BIN,data_5062026_baseline3_00000011_manual_04_quality_00
